{"type": "FeatureCollection", "columns": {"dist_out": "Float", "edit_flag": "String", "facc": "Float", "grod_id": "Long", "hfalls_id": "Long", "lakeflag": "Long", "max_width": "Float", "n_chan_max": "Long", "n_chan_mod": "Long", "n_nodes": "Long", "n_rch_dn": "Long", "n_rch_up": "Long", "obstr_type": "Long", "rch_id_dn": "String", "rch_id_up": "String", "reach_id": "Long", "reach_len": "Float", "river_name": "String", "slope": "Float", "swot_obs": "Long", "swot_orbit": "String", "system:index": "String", "trib_flag": "Long", "type": "Long", "width": "Float", "width_var": "Float", "wse": "Float", "wse_var": "Float", "x": "Float", "y": "Float"}, "version": 1712893951365190.0, "id": "projects/sat-io/open-datasets/SWORD/reaches_merged", "properties": {"system:asset_size": 1582579245}, "features": [{"type": "Feature", "geometry": {"type": "LineString", "coordinates": [[-149.1357851805692, 64.52936809832089], [-149.1363871592114, 64.52909163405556], [-149.1370114333589, 64.52908271585346], [-149.13764908480954, 64.52923432528928], [-149.1382822771591, 64.52933242551245], [-149.1389154695087, 64.52943052573563], [-149.13954420275724, 64.52947511674617], [-149.14016847690476, 64.52946619854406], [-149.14066343712165, 64.52940823023036], [-149.14102908340803, 64.52923878439033], [-149.1413858114923, 64.52902028843873], [-149.14148837081657, 64.52874828327445], [-149.14159538924181, 64.52847627811019], [-149.14182280339557, 64.52820427294593], [-149.14217507237876, 64.52793226778167], [-149.14253180046305, 64.52765580351635], [-149.14313377910526, 64.52737933925104], [-149.1437357577475, 64.52709841588468], [-149.1443466545918, 64.526875460832], [-149.14496201053717, 64.52675952420462], [-149.14557736648254, 64.52664358757723], [-149.14620164063004, 64.52663466937511], [-149.1468259147775, 64.52662575117301], [-149.147450188925, 64.5266168329709], [-149.14807000397144, 64.5265499464551], [-149.1486942781189, 64.52654102825299], [-149.1493185522664, 64.52647860083825], [-149.14994282641388, 64.52646968263615], [-149.1505626414603, 64.52640725522139], [-149.15118245650675, 64.52634482780665], [-149.15180227155315, 64.52628240039189], [-149.15241762749855, 64.52616646376451], [-149.15303298344392, 64.52599701792448], [-149.15351902545873, 64.52582757208444], [-149.15387575354305, 64.52560461703177], [-149.15410316769675, 64.52533261186751], [-149.15421018612204, 64.52506060670325], [-149.15431274544625, 64.52479306064005], [-149.15441530477048, 64.52452105547579], [-149.15451786409471, 64.52424905031152], [-149.15462488251998, 64.52397704514726], [-149.15460258701475, 64.52370949908406], [-149.15445543667997, 64.52344195302085], [-149.1543082863452, 64.52317440695765], [-149.1541655951115, 64.52290686089445], [-149.15401844477674, 64.52263931483124], [-149.15399614927145, 64.52237176876802], [-149.15409870859568, 64.52209976360376], [-149.15433058185047, 64.5218277584395], [-149.1546828508337, 64.52155575327524], [-149.1551599746464, 64.52127928900993], [-149.15576195328862, 64.52099836564356], [-149.15637285013295, 64.52077541059089], [-149.15698374697726, 64.52060596475086], [-149.1575946438216, 64.52043205980978], [-149.15821445886803, 64.52036963239503], [-149.15884319211656, 64.52041422340557], [-149.15947192536512, 64.5204588144161], [-149.16010065861363, 64.52050340542664], [-149.16073385096323, 64.52060150564981], [-149.16136258421176, 64.52064609666034], [-149.1619823992582, 64.5205836692456], [-149.1626022143046, 64.52052124183085], [-149.16322202935103, 64.52040530520345], [-149.16370807136587, 64.52023585936342], [-149.16406479945013, 64.52001736341181], [-149.16429667270492, 64.51979886746018], [-149.16439923202915, 64.51952686229592], [-149.16450625045442, 64.51925485713167], [-149.1644839549492, 64.51898731106846], [-149.1644616594439, 64.5187153059042], [-149.16443936393864, 64.518447759841], [-149.16442152753442, 64.51818021377778], [-149.1641495223702, 64.51791266771458], [-149.1638775172059, 64.51764958075243], [-149.16348065721215, 64.51738649379027], [-149.16308379721838, 64.51712340682812], [-149.16269139632567, 64.51686031986597], [-149.16241939116142, 64.51659277380277], [-149.16227224082667, 64.51632522773957], [-149.16224994532138, 64.51605768167634], [-149.16222764981612, 64.51578567651208], [-149.16220981341192, 64.5155181304489], [-149.16231237273612, 64.51524612528462], [-149.16254424599092, 64.515027629333], [-149.1629009740752, 64.51480913338138], [-149.16338701609, 64.51463968754135], [-149.1640112902375, 64.5145772601266], [-149.16464002348604, 64.51462185113714], [-149.16526875673458, 64.5147199513603], [-149.16578601245678, 64.51492952910982], [-149.16618287245052, 64.51519261607197], [-149.16645487761483, 64.51545570303414], [-149.16660202794955, 64.51572324909733], [-149.16661986435378, 64.51599079516055], [-149.16664215985904, 64.51626280032481], [-149.1667893101938, 64.51653034638801], [-149.16681160569905, 64.51679789245122], [-149.16695875603384, 64.51706543851442], [-149.16710144726753, 64.51733298457764], [-149.16724859760234, 64.51760053064083], [-149.16739574793706, 64.51786807670405], [-149.16779260793083, 64.5181311636662], [-149.16818946792458, 64.51839425062835], [-149.16870672364678, 64.51865287848945], [-149.16934883419847, 64.51886245623896], [-149.1699864856491, 64.51901406567478], [-149.1706196779987, 64.51911216589795], [-149.17124841124723, 64.51915675690849], [-149.17187268539473, 64.51914783870639], [-149.17249250044117, 64.51908541129164], [-149.17311231548757, 64.5189650155632], [-149.1735983575024, 64.51880002882422], [-149.1739550855867, 64.51857707377154], [-149.1741824997404, 64.51830506860728], [-149.17428505906463, 64.51803306344303], [-149.17439207748993, 64.51776105827877], [-149.17449463681416, 64.51749351221555], [-149.1747220509679, 64.51722150705129], [-149.1750743199511, 64.51694504278598], [-149.17555144376385, 64.51666857852067], [-149.17603748577864, 64.516445623468], [-149.17664838262297, 64.51627617762796], [-149.17725927946728, 64.51610673178793], [-149.17787463541265, 64.51598633605948], [-149.17849445045908, 64.51592390864474], [-149.17911426550552, 64.51586148122999], [-149.17973408055195, 64.51579905381524], [-149.18035835469942, 64.51579013561314], [-149.18097816974586, 64.51572770819838], [-149.18159352569123, 64.515611771571], [-149.18221334073766, 64.51549137584256], [-149.18282869668303, 64.51537543921516], [-149.18343959352737, 64.51520599337513], [-149.18405049037167, 64.5150365475351], [-149.184661387216, 64.51486264259403], [-149.18527228406032, 64.514693196754], [-149.1858787218036, 64.51447024170132], [-149.18648961864793, 64.51424282754759], [-149.1870960563912, 64.51401987249493], [-149.18770249413447, 64.51379691744225], [-149.18830447277668, 64.51351599407587], [-149.1887815965894, 64.51323952981056], [-149.18913832467368, 64.51296752464631], [-149.1893657388274, 64.51269551948205], [-149.1894682981516, 64.51242351431779], [-149.18932114781686, 64.51215596825458], [-149.1891739974821, 64.51188842219138], [-149.18890199231782, 64.51162087612816], [-149.18863444625464, 64.51135778916601], [-149.18836244109036, 64.5110902431028], [-149.1883401455851, 64.5108226970396], [-149.18831785007984, 64.51055515097639], [-149.18854526423357, 64.51028314581214], [-149.1887726783873, 64.51001114064788], [-149.18912940647155, 64.50973467638256], [-149.18948613455584, 64.50951172132989], [-149.1899677174696, 64.50928876627721], [-149.19045375948443, 64.50912377953824], [-149.1910691154298, 64.5090033838098], [-149.19168893047623, 64.50894095639505], [-149.19231320462373, 64.50893203819294], [-149.1929463969733, 64.50903013841612], [-149.19358404842396, 64.50918174785193], [-149.19410130414616, 64.50939132560144], [-149.1946230189694, 64.50965441256359], [-149.1950154198621, 64.50991749952576], [-149.19516257019689, 64.51018504558895], [-149.19506001087265, 64.51045259165217], [-149.19495745154842, 64.51072459681643], [-149.1947300373947, 64.51099660198068], [-149.19437776841147, 64.51127306624599], [-149.19414589515668, 64.51154507141025], [-149.19404333583245, 64.51181707657452], [-149.19394077650824, 64.51208462263773], [-149.1939630720135, 64.51235662780198], [-149.19423507717775, 64.51261971476416], [-149.19463193717152, 64.51288280172629], [-149.19514919289372, 64.51309237947581], [-149.19578684434435, 64.51324398891163], [-149.19641111849182, 64.51328857992216], [-149.19703985174039, 64.51327966172005], [-149.1976596667868, 64.5132172343053], [-149.1982750227322, 64.51310129767792], [-149.19889037867756, 64.51298090194946], [-149.19950573462293, 64.51286496532208], [-149.20011663146724, 64.51269551948205], [-149.2007230692105, 64.51246810532832], [-149.2012046521243, 64.5122496093767], [-149.2015569211075, 64.51197314511138], [-149.20178433526124, 64.51170113994714], [-149.20189135368653, 64.51142913478287], [-149.20174420335175, 64.51116158871966], [-149.2017219078465, 64.51089404265646], [-149.20157475751174, 64.51062649659325], [-149.20142760717695, 64.51035895053005], [-149.2012804568422, 64.51009140446683], [-149.20125816133694, 64.50982385840362], [-149.20111547010322, 64.50955631234042], [-149.20121802942745, 64.50928430717616], [-149.2014454435812, 64.5090123020119], [-149.20180217166546, 64.50878934695923], [-149.2022837545792, 64.50856639190656], [-149.20289465142355, 64.50839694606653], [-149.20351446646998, 64.50833451865178], [-149.20413874061745, 64.50832560044967], [-149.20476747386599, 64.5083701914602], [-149.20540512531664, 64.50852180089602], [-149.20604277676728, 64.50867341033184], [-149.20667596911687, 64.50877151055501], [-149.2073136205675, 64.50892311999083], [-149.2079468129171, 64.50902122021401], [-149.20857554616563, 64.50906581122454], [-149.20920427941417, 64.50911040223508], [-149.2098330126627, 64.50915499324562], [-149.2104572868102, 64.50914607504352], [-149.21107710185663, 64.50908364762876], [-149.21169691690304, 64.50902122021401], [-149.21232119105053, 64.5090123020119], [-149.212945465198, 64.5090033838098], [-149.21356528024444, 64.50893649729399], [-149.21418509529087, 64.50887406987924], [-149.21480045123624, 64.50875813325186], [-149.21528203415002, 64.50853517819918], [-149.21575915796274, 64.50825871393387], [-149.21611142694596, 64.50798224966856], [-149.2163388410997, 64.5077102445043], [-149.21644140042392, 64.50743823934003], [-149.2165484188492, 64.50717069327683], [-149.21652612334393, 64.50689868811256], [-149.21650382783866, 64.50663114204936], [-149.2164815323334, 64.50636359598616], [-149.21645923682814, 64.5060915908219], [-149.21643694132285, 64.50582404475868], [-149.2164146458176, 64.5055564986955], [-149.21651720514183, 64.50528449353122], [-149.21661976446606, 64.50501248836696], [-149.2168471786198, 64.5047404832027], [-149.21707905187455, 64.50446847803843], [-149.21743132085777, 64.50419201377312], [-149.217783589841, 64.50392000860886], [-149.21826517275477, 64.5036970535562], [-149.21875567387065, 64.5035811169288], [-149.21937102981602, 64.50346518030142], [-149.21999084486245, 64.50340275288667], [-149.22061511900998, 64.50338937558351], [-149.22124385225848, 64.50343396659405], [-149.22186812640595, 64.50342504839193], [-149.22250131875555, 64.5035231486151], [-149.22313451110514, 64.50362124883829], [-149.22376770345474, 64.50371934906146], [-149.2243919776022, 64.50376394007199], [-149.22502071085074, 64.50380853108253], [-149.22564944409928, 64.50385312209306], [-149.2262781773478, 64.5038977131036], [-149.22690691059634, 64.50394230411413], [-149.22753118474384, 64.50393338591202], [-149.22815099979027, 64.50387095849727], [-149.22876189663458, 64.5036970535562], [-149.22924347954836, 64.50347855760458], [-149.22959574853158, 64.50320209333925], [-149.2296983078558, 64.502930088175], [-149.22980532628108, 64.50265808301074], [-149.22978303077582, 64.50239053694753], [-149.22976073527056, 64.50212299088433], [-149.2297384397653, 64.50185098572007], [-149.22971614426004, 64.50158343965686], [-149.22956899392526, 64.50131589359366], [-149.2294218435905, 64.50104834753044], [-149.22939954808524, 64.50078080146724], [-149.22937725257995, 64.50051325540403], [-149.22947981190418, 64.50024125023977], [-149.2297072260579, 64.49996924507552], [-149.2300639541422, 64.49974629002284], [-149.23042514132752, 64.49958130328386], [-149.23091118334236, 64.49941185744383], [-149.23152653928773, 64.49929592081644], [-149.2321508134352, 64.49928254351329], [-149.23265469185424, 64.49933159362489], [-149.23316302937434, 64.49942969384804], [-149.23368028509654, 64.49963927159756], [-149.2342019999198, 64.49989789945866], [-149.23472371474307, 64.50016098642081], [-149.23536582529474, 64.50036610506928], [-149.23600793584643, 64.50057122371773], [-149.2366455872971, 64.50072283315355], [-149.23727432054562, 64.50082093337672], [-149.23790305379416, 64.50086552438725], [-149.23852732794163, 64.50085660618515], [-149.23915160208912, 64.50084768798304], [-149.23977141713556, 64.50078526056829], [-149.24038677308093, 64.5006693239409], [-149.24099766992524, 64.50049541899982], [-149.24148371194008, 64.50032597315979], [-149.24244241866657, 64.4998265538418], [-149.24292400158032, 64.49960359878914], [-149.2440120222374, 64.49915768868378], [-149.2446229190817, 64.49898824284375], [-149.245233815926, 64.49881433790267], [-149.24585363097245, 64.49875191048793], [-149.24647344601888, 64.49868948307318], [-149.24709772016635, 64.49868056487107], [-149.24772199431385, 64.49867164666895], [-149.24834180936026, 64.4986092192542], [-149.24895716530565, 64.49848882352576], [-149.24957252125103, 64.49837288689838], [-149.25005856326584, 64.49820344105835], [-149.25041529135012, 64.49798494510672], [-149.2506471646049, 64.49776199005406], [-149.25074972392912, 64.49749444399085], [-149.2506025735944, 64.49722689792765], [-149.2505802780891, 64.49695935186445], [-149.25055798258384, 64.49668734670017], [-149.25041083224906, 64.49641980063697], [-149.2501388270848, 64.49615671367482], [-149.24999167675006, 64.49588916761161], [-149.24971967158578, 64.49562162154841], [-149.24932281159204, 64.49535853458625], [-149.24905080642776, 64.4950954476241], [-149.248903656093, 64.4948279015609], [-149.24875650575825, 64.49456035549768], [-149.24873866935403, 64.49429280943447], [-149.24897054260882, 64.49407431348286], [-149.24932727069307, 64.49385135843019], [-149.25041529135012, 64.49345895753748], [-149.2510306472955, 64.49334302091009], [-149.25164600324086, 64.49322262518164], [-149.25227027738836, 64.49321370697955], [-149.2528990106369, 64.49325829799008], [-149.2535322029865, 64.49335639821325], [-149.25416985443712, 64.49350800764907], [-149.25481196498882, 64.49371312629752], [-149.2554540755405, 64.49391824494599], [-149.2560961860922, 64.49412336359444], [-149.25673383754287, 64.49433294134396], [-149.25737594809456, 64.49453805999242], [-149.25801805864626, 64.49474317864087], [-149.25866016919795, 64.49494829728933], [-149.2591818840212, 64.49521138425149], [-149.25970359884445, 64.49547001211259], [-149.2601004588382, 64.49573309907474], [-149.26037246400247, 64.49600064513794], [-149.26039475950773, 64.49626819120115], [-149.2605419098425, 64.49653573726435], [-149.26056420534778, 64.49680328332757], [-149.26046164602354, 64.49707528849183], [-149.26048394152883, 64.49734283455503], [-149.26063109186356, 64.49761038061824], [-149.26077824219834, 64.49787792668144], [-149.2610502473626, 64.49814547274465], [-149.26157196218585, 64.49840410060575], [-149.26208921790806, 64.49861367835527], [-149.26272241025762, 64.49871177857844], [-149.26335114350616, 64.49875636958897], [-149.26396649945158, 64.49868948307318], [-149.26458185539693, 64.49857354644578], [-149.26519275224123, 64.49840410060574], [-149.26580364908557, 64.49823019566468], [-149.26641008682884, 64.498007240612], [-149.2670165245721, 64.49778428555932], [-149.26761850321432, 64.49750336219296], [-149.26822048185653, 64.49722689792765], [-149.26882246049874, 64.49694597456127], [-149.26942443914095, 64.49666951029596], [-149.27002641778319, 64.4963885869296], [-149.27063285552646, 64.49616563187692], [-149.2712392932697, 64.4959382177232], [-149.2718546492151, 64.49582228109581], [-149.27247892336257, 64.4958133628937], [-149.27310319751007, 64.49585795390423], [-149.27373638985964, 64.4959560541274], [-149.27437850041133, 64.49616117277587], [-149.27489575613353, 64.49636629142434], [-149.27541301185573, 64.49657586917384], [-149.2758098718495, 64.49683895613599], [-149.27608187701375, 64.49710204309815], [-149.2762290273485, 64.49736958916135], [-149.27650103251278, 64.49763713522456], [-149.27664818284754, 64.49790468128776], [-149.27692018801181, 64.49816776824991], [-149.27731704800556, 64.49843085521208], [-149.27783430372776, 64.49864043296158], [-149.2783471003489, 64.4987920423974], [-149.27898475179956, 64.49894365183322], [-149.27961794414915, 64.4990417520564], [-149.28024221829662, 64.49903283385429], [-149.2808664924441, 64.49902391565219], [-149.28148630749052, 64.49896148823743], [-149.28197234950537, 64.4987920423974], [-149.28232907758962, 64.49856908734473], [-149.2825609508444, 64.4983505913931], [-149.28266351016865, 64.49807858622886], [-149.28264121466339, 64.49781104016564], [-149.2826189191581, 64.49753903500138], [-149.28259216455177, 64.49727148893818], [-149.2825698690465, 64.49700394287497], [-149.28254757354125, 64.49673639681177], [-149.2824004232065, 64.49646885074856], [-149.2822532728717, 64.49620130468536], [-149.28210612253696, 64.49593375862214], [-149.28195897220223, 64.49566621255893], [-149.28181182186742, 64.49539866649573], [-149.28178952636216, 64.49513112043252], [-149.2817672308569, 64.49485911526827], [-149.28186979018113, 64.49459156920506], [-149.28209720433486, 64.49431510493974], [-149.28244947331808, 64.49404309977548], [-149.2829265971308, 64.49376663551017], [-149.28353303487407, 64.49353922135644], [-149.28413947261734, 64.49331626630376], [-149.28475036946165, 64.49314682046374], [-149.28537018450808, 64.49307993394794], [-149.28598999955452, 64.49307101574583], [-149.28661427370199, 64.49306209754373], [-149.28724746605158, 64.4931601977669], [-149.2878851175022, 64.49331180720272], [-149.28852276895287, 64.49346341663853], [-149.28891516984558, 64.49367299438805], [-149.28931202983932, 64.4939360813502], [-149.2895840350036, 64.49419916831235], [-149.28985604016785, 64.49446671437556], [-149.2901280453321, 64.49472980133771], [-149.29064976015536, 64.49499288829986], [-149.29117147497863, 64.49525151616096], [-149.29181804463136, 64.49551460312313], [-149.2924646142841, 64.49577323098421], [-149.2931067248358, 64.49597834963268], [-149.2937399171854, 64.49607644985585], [-149.29436865043394, 64.49612104086638], [-149.29498846548037, 64.49605415435059], [-149.29547450749521, 64.49588470851056], [-149.29595609040896, 64.49566175345788], [-149.29631281849325, 64.49544325750627], [-149.2966606283754, 64.49516679324095], [-149.29688804252913, 64.49489478807669], [-149.29711545668286, 64.49462278291243], [-149.2973428708366, 64.49435077774817], [-149.29757028499031, 64.49407431348286], [-149.29767284431455, 64.49380676741966], [-149.29777540363878, 64.4935347622554], [-149.29787796296299, 64.49326275709113], [-149.29773081262823, 64.49299521102792], [-149.29758366229348, 64.49272766496472], [-149.29743651195875, 64.49246457800257], [-149.29728936162394, 64.49219703193936], [-149.29714221128918, 64.49192948587616], [-149.29724031151235, 64.4916574807119], [-149.2973428708366, 64.49138547554763], [-149.29744543016082, 64.49111347038337], [-149.29754798948505, 64.49084592432017], [-149.29777540363878, 64.4905739191559], [-149.29787796296299, 64.49030191399166], [-149.29798052228725, 64.49002990882738], [-149.29808308161145, 64.48975790366312], [-149.29831049576518, 64.48948589849886], [-149.29828820025992, 64.48921835243566], [-149.29839075958415, 64.4889463472714], [-149.29861371463682, 64.48867434210713], [-149.29884112879054, 64.48840233694287], [-149.29894368811478, 64.48813033177862], [-149.2991711022685, 64.48785832661436], [-149.29914880676324, 64.4875863214501], [-149.29900165642846, 64.48731877538688], [-149.2988545060937, 64.48705568842473], [-149.29858250092946, 64.48678814236153], [-149.29831049576518, 64.48652505539937], [-149.29816334543042, 64.48625750933617], [-149.29814104992516, 64.48598550417191], [-149.29799389959038, 64.48572241720976], [-149.29797160408515, 64.4854504120455], [-149.29782445375037, 64.48518286598228], [-149.29767730341558, 64.48491531991908], [-149.29728044342184, 64.48465223295693], [-149.29700843825756, 64.48438914599477], [-149.29673643309332, 64.48412605903262], [-149.29658928275856, 64.48385851296942], [-149.29631727759428, 64.4835909669062], [-149.29617012725953, 64.48332342084299], [-149.29614783175427, 64.4830558747798], [-149.2960006814195, 64.48278832871658], [-149.29584907198367, 64.48252078265338], [-149.2958267764784, 64.48225323659017], [-149.29580448097315, 64.48198569052697], [-149.2956573306384, 64.48171814446376], [-149.2956350351331, 64.48144613929949], [-149.29573759445734, 64.4811785932363], [-149.29584015378157, 64.48090658807203], [-149.2959427131058, 64.48063458290777], [-149.29604527243004, 64.4803625777435], [-149.29627268658376, 64.48009057257926], [-149.296375245908, 64.479818567415], [-149.29647780523223, 64.47955102135178], [-149.2967007602849, 64.47927455708647], [-149.2970530292681, 64.4790025519222], [-149.2974097573524, 64.47877959686954], [-149.29789134026615, 64.47855664181687], [-149.29850223711048, 64.47838719597684], [-149.29912205215692, 64.47832476856209], [-149.29974186720338, 64.47831139125893], [-149.30037060045188, 64.47835598226946], [-149.30100379280145, 64.47845408249263], [-149.3016414442521, 64.47860569192845], [-149.30227909570274, 64.47875730136427], [-149.30292120625444, 64.47896242001273], [-149.30356331680613, 64.4791675386612], [-149.3040850316294, 64.47943062562334], [-149.30460674645263, 64.47968925348444], [-149.3050036064464, 64.47995234044659], [-149.30540046644018, 64.4802198865098], [-149.30579732643392, 64.48048297347195], [-149.30631904125718, 64.48074160133305], [-149.30683629697938, 64.4810046882952], [-149.30747840753108, 64.48120980694367], [-149.30812051808277, 64.48141492559212], [-149.30876262863447, 64.48162004424059], [-149.30940473918616, 64.48182516288904], [-149.3100423906368, 64.48197677232486], [-149.3106845011885, 64.48218189097332], [-149.31132215263915, 64.48233350040914], [-149.31195534498872, 64.48243160063231], [-149.3125885373383, 64.4825297008555], [-149.3132217296879, 64.48262780107866], [-149.31384600383538, 64.4826723920892], [-149.3144747370839, 64.48271252399867], [-149.3150990112314, 64.48270360579657], [-149.31571436717678, 64.48258766916918], [-149.3162004091916, 64.48241822332915], [-149.3165571372759, 64.48219526827647], [-149.31690494715806, 64.48192326311222], [-149.31700750648227, 64.48165125794796], [-149.316985210977, 64.48138371188475], [-149.31696291547175, 64.48111170672048], [-149.316815765137, 64.48084416065728], [-149.31654375997272, 64.48058107369513], [-149.31639660963796, 64.48031352763192], [-149.3162494593032, 64.48004598156872], [-149.31597745413893, 64.47978289460656], [-149.31583030380418, 64.47951534854336], [-149.3155582986399, 64.47925226158121], [-149.31528629347565, 64.478984715518], [-149.3150142883114, 64.47872162855585], [-149.31474228314713, 64.47845408249263], [-149.31447027798288, 64.47819099553048], [-149.31419381371757, 64.47792344946727], [-149.3137969537238, 64.47766036250512], [-149.3132796980016, 64.47740173464402], [-149.3127624422794, 64.47719215689452], [-149.31212479082876, 64.4770405474587], [-149.31149159847917, 64.47694244723552], [-149.31085840612957, 64.47684434701235], [-149.31022521378, 64.47674624678916], [-149.30958756232934, 64.47659463735334], [-149.30907030660714, 64.47638951870489], [-149.3086734466134, 64.47612643174274], [-149.30840144144912, 64.47586334478058], [-149.3082542911144, 64.47559579871738], [-149.3083568504386, 64.47532379355312], [-149.30858426459233, 64.47505178838885], [-149.30893653357555, 64.47477532412354], [-149.30941811648933, 64.47455236907088], [-149.31002455423263, 64.47438292323083], [-149.31063991017797, 64.4742625275024], [-149.3112597252244, 64.47420010008764], [-149.31188399937187, 64.47419118188554], [-149.3125127326204, 64.47423577289608], [-149.3131370067679, 64.47428036390662], [-149.31376574001644, 64.47432049581609], [-149.3143900141639, 64.47431157761399], [-149.31500982921034, 64.47424915019924], [-149.31562072605465, 64.47407970435923], [-149.3160978498674, 64.47385674930653], [-149.3164501188506, 64.47358028504122], [-149.31667753300434, 64.47330827987696], [-149.31678009232854, 64.4730362747127], [-149.31675779682328, 64.4727687286495], [-149.31673550131802, 64.47249672348524], [-149.3167087467117, 64.47222917742202], [-149.31668645120644, 64.47196163135882], [-149.31678901053067, 64.47168962619456], [-149.3168915698549, 64.4714176210303], [-149.31711898400863, 64.47114561586604], [-149.31734639816236, 64.47087361070177], [-149.31757381231606, 64.47060160553752], [-149.31767191253925, 64.47032960037326], [-149.3177744718635, 64.470057595209]]}, "id": "00120000000000000c75", "properties": {"dist_out": 1725060.6213515536, "edit_flag": "NaN", "facc": 7064.32275390625, "grod_id": 0, "hfalls_id": 0, "lakeflag": 0, "max_width": 607, "n_chan_max": 2, "n_chan_mod": 1, "n_nodes": 95, "n_rch_dn": 1, "n_rch_up": 1, "obstr_type": 0, "rch_id_dn": "81246000011", "rch_id_up": "81246000181", "reach_id": 81246000171, "reach_len": 18945.434067352602, "river_name": "Nenana River", "slope": 0.552137604946579, "swot_obs": 4, "swot_orbit": "136 209 414 487", "trib_flag": 0, "type": 1, "width": 54, "width_var": 273.7639256135773, "wse": 113.97500228881836, "wse_var": 10.063266979758367, "x": -149.2376233319571, "y": 64.50107341084}}, {"type": "Feature", "geometry": {"type": "LineString", "coordinates": [[-149.2636053122662, 64.3039114899576], [-149.26370787159044, 64.30363948479336], [-149.26381043091467, 64.30337193873014], [-149.2639129902389, 64.30309993356587], [-149.26401554956314, 64.30282792840161], [-149.26399325405785, 64.30256038233841], [-149.2639709585526, 64.30228837717415], [-149.26394866304733, 64.30202083111094], [-149.26392636754207, 64.30175328504774], [-149.2639040720368, 64.30148127988348], [-149.26388177653152, 64.30121373382028], [-149.26373462619677, 64.30094618775706], [-149.2637123306915, 64.30067864169385], [-149.26381489001574, 64.3004066365296], [-149.26391744933997, 64.30013463136534], [-149.26402000866418, 64.29986708530213], [-149.2641225679884, 64.29959508013786], [-149.26410027248315, 64.29932753407466], [-149.2640779769779, 64.2990555289104], [-149.2640556814726, 64.2987879828472], [-149.26403338596734, 64.29852043678399], [-149.26413594529157, 64.29824843161973], [-149.26423404551474, 64.29797642645546], [-149.26433660483897, 64.2977044212912], [-149.2644391641632, 64.297436875228], [-149.26454172348744, 64.29716487006374], [-149.26464428281167, 64.29689286489948], [-149.2647468421359, 64.29662085973521], [-149.26459969180112, 64.29635331367201], [-149.26457739629586, 64.2960857676088], [-149.2646799556201, 64.29581376244455], [-149.26478251494433, 64.29554621638134], [-149.2648806151675, 64.29527421121708], [-149.26523288415072, 64.29499774695176], [-149.26533544347495, 64.2947257417875], [-149.2653131479697, 64.2944581957243], [-149.2652908524644, 64.29419064966109], [-149.26526855695914, 64.29391864449683], [-149.2649965517949, 64.29365555753468], [-149.26485386056117, 64.29338801147148], [-149.2648315650559, 64.29312046540826], [-149.26468441472116, 64.29285291934505], [-149.26441240955688, 64.29258537328185], [-149.26426971832316, 64.29231782721864], [-149.2641225679884, 64.29205474025649], [-149.2637301670957, 64.29179165329434], [-149.26345816193145, 64.29152410723113], [-149.2633110115967, 64.29125656116793], [-149.26316832036298, 64.29098901510471], [-149.26302117002822, 64.29072146904151], [-149.26299887452294, 64.2904539229783], [-149.26297657901767, 64.2901863769151], [-149.2629542835124, 64.28991437175084], [-149.26305684283665, 64.28964682568763], [-149.26315940216088, 64.28937482052336], [-149.26326196148509, 64.28910281535912], [-149.26348491653778, 64.28883081019485], [-149.2637123306915, 64.28855880503059], [-149.26381489001574, 64.28828679986633], [-149.2639129902389, 64.28801479470206], [-149.26389515383468, 64.28774724863887], [-149.26374800349993, 64.28747970257565], [-149.26360085316517, 64.28721215651245], [-149.2634537028304, 64.28694461044924], [-149.2633110115967, 64.28667706438604], [-149.2632887160914, 64.28640951832283], [-149.26326642058615, 64.28614197225963], [-149.2632441250809, 64.28586996709537], [-149.26309697474613, 64.28560242103215], [-149.26294982441135, 64.28533933407], [-149.26268227834814, 64.28507178800679], [-149.26228987745546, 64.28480870104464], [-149.2618930174617, 64.28454561408249], [-149.26162547139847, 64.28428252712035], [-149.26123307050577, 64.28401944015818], [-149.26096106534152, 64.28375189409498], [-149.26081391500676, 64.28348434803178], [-149.26067122377304, 64.28321680196858], [-149.2605240734383, 64.28294925590535], [-149.26050177793303, 64.28268170984215], [-149.26060433725723, 64.28240970467789], [-149.26058204175197, 64.28214215861468], [-149.26043489141722, 64.28187461255148], [-149.260167345354, 64.28161152558933], [-149.26002019501925, 64.28134397952611], [-149.25975264895604, 64.28107643346291], [-149.25960549862128, 64.2808088873997], [-149.259583203116, 64.28054134133649], [-149.25968576244023, 64.28026933617225], [-149.25966346693497, 64.28000179010903], [-149.2597660262592, 64.27972978494476], [-149.25974373075394, 64.27946223888156], [-149.25972143524865, 64.27919469281835], [-149.2596991397434, 64.27892268765409], [-149.25967684423813, 64.27865514159089], [-149.25952969390337, 64.27838759552768], [-149.25950739839809, 64.27812004946448], [-149.25948510289282, 64.27784804430021], [-149.25946280738756, 64.277580498237], [-149.2595653667118, 64.27730849307275], [-149.25966792603603, 64.27703648790849], [-149.25977048536026, 64.27676894184528], [-149.25987304468447, 64.27649693668101], [-149.2599756040087, 64.27622493151677], [-149.25995330850344, 64.27595738545355], [-149.25993101299818, 64.27568983939034], [-149.25990871749292, 64.27541783422609], [-149.26001127681712, 64.27514582906183], [-149.26010937704032, 64.27487828299861], [-149.26033679119405, 64.27460627783435], [-149.26056420534778, 64.27432981356904], [-149.26078716040044, 64.27405780840478], [-149.26101457455417, 64.27378580324053], [-149.26123752960683, 64.27351379807627], [-149.26146494376056, 64.273241792912], [-149.26169235791428, 64.27296532864669], [-149.26179045813745, 64.27269778258348], [-149.2617681626322, 64.27242577741923], [-149.26187072195643, 64.27215823135602], [-149.26184842645117, 64.27188622619177], [-149.26195098577537, 64.27161868012857], [-149.2621783999291, 64.27134221586323], [-149.26252620981128, 64.27107021069898], [-149.2628784787945, 64.2708472556463], [-149.26335560260722, 64.27062430059362], [-149.26384164462203, 64.2704548547536], [-149.26444362326427, 64.27028540891357], [-149.26505006100754, 64.27011596307354], [-149.26565203964975, 64.26988854891981], [-149.26625401829196, 64.26966559386715], [-149.26685153783313, 64.26938467050077], [-149.26744905737428, 64.2691617154481], [-149.2680510360165, 64.26893430129438], [-149.26865301465872, 64.2687113462417], [-149.26925499330093, 64.26848839118902], [-149.26985697194314, 64.26826097703531], [-149.27045449148432, 64.26798451276998], [-149.27104755192443, 64.26770358940362], [-149.27164507146557, 64.26742712513831], [-149.27224705010778, 64.26719971098458], [-149.27285348785105, 64.26703026514456], [-149.27345992559432, 64.26686081930453], [-149.27406190423653, 64.26668691436343], [-149.2746683419798, 64.2665174685234], [-149.27527032062204, 64.26629451347074], [-149.2758678401632, 64.26601359010436], [-149.2764609006033, 64.26573712583907], [-149.27705842014447, 64.26545620247269], [-149.27765593968562, 64.26517973820738], [-149.2782534592268, 64.264898814841], [-149.27872612393844, 64.26462235057569], [-149.27907393382063, 64.26434588631038], [-149.27930134797435, 64.26407388114612], [-149.27939944819752, 64.26380187598186], [-149.27937715269226, 64.26353432991866], [-149.27935485718697, 64.26326678385544], [-149.2794574165112, 64.26299477869118], [-149.27955997583544, 64.26272277352695], [-149.27966253515967, 64.26245522746372], [-149.2797650944839, 64.26218322229946], [-149.2799880495366, 64.2619112171352], [-149.2802154636903, 64.26163475286988], [-149.28056327357245, 64.26136274770562], [-149.28103593828413, 64.2610862834403], [-149.2816334578253, 64.26080536007395], [-149.28222651826542, 64.26052889580862], [-149.28269918297707, 64.26025243154332], [-149.28317184768872, 64.259975967278], [-149.2836445124004, 64.25969950301268], [-149.28399678138362, 64.25942303874737], [-149.28434459126578, 64.25914657448206], [-149.28481725597746, 64.25887011021675], [-149.28516506585962, 64.25859810505249], [-149.2855128757418, 64.25832164078717], [-149.28586514472502, 64.25804517652186], [-149.2860880997777, 64.2577731713576], [-149.2863155139314, 64.25750116619334], [-149.28666332381357, 64.25722470192802], [-149.28701113369576, 64.25695269676376], [-149.28723854784948, 64.2566806915995], [-149.28746150290215, 64.2564042273342], [-149.2875640622264, 64.256136681271], [-149.28754176672112, 64.25586467610673], [-149.28739461638634, 64.25559713004351], [-149.28737232088108, 64.25532958398031], [-149.28735002537582, 64.2550620379171], [-149.28720287504106, 64.2547944918539], [-149.28718057953577, 64.25452248668964], [-149.2871582840305, 64.25425494062642], [-149.28713598852525, 64.25398739456323], [-149.28699329729153, 64.25371984850001], [-149.2869710017863, 64.25345230243681], [-149.28669899662202, 64.2531847563736], [-149.2864314505588, 64.25292166941145], [-149.2860390496661, 64.2526585824493], [-149.28564218967233, 64.25239549548715], [-149.28512493395016, 64.25213240852499], [-149.284612137329, 64.25186932156284], [-149.28421527733525, 64.25160623460069], [-149.28394773127204, 64.25134314763854], [-149.2836757261078, 64.25108006067637], [-149.28353303487407, 64.25081251461317], [-149.2835107393688, 64.25054050944891], [-149.28323873420453, 64.25027742248676], [-149.28297118814132, 64.25000987642355], [-149.28294889263606, 64.24974233036035], [-149.2828017423013, 64.24947478429713], [-149.2825341962381, 64.249211697335], [-149.28226219107384, 64.24894415127177], [-149.28199464501063, 64.24868106430962], [-149.28172263984635, 64.24841351824642], [-149.28157994861266, 64.24814597218321], [-149.28143279827788, 64.24788288522106], [-149.28141050277262, 64.2476108800568], [-149.28138820726736, 64.24734333399358], [-149.28112066120414, 64.24707578793038], [-149.2808486560399, 64.24681270096823], [-149.28070150570514, 64.24654515490502], [-149.28055881447142, 64.24627760884182], [-149.28041166413666, 64.24601006277861], [-149.28038936863138, 64.2457425167154], [-149.28036707312611, 64.2454749706522], [-149.28034477762085, 64.24520296548793], [-149.2803224821156, 64.24493541942473], [-149.2804250414398, 64.24466341426047], [-149.28052760076403, 64.24439140909621], [-149.28062570098723, 64.244123863033], [-149.28072826031143, 64.24385185786875], [-149.28070596480617, 64.24358431180553], [-149.28055881447142, 64.24331676574232], [-149.2804161232377, 64.24304921967912], [-149.28026897290295, 64.24278167361591], [-149.2801218225682, 64.24251412755271], [-149.2800995270629, 64.2422465814895], [-149.28007723155764, 64.24197457632525], [-149.2801797908819, 64.24170703026205], [-149.2802823502061, 64.24143502509777], [-149.28038490953034, 64.24116301993351], [-149.280607864583, 64.24089101476925], [-149.28083527873673, 64.240619009605], [-149.2810582337894, 64.24034700444074], [-149.28116079311363, 64.24007499927647], [-149.28113849760837, 64.23980299411221], [-149.2809913472736, 64.23953990715006], [-149.28084419693883, 64.23927236108686], [-149.28057665087562, 64.23900481502366], [-149.28042950054086, 64.23873726896043], [-149.2804072050356, 64.23846972289724], [-149.28050976435983, 64.23819771773297], [-149.28048746885457, 64.23793017166976], [-149.2803403185198, 64.23766262560656], [-149.28007277245658, 64.23739953864441], [-149.2798052263934, 64.2371319925812], [-149.27940836639962, 64.23686890561905], [-149.27901596550691, 64.2366058186569], [-149.27874841944373, 64.23634273169473], [-149.27860126910895, 64.23607518563153], [-149.27845857787526, 64.23580763956832], [-149.27831142754047, 64.23554009350512], [-149.2782891320352, 64.23527254744191], [-149.27826683652998, 64.23500054227765], [-149.2782445410247, 64.23473299621445], [-149.2782222455194, 64.23446545015123], [-149.27819995001414, 64.23419344498697], [-149.27830250933837, 64.23392589892377], [-149.2784050686626, 64.23365389375951], [-149.27850316888578, 64.23338188859525], [-149.2787305830395, 64.23310988343098], [-149.27907839292166, 64.23283341916567], [-149.27930134797435, 64.23256141400141], [-149.2796536169576, 64.2322849497361], [-149.28000142683973, 64.23201294457185], [-149.2802243818924, 64.23174093940759], [-149.28032694121663, 64.23146893424334], [-149.28042950054086, 64.23119692907906], [-149.2804072050356, 64.23092938301586], [-149.28038490953034, 64.2306573778516], [-149.28036261402505, 64.23038983178839], [-149.2803403185198, 64.23012228572519], [-149.28044287784402, 64.22985028056092], [-149.28042058233876, 64.22958273449771], [-149.28027343200398, 64.22931518843451], [-149.28025113649872, 64.22904318327025], [-149.28022884099346, 64.22877563720704], [-149.2800816906587, 64.22850809114384], [-149.28005939515342, 64.22824054508062], [-149.28003709964815, 64.22797299901742], [-149.27989440841446, 64.22770545295421], [-149.27987211290917, 64.22743344778995], [-149.27972496257442, 64.22716590172675], [-149.2794574165112, 64.2269028147646], [-149.27918541134696, 64.22663972780244], [-149.27891786528374, 64.22637218173924], [-149.27865031922053, 64.22610909477709], [-149.27850316888578, 64.22584154871387], [-149.27848087338052, 64.22556954354961], [-149.27858343270475, 64.22530199748641], [-149.27868153292792, 64.22502999232215], [-149.2786592374227, 64.22476244625894], [-149.27863694191737, 64.22449044109467], [-149.2786146464121, 64.22422289503147], [-149.2785968100079, 64.22395534896826], [-149.27857451450262, 64.22368334380401], [-149.27855221899736, 64.2234157977408], [-149.2784050686626, 64.22314825167759], [-149.27825791832782, 64.22288070561439], [-149.27823562282256, 64.22261315955117], [-149.2782133273173, 64.22234561348797], [-149.27807063608358, 64.22207806742476], [-149.27816873630678, 64.2218060622605], [-149.278271295631, 64.22153405709625], [-149.27837385495522, 64.22126205193199], [-149.27847641427945, 64.22099450586877], [-149.27869936933212, 64.22071804160346], [-149.27867707382686, 64.22045049554026], [-149.2787796331511, 64.220178490376], [-149.27888219247532, 64.21991094431279], [-149.2789802926985, 64.21963893914854], [-149.27920770685222, 64.21936693398428], [-149.27955551673438, 64.21909046971895], [-149.27977847178707, 64.2188184645547], [-149.2798810311113, 64.21854645939044], [-149.2799835904355, 64.21827445422618], [-149.27996129493025, 64.21800690816296], [-149.27993899942499, 64.21773936209976], [-149.27979184909023, 64.21747181603655], [-149.27976955358494, 64.2171998108723], [-149.27974725807968, 64.21693226480909], [-149.27972496257442, 64.21666471874588], [-149.27970266706916, 64.21639271358163], [-149.2798052263934, 64.21612516751841], [-149.2796580760586, 64.21585762145521], [-149.27963578055335, 64.21558561629095], [-149.27974279897865, 64.21537157944039], [-149.2799746722334, 64.21515308348876], [-149.28020208638713, 64.2149301284361], [-149.28055435537036, 64.21471163248447], [-149.28090662435358, 64.2144886774318], [-149.2811340385073, 64.21421667226754], [-149.28111174300204, 64.21394912620433], [-149.28121430232628, 64.21367712104008], [-149.28131240254945, 64.21340511587582], [-149.28129010704419, 64.2131375698126], [-149.28114741581047, 64.2128700237494], [-149.2810002654757, 64.21260247768619], [-149.28085311514093, 64.21233493162299], [-149.28071042390724, 64.21206738555978], [-149.28056327357245, 64.21180429859763], [-149.2805409780672, 64.21153229343338], [-149.28076393311989, 64.2112602882691], [-149.2807416376146, 64.2109927422059]]}, "id": "00120000000000000c74", "properties": {"dist_out": 1728272.1898237243, "edit_flag": "NaN", "facc": 6597.078102697552, "grod_id": 0, "hfalls_id": 0, "lakeflag": 0, "max_width": 933, "n_chan_max": 5, "n_chan_mod": 1, "n_nodes": 55, "n_rch_dn": 1, "n_rch_up": 1, "obstr_type": 0, "rch_id_dn": "81246000031", "rch_id_up": "81246000051", "reach_id": 81246000041, "reach_len": 11067.782545874577, "river_name": "Nenana River", "slope": 3.376797333295071, "swot_obs": 4, "swot_orbit": "136 209 414 487", "trib_flag": 0, "type": 1, "width": 287, "width_var": 13213.880181607705, "wse": 196.8000030517578, "wse_var": 123.92956036345215, "x": -149.27374188145515, "y": 64.25746598944316}}, {"type": "Feature", "geometry": {"type": "LineString", "coordinates": [[-149.1357851805692, 64.52936809832089], [-149.1363871592114, 64.52909163405556], [-149.13636486370615, 64.52882408799236], [-149.13634702730192, 64.5285520828281], [-149.13632473179666, 64.5282845367649], [-149.13630243629137, 64.52801699070169], [-149.13615528595662, 64.52774944463847], [-149.1360125947229, 64.52748189857527], [-149.13586544438814, 64.52721435251206], [-149.1355934392239, 64.52694680644886], [-149.13519657923013, 64.52668371948671], [-149.13480417833742, 64.52642063252455], [-149.13440731834368, 64.5261575455624], [-149.1338856035204, 64.52589445860025], [-149.13336388869718, 64.52563583073915], [-149.13284663297497, 64.525372743777], [-149.1324497729812, 64.52510965681483], [-149.13192805815797, 64.52484656985268], [-149.13140634333473, 64.52458794199158], [-149.13100948334096, 64.52432039592838], [-149.13086679210724, 64.52405284986517], [-149.13059478694296, 64.52378976290302], [-149.1304476366082, 64.52352221683981], [-149.130429800204, 64.52325467077661], [-149.13053235952822, 64.52298266561236], [-149.13051006402296, 64.52271511954913], [-149.13061708244825, 64.52244311438488], [-149.13084449660198, 64.52217110922062], [-149.13107191075574, 64.52189910405636], [-149.13129932490943, 64.52162263979105], [-149.13140634333473, 64.52135509372783], [-149.13138404782944, 64.52108308856357], [-149.13111204266517, 64.52082000160142], [-149.13096935143147, 64.52055245553822], [-149.1305724914377, 64.52028936857606], [-149.13030048627346, 64.52002182251286], [-149.1300284811092, 64.51975873555071], [-149.129760935046, 64.51949118948751], [-149.12923922022273, 64.5192325616264], [-149.1289672150585, 64.5189650155632], [-149.12857481416577, 64.51870192860105], [-149.1283028090015, 64.51843438253785], [-149.12815565866674, 64.51817129557568], [-149.12813336316148, 64.51789929041142], [-149.12786581709827, 64.51763620344927], [-149.1277186667635, 64.51736865738606], [-149.12744666159924, 64.51710111132284], [-149.12705426070653, 64.5168380243607], [-149.1266574007128, 64.51657493739854], [-149.12626054071902, 64.5163118504364], [-149.12586368072527, 64.51604876347425], [-149.12547127983257, 64.51578567651208], [-149.12507441983885, 64.51552258954993], [-149.12455270501556, 64.51525950258778], [-149.1240309901923, 64.51499641562563], [-149.1233888796406, 64.51473778776453], [-149.12299201964686, 64.51447470080237], [-149.1225951596531, 64.51421161384022], [-149.12232761358987, 64.51394406777702], [-149.12205560842563, 64.51368098081485], [-149.1217836032614, 64.51341343475166], [-149.1213912023687, 64.5131503477895], [-149.1211191972044, 64.51288280172629], [-149.12072233721065, 64.51261971476414], [-149.12032547721688, 64.51235662780198], [-149.1199330763242, 64.51209354083983], [-149.11953621633043, 64.51183045387768], [-149.11901450150717, 64.51156736691553], [-149.11849724578497, 64.51130427995339], [-149.11797553096173, 64.51104565209228], [-149.11745381613846, 64.51078256513011], [-149.11681170558677, 64.51052393726901], [-149.11628999076353, 64.51026085030686], [-149.11576827594027, 64.50999776334471], [-149.11525102021807, 64.50973913548363], [-149.11485416022433, 64.5094715894204], [-149.11445730023055, 64.50920850245825], [-149.11406489933785, 64.5089454154961], [-149.1137928941736, 64.50868232853396], [-149.11377059866834, 64.50841032336969], [-149.11362790743462, 64.50814277730647], [-149.1134807570999, 64.50787523124328], [-149.11333360676508, 64.50761214428113], [-149.11306606070187, 64.50734459821791], [-149.11266920070813, 64.50708151125576], [-149.11239719554388, 64.50681396519255], [-149.11212964948066, 64.5065508782304], [-149.1118576443164, 64.50628333216719], [-149.11171049398166, 64.50601578610399], [-149.1115678027479, 64.50574824004077], [-149.11142065241316, 64.50548069397757], [-149.1113983569079, 64.50521314791436], [-149.11138052050367, 64.50494560185116], [-149.1114830798279, 64.5046735966869], [-149.11158563915214, 64.50440159152265], [-149.11181751240693, 64.50412958635837], [-149.11216978139015, 64.50385758119411], [-149.11264690520287, 64.5035811169288], [-149.11313294721768, 64.50335816187614], [-149.11374384406201, 64.5031887160361], [-149.11435920000739, 64.50307277940871], [-149.11497901505382, 64.50300589289292], [-149.11559883010023, 64.50294346547815], [-149.11621418604562, 64.50282752885077], [-149.116829541991, 64.50271159222338], [-149.11744489793637, 64.502595655596], [-149.11806025388174, 64.5024797189686], [-149.11868006892817, 64.50241729155385], [-149.1192998839746, 64.50235486413911], [-149.11979484419152, 64.50223892751171], [-149.12028088620636, 64.50206948167168], [-149.12111473810336, 64.50157452145476], [-149.12147146618761, 64.50129805718944], [-149.12182373517084, 64.50102605202518], [-149.1221760041541, 64.50074958775987], [-149.12240341830778, 64.50047758259561], [-149.12263529156257, 64.50020557743134], [-149.1228627057163, 64.49993357226708], [-149.12309011987003, 64.49965710800177], [-149.1231971382953, 64.49938956193857], [-149.12317484279004, 64.49911755677431], [-149.12327740211427, 64.4988500107111], [-149.1233888796406, 64.49863151475948], [-149.1236207528954, 64.49841301880787], [-149.12385262615015, 64.49819452285624], [-149.12408449940494, 64.49797602690462], [-149.12432083176077, 64.49775753095301], [-149.1245482459145, 64.49748552578875], [-149.12477566006822, 64.49720906152344], [-149.12500307422195, 64.49693705635917], [-149.12548465713573, 64.49666059209386], [-149.12596178094844, 64.49638412782855], [-149.12631404993166, 64.49611212266429], [-149.12666631891489, 64.49583565839897], [-149.12702304699917, 64.49556365323471], [-149.1273753159824, 64.4952871889694], [-149.1277275849656, 64.49501518380514], [-149.1280843130499, 64.49473871953982], [-149.12818687237413, 64.49446671437556], [-149.12828943169833, 64.49419916831235], [-149.12814228136358, 64.49393162224915], [-149.12774988047087, 64.493668535287], [-149.12747787530662, 64.49340098922379], [-149.12745557980136, 64.49313344316057], [-149.12757151642873, 64.49296845642161], [-149.1284187456289, 64.4926340238426], [-149.12890478764373, 64.49246457800257], [-149.129011806069, 64.49224608205094], [-149.1291188244943, 64.49203204520038], [-149.12897613326058, 64.49176449913718], [-149.12882898292582, 64.49149695307396], [-149.12843212293205, 64.49123386611181], [-149.12816457686884, 64.4909663200486], [-149.1278925717046, 64.49070323308645], [-149.12774542136984, 64.49043568702325], [-149.1277275849656, 64.49016814096004], [-149.12770528946035, 64.48989613579577], [-149.1276829939551, 64.48962858973258], [-149.12779001238036, 64.48935658456831], [-149.1278925717046, 64.48908457940405], [-149.12787027619933, 64.48881703334085], [-149.1278524397951, 64.48854948727764], [-149.12795499911934, 64.48827748211338], [-149.12805755844357, 64.48800547694911], [-149.1281601177678, 64.48773793088591], [-149.12839199102257, 64.4874614666206], [-149.12886911483528, 64.48718500235529], [-149.12934623864803, 64.48691299719103], [-149.12982336246074, 64.48663653292571], [-149.1303049453745, 64.48636006866039], [-149.13078206918723, 64.48608360439508], [-149.13125919299995, 64.48580714012977], [-149.13174523501476, 64.48563769428974], [-149.1328421738739, 64.48529880260968], [-149.13332821588875, 64.48512935676965], [-149.13429584081734, 64.4846834466643], [-149.13478188283216, 64.48451400082426], [-149.13539723877753, 64.48439806419688], [-149.1360125947229, 64.48428212756949], [-149.1365030958388, 64.4841661909421], [-149.13699359695468, 64.48405471341576], [-149.13747517986843, 64.48383175836308], [-149.13795230368117, 64.48355529409778], [-149.1383045726644, 64.48327882983247], [-149.13866130074865, 64.48300682466821], [-149.13888871490238, 64.48273481950395], [-149.1389912742266, 64.48246281433968], [-149.13884412389186, 64.48219526827647], [-149.13870143265814, 64.48192772221327], [-149.13855428232338, 64.48166017615006], [-149.1382822771591, 64.48139708918791], [-149.13788987626643, 64.48112954312471], [-149.13761787110215, 64.48086645616254], [-149.1372210111084, 64.4806033692004], [-149.1367037553862, 64.48034028223825], [-149.13618204056294, 64.4800771952761], [-149.13578963967024, 64.47981410831393], [-149.1353927796765, 64.47955102135178], [-149.13499591968272, 64.47928793438963], [-149.1347283736195, 64.47902484742748], [-149.13445636845526, 64.47875730136427], [-149.1340595084615, 64.47849421440212], [-149.13354225273932, 64.47823112743997], [-149.13314539274555, 64.4779680404778], [-149.13262813702335, 64.47770495351566], [-149.13210642220008, 64.47744632565455], [-149.1315891664779, 64.4771832386924], [-149.13106745165464, 64.47692015173025], [-149.13042088200189, 64.47666152386917], [-149.12990362627968, 64.476398436907], [-149.12950676628594, 64.47613534994484], [-149.12923922022273, 64.4758722629827], [-149.12909206988797, 64.47560471691948], [-149.12906977438269, 64.47533271175523], [-149.1290519379785, 64.47506516569202], [-149.12902964247323, 64.47479761962882], [-149.12900734696794, 64.47452561446455], [-149.12886465573425, 64.47425806840134], [-149.12884236022896, 64.47399052233814], [-149.1288200647237, 64.47372297627493], [-149.12892262404793, 64.47345097111067], [-149.12902964247323, 64.4731789659464], [-149.12925705662695, 64.47290696078215], [-149.12935961595116, 64.47263495561789], [-149.1295870301049, 64.47236295045363], [-149.1296940485302, 64.47209540439042], [-149.12979660785442, 64.47182339922617], [-149.13002402200814, 64.4715513940619], [-149.13037629099136, 64.47127492979659], [-149.13073301907562, 64.47100292463233], [-149.13108528805887, 64.47072646036702], [-149.13156241187158, 64.4704499961017], [-149.1319146808548, 64.47017799093744], [-149.13226694983803, 64.46990152667213], [-149.1324988230928, 64.46962952150787], [-149.132851092076, 64.46935305724256], [-149.13307850622974, 64.4690810520783], [-149.13343077521296, 64.46880904691403], [-149.13365818936668, 64.46853258264872], [-149.13401491745097, 64.46826057748446], [-149.1342423316047, 64.4679885723202], [-149.13446974575842, 64.46771656715593], [-149.13469715991215, 64.46744456199168], [-149.13492457406588, 64.46716809772636], [-149.13503159249115, 64.46690055166316], [-149.13513415181538, 64.4666285464989], [-149.1352367111396, 64.46635654133463], [-149.13521441563435, 64.46608899527143], [-149.13507172440063, 64.46582144920822], [-149.13492457406588, 64.46555390314502], [-149.13477742373112, 64.46528635708181], [-149.1346347324974, 64.46501881101861], [-149.13448758216265, 64.4647512649554], [-149.13446528665736, 64.4644837188922], [-149.13444745025316, 64.46421617282898], [-149.13430029991838, 64.46394862676577], [-149.13415314958363, 64.46368108070257], [-149.1340104583499, 64.46341353463936], [-149.13373845318566, 64.46314598857616], [-149.13347090712244, 64.46288290161401], [-149.1333237567877, 64.4626153555508], [-149.13317660645293, 64.4623478094876], [-149.1331587700487, 64.46208026342438], [-149.13313647454345, 64.46180825826012], [-149.13298932420867, 64.46154071219692], [-149.13284663297497, 64.46127316613371], [-149.1326994826402, 64.46100562007051], [-149.13242747747594, 64.46074253310834], [-149.13228478624222, 64.46047498704515], [-149.13213763590747, 64.46020744098193], [-149.1321153404022, 64.45993989491873], [-149.13209750399798, 64.45966788975447], [-149.13220006332224, 64.45940034369126], [-149.13230262264645, 64.459128338527], [-149.13253003680018, 64.45885633336275], [-149.13263705522544, 64.45858432819848], [-149.13286446937917, 64.45831232303422], [-149.1329670287034, 64.45804031786996], [-149.13294473319814, 64.45777277180676], [-149.13292689679395, 64.45750522574355], [-149.13290460128866, 64.45723322057928], [-149.1327574509539, 64.45696567451608], [-149.13261475972018, 64.45669812845287], [-149.13259246421495, 64.45643058238967], [-149.13257016870966, 64.45616303632646], [-149.13267718713493, 64.4558910311622], [-149.13277974645916, 64.45561902599793], [-149.1327574509539, 64.45535147993473], [-149.13273515544864, 64.45508393387152], [-149.13271731904442, 64.45481192870727], [-149.13269502353916, 64.45454438264406], [-149.1327975828634, 64.4542723774798], [-149.13302945611815, 64.45400037231555], [-149.13325687027188, 64.45372836715129], [-149.1336091392551, 64.45345190288596], [-149.13383655340883, 64.45317989772171], [-149.13393911273306, 64.45290789255745], [-149.13404613115836, 64.45264034649423], [-149.13427354531206, 64.45236834132997], [-149.1343761046363, 64.45209633616572], [-149.13447866396052, 64.45182433100146], [-149.13470607811428, 64.4515523258372], [-149.13506280619853, 64.45127586157189], [-149.13541507518175, 64.45100385640762], [-149.13576734416498, 64.45072739214231], [-149.1362444679777, 64.450450927877], [-149.1365967369609, 64.45017892271274], [-149.13694900594413, 64.44990245844743], [-149.13717642009786, 64.44963045328316], [-149.13752868908108, 64.4493584481189], [-149.13776056233587, 64.44908198385359], [-149.1381128313191, 64.44880997868933], [-149.13834024547282, 64.44853797352506], [-149.13856765962655, 64.4482659683608], [-149.13879507378027, 64.44798950409549], [-149.139022487934, 64.44771749893124], [-149.13925436118876, 64.44744549376698], [-149.1394817753425, 64.44717348860271], [-149.1398340443257, 64.44690148343845], [-149.14006145847944, 64.44662501917314], [-149.14041372746266, 64.44635301400888], [-149.14076599644588, 64.44607654974357], [-149.1411182654291, 64.4458045445793], [-149.14147053441232, 64.44552808031399], [-149.14182280339557, 64.44525607514973], [-149.14217953147983, 64.44497961088442], [-149.14240694563355, 64.44470760572015], [-149.14275921461677, 64.44443114145484], [-149.1429866287705, 64.44415913629058], [-149.14333889775372, 64.44388713112632], [-149.14356631190745, 64.44361512596207], [-149.14391858089067, 64.44333866169676], [-149.1441459950444, 64.4430666565325], [-149.14450272312868, 64.44279019226718], [-149.1447301372824, 64.44251818710292], [-149.14508240626563, 64.44224618193866], [-149.14530982041936, 64.44196971767335], [-149.14566208940258, 64.44169771250908], [-149.1458895035563, 64.44142570734482], [-149.14624177253953, 64.44114924307952], [-149.14646918669325, 64.44087723791525], [-149.14682145567647, 64.44060077364993], [-149.14705332893124, 64.44032876848567], [-149.14728074308496, 64.44005676332141], [-149.1473833024092, 64.43978475815716], [-149.14748586173346, 64.43951721209395], [-149.14746356622817, 64.43924520692968], [-149.14744572982394, 64.43897766086648], [-149.14754828914818, 64.43870565570222], [-149.1476508484724, 64.43843810963901], [-149.14775340779664, 64.43816610447475], [-149.14785596712088, 64.4378940993105], [-149.14808784037564, 64.43762209414623], [-149.14819039969987, 64.43735008898197], [-149.1484178138536, 64.43707808381771], [-149.14864522800733, 64.43680607865345], [-149.14887264216105, 64.43653407348918], [-149.14910005631478, 64.43626206832494], [-149.1493274704685, 64.43598560405962], [-149.14943448889377, 64.43571805799641], [-149.1496619030475, 64.43544605283215], [-149.14988931720123, 64.43516958856684], [-149.15011673135496, 64.43489758340257], [-149.15034414550868, 64.43462557823831], [-149.1506964144919, 64.43435357307406], [-149.15104868347512, 64.43407710880874], [-149.15140095245835, 64.43380064454342], [-149.15162836661207, 64.43352863937916], [-149.1519806355953, 64.43325663421491], [-149.15221250885008, 64.43298462905065], [-149.1524399230038, 64.43270816478534], [-149.15279219198703, 64.43243615962108], [-149.15314446097025, 64.43215969535576], [-149.15349672995347, 64.4318876901915], [-149.1538489989367, 64.43161122592619], [-149.15420126791992, 64.43133922076193], [-149.15442868207364, 64.43106721559766], [-149.15478095105686, 64.43079075133235], [-149.1550083652106, 64.43051874616809], [-149.15523577936432, 64.43024674100383], [-149.15533833868855, 64.42997473583958], [-149.15544089801278, 64.42970273067532], [-149.15554791643805, 64.42943072551105], [-149.1556504757623, 64.42916317944784], [-149.15575303508652, 64.4288911742836], [-149.15585559441075, 64.42861916911933], [-149.15595815373499, 64.42835162305612], [-149.15606517216025, 64.42807961789185], [-149.1561677314845, 64.42780761272759], [-149.15627029080872, 64.42753560756334], [-149.15637285013295, 64.42726806150013], [-149.1564754094572, 64.42699605633587], [-149.15645757305296, 64.42672851027267], [-149.1565601323772, 64.42645650510842], [-149.15666269170143, 64.42618449994414], [-149.15676525102566, 64.42591249477988], [-149.1568678103499, 64.42564494871668], [-149.1569703696741, 64.42537294355242], [-149.1568276784404, 64.4251053974892], [-149.15668052810562, 64.424837851426], [-149.15653337777087, 64.42457030536279], [-149.15639068653715, 64.4243027592996], [-149.1562435362024, 64.42403521323638], [-149.15622124069714, 64.42376766717318], [-149.1562034042929, 64.42350012110997], [-149.15618110878768, 64.4232281159457], [-149.1561588132824, 64.4229605698825], [-149.15613651777713, 64.42269302381929], [-149.1561186813729, 64.42242101865503], [-149.15609638586764, 64.42215347259183], [-149.15607409036235, 64.42188592652862], [-149.1560517948571, 64.42161392136435], [-149.1561588132824, 64.42134637530116], [-149.15638622743612, 64.42106991103584], [-149.15673849641934, 64.42079790587158], [-149.15721562023205, 64.42052144160627], [-149.1578131397732, 64.4202405182399], [-149.15841511841543, 64.41996405397458], [-149.1590215561587, 64.41974109892192], [-149.15962799390195, 64.41951368476819], [-149.1602299725442, 64.41929072971551], [-149.16083641028746, 64.41906777466285], [-149.1614428480307, 64.41884481961017], [-149.16204482667294, 64.41856389624381], [-149.16239709565616, 64.41829189107955], [-149.1626245098099, 64.41801542681424], [-149.16272706913412, 64.41774788075102], [-149.16270477362883, 64.41747587558676], [-149.16256208239514, 64.41720832952356], [-149.16253978688985, 64.41694078346035], [-149.1625174913846, 64.41667323739715], [-149.16249519587933, 64.41640123223289], [-149.1624773594751, 64.41613368616967], [-149.16257991879934, 64.41586168100541], [-149.16268247812357, 64.41559413494221], [-149.1627850374478, 64.41532212977796], [-149.16301245160153, 64.41505012461369], [-149.16323986575526, 64.41477811944942], [-149.1633424250795, 64.41450611428517], [-149.16356983923322, 64.41423410912091], [-149.16379725338695, 64.41396210395665], [-149.16389981271118, 64.41369009879239], [-149.16400683113645, 64.41341809362812], [-149.16410939046068, 64.41314608846386], [-149.1642119497849, 64.41287854240066], [-149.16431450910915, 64.4126065372364], [-149.16441706843335, 64.41233453207214], [-149.16451962775758, 64.41206252690787], [-149.16462664618288, 64.41179498084468], [-149.16472920550711, 64.41152297568041], [-149.16483176483135, 64.41125097051615], [-149.16493432415555, 64.41097896535189], [-149.1650368834798, 64.41071141928869], [-149.1652642976335, 64.41043941412443], [-149.16536685695775, 64.41016740896016], [-149.165469416282, 64.4098954037959], [-149.16557643470725, 64.40962339863165], [-149.16580384886097, 64.40935139346739], [-149.1657815533557, 64.40908384740418], [-149.16575925785045, 64.40881184223991], [-149.1656121075157, 64.40854875527776], [-149.165469416282, 64.40828120921456], [-149.1650725562882, 64.4080181222524], [-149.16468015539553, 64.4077505761892], [-149.16428329540176, 64.40748748922705], [-149.16401574933855, 64.40722440226489], [-149.1636188893448, 64.40696131530274], [-149.1633513432816, 64.40669376923954], [-149.16307933811734, 64.40643068227737], [-149.16293664688362, 64.40616313621418], [-149.16266464171935, 64.40589559015095], [-149.16239709565616, 64.40563250318881], [-149.1620002356624, 64.40536941622666], [-149.1618575444287, 64.40510187016345], [-149.16158553926445, 64.40483432410025], [-149.16143838892967, 64.40456677803704], [-149.16142055252544, 64.40429923197384], [-149.16164796667917, 64.40402722680957], [-149.1617505260034, 64.40375522164531], [-149.16185308532764, 64.40348321648105], [-149.16195564465187, 64.40321567041785], [-149.1621830588056, 64.40294366525359], [-149.16228561812983, 64.40267166008933], [-149.16238817745403, 64.40239965492506], [-149.16249519587933, 64.4021276497608], [-149.16259775520356, 64.4018601036976], [-149.1625754596983, 64.40158809853334], [-149.162553164193, 64.40132055247012], [-149.16265572351725, 64.40104854730586], [-149.16276274194254, 64.40077654214161], [-149.16286530126678, 64.4005089960784], [-149.16296786059098, 64.40023699091414], [-149.16307041991521, 64.39996498574988], [-149.16317297923945, 64.39969298058563], [-149.16340039339318, 64.39942097542136], [-149.1637526623764, 64.3991489702571], [-149.1642297861891, 64.39887250599179], [-149.16482730573028, 64.39859158262541], [-149.16543374347356, 64.39836862757275], [-149.16604018121683, 64.39814567252007], [-149.16664215985904, 64.39791825836635], [-149.16724859760234, 64.39769530331368], [-149.16785949444662, 64.39752585747365], [-149.16846147308883, 64.39730290242098], [-149.1690679108321, 64.39707548826725], [-149.16967434857537, 64.39690604242722], [-149.17028970452077, 64.39679010579982], [-149.17090060136508, 64.39667416917246], [-149.1715204164115, 64.39660728265663], [-149.17213577235688, 64.39654485524188], [-149.17275558740332, 64.39648242782714], [-149.1733709433487, 64.3964200004124], [-149.17398629929406, 64.396304063785], [-149.1745971961384, 64.39618812715761], [-149.17521255208376, 64.39606773142917], [-149.17581898982704, 64.39589828558914], [-149.17642542757028, 64.39567533053646], [-149.17703186531355, 64.3954523754838], [-149.17762938485473, 64.39517145211742], [-149.17823136349693, 64.39489498785211], [-149.1788378012402, 64.39466757369838], [-149.17943977988241, 64.39444461864572], [-149.18005067672675, 64.39427517280568], [-149.18065711447002, 64.39410572696565], [-149.18126801131433, 64.39393182202457], [-149.18186998995654, 64.39370886697189], [-149.18247642769984, 64.39348591191923], [-149.18307840634205, 64.39320498855285], [-149.18368038498426, 64.39298203350019], [-149.18429128182856, 64.39281258766016], [-149.1849021786729, 64.39269219193172], [-149.18551753461827, 64.39257625530432], [-149.18613289056364, 64.39251382788957], [-149.186748246509, 64.39239789126218], [-149.18735468425228, 64.39222844542215], [-149.18796112199556, 64.39200103126844]]}, "id": "00120000000000000c72", "properties": {"dist_out": 1706115.187284201, "edit_flag": "NaN", "facc": 7064.32275390625, "grod_id": 0, "hfalls_id": 0, "lakeflag": 0, "max_width": 1620, "n_chan_max": 6, "n_chan_mod": 1, "n_nodes": 88, "n_rch_dn": 1, "n_rch_up": 1, "obstr_type": 0, "rch_id_dn": "81246000011", "rch_id_up": "81246000031", "reach_id": 81246000021, "reach_len": 17575.616498752282, "river_name": "Nenana River", "slope": 1.708137083819134, "swot_obs": 4, "swot_orbit": "136 209 414 487", "trib_flag": 0, "type": 1, "width": 291, "width_var": 19931.507887536107, "wse": 119.4000015258789, "wse_var": 76.90871378024407, "x": -149.14131796134066, "y": 64.46014020150872}}, {"type": "Feature", "geometry": {"type": "LineString", "coordinates": [[-149.18735468425228, 64.39222844542215], [-149.18796112199556, 64.39200103126844], [-149.18843824580827, 64.39177807621576], [-149.188915369621, 64.39150161195045], [-149.1892676386042, 64.39122960678618], [-149.18961990758743, 64.39095314252087], [-149.18984732174115, 64.39068113735661], [-149.19007473589488, 64.39040913219235], [-149.1903021500486, 64.39013712702808], [-149.1906499599308, 64.38986066276277], [-149.19087737408452, 64.38958865759851], [-149.19122964306777, 64.3893121933332], [-149.19170676688046, 64.38903572906788], [-149.19218389069317, 64.38875926480257], [-149.19265655540482, 64.38848280053726], [-149.19300882438804, 64.388210795373], [-149.19371782145555, 64.38771583515607], [-149.19407454953983, 64.3874928801034], [-149.19430196369356, 64.38727438415178], [-149.19478354660734, 64.3870514290991], [-149.1951402746916, 64.38683293314749], [-149.19549254367482, 64.38655646888218], [-149.195840353557, 64.38628000461685], [-149.19631747736972, 64.38600354035155], [-149.19679460118243, 64.38572707608623], [-149.1973921207236, 64.38545061182091], [-149.19799409936581, 64.3851741475556], [-149.19847122317853, 64.38489768329029], [-149.1988190330607, 64.38462121902498], [-149.1991713020439, 64.38434475475967], [-149.19952357102716, 64.3840727495954], [-149.19975098518086, 64.38380074443114], [-149.19997839933458, 64.38352873926688], [-149.2003306683178, 64.38325227500157], [-149.2006784782, 64.38297581073626], [-149.2010307471832, 64.38270380557199], [-149.20150787099593, 64.3824273413067], [-149.20186013997915, 64.38215087704137], [-149.20196269930338, 64.3818788718771], [-149.20194040379812, 64.38161132581389], [-149.20191810829283, 64.3813437797507], [-149.20177095795808, 64.38107623368748], [-149.20174866245281, 64.38080868762428], [-149.20185122177705, 64.38053668246002], [-149.20207863593077, 64.38026467729576], [-149.202181195255, 64.3799926721315], [-149.2022837545792, 64.37972066696723], [-149.2023907730045, 64.37944866180298], [-149.20249333232874, 64.37918111573977], [-149.20247103682348, 64.3789091105755], [-149.2023238864887, 64.37864156451231], [-149.20217673615394, 64.37837847755016], [-149.20203404492023, 64.37811093148694], [-149.20188689458547, 64.37784338542373], [-149.20173974425072, 64.37757583936053], [-149.20184230357492, 64.37730383419627], [-149.20182000806966, 64.37703628813307], [-149.20180217166546, 64.37676428296881], [-149.20177987616017, 64.3764967369056], [-149.2018824354844, 64.37622473174133], [-149.20186013997915, 64.37595718567813], [-149.20196269930338, 64.37568518051387], [-149.20194040379812, 64.37541763445066], [-149.20204296312235, 64.37514562928641], [-149.20214552244656, 64.37487362412215], [-149.2023729366003, 64.37460161895788], [-149.2027252055835, 64.37432961379362], [-149.20332272512468, 64.37404869042726], [-149.2037998489374, 64.37377222616195], [-149.20402726309112, 64.37350022099768], [-149.20425467724485, 64.37322821583342], [-149.20448209139857, 64.37295621066917], [-149.2045846507228, 64.3726842055049], [-149.20456235521755, 64.3724166594417], [-149.20466491454178, 64.37214465427743], [-149.2046426190365, 64.37187710821422], [-149.20449546870174, 64.37160956215102], [-149.20422792263852, 64.37134201608781], [-149.20420562713326, 64.37107447002461], [-149.2043081864575, 64.37080246486035], [-149.20428589095224, 64.37053491879713], [-149.20438845027644, 64.37026291363289], [-149.20474071925966, 64.36999090846862], [-149.2048432785839, 64.36971890330436], [-149.20482098307863, 64.3694468981401], [-149.20479868757337, 64.3691793520769], [-149.20453114151016, 64.36891626511473], [-149.2042591363459, 64.36864871905154], [-149.20423684084062, 64.36838117298832], [-149.20434831836698, 64.36821618624936], [-149.20519108846608, 64.36788175367033], [-149.2055522756514, 64.3677123078303], [-149.20578860800723, 64.36754732109134], [-149.20589116733146, 64.36727977502812], [-149.2058688718262, 64.36700776986386], [-149.20597143115043, 64.36674022380066], [-149.20619884530416, 64.36646375953536], [-149.2065555733884, 64.36624526358372], [-149.2075142801149, 64.36579935347838], [-149.20799140392765, 64.3655763984257], [-149.20894565155308, 64.36507697910773], [-149.20942723446686, 64.36485402405505], [-149.21002921310907, 64.36463106900237], [-149.21064456905444, 64.36451513237499], [-149.2112599249998, 64.36444824585918], [-149.21187528094518, 64.36438581844443], [-149.21249955509268, 64.36437690024233], [-149.21312382924015, 64.36442149125287], [-149.21373918518552, 64.36435906383812], [-149.21435008202985, 64.36424312721073], [-149.21496543797522, 64.36412273148228], [-149.21556741661743, 64.36389977642959], [-149.21616939525967, 64.3636233121643], [-149.21676691480081, 64.36334238879793], [-149.2172395795125, 64.36306592453262], [-149.21771670332524, 64.36278946026731], [-149.21806897230843, 64.36251745510305], [-149.21829638646216, 64.36224099083773], [-149.2183989457864, 64.36197344477452], [-149.21862190083905, 64.36170143961026], [-149.2187244601633, 64.36142943444601], [-149.21882701948752, 64.36115742928175], [-149.21905443364125, 64.36088542411748], [-149.21940670262447, 64.36060895985217], [-149.2196341167782, 64.36033695468791], [-149.21986153093192, 64.36006494952365], [-149.2200844859846, 64.35979294435938], [-149.22018704530882, 64.35952093919512], [-149.22016474980356, 64.35925339313192], [-149.22026730912776, 64.35898138796766], [-149.2204947232815, 64.3587093828034], [-149.22072213743522, 64.35843737763913], [-149.22107440641844, 64.35816091337382], [-149.22154707113012, 64.35788444910851], [-149.22189934011334, 64.3576079848432], [-149.22225160909656, 64.35733597967894], [-149.2227242738082, 64.35705951541362], [-149.22307654279143, 64.35678305114831], [-149.22342435267362, 64.35651104598405], [-149.22390147648633, 64.35623458171874], [-149.22437414119798, 64.35595811745343], [-149.22472641018123, 64.35568165318811], [-149.22520353399395, 64.3554051889228], [-149.2256761987056, 64.35512872465749], [-149.22602846768885, 64.35485226039216], [-149.226376277571, 64.35458025522792], [-149.22672854655423, 64.35430379096259], [-149.22708081553745, 64.35403178579834], [-149.2274286254196, 64.35375532153303], [-149.22790574923232, 64.3534788572677], [-149.228378413944, 64.35320239300239], [-149.22898485168727, 64.35297943794973], [-149.22959128943052, 64.35280553300863], [-149.2301977271738, 64.3526360871686], [-149.23080862401812, 64.35252015054122], [-149.23142843906456, 64.35245326402541], [-149.23203933590887, 64.35233732739805], [-149.2326502327532, 64.35222139077064], [-149.2332611295975, 64.35210545414324], [-149.23374717161235, 64.35193600830321], [-149.23409944059557, 64.35171305325055], [-149.23445616867983, 64.35149455729892], [-149.23468358283355, 64.35122255213466], [-149.2347861421578, 64.35095054697041], [-149.23500909721048, 64.35067854180615], [-149.23523651136418, 64.35040207754083], [-149.2353390706884, 64.35013453147762], [-149.23544163001264, 64.34986252631336], [-149.23554418933688, 64.34959052114911], [-149.23552189383162, 64.34932297508591], [-149.23562445315585, 64.34905096992163], [-149.23572701248008, 64.34877896475737], [-149.2358295718043, 64.34851141869417], [-149.23593213112852, 64.34823941352991], [-149.23603469045275, 64.34796740836565], [-149.236137249777, 64.34769540320139], [-149.23636466393071, 64.34742339803712], [-149.23646276415388, 64.34715139287287], [-149.23656532347812, 64.34688384680966], [-149.23666788280235, 64.3466118416454], [-149.2366455872971, 64.3463442955822], [-149.23650289606337, 64.34607674951899], [-149.2366054553876, 64.34580474435472], [-149.2368284104403, 64.34553273919047], [-149.237055824594, 64.34526073402621], [-149.23740809357722, 64.3449842697609], [-149.2377559034594, 64.34470780549557], [-149.23810817244262, 64.34443580033133], [-149.23833558659635, 64.34416379516706], [-149.2386833964785, 64.34388733090175], [-149.23903566546173, 64.34361086663644], [-149.23938793444495, 64.34333886147218], [-149.23973574432713, 64.34306239720686], [-149.24021286813985, 64.34278593294154], [-149.240560678022, 64.3425139277773], [-149.24078809217573, 64.34223746351198], [-149.2411359020579, 64.34196545834772], [-149.24136331621162, 64.34169345318345], [-149.24159073036535, 64.34141698891814], [-149.24194299934857, 64.34119849296651], [-149.24242458226234, 64.34097553791385], [-149.24277685124557, 64.34075258286117], [-149.24313357932985, 64.34053408690956], [-149.2433654525846, 64.34031559095794], [-149.2435884076373, 64.34004358579368], [-149.24369096696154, 64.33977158062942], [-149.24379352628574, 64.33949957546515], [-149.24402094043947, 64.33922757030089], [-149.2442483545932, 64.33895556513663], [-149.24435091391743, 64.33868355997238], [-149.24445347324166, 64.33841155480812], [-149.24455157346483, 64.33813954964386], [-149.24453373706064, 64.33787200358064], [-149.24438658672585, 64.33760445751744], [-149.2443642912206, 64.33733691145423], [-149.24446685054482, 64.33706490628997], [-149.24456940986906, 64.33679290112572], [-149.2446719691933, 64.3365253550625], [-149.24489492424595, 64.3362488907972], [-149.24512233839968, 64.33597688563293], [-149.24522489772392, 64.33570933956973], [-149.24545231187764, 64.33543287530442], [-149.2456752669303, 64.33516087014016], [-149.24590268108403, 64.3348888649759], [-149.24613009523776, 64.33461685981163], [-149.2463575093915, 64.33434485464737], [-149.24646006871572, 64.3340728494831], [-149.2465581689389, 64.33380084431886], [-149.24678558309262, 64.3335288391546], [-149.24701299724634, 64.33325683399033], [-149.2473608071285, 64.33298036972502], [-149.24771307611172, 64.33270836456076], [-149.2481857408234, 64.33243190029545], [-149.24853800980662, 64.33215543603013], [-149.24876542396035, 64.33188343086587], [-149.24886352418352, 64.33161142570161], [-149.24909093833725, 64.33133942053735], [-149.24919349766148, 64.33106741537307], [-149.2492960569857, 64.33079541020884], [-149.24939861630995, 64.33052786414562], [-149.24962603046367, 64.33025139988031], [-149.24972413068684, 64.3299838538171], [-149.24982669001108, 64.32971184865285], [-149.2500541041648, 64.32943984348859], [-149.25028151831853, 64.32916783832432], [-149.25038407764274, 64.32889583316006], [-149.25048663696697, 64.3286238279958], [-149.25058473719014, 64.32835182283154], [-149.25068729651437, 64.32808427676835], [-149.2507898558386, 64.32781227160407], [-149.25089241516284, 64.32754026643981], [-149.2509949744871, 64.32726826127555], [-149.2510975338113, 64.32699625611129], [-149.25107523830604, 64.32672871004809], [-149.25105294280075, 64.32646116398487], [-149.2510306472955, 64.32619361792167], [-149.25100835179023, 64.32592161275741], [-149.25111091111447, 64.32564960759316], [-149.2512134704387, 64.32538206152996], [-149.2513160297629, 64.32511005636569], [-149.25154344391663, 64.32483805120143], [-149.25176639896932, 64.32456604603716], [-149.25186895829356, 64.3242940408729], [-149.25197151761776, 64.32402203570865], [-149.252074076942, 64.32375003054439], [-149.25205178143673, 64.32348248448118], [-149.25202948593147, 64.32321493841798], [-149.2520071904262, 64.32294293325371], [-149.25198489492092, 64.3226753871905], [-149.25196259941566, 64.3224078411273], [-149.2519403039104, 64.32213583596304], [-149.25179761267668, 64.32186828989983], [-149.25165046234193, 64.32160520293768], [-149.25162816683667, 64.32133319777341], [-149.2517307261609, 64.32106119260916], [-149.2518332854851, 64.32079364654595], [-149.2520562405378, 64.32052164138169], [-149.25228365469152, 64.32024517711639], [-149.25251106884525, 64.31997317195211], [-149.25261362816946, 64.31970116678785], [-149.25271172839265, 64.31943362072465], [-149.2528142877169, 64.31916161556039], [-149.25304170187061, 64.31888961039613], [-149.25314426119482, 64.31861760523186], [-149.25324682051905, 64.3183456000676], [-149.25334937984329, 64.31807359490335], [-149.25345193916752, 64.31780604884014], [-149.25342964366226, 64.31753404367588], [-149.2535322029865, 64.31726649761268], [-149.25363030320966, 64.31699449244842], [-149.2537328625339, 64.31672248728415], [-149.25396027668762, 64.31645048211989], [-149.25418769084135, 64.31617847695563], [-149.254410645894, 64.31590647179138], [-149.25463806004774, 64.31563000752605], [-149.25486547420147, 64.3153580023618], [-149.25508842925413, 64.31508599719754], [-149.25531584340786, 64.31481399203328], [-149.25554325756158, 64.31454198686902], [-149.25564135778475, 64.31426998170475], [-149.255743917109, 64.31399797654049], [-149.25572162160373, 64.31373043047729], [-149.25569932609847, 64.3134628844141], [-149.25555663486475, 64.3131953383509], [-149.25553433935949, 64.31292333318662], [-149.2555120438542, 64.31265578712342], [-149.25548974834894, 64.3123882410602], [-149.25559230767317, 64.31211623589594], [-149.2556948669974, 64.31184423073168], [-149.25591782205007, 64.31157222556742], [-149.2562700910333, 64.3112957613021], [-149.256747214846, 64.31107280624944], [-149.25722433865874, 64.31084985119676], [-149.25782631730095, 64.3106268961441], [-149.25842829594316, 64.31040394109142], [-149.25903027458537, 64.3101765269377], [-149.25962779412654, 64.3099000626724], [-149.26022531366772, 64.30961913930601], [-149.26082729230993, 64.3093426750407], [-149.26142481185107, 64.30906175167434], [-149.26189747656275, 64.30878528740902], [-149.2622452864449, 64.30851328224476], [-149.26259755542813, 64.30823681797945], [-149.2628205104808, 64.30796481281519], [-149.26292306980505, 64.30769280765092], [-149.26302562912926, 64.30742080248666], [-149.2631281884535, 64.30715325642346], [-149.26310589294823, 64.3068812512592], [-149.26308359744297, 64.30661370519599], [-149.26306130193768, 64.30634615913279], [-149.26316386126192, 64.30607415396852], [-149.26326642058615, 64.30580214880426], [-149.26336897991038, 64.30553014364], [-149.26346708013355, 64.3052625975768], [-149.26356963945778, 64.30499059241254], [-149.26354734395252, 64.30471858724827], [-149.26352504844726, 64.30445104118508], [-149.26350275294197, 64.30418349512186], [-149.2636053122662, 64.3039114899576], [-149.26370787159044, 64.30363948479336]]}, "id": "00120000000000000c73", "properties": {"dist_out": 1717204.4072778497, "edit_flag": "NaN", "facc": 6778.666364871841, "grod_id": 0, "hfalls_id": 0, "lakeflag": 0, "max_width": 997, "n_chan_max": 6, "n_chan_mod": 1, "n_nodes": 55, "n_rch_dn": 1, "n_rch_up": 1, "obstr_type": 0, "rch_id_dn": "81246000021", "rch_id_up": "81246000041", "reach_id": 81246000031, "reach_len": 11089.219993648867, "river_name": "Nenana River", "slope": 3.381829091530259, "swot_obs": 4, "swot_orbit": "136 209 414 487", "trib_flag": 0, "type": 1, "width": 342, "width_var": 20986.344969392292, "wse": 153.54999542236328, "wse_var": 119.03445598753508, "x": -149.2295917959002, "y": 64.34847874594428}}, {"type": "Feature", "geometry": {"type": "LineString", "coordinates": [[-149.28076393311989, 64.2112602882691], [-149.2807416376146, 64.2109927422059], [-149.2805989463809, 64.21072519614269], [-149.28032694121663, 64.21045765007949], [-149.27993454032392, 64.21019456311733], [-149.2792968888733, 64.20993593525623], [-149.27890448798058, 64.20967284829408], [-149.27851208708788, 64.20940976133193], [-149.27811968619517, 64.20914667436978], [-149.27784768103092, 64.20888358740761], [-149.2775801349677, 64.20861604134441], [-149.277187734075, 64.20835295438226], [-149.27704058374024, 64.20808540831905], [-149.27689789250653, 64.20781786225585], [-149.27662588734228, 64.20755477529369], [-149.27635834127906, 64.20728722923049], [-149.27596594038636, 64.20702414226834], [-149.27544868466416, 64.20676551440724], [-149.27518113860097, 64.20649796834402], [-149.27491359253776, 64.20623488138187], [-149.27464158737348, 64.20596733531866], [-149.2743740413103, 64.20570424835651], [-149.27410649524708, 64.20543670229331], [-149.27371409435437, 64.20517361533115], [-149.27332169346167, 64.204910528369], [-149.27292929256896, 64.20464744140685], [-149.2726572874047, 64.2043843544447], [-149.272264886512, 64.20412126748253], [-149.2718724856193, 64.20385818052038], [-149.27160493955608, 64.20359063445719], [-149.27145778922133, 64.20332308839397], [-149.27119024315812, 64.20306000143182], [-149.27104309282336, 64.20279245536861], [-149.2710207973181, 64.20252490930541], [-149.27087810608438, 64.2022573632422], [-149.27060610092013, 64.201989817179], [-149.2704634096864, 64.20172673021683], [-149.27019140452217, 64.20145918415363], [-149.269678607901, 64.20119609719148], [-149.2692862070083, 64.20093301022932], [-149.26901420184404, 64.20066992326717], [-149.26862180095134, 64.20040683630502], [-149.26822940005863, 64.20014374934287], [-149.26783699916592, 64.1998806623807], [-149.26744459827324, 64.19961757541856], [-149.26693180165208, 64.19935448845641], [-149.26665979648783, 64.19909140149426], [-149.2665171052541, 64.19882385543104], [-149.26649480974885, 64.19855630936785], [-149.26647251424362, 64.19828430420358], [-149.26657507356782, 64.19801229903932], [-149.26642792323304, 64.19774921207717], [-149.26616037716983, 64.19748166601396], [-149.26601322683507, 64.19721411995076], [-149.26587053560135, 64.19694657388754], [-149.2655985304371, 64.1966834869254], [-149.26545583920338, 64.19641594086218], [-149.26543354369812, 64.19614839479898], [-149.26528639336337, 64.19588084873577], [-149.26514370212965, 64.19561330267257], [-149.2651214066244, 64.1953412975083], [-149.26509911111913, 64.1950737514451], [-149.2651972113423, 64.19480174628083], [-149.26529977066653, 64.19453420021763], [-149.26540232999076, 64.19426219505337], [-149.26562528504343, 64.1939901898891], [-149.26597309492558, 64.1937137256238], [-149.2663253639088, 64.19343726135848], [-149.26679356951942, 64.19316079709317], [-149.2673910890606, 64.19288433282786], [-149.26786375377225, 64.19260786856255], [-149.26833195938286, 64.19233140429722], [-149.26880462409454, 64.19205494003191], [-149.2692772888062, 64.1917784757666], [-149.26962509868838, 64.1915020115013], [-149.27009776340003, 64.19122554723597], [-149.2704455732822, 64.19094908297066], [-149.27066852833488, 64.1906770778064], [-149.2707710876591, 64.1904095317432], [-149.27087364698332, 64.19013752657894], [-149.27072649664856, 64.18986998051572], [-149.2707042011433, 64.18960243445252], [-149.27068190563804, 64.18933042928826], [-149.27078446496228, 64.189058424124], [-149.27100742001494, 64.18878641895974], [-149.27135968899816, 64.18851441379547], [-149.27170749888032, 64.18823794953016], [-149.2720553087625, 64.18796148526485], [-149.2722782638152, 64.18768948010059], [-149.2725056779689, 64.18741747493632], [-149.27272863302156, 64.18714546977208], [-149.27295158807425, 64.18687346460781], [-149.27305414739845, 64.18660145944355], [-149.2731567067227, 64.18632945427929], [-149.27325926604692, 64.18605744911503], [-149.27348222109958, 64.18578544395076], [-149.27370517615228, 64.18551343878651], [-149.273932590306, 64.18524143362227], [-149.27415554535867, 64.18496942845799], [-149.27437850041133, 64.18469296419268], [-149.27460591456506, 64.18442095902842], [-149.27482886961775, 64.18414895386415], [-149.27517667949994, 64.18387248959884], [-149.27552448938206, 64.18360048443458], [-149.2757519035358, 64.18332847927032], [-149.27585446286002, 64.18305647410607], [-149.27583216735476, 64.18278892804285], [-149.27593026757793, 64.18251692287859], [-149.27603282690217, 64.18224491771433], [-149.2761353862264, 64.18197291255008], [-149.27623348644957, 64.18170536648687], [-149.2763360457738, 64.1814333613226], [-149.27619335454008, 64.1811658152594], [-149.27604620420533, 64.18089826919619], [-149.27589905387057, 64.18063072313299], [-149.27563150780736, 64.18036763617083], [-149.27523910691465, 64.18010454920868], [-149.2750919565799, 64.17983700314548], [-149.27494926534618, 64.17956945708227], [-149.27480211501143, 64.17930191101905], [-149.27477981950614, 64.17903436495585], [-149.27488237883037, 64.17876235979159], [-149.2748600833251, 64.17849035462733], [-149.27483778781985, 64.17822280856413], [-149.2748154923146, 64.17795526250092], [-149.2747931968093, 64.17768325733665], [-149.27477090130404, 64.17741571127345], [-149.27474860579878, 64.17714816521024], [-149.27472631029352, 64.17688061914704], [-149.27470401478823, 64.17660861398278], [-149.27468617838403, 64.17634106791957], [-149.27453902804928, 64.17607352185637], [-149.2743918777145, 64.17580597579315], [-149.27424918648083, 64.17553842972995], [-149.27397718131652, 64.1752753427678], [-149.27358478042382, 64.17501225580564], [-149.27344208919013, 64.17474470974244], [-149.2731745431269, 64.17447716367923], [-149.2727821422342, 64.17421407671708], [-149.27239420044256, 64.17400449896756], [-149.27200625865092, 64.17379492121805], [-149.27137306630132, 64.1735898025696], [-149.27073541485066, 64.17338468392114], [-149.27010668160216, 64.17323307448532], [-149.2694779483536, 64.1730814650495], [-149.26885367420613, 64.17298336482632], [-149.26822940005863, 64.17293877381579], [-149.2676095850122, 64.17289418280525], [-149.26698531086473, 64.17279608258208], [-149.2663565776162, 64.17269798235891], [-149.26572784436766, 64.1725463729231], [-149.26509911111913, 64.17239476348728], [-149.2644703778706, 64.17224315405146], [-149.26384164462203, 64.17214505382827], [-149.2632129113735, 64.17199344439246], [-149.26270903295446, 64.17184183495664], [-149.26219623633335, 64.17163225720714], [-149.26117510219208, 64.17121756080917], [-149.26066230557095, 64.17100798305967], [-149.2600335723224, 64.17085637362383], [-149.25940483907388, 64.17070476418802], [-149.25877610582532, 64.1705531547522], [-149.2581384543747, 64.17034803610376], [-149.2575052620251, 64.17014291745528], [-149.25686761057446, 64.16988428959418], [-149.25635481395332, 64.16962120263203], [-149.25583755823112, 64.16936257477094], [-149.2555700121679, 64.16909502870772], [-149.2553024661047, 64.16883194174557], [-149.25503046094045, 64.16856439568237], [-149.25463806004774, 64.1683013087202], [-149.2542501182561, 64.16803822175805], [-149.2536080077044, 64.16777959389695], [-149.25322006591273, 64.1675165069348], [-149.25294806074848, 64.16724896087159], [-149.25268051468527, 64.16698587390944], [-149.25253782345155, 64.16671832784624], [-149.2523906731168, 64.16645078178303], [-149.25199827222409, 64.16618769482088], [-149.2517307261609, 64.16592460785873], [-149.2517084306556, 64.16565260269446], [-149.25156573942192, 64.16538505663125], [-149.25141858908714, 64.16511751056805], [-149.25139629358188, 64.16484996450484], [-149.2511287475187, 64.16458687754269], [-149.25073634662598, 64.16432379058054], [-149.25034394573328, 64.16406070361838], [-149.25007639967006, 64.16379315755518], [-149.24993370843634, 64.16352561149196], [-149.2497865581016, 64.16325806542876], [-149.24951901203838, 64.16299497846661], [-149.24937186170362, 64.1627274324034], [-149.2491043156404, 64.16245988634019], [-149.2488367695772, 64.16219679937804], [-149.24856922351398, 64.16193371241589], [-149.24842207317923, 64.16166616635267], [-149.24815452711601, 64.16139862028948], [-149.24788698105283, 64.16113553332733], [-149.24736972533063, 64.16087244636516], [-149.24710217926744, 64.16060935940301], [-149.2469594880337, 64.16034181333981], [-149.24693719252843, 64.16006980817555], [-149.24703975185267, 64.15980226211234], [-149.24738756173483, 64.15952579784702], [-149.247485661958, 64.15925379268276], [-149.2473429707243, 64.15898624661956], [-149.2470754246611, 64.15872315965741], [-149.24680341949684, 64.1584556135942], [-149.24641547770517, 64.15819252663205], [-149.24614347254092, 64.1579294396699], [-149.2458759264777, 64.15766189360669], [-149.2456083804145, 64.15739880664454], [-149.2454656891808, 64.15713126058132], [-149.24531853884602, 64.15686371451812], [-149.24517584761233, 64.15659616845491], [-149.24515355210704, 64.15632862239171], [-149.24513125660178, 64.1560610763285], [-149.24498410626703, 64.1557935302653], [-149.2448414150333, 64.1555259842021], [-149.2445738689701, 64.15525843813887], [-149.24430186380584, 64.15499535117672], [-149.24415917257213, 64.15472780511352], [-149.2440120222374, 64.15446025905031], [-149.24386933100365, 64.15419271298711], [-149.2438470354984, 64.1539251669239], [-149.24382473999313, 64.15365316175964], [-149.24380244448787, 64.15338561569644], [-149.24378014898258, 64.15311806963322], [-149.24376231257838, 64.15284606446896], [-149.24374001707312, 64.15257851840576], [-149.24371772156783, 64.15231097234255], [-149.24369542606257, 64.1520389671783], [-149.2436731305573, 64.15177142111509], [-149.24365083505205, 64.15150387505187], [-149.24362853954676, 64.15123186988761], [-149.2436062440415, 64.15096432382441], [-149.24370880336573, 64.15069231866015], [-149.24368650786047, 64.15042477259695], [-149.24354381662675, 64.15015722653374], [-149.243396666292, 64.14988968047054], [-149.2431291202288, 64.14962659350837], [-149.24261632360765, 64.14936350654622], [-149.24234877754444, 64.14910041958407], [-149.24220162720968, 64.14883287352086], [-149.24205893597596, 64.14856532745766], [-149.2419117856412, 64.14829778139445], [-149.24188949013595, 64.14803023533125], [-149.24162194407273, 64.14776268926803], [-149.24122954318003, 64.14749960230588], [-149.2409619971168, 64.14723651534374], [-149.2408193058831, 64.14696896928052], [-149.24067215554834, 64.14670142321732], [-149.24064986004308, 64.14642941805306], [-149.24062756453782, 64.14616187198985], [-149.2403600184746, 64.1458987850277], [-149.23997207668296, 64.14563569806555], [-149.23957967579025, 64.14537261110338], [-149.23931212972704, 64.14510506504018], [-149.23916497939229, 64.14483751897697], [-149.23902228815857, 64.14456997291377], [-149.23912038838174, 64.14430242685056], [-149.23934780253546, 64.14402596258525], [-149.2393255070302, 64.14375841652205], [-149.23930321152494, 64.14349087045883], [-149.23928091601968, 64.14321886529457], [-149.2392586205144, 64.14295131923137], [-149.2389910744512, 64.14268823226921], [-149.23896877894592, 64.14241622710496], [-149.23895094254172, 64.14214868104175], [-149.2390490427649, 64.14187667587748], [-149.23903120636066, 64.14160912981428], [-149.23925416141336, 64.14133712465002], [-149.23935672073756, 64.14106511948576], [-149.23945482096076, 64.1407931143215], [-149.239557380285, 64.14052110915723], [-149.2396599396092, 64.14025356309403], [-149.23976249893343, 64.13998155792977], [-149.23974020342817, 64.13971401186657], [-149.2397179079229, 64.13944200670231], [-149.2395752166892, 64.1391744606391], [-149.23942806635444, 64.1389069145759], [-149.23916052029122, 64.13864382761373], [-149.23901336995647, 64.13837628155053], [-149.23887067872275, 64.13810873548732], [-149.23897323804698, 64.13783673032306], [-149.23895094254172, 64.13756918425986], [-149.23892864703643, 64.13730163819665], [-149.23878595580274, 64.13703409213345], [-149.23863880546796, 64.13676654607023], [-149.23837125940477, 64.13649900000703], [-149.23822410907, 64.13623591304489], [-149.2379565630068, 64.13596836698167], [-149.2378138717731, 64.13570082091846], [-149.23779157626782, 64.13543327485526], [-149.2376488850341, 64.13516572879205], [-149.23737687986986, 64.13489818272886], [-149.23723418863614, 64.1346350957667], [-149.23696664257292, 64.13436754970348], [-149.23657424168022, 64.13410446274133], [-149.23630669561703, 64.13383691667812], [-149.23603914955382, 64.13357382971597], [-149.23589199921904, 64.13330628365277], [-149.23574930798534, 64.13303873758956], [-149.23548176192213, 64.13277565062741], [-149.2350938201305, 64.13256607287789], [-149.23419754081874, 64.13214691737888], [-149.23368920329864, 64.13194179873041], [-149.23266361005636, 64.13146913401874], [-149.23215973163732, 64.13131752458293], [-149.2315399165909, 64.13127293357239], [-149.23092010154446, 64.13122834256185], [-149.23030028649802, 64.13123726076397], [-149.22968938965371, 64.13129968817871], [-149.22907403370832, 64.13130860638083], [-149.22844975956085, 64.13121050615764], [-149.22782548541338, 64.13111240593447], [-149.22719675216482, 64.13096079649866], [-149.22656355981525, 64.1307556778502], [-149.2259259083646, 64.13049704998909], [-149.22528825691396, 64.13023842212799], [-149.22465060546332, 64.12997533516584], [-149.22401741311373, 64.12971670730474], [-149.22337976166307, 64.12945807944364], [-149.22274211021244, 64.12919945158254], [-149.22222485449024, 64.12893636462039], [-149.2217120578691, 64.12867773675929], [-149.22144451180588, 64.12841019069609], [-149.22117696574267, 64.12814710373392], [-149.22090941967946, 64.12787955767072], [-149.22064187361627, 64.12761647070857], [-149.22037432755306, 64.12734892464536], [-149.22010678148985, 64.12708583768321], [-149.2199596311551, 64.12681829162], [-149.22006219047933, 64.12654628645573], [-149.22016474980356, 64.12627428129149], [-149.22038770485622, 64.12600227612722], [-149.22049026418046, 64.12573027096296], [-149.2205928235047, 64.12546272489975], [-149.2205705279994, 64.1251907197355], [-149.2204278367657, 64.12492317367229], [-149.22028068643093, 64.12465562760907], [-149.22001314036774, 64.12439254064692], [-149.21974559430453, 64.12412499458372], [-149.2194780482413, 64.12386190762156], [-149.2192105021781, 64.12359436155836], [-149.2189429561149, 64.12333127459621], [-149.2188002648812, 64.123063728533], [-149.21865311454644, 64.1227961824698], [-149.21838556848323, 64.12253309550763], [-149.2182428772495, 64.12226554944444], [-149.21809572691475, 64.12199800338122], [-149.21795303568103, 64.12173045731802], [-149.21781034444732, 64.12146291125481], [-149.21778804894205, 64.12119536519161], [-149.2178906082663, 64.12092336002735], [-149.21798870848946, 64.12065135486309], [-149.21821612264318, 64.12037934969882]]}, "id": "00140000000000000ca0", "properties": {"dist_out": 1739845.9358979403, "edit_flag": "NaN", "facc": 6411.77312170683, "grod_id": 0, "hfalls_id": 0, "lakeflag": 0, "max_width": 582, "n_chan_max": 4, "n_chan_mod": 1, "n_nodes": 58, "n_rch_dn": 1, "n_rch_up": 1, "obstr_type": 0, "rch_id_dn": "81246000041", "rch_id_up": "81246000061", "reach_id": 81246000051, "reach_len": 11573.746074216042, "river_name": "Nenana River", "slope": 3.200499195569752, "swot_obs": 3, "swot_orbit": "136 181 209 414", "trib_flag": 0, "type": 1, "width": 176, "width_var": 5801.63856465154, "wse": 227.5, "wse_var": 125.60992186773125, "x": -149.2533689683865, "y": 64.16517563108036}}, {"type": "Feature", "geometry": {"type": "LineString", "coordinates": [[-149.21798870848946, 64.12065135486309], [-149.21821612264318, 64.12037934969882], [-149.21831868196742, 64.12010734453456], [-149.2184167821906, 64.11983533937031], [-149.2183989457864, 64.1195677933071], [-149.21825179545164, 64.11930024724388], [-149.21810910421794, 64.11903270118069], [-149.21821166354212, 64.11876515511749], [-149.21830976376535, 64.11849314995322], [-149.2182919273611, 64.11822560389001], [-149.21826963185583, 64.11795359872575], [-149.21812248152108, 64.11768605266255], [-149.2177345397294, 64.11742296570038], [-149.2173421388367, 64.11715987873824], [-149.217199447603, 64.11689233267504], [-149.21717715209775, 64.11662478661182], [-149.21715485659246, 64.11635724054862], [-149.21713256108723, 64.11608523538436], [-149.21711026558194, 64.11581768932115], [-149.21684271951872, 64.11555014325795], [-149.21645477772708, 64.11528705629578], [-149.21618723166387, 64.11502396933363], [-149.2160400813291, 64.11475642327044], [-149.2158973900954, 64.11448887720722], [-149.21599994941963, 64.11421687204297], [-149.21610250874386, 64.11394932597977], [-149.21595981751014, 64.1137352891292], [-149.21570118964905, 64.11357476149126], [-149.21531770695844, 64.1134186929544], [-149.2148138285394, 64.11326708351858], [-149.21430995012037, 64.11311101498171], [-149.21392200832872, 64.1129014372322], [-149.21353406653708, 64.11263835027005], [-149.21326652047387, 64.1123752633079], [-149.21287411958116, 64.11211217634573], [-149.21260657351795, 64.11184463028253], [-149.21221417262524, 64.11158154332038], [-149.21207148139155, 64.11131399725717], [-149.21180393532833, 64.11105091029503], [-149.2116612440946, 64.1107833642318], [-149.21139369803143, 64.11051581816861], [-149.21112615196824, 64.11025273120644], [-149.210858605905, 64.10998518514324], [-149.2105910598418, 64.1097220981811], [-149.21032351377858, 64.10945455211788], [-149.2100559677154, 64.10919146515573], [-149.20978842165218, 64.10892391909252], [-149.20939602075947, 64.10866083213037], [-149.20925332952575, 64.10839328606717], [-149.20898578346257, 64.108130199105], [-149.20883863312778, 64.1078626530418], [-149.2086959418941, 64.1075951069786], [-149.20855325066037, 64.1073275609154], [-149.20828570459716, 64.10706447395323], [-149.20801815853395, 64.10679692789003], [-149.20762575764127, 64.10653384092788], [-149.20723335674856, 64.10627075396572], [-149.2067205601274, 64.10600766700357], [-149.20608736777783, 64.10574903914247], [-149.20557011205563, 64.10549041128137], [-149.20505731543446, 64.10522732431922], [-149.20454451881335, 64.10496423735707], [-149.20403172219218, 64.10470560949597], [-149.20351892557102, 64.10444252253382], [-149.2028812741204, 64.10418389467272], [-149.20224362266976, 64.10392080771055], [-149.20161043032016, 64.10366217984945], [-149.2009727788695, 64.10340355198835], [-149.20033512741887, 64.10314492412725], [-149.19994718562722, 64.1028818371651], [-149.199679639564, 64.1026142911019], [-149.19953248922928, 64.10234674503869], [-149.19951465282503, 64.10207919897549], [-149.1996127530482, 64.10180719381123], [-149.199594916644, 64.10153964774801], [-149.19957262113874, 64.10126764258375], [-149.19942547080396, 64.1010045556216], [-149.19940763439976, 64.10073255045734], [-149.19926048406498, 64.10046500439414], [-149.19924264766078, 64.10019745833092], [-149.19922035215552, 64.09992991226773], [-149.19932291147973, 64.09965790710346], [-149.19942101170292, 64.0993859019392], [-149.19964842585665, 64.09911389677494], [-149.19975098518086, 64.09884189161068], [-149.1998535445051, 64.09856988644643], [-149.1999516447283, 64.09830234038321], [-149.2000542040525, 64.09803033521895], [-149.20003190854723, 64.09776278915575], [-149.1998892173135, 64.09749524309254], [-149.19962167125033, 64.09722769702934], [-149.19923372945868, 64.09696461006718], [-149.19884132856598, 64.09670152310503], [-149.19869863733226, 64.09643397704183], [-149.1988011966565, 64.09616197187756], [-149.19889929687966, 64.09589442581435], [-149.1990018562039, 64.09562242065009], [-149.19885916497017, 64.09535487458689], [-149.19846676407747, 64.09509178762474], [-149.1978335717279, 64.09483315976364], [-149.19732077510673, 64.09457007280147], [-149.19680351938453, 64.09430698583932], [-149.1964155775929, 64.09404389887717], [-149.19614803152967, 64.09378081191502], [-149.1958804854665, 64.09351326585181], [-149.19549254367482, 64.09325017888966], [-149.19534539334006, 64.09298263282645], [-149.19520270210634, 64.09271508676325], [-149.19506001087265, 64.09244754070004], [-149.19503771536736, 64.09217999463684], [-149.1950154198621, 64.09191244857362], [-149.1948727286284, 64.09164490251042], [-149.19472557829363, 64.09137735644721], [-149.19470774188943, 64.09110981038401], [-149.19468544638414, 64.09083780521975], [-149.1946631508789, 64.09057025915654], [-149.19464085537362, 64.09030271309334], [-149.1946230189694, 64.09003070792907], [-149.1943554729062, 64.08976762096694], [-149.194087926843, 64.08950007490371], [-149.19382038077978, 64.08923698794156], [-149.19355283471657, 64.08896944187835], [-149.19316489292493, 64.0887063549162], [-149.19277249203222, 64.08844326795405], [-149.19225969541108, 64.0881801809919], [-149.19174689878994, 64.0879215531308], [-149.19110924733928, 64.0876629252697], [-149.1904760549897, 64.08739983830753], [-149.18983840353906, 64.08714121044643], [-149.18920075208842, 64.08688258258535], [-149.18881281029675, 64.08661949562318], [-149.18803692671347, 64.08614683091152], [-149.18765344402286, 64.08593725316202], [-149.18675716471114, 64.08551809766298], [-149.18624882719104, 64.08530851991347], [-149.18598128112782, 64.08504543295132], [-149.18595898562256, 64.08477788688812], [-149.1860615449468, 64.08450588172386], [-149.18616410427103, 64.0842338765596], [-149.1863870593237, 64.08396187139533], [-149.18648961864793, 64.08368986623107], [-149.18646732314267, 64.08342232016787], [-149.18632463190895, 64.08315477410466], [-149.18630233640368, 64.08288722804146], [-149.18628449999946, 64.0826152228772], [-149.1861373496647, 64.08234767681398], [-149.18611951326048, 64.08208013075078], [-149.18621761348365, 64.08180812558652], [-149.18619977707945, 64.0815405795233], [-149.1861774815742, 64.0812730334601], [-149.1861551860689, 64.08100102829584], [-149.1860124948352, 64.08073348223263], [-149.1858698036015, 64.08046593616943], [-149.18560225753828, 64.08020284920728], [-149.18545510720352, 64.07993530314407], [-149.1854372707993, 64.07966775708087], [-149.18541497529404, 64.0793957519166], [-149.18539267978878, 64.0791282058534], [-149.185495239113, 64.07885620068913], [-149.1853525478793, 64.07858865462593], [-149.18508500181608, 64.07832556766378], [-149.18469706002443, 64.07806248070162], [-149.18442951396122, 64.07779493463842], [-149.1840371130685, 64.07753184767627], [-149.18376956700533, 64.0772687607141], [-149.18350648004318, 64.0770012146509], [-149.1834841845379, 64.07673366858769], [-149.18333703420313, 64.0764661225245], [-149.1833191977989, 64.07619857646128], [-149.18329690229365, 64.07592657129702], [-149.1832746067884, 64.07565902523382], [-149.18325677038416, 64.0753914791706], [-149.1831096200494, 64.0751239331074], [-149.1828420739862, 64.07485638704419], [-149.18257898702404, 64.07459330008204], [-149.18231144096083, 64.07432575401883], [-149.1817986443397, 64.07406266705668], [-149.181406243447, 64.07379958009453], [-149.18114315648484, 64.07353649313238], [-149.18075075559213, 64.07327340617022], [-149.1803628138005, 64.07301031920807], [-149.1799704129078, 64.07274723224592], [-149.17945761628664, 64.07248414528377], [-149.1789448196655, 64.07222105832162], [-149.17843202304434, 64.07196243046052], [-149.1781689360822, 64.0716948843973], [-149.17790139001897, 64.07143179743515], [-149.17775423968422, 64.07116425137194], [-149.1776115484505, 64.07089670530874], [-149.1774688572168, 64.07062915924554], [-149.17708091542514, 64.07036607228338], [-149.17668851453246, 64.07010298532123], [-149.1763005727408, 64.06983543925801], [-149.17578777611965, 64.06957681139691], [-149.1752749794985, 64.06931372443476], [-149.17476218287734, 64.06905063747261], [-149.1742493862562, 64.06879200961151], [-149.1736161939066, 64.06852892264935], [-149.17297854245598, 64.06827029478826], [-149.17246574583484, 64.06801166692716], [-149.17195294921368, 64.067748579965], [-149.17144015259254, 64.06748549300285], [-149.1709273559714, 64.0672224060407], [-149.17053941417979, 64.06695931907855], [-149.1700266175586, 64.06670069121745], [-149.16951382093745, 64.06643760425528], [-149.16900102431632, 64.06617451729313], [-149.16861308252464, 64.06591143033098], [-149.16822068163196, 64.06564834336884], [-149.1679575946698, 64.06538525640667], [-149.16793529916453, 64.06511325124242], [-149.16803785848876, 64.06484570517921], [-149.168140417813, 64.06457370001495], [-149.16811812230773, 64.06430169485068], [-149.16809582680244, 64.06403414878748], [-149.16795313556875, 64.06376660272427], [-149.16768558950554, 64.06350351576212], [-149.1674225025434, 64.06323596969892], [-149.16727535220863, 64.06296842363571], [-149.16700780614542, 64.06270533667356], [-149.1668651149117, 64.06243779061035], [-149.16672242367798, 64.06217024454715], [-149.1665797324443, 64.06190269848395], [-149.16631218638108, 64.06163515242075], [-149.16616949514736, 64.06137206545857], [-149.16590194908417, 64.06110451939537], [-149.16563440302096, 64.06084143243322], [-149.16536685695775, 64.06057388637001], [-149.1651037699956, 64.06031079940786], [-149.1647113691029, 64.06004325334465], [-149.16432342731125, 64.0597801663825], [-149.16418073607753, 64.05951262031928], [-149.16403358574277, 64.05924507425608], [-149.16389089450905, 64.05898198729393], [-149.16387305810485, 64.05870998212967], [-149.16397115832802, 64.05843797696541], [-149.1639533219238, 64.05817043090221], [-149.16393102641854, 64.057902884839], [-149.16390873091328, 64.05763087967473], [-149.16389089450905, 64.05736333361153], [-149.16362334844584, 64.05710024664937], [-149.16348065721215, 64.05683270058617], [-149.16333350687736, 64.05656515452297], [-149.16331567047317, 64.0562931493587], [-149.1632933749679, 64.0560256032955], [-149.16327107946262, 64.05575805723228], [-149.16312838822893, 64.05549051116908], [-149.1629856969952, 64.05522296510587], [-149.162718150932, 64.05495541904267], [-149.16233020914035, 64.05469233208052], [-149.16206266307714, 64.05442924511836], [-149.1616747212855, 64.0541661581562], [-149.16116192466436, 64.05390307119406], [-149.1606491280432, 64.0536399842319], [-149.16013633142205, 64.0533813563708], [-149.15950759817352, 64.05317177862129], [-149.15888332402605, 64.0530736783981], [-149.1582724271817, 64.05308259660022], [-149.15765707123634, 64.05309151480233], [-149.157046174392, 64.05315840131813], [-149.1564352775477, 64.05322082873288], [-149.15581992160233, 64.05317623772234], [-149.1551911883538, 64.05302016918547], [-149.15468730993476, 64.05286855974965], [-149.15442422297258, 64.05265452289909], [-149.1542815317389, 64.05239143593694], [-149.15413884050517, 64.05212388987373], [-149.1542413998294, 64.05185188470946], [-149.15446435488207, 64.05157987954522], [-149.1545669142063, 64.05130787438095], [-149.15466947353053, 64.05103586921669], [-149.1548924285832, 64.05076386405243], [-149.15499498790743, 64.05049185888817], [-149.15497715150323, 64.05022431282497], [-149.15507971082744, 64.0499523076607], [-149.15517781105063, 64.04968476159749], [-149.15528037037484, 64.04941275643323], [-149.15526253397064, 64.04914075126898], [-149.15524023846538, 64.04887320520577], [-149.15509754723166, 64.04860565914257], [-149.15483000116845, 64.0483425721804], [-149.1544420593768, 64.04807948521824], [-149.15405411758516, 64.04781193915505], [-149.153541320964, 64.04755331129395], [-149.15302852434286, 64.04729022433179], [-149.15264058255121, 64.04702713736964], [-149.152373036488, 64.04675959130644], [-149.1522303452543, 64.04649204524323], [-149.15220804974902, 64.04622449918001], [-149.15218575424376, 64.04595695311681], [-149.15216791783953, 64.04568494795255], [-149.15202522660584, 64.0454218609904], [-149.15187807627106, 64.04515431492719], [-149.1516149893089, 64.04488676886399], [-149.15134744324573, 64.04462368190184], [-149.15095950145405, 64.04436059493968], [-149.15056710056137, 64.04409304887648], [-149.1500632221423, 64.04388793022801], [-149.14955488462223, 64.04367835247851], [-149.14892169227264, 64.04347323383004], [-149.1482929590241, 64.04326811518159], [-149.14766422577557, 64.04305853743207], [-149.1470265743249, 64.04279990957097], [-149.14639338197534, 64.04254128170987], [-149.14576018962575, 64.04228265384877], [-149.14512253817512, 64.04201956688662], [-149.14448934582552, 64.04176093902552], [-149.14385615347592, 64.04150231116442], [-149.1432274202274, 64.0412927334149], [-149.1425942278778, 64.04108761476644], [-149.14196549462926, 64.04088249611799]]}, "id": "00140000000000000ca1", "properties": {"dist_out": 1750064.8096221667, "edit_flag": "NaN", "facc": 6221.689502237837, "grod_id": 0, "hfalls_id": 0, "lakeflag": 0, "max_width": 429, "n_chan_max": 3, "n_chan_mod": 1, "n_nodes": 51, "n_rch_dn": 1, "n_rch_up": 1, "obstr_type": 0, "rch_id_dn": "81246000051", "rch_id_up": "81246000071", "reach_id": 81246000061, "reach_len": 10218.873724226196, "river_name": "Nenana River", "slope": 3.354153207401563, "swot_obs": 3, "swot_orbit": "181 209 414", "trib_flag": 0, "type": 1, "width": 108, "width_var": 2046.010918001261, "wse": 271.3500061035156, "wse_var": 103.76494830021862, "x": -149.18356340421957, "y": 64.08011776229704}}, {"type": "Feature", "geometry": {"type": "LineString", "coordinates": [[-148.82033499474525, 63.49457573055507], [-148.82068280462744, 63.49435723460345], [-148.8209057596801, 63.4940852294392], [-148.82100831900433, 63.49381322427492], [-148.82111087832857, 63.493545678211724], [-148.8212134376528, 63.49327367304747], [-148.82119560124858, 63.493001667883206], [-148.8211822239454, 63.49273412182001], [-148.82116438754122, 63.492466575756794], [-148.82114655113702, 63.49219457059253], [-148.82112871473277, 63.491927024529325], [-148.82111087832857, 63.491659478466126], [-148.82109304192434, 63.49138747330186], [-148.82107966462118, 63.49111992723865], [-148.82106182821698, 63.49085238117545], [-148.82104399181276, 63.49058037601118], [-148.82102615540856, 63.490312829947975], [-148.82100831900433, 63.49004528388477], [-148.82111087832857, 63.489773278720506], [-148.82109304192434, 63.48950573265731], [-148.82120006034964, 63.489233727493044], [-148.8214230154023, 63.48896172232878], [-148.82152557472654, 63.488689717164526], [-148.8215077383223, 63.48842217110131], [-148.82161029764654, 63.488150165937064], [-148.82159246124235, 63.48788261987385], [-148.82145868821073, 63.48761507381064], [-148.82144085180653, 63.48734306864638], [-148.82130261967387, 63.48707552258318], [-148.82128478326965, 63.48680797651997], [-148.82114655113702, 63.48654043045677], [-148.82112871473277, 63.48627288439356], [-148.82123573315806, 63.486000879229294], [-148.82145868821073, 63.48572887406504], [-148.82168164326342, 63.485456868900776], [-148.82214538977297, 63.48518040463545], [-148.82260913628252, 63.484903940370145], [-148.82307734189314, 63.48468544441852], [-148.82367040233325, 63.484515998578495], [-148.8242590036723, 63.484346552738465], [-148.82485652321347, 63.48423061611108], [-148.82545404275461, 63.48416818869633], [-148.8260515622958, 63.484052252068935], [-148.8266446227359, 63.48394077454261], [-148.82724214227704, 63.48382483791521], [-148.82771034788766, 63.48365539207518], [-148.82805815776985, 63.483436896123564], [-148.82828557192357, 63.48321840017194], [-148.82838813124778, 63.48294639500768], [-148.82837029484358, 63.48267884894447], [-148.82835245843935, 63.48240684378022], [-148.82821868540776, 63.48213929771701], [-148.8280804532751, 63.48187175165381], [-148.82794222114245, 63.4816042055906], [-148.8278039890098, 63.481336659527386], [-148.82766575687714, 63.48106911346419], [-148.8276479204729, 63.480801567400974], [-148.82775047979715, 63.48052956223672], [-148.82785749822244, 63.48026201617352], [-148.8280804532751, 63.47999001100926], [-148.82842380405623, 63.47971354674393], [-148.82888755056578, 63.479441541579675], [-148.82935129707533, 63.47916507731436], [-148.8298150435849, 63.47888861304905], [-148.83027879009444, 63.47861214878373], [-148.83062659997665, 63.478340143619484], [-148.8308495550293, 63.47806813845521], [-148.83107251008195, 63.47779613329095], [-148.83142031996417, 63.47757763733934], [-148.8317681298463, 63.477354682286666], [-148.83211148062742, 63.477136186335045], [-148.83245929050958, 63.47691769038343], [-148.83280710039176, 63.47669473533076], [-148.83303005544442, 63.47642273016648], [-148.8332530104971, 63.476150725002235], [-148.83348042465082, 63.47587871983798], [-148.8337033797035, 63.47560671467372], [-148.8339263347562, 63.475334709509454], [-148.8340288940804, 63.47506270434519], [-148.83401105767618, 63.474795158281985], [-148.83399322127198, 63.474527612218786], [-148.83397538486776, 63.47425560705452], [-148.83395754846353, 63.47398806099131], [-148.83406456688883, 63.47371605582705], [-148.83416712621306, 63.47344850976384], [-148.8342696855373, 63.47317650459959], [-148.83437224486153, 63.47290449943533], [-148.8343544084573, 63.47263695337212], [-148.83421617632465, 63.4723694073089], [-148.834077944192, 63.472101861245704], [-148.8339441711604, 63.47183431518249], [-148.83368554329928, 63.47156676911929], [-148.83330651970974, 63.471303682157135], [-148.8329274961202, 63.471040595194985], [-148.83242807680222, 63.47077750823283], [-148.83180826175578, 63.47051442127068], [-148.8311929058104, 63.47025133430852], [-148.8306934864924, 63.46998824734637], [-148.83019406717443, 63.469725160384215], [-148.82969464785646, 63.469466532523114], [-148.82919522853845, 63.469203445560964], [-148.82882066404997, 63.46893589949775], [-148.82832124473202, 63.4686728125356], [-148.827821825414, 63.46840972557345], [-148.82744280182445, 63.46814663861129], [-148.82706377823493, 63.46788355164914], [-148.826568818018, 63.46762046468699], [-148.82606939869999, 63.46735737772484], [-148.825569979382, 63.467094290762674], [-148.82495016433558, 63.466831203800524], [-148.8243348083902, 63.466568116838374], [-148.82371945244483, 63.466362998189915], [-148.82310409649946, 63.46620692965305], [-148.82249319965513, 63.46605532021724], [-148.82188230281082, 63.46589925168036], [-148.82127140596648, 63.465747642244544], [-148.8206560500211, 63.46559157370767], [-148.82004515317678, 63.4653864550592], [-148.8194297972314, 63.46523038652234], [-148.8188189003871, 63.465078777086525], [-148.81821246264383, 63.464976217762306], [-148.81759710669846, 63.464824608326474], [-148.81699066895519, 63.4647265081033], [-148.81637977211085, 63.46457043956644], [-148.81576887526654, 63.46441883013062], [-148.81515351932117, 63.46420925238111], [-148.81453816337577, 63.463999674631594], [-148.81391834832937, 63.463741046770494], [-148.81329853328293, 63.463477959808344], [-148.81268317733756, 63.46321933194724], [-148.81206336229113, 63.462956244985094], [-148.8114435472447, 63.46269315802293], [-148.81082373219826, 63.46243453016183], [-148.81032877198137, 63.46217144319968], [-148.80982935266334, 63.46190835623753], [-148.80932993334537, 63.46164526927538], [-148.80883497312843, 63.461435691525864], [-148.8083400129115, 63.46122611377635], [-148.80772465696612, 63.46101653602684], [-148.80710930102074, 63.46081141737839], [-148.8066143408038, 63.46060183962886], [-148.8061193805869, 63.46033875266671], [-148.8056199612689, 63.46007566570456], [-148.8051205419509, 63.45981257874241], [-148.80474597746243, 63.4595450326792], [-148.8043669538729, 63.459281945717045], [-148.80398793028334, 63.459018858754895], [-148.80384969815069, 63.45875131269169], [-148.80371592511906, 63.45848376662849], [-148.80369808871487, 63.45821176146423], [-148.8035598565822, 63.457944215401014], [-148.80354202017799, 63.457676669337815], [-148.80340378804533, 63.4574091232746], [-148.80339041074217, 63.45714157721139], [-148.8032521786095, 63.45687403114818], [-148.80311394647686, 63.45660648508498], [-148.8029757143442, 63.45633893902177], [-148.8028419413126, 63.45607139295857], [-148.80282410490838, 63.45579938779431], [-148.80280626850416, 63.455531841731094], [-148.8029088278284, 63.45525983656684], [-148.80313178288108, 63.454987831402576], [-148.80335473793377, 63.45471582623833], [-148.803461756359, 63.45444382107405], [-148.80356431568325, 63.45417627501085], [-148.80366687500748, 63.453904269846596], [-148.80364903860328, 63.45363672378338], [-148.80351080647063, 63.453369177720184], [-148.80325663771058, 63.45310163165697], [-148.80287761412103, 63.45283854469482], [-148.80237819480303, 63.45257545773267], [-148.80176283885766, 63.45231237077051], [-148.80114748291228, 63.452107252122055], [-148.8005321269669, 63.451897674372546], [-148.79992123012258, 63.451741605835664], [-148.79931479237933, 63.45169701482514], [-148.7987128137371, 63.4516524238146], [-148.7981019168928, 63.451549864490374], [-148.79749993825058, 63.45150527347984], [-148.79688904140625, 63.45140271415561], [-148.79627368546087, 63.451197595507146], [-148.79577872524396, 63.45098801775763], [-148.79528822412806, 63.45077844000812], [-148.79502959626697, 63.45051089394492], [-148.79489136413432, 63.45024334788171], [-148.79499392345855, 63.44997580181851], [-148.79509648278275, 63.44970379665425], [-148.79520350120805, 63.449431791489985], [-148.79530606053228, 63.44916424542678], [-148.79552901558495, 63.448892240262516], [-148.79563157490918, 63.448620235098254], [-148.7957341342334, 63.44834822993399], [-148.79584115265868, 63.448076224769736], [-148.79582331625448, 63.44780867870654], [-148.79556468839337, 63.44754113264332], [-148.79518566480385, 63.44727804568117], [-148.7946907045869, 63.44701495871902], [-148.79419574436997, 63.44680538096951], [-148.7935803884246, 63.44660026232104], [-148.7929650324792, 63.44639068457153], [-148.79234967653383, 63.44618110682203], [-148.79185471631692, 63.44597152907251], [-148.7914801518284, 63.44570844211036], [-148.79110112823886, 63.4454453551482], [-148.79084250037778, 63.445177809084996], [-148.79058833161773, 63.4449102630218], [-148.79032970375664, 63.44464717605965], [-148.79007107589553, 63.44437962999643], [-148.78993730286393, 63.44411208393322], [-148.78967867500282, 63.44384453787002], [-148.78942004714173, 63.44358145090787], [-148.78904548265322, 63.44331390484466], [-148.78854606333525, 63.443050817882494], [-148.7874491244761, 63.44285015833509], [-148.7870923963918, 63.442908126648796], [-148.78698537796654, 63.44312662260042], [-148.7866375680844, 63.443345118552024], [-148.7864146130317, 63.4436171237163], [-148.7860712622506, 63.44388912888055], [-148.78560305663999, 63.44411208393322], [-148.7850144553009, 63.444335038985905], [-148.78443031306293, 63.44455799403856], [-148.78384171172385, 63.44478094909124], [-148.7834939018417, 63.44499944504286], [-148.78315055106057, 63.44527590930817], [-148.78304799173634, 63.44554345537138], [-148.7830613690395, 63.44581546053564], [-148.78319960117219, 63.446083006598855], [-148.78321743757638, 63.446350552662054], [-148.7832352739806, 63.44661809872527], [-148.7831282555553, 63.44689010388953], [-148.78290530050265, 63.44716210905377], [-148.78255749062046, 63.4473806050054], [-148.78208928500987, 63.447550050845436], [-148.7816166202982, 63.44771949668546], [-148.78102355985808, 63.447830974211804], [-148.78042158121588, 63.4478398924139], [-148.7798240616747, 63.44790231982865], [-148.7792220830325, 63.44790677892971], [-148.77861564528922, 63.44780867870654], [-148.7780047484449, 63.447652610169655], [-148.7773938516006, 63.447501000733844], [-148.77677403655414, 63.447237913771694], [-148.77615422150774, 63.446979285910594], [-148.77553886556234, 63.446716198948444], [-148.77491905051593, 63.44645311198628], [-148.77430369457056, 63.44619448412518], [-148.77368387952413, 63.44593139716303], [-148.77306852357873, 63.44566831020088], [-148.77256910426075, 63.44540522323873], [-148.77206968494278, 63.445142136276566], [-148.77157472472584, 63.444879049314416], [-148.7711957011363, 63.444615962352266], [-148.7708211366478, 63.44434841628905], [-148.77044211305827, 63.4440853293269], [-148.77006308946872, 63.44382224236475], [-148.76968852498024, 63.44355469630154], [-148.76918910566224, 63.44329160933939], [-148.76869414544532, 63.44302852237724], [-148.76807878949992, 63.44282340372879], [-148.76746343355455, 63.44261382597926], [-148.76685699581128, 63.44251572575608], [-148.766250558068, 63.44246667564451], [-148.7656485794258, 63.44247559384661], [-148.7650466007836, 63.44242654373502], [-148.76444016304032, 63.44238195272449], [-148.76335660148433, 63.442341820815], [-148.76287947767162, 63.4423997891287], [-148.76194306645039, 63.44284569923404], [-148.76147931994083, 63.443117704398304], [-148.7608907186018, 63.443340659450975], [-148.7603021172627, 63.44356361450365], [-148.75971351592366, 63.44373306034368], [-148.75911599638252, 63.44379548775843], [-148.75851847684135, 63.44385791517318], [-148.75792095730017, 63.443969392699515], [-148.75732789686006, 63.4440853293269], [-148.75673483641998, 63.444201265954284], [-148.7561373168788, 63.444317202581686], [-148.7555442564387, 63.44442868010802], [-148.75494673689752, 63.444491107522765], [-148.75434921735638, 63.44455353493752], [-148.7537516978152, 63.444615962352266], [-148.75315417827406, 63.444673930665964], [-148.75255219963182, 63.44468284886806], [-148.7519502209896, 63.44469176707017], [-148.75134378324634, 63.44464271695858], [-148.75073734550307, 63.444544616735406], [-148.75013090775983, 63.44444205741118], [-148.7495200109155, 63.44429044797536], [-148.74890465497012, 63.444080870225854], [-148.74828929902475, 63.44387129247634], [-148.7476784021804, 63.44371968304053], [-148.7470675053361, 63.44356361450365], [-148.74645660849177, 63.443412005067835], [-148.74584571164746, 63.44325593653096], [-148.7452392739042, 63.44315783630778], [-148.74462837705985, 63.44300176777092], [-148.74402193931658, 63.442903667547746], [-148.74341550157334, 63.442854617436154], [-148.7428135229311, 63.44286353563827], [-148.74221154428892, 63.44281448552666], [-148.74160510654562, 63.44276989451614], [-148.74099866880235, 63.44267179429297], [-148.74039223105908, 63.44262274418137], [-148.73979025241687, 63.442578153170835], [-148.7391838146736, 63.44252910305926], [-148.7385818360314, 63.442538021261356], [-148.73798877559128, 63.44265395788874], [-148.73739125605013, 63.442711926202435], [-148.73679373650896, 63.44277435361719]]}, "id": "00140000000000000ca2", "properties": {"dist_out": 1845413.8683929069, "edit_flag": "NaN", "facc": 1929.641581653636, "grod_id": 0, "hfalls_id": 0, "lakeflag": 0, "max_width": 339, "n_chan_max": 3, "n_chan_mod": 1, "n_nodes": 52, "n_rch_dn": 1, "n_rch_up": 1, "obstr_type": 0, "rch_id_dn": "81246000121", "rch_id_up": "81246000141", "reach_id": 81246000131, "reach_len": 10380.086521955152, "river_name": "Nenana River", "slope": 1.063716074484908, "swot_obs": 3, "swot_orbit": "442 459 487", "trib_flag": 1, "type": 1, "width": 75, "width_var": 1267.09162352071, "wse": 612, "wse_var": 11.5580842920954, "x": -148.79949663872372, "y": 63.46066101142615}}, {"type": "Feature", "geometry": {"type": "LineString", "coordinates": [[-149.00073238696348, 63.90672598182402], [-149.00075022336767, 63.90699352788722], [-149.00077251887296, 63.90726553305149], [-149.0010356058351, 63.90752862001364], [-149.00129869279726, 63.90779616607686], [-149.0016777163868, 63.90800574382636], [-149.00218159480585, 63.90821532157588], [-149.00281032805438, 63.90842044022433], [-149.00343460220185, 63.908572049660144], [-149.00405441724828, 63.908728118197025], [-149.00467869139578, 63.908879727632836], [-149.0052985064422, 63.90903133706865], [-149.00592278058969, 63.90918740560553], [-149.00654705473715, 63.90939252425398], [-149.0071757879857, 63.90959764290244], [-149.00780452123425, 63.90986072986459], [-149.00843771358382, 63.91011935772569], [-149.00906644683235, 63.91038244468784], [-149.00969072097985, 63.91058756333631], [-149.01031945422838, 63.91079268198476], [-149.01094372837585, 63.911002259734275], [-149.0115724616244, 63.911207378382734], [-149.01219227667082, 63.91135898781855], [-149.01282100991938, 63.91156856556806], [-149.01344528406685, 63.91172017500388], [-149.01406509911328, 63.91187178443969], [-149.01468937326075, 63.912027852976564], [-149.0151932516798, 63.912232971625016], [-149.01569713009883, 63.912442549374546], [-149.01620546761893, 63.912705636336696], [-149.01659340941058, 63.912968723298846], [-149.01685649637272, 63.91323626936206], [-149.01711958333487, 63.91349935632421], [-149.01738267029705, 63.91376690238741], [-149.01752536153074, 63.91403444845062], [-149.0176635936634, 63.91430199451382], [-149.01780628489712, 63.91456954057703], [-149.01794897613084, 63.91483708664024], [-149.01796681253504, 63.91510463270345], [-149.0179891080403, 63.91537217876665], [-149.01800694444452, 63.915644183930915], [-149.01802478084875, 63.915911729994114], [-149.018047076354, 63.91617927605732], [-149.0180649127582, 63.91645128122158], [-149.01808274916246, 63.9167188272848], [-149.0181050446677, 63.916986373347996], [-149.01812288107192, 63.91725837851226], [-149.01814071747611, 63.91752592457547], [-149.01828340870983, 63.91779347063867], [-149.01842609994355, 63.91806101670188], [-149.0186891869057, 63.918328562765076], [-149.01907712869735, 63.91859164972724], [-149.01946061138798, 63.91885473668939], [-149.0198485531796, 63.91911782365154], [-149.02023203587018, 63.91938091061369], [-149.02061997766185, 63.9196484566769], [-149.02100346035243, 63.91991154363907], [-149.02139140214408, 63.9201746306012], [-149.02177934393575, 63.92043771756337], [-149.02228768145582, 63.92070080452552], [-149.02279601897592, 63.920963891487666], [-149.02330435649603, 63.921226978449816], [-149.0238126940161, 63.92148560631092], [-149.0241961767067, 63.92175315237413], [-149.02445926366886, 63.92201623933628], [-149.02472680973207, 63.92228378539949], [-149.02498989669422, 63.92254687236164], [-149.0253733793848, 63.92280995932379], [-149.02576132117647, 63.923077505387006], [-149.02614926296812, 63.923340592349156], [-149.0265327456587, 63.92360367931132], [-149.02679583262088, 63.92387122537452], [-149.02693852385457, 63.92413877143773], [-149.0270812150883, 63.92440185839988], [-149.02734430205044, 63.924669404463096], [-149.02748699328416, 63.924936950526295], [-149.0277500802463, 63.9252044965895], [-149.02813802203795, 63.92546758355166], [-149.02852150472856, 63.92573067051381], [-149.0289094465202, 63.92599375747596], [-149.02941778404028, 63.926256844438115], [-149.02992612156038, 63.92651993140027], [-149.03043445908048, 63.92678301836242], [-149.03106765143008, 63.92704164622352], [-149.0316963846786, 63.92730027408462], [-149.03232957702818, 63.92756336104677], [-149.0329583102767, 63.92782198890787], [-149.03358704352527, 63.92803156665739], [-149.03421131767274, 63.92823668530584], [-149.03484005092128, 63.9284418039543], [-149.0354687841698, 63.928651381703816], [-149.0360930583173, 63.92885650035227], [-149.03672625066687, 63.92911512821337], [-149.03735498391544, 63.92937821517553], [-149.0378633214355, 63.92964130213768], [-149.03837165895564, 63.92989992999878], [-149.03875960074726, 63.93016747606198], [-149.0391475425389, 63.930430563024146], [-149.03941062950105, 63.93069364998631], [-149.03967371646323, 63.930961196049495], [-149.03981640769692, 63.93122874211271], [-149.03983424410114, 63.931496288175914], [-149.0398565396064, 63.93176383423911], [-149.03975398028217, 63.932035839403376], [-149.0397718166864, 63.93230784456764], [-149.0397896530906, 63.93257539063085], [-149.0399323443243, 63.93284293669405], [-149.03995463982957, 63.933110482757264], [-149.04009287196226, 63.933378028820464], [-149.04023556319595, 63.93364557488367], [-149.0404986501581, 63.93391312094687], [-149.04088659194977, 63.93417620790903], [-149.04139492946985, 63.93443929487118], [-149.04202812181944, 63.93469792273228], [-149.042656855068, 63.934956550593384], [-149.04329004741757, 63.93521963755554], [-149.04379838493765, 63.93548272451769], [-149.0441863267293, 63.93574581147985], [-149.04444941369147, 63.936008898442005], [-149.04471250065362, 63.936276444505204], [-149.0448551918873, 63.93654399056841], [-149.0451182788495, 63.93680707753056], [-149.04550622064113, 63.93707462359377], [-149.04589416243277, 63.93733771055592], [-149.04627764512338, 63.93760079751807], [-149.04678598264346, 63.93786388448022], [-149.0471739244351, 63.93812697144239], [-149.04743701139728, 63.938390058404536], [-149.04770455746046, 63.938657604467735], [-149.0479676444226, 63.938925150530935], [-149.04811033565633, 63.93919269659416], [-149.04837342261848, 63.93945578355631], [-149.04863650958063, 63.939723329619525], [-149.0490244513723, 63.939986416581675], [-149.04928753833445, 63.940249503543825], [-149.0496754801261, 63.94051704960704], [-149.04993856708825, 63.94078013656919], [-149.0503265088799, 63.94104322353134], [-149.05071445067153, 63.9413063104935], [-149.05109793336214, 63.9415738565567], [-149.0514858751538, 63.94183694351885], [-149.05187381694543, 63.942100030481015], [-149.05213690390764, 63.942367576544214], [-149.05239999086976, 63.942630663506364], [-149.05266753693294, 63.94289820956957], [-149.05281022816666, 63.94316575563277], [-149.05307331512884, 63.94342884259493], [-149.05333640209096, 63.94369638865813], [-149.05360394815418, 63.94395947562028], [-149.05386703511633, 63.94422702168351], [-149.05413012207848, 63.94449010864566], [-149.0542728133122, 63.94475765470886], [-149.05453590027435, 63.94502520077207], [-149.05467859150806, 63.94529274683527], [-149.05482128274178, 63.945560292898485], [-149.05496397397548, 63.945827838961684], [-149.0551066652092, 63.94609538502489], [-149.0552493564429, 63.94636293108812], [-149.05538758857557, 63.94663047715132], [-149.05565513463876, 63.946893564113466], [-149.05603861732936, 63.947156651075616], [-149.056426559121, 63.94742419713883], [-149.05681450091265, 63.94768728410098], [-149.05732283843275, 63.94794591196208], [-149.05783117595286, 63.948208998924216], [-149.058343972574, 63.94847208588638], [-149.05897270582253, 63.94873071374748], [-149.05960589817212, 63.94899380070963], [-149.06011423569223, 63.94925688767178], [-149.0606225732123, 63.94951551553289], [-149.06101051500394, 63.949783061596094], [-149.06139845679562, 63.95004614855824], [-149.06166154375777, 63.9503092355204], [-149.06192463071991, 63.95057678158361], [-149.06206732195363, 63.950844327646806], [-149.06233486801682, 63.951107414608956], [-149.06259795497897, 63.95137496067218], [-149.06286104194115, 63.95163804763433], [-149.0632489837328, 63.95190559369753], [-149.06375732125287, 63.95216422155863], [-149.06414526304454, 63.952431767621846], [-149.0645332048362, 63.952694854583996], [-149.06504154235625, 63.952953482445096], [-149.06554987987636, 63.953216569407246], [-149.0660626764975, 63.953479656369396], [-149.06669140974606, 63.953738284230496], [-149.06719974726613, 63.954001371192646], [-149.0677125438873, 63.9542644581548], [-149.06822088140737, 63.95452754511696], [-149.06872921892747, 63.95478617297806], [-149.06923755644758, 63.95504925994022], [-149.06987074879714, 63.95531234690237], [-149.07050394114674, 63.95557097476347], [-149.07113267439527, 63.95582960262457], [-149.07176586674487, 63.95609268958672], [-149.0723945999934, 63.956297808235185], [-149.07302333324193, 63.95650292688364], [-149.07364760738943, 63.95665899542051], [-149.07426742243584, 63.95675709564369], [-149.07488277838124, 63.95680168665421], [-149.0754981343266, 63.95684627766475], [-149.07610903117092, 63.95683735946264], [-149.07671992801528, 63.95677493204789], [-149.07733082485956, 63.95676601384579], [-149.0779417217039, 63.95675709564369], [-149.0785526185482, 63.95669466822894], [-149.07916351539254, 63.95668575002683], [-149.07977441223684, 63.95667683182473], [-149.08038084998012, 63.95661440440997], [-149.0809872877234, 63.95649846778259], [-149.08159818456772, 63.956489549580475], [-149.08220462231097, 63.95642712216573], [-149.08281997825637, 63.95641820396363], [-149.08342641599964, 63.95635577654888], [-149.084041771945, 63.95640036755941], [-149.08465266878932, 63.9563914493573], [-149.08527248383575, 63.956436040367834], [-149.08588783978112, 63.956480631378376], [-149.08651211392862, 63.95663224081419], [-149.0870115332466, 63.956788309351055], [-149.08751541166563, 63.95699788710056], [-149.08789889435624, 63.95720746485008], [-149.0882868361479, 63.95747055181224], [-149.08867477793953, 63.95773363877439], [-149.08906271973117, 63.95799672573654], [-149.08932580669332, 63.958264271799756], [-149.08959335275654, 63.958527358761906], [-149.08973604399026, 63.958794904825105], [-149.08975388039445, 63.95906690998937], [-149.08977617589974, 63.959334456052574], [-149.0896736165755, 63.959606461216836], [-149.0896914529797, 63.95987400728005], [-149.089713748485, 63.96014155334325], [-149.0897315848892, 63.96041355850751], [-149.08962902556496, 63.960681104570725], [-149.08965132107025, 63.960953109734966], [-149.08942390691652, 63.96122511489924], [-149.0890805561354, 63.961497120063505], [-149.08860789142372, 63.96177358432881], [-149.08826008154156, 63.96205004859412], [-149.0879122716594, 63.962322053758385], [-149.0876893166067, 63.96259851802369], [-149.08758675728248, 63.9628660640869], [-149.0877294485162, 63.9631336101501], [-149.08787213974992, 63.963401156213315], [-149.08813522671207, 63.96366870227653], [-149.08840277277528, 63.96393178923868], [-149.08866585973743, 63.96419933530189], [-149.08880855097112, 63.96446688136509], [-149.08907609703434, 63.96472996832724], [-149.08921878826806, 63.964997514390454], [-149.08936147950178, 63.96526506045366], [-149.08962456646393, 63.96553260651686], [-149.08988765342608, 63.96579569347901], [-149.09003034465977, 63.96606323954222], [-149.09029789072298, 63.966330785605436], [-149.09056097768513, 63.966593872567586], [-149.09070366891885, 63.9668614186308], [-149.09084636015257, 63.967128964694], [-149.09098905138626, 63.96739651075721], [-149.09101134689158, 63.96766405682041], [-149.09102918329575, 63.967936061984666], [-149.0909266239715, 63.96820360804788], [-149.09082406464728, 63.96847561321214], [-149.09072150532307, 63.968747618376405], [-149.09061894599887, 63.96901962354066], [-149.0905163866746, 63.96928716960386], [-149.09053868217987, 63.96955917476812], [-149.0905565185841, 63.969826720831335], [-149.09045395925986, 63.9700987259956], [-149.09047625476512, 63.9703662720588], [-149.0903736954409, 63.97063827722305], [-149.0903915318451, 63.970905823286266], [-149.09028897252088, 63.97117782845053], [-149.09031126802614, 63.97144537451374], [-149.09008831297348, 63.97171737967799], [-149.09010614937768, 63.971989384842246], [-149.089883194325, 63.97226139000652], [-149.08965578017128, 63.97253339517077], [-149.08943282511862, 63.972805400335034], [-149.0892054109649, 63.97307740549929], [-149.08873720535428, 63.973353869764615], [-149.08826899974366, 63.97363033402993], [-149.087796335032, 63.97390679829523], [-149.0872032745919, 63.97418326256056], [-149.08661467325285, 63.97446418592691], [-149.08602161281274, 63.97474065019224], [-149.08554894810106, 63.97501711445754], [-149.08508074249045, 63.975293578722855], [-149.0847329326083, 63.97556558388712], [-149.08450997755563, 63.97583758905138], [-149.0842825634019, 63.9761140533167], [-149.0840596083492, 63.97638605848095], [-149.08395704902497, 63.97665360454416], [-149.08385448970077, 63.976925609708424], [-149.08375193037654, 63.97719761487268], [-149.0836493710523, 63.97746962003694], [-149.08354681172807, 63.977737166100155], [-149.08331939757434, 63.978009171264404], [-149.08309644252168, 63.97828563552971], [-149.08299388319745, 63.978553181592936], [-149.08301171960164, 63.978825186757184], [-149.08303401510693, 63.9790927328204], [-149.08317670634062, 63.9793602788836], [-149.08331939757434, 63.97962782494681], [-149.0832168382501, 63.979899830111066], [-149.08298942409638, 63.98017183527533], [-149.08276646904372, 63.98044384043959], [-149.08253905489, 63.98071584560385], [-149.08231609983736, 63.98098785076811], [-149.0822135405131, 63.98125985593237], [-149.08223583601836, 63.98152740199557], [-149.08225367242258, 63.981794948058784], [-149.08239636365627, 63.982062494122], [-149.08253905489, 63.9823300401852], [-149.0826817461237, 63.9825975862484], [-149.0828244373574, 63.9828651323116], [-149.08308752431955, 63.983132678374815], [-149.08335507038277, 63.983395765336965], [-149.0837430121744, 63.98365885229913], [-149.0842513496945, 63.983921939261265], [-149.0848845420441, 63.98418502622343], [-149.08551327529264, 63.984390144871895], [-149.0861375494401, 63.984541754307706], [-149.0867618235876, 63.984693363743524], [-149.08738163863404, 63.98479592306775], [-149.08800145368045, 63.98489402329093], [-149.08862572782795, 63.984992123514104], [-149.08925000197542, 63.98514373294993], [-149.0898742761229, 63.98529534238573], [-149.09049855027038, 63.98545141092259], [-149.09111836531682, 63.985549511145784], [-149.09174263946431, 63.98570112058161], [-149.09236691361178, 63.98585273001741], [-149.0929911877593, 63.98600433945324], [-149.09361992100781, 63.986213917202754], [-149.0942531133574, 63.986472545063855], [-149.09476590997855, 63.986735632026004], [-149.09527424749862, 63.986994259887105], [-149.0956621892903, 63.987261805950304], [-149.09605013108194, 63.98752489291247], [-149.09619282231563, 63.98779243897567], [-149.09646036837884, 63.98805552593782], [-149.09660305961256, 63.98832307200103], [-149.0968661465747, 63.98859061806423], [-149.09700883780846, 63.988858164127436], [-149.09739677960007, 63.989121251089585], [-149.09778472139172, 63.989384338051735], [-149.09829305891182, 63.9896474250139], [-149.09880585553296, 63.989906052875], [-149.09943904788256, 63.99016913983716], [-149.10007224023215, 63.99042776769826], [-149.10058057775223, 63.99069085466041], [-149.10109337437342, 63.99095394162256], [-149.10160171189347, 63.99121256948366], [-149.10211450851463, 63.99147565644582], [-149.10250245030628, 63.991738743407986], [-149.10301078782635, 63.99200183037012], [-149.10339872961805, 63.99226491733227], [-149.10378667140967, 63.992528004294435], [-149.1041746132013, 63.992791091256585], [-149.1046829507214, 63.993054178218735], [-149.10519574734255, 63.993317265180885], [-149.10582893969215, 63.993575893041985], [-149.10646213204174, 63.993838980004135], [-149.10697046956182, 63.994097607865235], [-149.10748326618295, 63.994360694827385], [-149.10799160370306, 63.994623781789535], [-149.1085044003242, 63.9948868687517], [-149.1090127378443, 63.9951454966128], [-149.10952553446543, 63.99540858357495], [-149.11003387198554, 63.99567167053711], [-149.11042181377718, 63.995934757499256], [-149.1106893598404, 63.99619784446141], [-149.11095244680254, 63.99646539052461], [-149.11121999286576, 63.99672847748677], [-149.1114830798279, 63.996996023549976], [-149.11175062589112, 63.997263569613175], [-149.11201371285327, 63.99752665657534], [-149.11216086318802, 63.99779420263855], [-149.11242395015017, 63.99806174870175], [-149.1125666413839, 63.998324835663915], [-149.1127093326176, 63.998592381727114], [-149.1128520238513, 63.99885992779033], [-149.11299471508502, 63.99912747385353], [-149.1128921557608, 63.99939947901778], [-149.11278959643656, 63.999671484182045], [-149.1124417865544, 63.99994348934631], [-149.11246408205966, 64.00021549451057], [-149.113074978904, 64.00020657630846], [-149.11309727440926, 64.00047412237167], [-149.11311956991452, 64.00074166843487], [-149.11313740631874, 64.00101367359913], [-149.113159701824, 64.00128121966236], [-149.11317753822823, 64.00154876572556], [-149.113074978904, 64.00182077088981], [-149.11297241957976, 64.00209277605407], [-149.1127494645271, 64.00236478121833], [-149.1125265094744, 64.00263678638258], [-149.11217869959225, 64.00291325064791], [-149.11183088971006, 64.00318525581216], [-149.1114830798279, 64.00346172007748], [-149.11125566567418, 64.00373372524173], [-149.11090785579202, 64.00400573040599], [-149.11068490073933, 64.00427773557026], [-149.11058234141515, 64.00454974073452], [-149.1104797820909, 64.00482174589878], [-149.11037722276666, 64.00509375106303], [-149.11039951827192, 64.00536129712624], [-149.11054220950564, 64.00562884318947], [-149.11068490073933, 64.00589638925267], [-149.1109479877015, 64.0061594762148], [-149.11133592949315, 64.00642702227802], [-149.1117238712848, 64.00669010924017], [-149.111991417348, 64.00695319620233], [-149.11237935913965, 64.00721628316448], [-149.1127673009313, 64.00747937012663], [-149.1130348469945, 64.00774691618983], [-149.11329793395666, 64.00801446225304], [-149.11356548001987, 64.0082775492152], [-149.11382856698202, 64.00854509527841], [-149.11397125821574, 64.0088126413416], [-149.11423880427893, 64.00907572830376], [-149.11450635034214, 64.00934327436697], [-149.11489429213378, 64.00960636132912], [-149.11515737909593, 64.00986944829127], [-149.11542492515915, 64.01013699435448], [-149.11556761639287, 64.0104045404177], [-149.11571030762659, 64.0106720864809], [-149.11585299886028, 64.01093963254411], [-149.11611608582243, 64.01120271950626], [-149.11650848671513, 64.01146580646841], [-149.11689642850678, 64.01172889343056], [-149.11740476602688, 64.01199198039272], [-149.11791756264802, 64.01225506735487], [-149.11842590016812, 64.01251815431702], [-149.11893869678926, 64.01277678217811], [-149.11957188913885, 64.01303986914027], [-149.12020508148848, 64.01329849700137], [-149.1207178781096, 64.01356158396352], [-149.1212262156297, 64.01382021182462], [-149.12173901225083, 64.01408329878679], [-149.1221269540425, 64.01434638574894], [-149.12251489583414, 64.01460947271109], [-149.1229028376258, 64.0148770187743], [-149.12329077941743, 64.01514010573645], [-149.12355832548064, 64.0154031926986], [-149.1239462672723, 64.01566627966075], [-149.1242138133355, 64.01593382572396], [-149.12460175512714, 64.01619691268611], [-149.1248648420893, 64.01645999964826], [-149.12525278388094, 64.01672754571148], [-149.12552032994415, 64.01699063267363], [-149.1259082717358, 64.01725371963579], [-149.126175817799, 64.01752126569899], [-149.12643890476116, 64.01778435266114], [-149.12658159599488, 64.01805189872437], [-149.12672874632963, 64.01831944478755], [-149.12674658273386, 64.01859144995181], [-149.12664402340963, 64.01885899601503], [-149.1265414640854, 64.01913100117929], [-149.12631850903273, 64.01940300634354], [-149.126091094879, 64.0196750115078], [-149.12574774409788, 64.01995147577311], [-149.12552032994415, 64.02022348093737], [-149.125172520062, 64.02049548610164], [-149.1249495650093, 64.02077195036695], [-149.12472215085558, 64.02104395553121], [-149.12461959153137, 64.02131596069547], [-149.12451703220714, 64.02158350675867], [-149.1245393277124, 64.02185551192294], [-149.12456162321766, 64.02212305798615], [-149.12457945962188, 64.02239060404935], [-149.12460175512714, 64.02266260921361], [-149.12461959153137, 64.02293015527682], [-149.12464188703663, 64.02319770134002], [-149.12478457827035, 64.02346524740324], [-149.12492726950404, 64.02373279346644], [-149.12506996073776, 64.02400033952965], [-149.12521265197148, 64.02426788559285], [-149.12535534320517, 64.02453543165606], [-149.125257242982, 64.02480743682032], [-149.12515468365777, 64.02507498288352], [-149.12505212433354, 64.02534698804779], [-149.12482471017984, 64.02561899321205], [-149.12460175512714, 64.02589099837631], [-149.1244991958029, 64.02616300354056], [-149.12439663647868, 64.02643500870482], [-149.12429407715445, 64.02670701386909], [-149.12431637265973, 64.0269745599323], [-149.12433420906393, 64.0272421059955], [-149.1243565045692, 64.02751411115976], [-149.12437434097342, 64.02778165722297], [-149.12439663647868, 64.02804920328617], [-149.12441893198397, 64.02832120845044], [-149.12443676838816, 64.02858875451363], [-149.12445906389343, 64.02885630057685], [-149.12460175512714, 64.02912384664006], [-149.12474444636086, 64.02939139270326], [-149.12488713759456, 64.02965893876647], [-149.12502982882827, 64.02992648482967], [-149.125172520062, 64.03019403089289], [-149.12519481556726, 64.03046157695609], [-149.12533750680097, 64.0307291230193], [-149.12560505286416, 64.0309966690825], [-149.12599299465583, 64.03125975604468], [-149.12638093644748, 64.03152284300681], [-149.1268937330686, 64.03178592996896], [-149.12740207058872, 64.03204455783006], [-149.12791486720985, 64.03230764479221], [-149.128427663831, 64.03257073175438], [-149.12905639707955, 64.03277585040283], [-149.12968513032808, 64.03298096905128], [-149.13031832267765, 64.0331905468008], [-149.1309381377241, 64.03328864702398], [-149.13155795277052, 64.03338674724715], [-149.13218668601905, 64.03353835668297], [-149.13281096016655, 64.03368996611879], [-149.13343523431402, 64.03378806634196], [-149.13406396756255, 64.03399764409147], [-149.1346927008111, 64.03420276273992], [-149.13532589316068, 64.03440788138839], [-149.13582977157972, 64.0346174591379], [-149.13634256820086, 64.034876086999], [-149.13685536482203, 64.03513917396116], [-149.13736816144316, 64.0354022609233], [-149.1378720398622, 64.03560737957179], [-149.13850077311074, 64.03576344810864], [-149.13912058815717, 64.03586154833181], [-149.13974486230464, 64.035959648555], [-149.14036467735107, 64.03605774877816], [-149.1408685557701, 64.03621381731503], [-149.14137689329021, 64.0364189359635], [-149.14176483508186, 64.03668202292565], [-149.14203238114507, 64.03694956898886], [-149.14217507237876, 64.03721711505206], [-149.14231776361248, 64.03748466111527], [-149.14221520428825, 64.03775220717847], [-149.14223749979354, 64.03802421234273], [-149.1421349404693, 64.038296217507], [-149.14203238114507, 64.0385637635702], [-149.14180942609238, 64.03883576873446], [-149.14158201193868, 64.03911223299977], [-149.14111380632806, 64.03938423816403], [-149.14076599644588, 64.03966070242934], [-149.14053858229215, 64.03993270759361], [-149.14056087779747, 64.04020471275787], [-149.14082842386063, 64.04046779972002], [-149.14133230227966, 64.04067737746954], [-149.14196549462926, 64.04088249611799], [-149.1425942278778, 64.04108761476644]]}, "id": "00140000000000001040", "properties": {"dist_out": 1768583.688673055, "edit_flag": "2", "facc": 6056.560994822036, "grod_id": 0, "hfalls_id": 0, "lakeflag": 0, "max_width": 624, "n_chan_max": 3, "n_chan_mod": 1, "n_nodes": 93, "n_rch_dn": 1, "n_rch_up": 1, "obstr_type": 0, "rch_id_dn": "81246000061", "rch_id_up": "81246000084", "reach_id": 81246000071, "reach_len": 18518.879050888536, "river_name": "Nenana River", "slope": 3.631009552203649, "swot_obs": 4, "swot_orbit": "181 209 414 442 487", "trib_flag": 0, "type": 1, "width": 67, "width_var": 1465.8241322314052, "wse": 325.3000030517578, "wse_var": 378.6629734620267, "x": -149.0815930386279, "y": 63.97320605408452}}, {"type": "Feature", "geometry": {"type": "LineString", "coordinates": [[-148.99936344294005, 63.90297587783807], [-148.99885510541998, 63.90271279087592], [-148.99847162272937, 63.90244970391377], [-148.99832893149568, 63.902182157850554], [-148.99818624026196, 63.901914611787355], [-148.99816840385773, 63.9016426066231], [-148.99815056745354, 63.901375060559886], [-148.99825312677777, 63.90110305539562], [-148.99823529037354, 63.90083550933241], [-148.99833784969778, 63.900563504168154], [-148.998440409022, 63.900291499003906], [-148.99854296834624, 63.90002395294069], [-148.99852513194202, 63.899751947776416], [-148.99850283643676, 63.89948440171322], [-148.99848500003253, 63.89921685565002], [-148.99846716362833, 63.89894485048576], [-148.9984493272241, 63.89867730442255], [-148.99855188654834, 63.898405299258286], [-148.99852959104308, 63.89813775319509], [-148.99839135891042, 63.897870207131874], [-148.9982486676767, 63.89760266106866], [-148.998105976443, 63.89733511500546], [-148.9977224937524, 63.89707202804331], [-148.99745940679026, 63.896804481980105], [-148.99731671555654, 63.896536935916906], [-148.9970536285944, 63.89627384895474], [-148.99667014590378, 63.89601076199259], [-148.99640259984056, 63.89574321592938], [-148.99601911714998, 63.89548012896723], [-148.99551077962988, 63.89521704200508], [-148.9950024421098, 63.89495395504293], [-148.99449410458973, 63.89469086808078], [-148.99386537134117, 63.89443224021968], [-148.99323663809264, 63.894169153257515], [-148.9926079048441, 63.893910525396414], [-148.99197917159555, 63.89364743843426], [-148.99134597924598, 63.89338881057316], [-148.99071724599744, 63.89313018271207], [-148.99008851274888, 63.89286709574991], [-148.98945977950035, 63.89260846788882], [-148.98882658715078, 63.892345380926656], [-148.98820231300328, 63.89214026227819], [-148.98757803885582, 63.89193068452869], [-148.98695822380938, 63.89183258430551], [-148.986342867864, 63.891787993294976], [-148.9857319710197, 63.89174340228443], [-148.9851166150743, 63.89169881127391], [-148.98450571823, 63.891703270374954], [-148.98388590318356, 63.89160517015178], [-148.98326608813713, 63.891453560715966], [-148.9826462730907, 63.89135546049279], [-148.98202645804426, 63.89119939195593], [-148.9814021838968, 63.8910477825201], [-148.98078236885036, 63.89094968229692], [-148.98016701290499, 63.890847122972694], [-148.97954719785855, 63.89074902274952], [-148.97893184191318, 63.89065092252634], [-148.97830756776568, 63.89049931309053], [-148.9776832936182, 63.890289735341014], [-148.97705456036968, 63.89008461669256], [-148.97642582712115, 63.889821529730405], [-148.97579709387261, 63.889562901869304], [-148.97516836062405, 63.88929981490715], [-148.97453962737552, 63.88904118704605], [-148.973910894127, 63.8887781000839], [-148.97340255660694, 63.8885194722228], [-148.97301461481524, 63.88825192615958], [-148.9727515278531, 63.88798883919743], [-148.97261329572044, 63.887721293134234], [-148.97259545931624, 63.88744928796998], [-148.97269801864047, 63.887181741906765], [-148.97280057796468, 63.8869097367425], [-148.9729031372889, 63.88663773157824], [-148.97313055144264, 63.886365726413985], [-148.97347390222376, 63.88609372124972], [-148.97382171210592, 63.88581725698441], [-148.9742943768176, 63.8855407927191], [-148.97488297815664, 63.88526432845379], [-148.97535564286832, 63.88498786418847], [-148.9758238484789, 63.88471585902421], [-148.9761716583611, 63.8844393947589], [-148.97639461341376, 63.88416738959464], [-148.976497172738, 63.883895384430375], [-148.97672458689172, 63.88362337926612], [-148.97694754194438, 63.883351374101856], [-148.9772953518266, 63.883079368937594], [-148.97764316170873, 63.88280290467229], [-148.97799097159088, 63.882530899508026], [-148.97833878147307, 63.8822544352427], [-148.9784413407973, 63.8819868891795], [-148.97842350439308, 63.881714884015246], [-148.97840566798888, 63.88144733795203], [-148.9783833724836, 63.881175332787784], [-148.97812028552144, 63.88091224582562], [-148.9778571985593, 63.88064469976242], [-148.9774737158687, 63.88038161280027], [-148.9769653783486, 63.88011852583811], [-148.97633664510008, 63.879859897977006], [-148.97571237095258, 63.87965032022749], [-148.9750880968051, 63.87944520157904], [-148.9744638226576, 63.87929359214323], [-148.97384846671224, 63.87919103281899], [-148.9732286516658, 63.87909293259581], [-148.97261329572044, 63.87899483237263], [-148.97199793977506, 63.878950241362105], [-148.97137812472863, 63.878847682037886], [-148.97076276878326, 63.87874958181471], [-148.97014295373683, 63.87865148159153], [-148.9695231386904, 63.87849541305465], [-148.96889440544186, 63.87829029440619], [-148.9682701312944, 63.87808517575774], [-148.96764139804586, 63.87782208879559], [-148.96713306052575, 63.87755900183344], [-148.96662918210671, 63.877295914871276], [-148.96624124031507, 63.877032827909126], [-148.96585775762446, 63.876769740946976], [-148.96547427493388, 63.876506653984826], [-148.96508633314224, 63.87624356702266], [-148.96482324618006, 63.87597602095946], [-148.9645601592179, 63.87570847489625], [-148.96442192708525, 63.87544092883305], [-148.96440409068106, 63.87517338276984], [-148.96438179517577, 63.874905836706624], [-148.96436395877157, 63.87463383154237], [-148.96434612236735, 63.87436628547917], [-148.96420343113365, 63.874098739415956], [-148.964065199001, 63.87383119335276], [-148.9639225077673, 63.873563647289544], [-148.96378427563462, 63.873296101226344], [-148.9635211886725, 63.87303301426418], [-148.96337849743875, 63.87276546820097], [-148.96323580620503, 63.87249792213777], [-148.96309757407238, 63.87223037607456], [-148.9629548828387, 63.87196283001136], [-148.9629370464345, 63.8716908248471], [-148.96291921003026, 63.87142327878389], [-148.96290137362604, 63.87115573272069], [-148.96287907812078, 63.87088372755642], [-148.96274084598812, 63.87061618149322], [-148.9625981547544, 63.870348635430005], [-148.96245992262175, 63.870081089366806], [-148.9621968356596, 63.86981800240464], [-148.96193374869745, 63.86955045634144], [-148.96179105746373, 63.869282910278244], [-148.96165282533107, 63.86901536421503], [-148.96151013409735, 63.86874781815182], [-148.96149229769316, 63.868480272088604], [-148.96134960645944, 63.868212726025405], [-148.96121137432678, 63.8679451799622], [-148.96094828736463, 63.867677633899], [-148.96056480467402, 63.86741454693685], [-148.96005646715395, 63.86715145997467], [-148.95954812963384, 63.866888373012536], [-148.9590442512148, 63.866629745151435], [-148.9585359136947, 63.866366658189285], [-148.95802757617463, 63.86610357122713], [-148.9575236977556, 63.86584048426497], [-148.9570242784376, 63.865684415728104], [-148.95640000429012, 63.86553280629229], [-148.95578018924368, 63.86538119685647], [-148.95516037419728, 63.8652251283196], [-148.95453610004978, 63.86507351888379], [-148.95390736680125, 63.864810431921626], [-148.9532786335527, 63.864551804060525], [-148.95277475513367, 63.864288717098376], [-148.95226641761357, 63.864025630136226], [-148.95175808009347, 63.863762543174076], [-148.95125420167443, 63.86349945621191], [-148.95074586415436, 63.86324082835082], [-148.95024198573532, 63.862977741388654], [-148.94973364821521, 63.862714654426505], [-148.9493501655246, 63.862451567464355], [-148.94908707856246, 63.86218402140115], [-148.94894438732877, 63.86191647533795], [-148.9486813003666, 63.861648929274736], [-148.94854306823393, 63.86138138321154], [-148.94840037700024, 63.861113837148324], [-148.94826214486758, 63.860850750186174], [-148.94811945363386, 63.86058320412296], [-148.9479812215012, 63.86031565805975], [-148.94796338509698, 63.86004365289549], [-148.94794108959172, 63.85977610683229], [-148.94792325318753, 63.85950856076908], [-148.9479054167833, 63.85923655560483], [-148.94800797610753, 63.858964550440554], [-148.9479901397033, 63.858697004377355], [-148.9479723032991, 63.85842945831414], [-148.94807486262334, 63.858157453149886], [-148.94830227677704, 63.85788544798562], [-148.94864562755816, 63.85761344282136], [-148.94899343744035, 63.857336978556056], [-148.949466102152, 63.857060514290744], [-148.94993430776262, 63.85678405002542], [-148.95028211764478, 63.85651204486116], [-148.95062992752696, 63.856240039696914], [-148.95109813313758, 63.85596357543159], [-148.95156633874817, 63.85568711116628], [-148.95203900345984, 63.855464156113605], [-148.95310918771267, 63.855018246008264], [-148.95358185242435, 63.85479975005664], [-148.95380926657805, 63.854581254105014], [-148.95403222163074, 63.85430478983971], [-148.954139240056, 63.85403724377651], [-148.95424179938027, 63.85376523861225], [-148.95409910814652, 63.853497692549034], [-148.95396087601387, 63.85323014648582], [-148.95357293422222, 63.85296705952367], [-148.95318945153164, 63.85270397256152], [-148.9526855731126, 63.85244088559937], [-148.9521772355925, 63.8521777986372], [-148.95167335717346, 63.85191471167506], [-148.95116947875442, 63.85170513392555], [-148.95054520460693, 63.8515000152771], [-148.94992093045946, 63.85129043752758], [-148.949296656312, 63.851085318879115], [-148.94866792306343, 63.85088020023067], [-148.94804364891598, 63.85061711326851], [-148.94741491566742, 63.85035848540741], [-148.9467861824189, 63.850095398445255], [-148.94615744917036, 63.84983677058415], [-148.94552871592182, 63.849573683622], [-148.94489998267326, 63.84931505576091], [-148.94427124942473, 63.84905196879875], [-148.9436425161762, 63.84879334093766], [-148.94301824202873, 63.84858376318813], [-148.94239396788123, 63.848378644539686], [-148.94177415283482, 63.848222576002804], [-148.9411543377884, 63.84807096656699], [-148.94053452274196, 63.84797286634382], [-148.93991470769552, 63.84781679780695], [-148.9392948926491, 63.84766518837114], [-148.93879101423005, 63.847455610621616], [-148.9384119906405, 63.847246032872114], [-148.9382692994068, 63.8469784868089], [-148.93837185873105, 63.84670648164464], [-148.9387196686132, 63.84643447648038], [-148.93918787422382, 63.84615801221507], [-148.93978093466393, 63.845881547949745], [-148.94037399510404, 63.84560508368444], [-148.9409625964431, 63.845324160318064], [-148.9415556568832, 63.84504769605276], [-148.9421487173233, 63.84482474100008], [-148.94274177776342, 63.84460178594741], [-148.94334375640562, 63.844432340107375], [-148.9439412759468, 63.84426289426735], [-148.944543254589, 63.84414695763996], [-148.94514077413015, 63.843977511799935], [-148.94573829367135, 63.8438080659599], [-148.94634027231353, 63.84363862011986], [-148.94694225095574, 63.84352268349248], [-148.94754422959798, 63.843406746865085], [-148.94815066734125, 63.84334431945033], [-148.94876156418556, 63.843388910460874], [-148.94937692013093, 63.84343350147142], [-148.9499922760763, 63.84353606079564], [-148.95060763202173, 63.84363416101882], [-148.95122298796707, 63.84367875202934], [-148.95182942571034, 63.84361632461461], [-148.95243140435255, 63.84350038798721], [-148.9529040690642, 63.843281892035584], [-148.95337227467482, 63.84300542777028], [-148.953720084557, 63.84272896350497], [-148.95394303960967, 63.842456958340705], [-148.9540455989339, 63.84218941227749], [-148.95415261735917, 63.841917407113236], [-148.9541303218539, 63.84164540194897], [-148.95423734027918, 63.841377855885774], [-148.9543398996034, 63.84110585072151], [-148.95444245892764, 63.840833845557256], [-148.95454501825188, 63.84056629949404], [-148.9546475775761, 63.84029429432978], [-148.95475013690034, 63.84002228916553], [-148.95485269622458, 63.83975028400126], [-148.9550801103783, 63.839478278837], [-148.95530306543097, 63.83920627367275], [-148.95565087531313, 63.838934268508474], [-148.9557534346374, 63.83866226334422], [-148.95598084879109, 63.83839025817997], [-148.95608340811532, 63.83811825301571], [-148.95618596743955, 63.837850706952494], [-148.95628852676379, 63.83757870178823], [-148.9565159409175, 63.837306696623976], [-148.95661850024175, 63.83703469145971], [-148.95672105956595, 63.83676268629545], [-148.95670322316175, 63.83649514023224], [-148.95656053192803, 63.83622759416904], [-148.95654269552384, 63.83596004810583], [-148.9565248591196, 63.83568804294157], [-148.95650702271539, 63.83542049687837], [-148.95660958203962, 63.83514849171411], [-148.9568325370923, 63.834876486549845], [-148.9569395555176, 63.83460894048664], [-148.9570421148418, 63.834336935322376], [-148.95714467416605, 63.83406493015813], [-148.9573676292187, 63.83379292499385], [-148.95747018854294, 63.833520919829596], [-148.95769760269667, 63.83324891466535], [-148.95804541257883, 63.832976909501085], [-148.95851807729053, 63.832753954448414], [-148.95899520110322, 63.83258450860838], [-148.95959717974543, 63.83246857198098], [-148.96019915838764, 63.83240614456623], [-148.96081005523197, 63.832401685465186], [-148.96142095207628, 63.83239276726307], [-148.96202738981955, 63.832383849060975], [-148.9626382866639, 63.83237493085886], [-148.9632491835082, 63.832366012656756], [-148.96385562125147, 63.83235709445466], [-148.9644665180958, 63.832352635353594], [-148.9650774149401, 63.83239722636414], [-148.96569277088548, 63.83244181737466], [-148.96630366772982, 63.8324864083852], [-148.9669190236752, 63.83253099939573], [-148.96752546141846, 63.83252208119363], [-148.96812744006067, 63.83240614456623], [-148.96860456387338, 63.832241157827255], [-148.96907722858506, 63.832018202774584], [-148.9693046427388, 63.83174619761032], [-148.96928234723353, 63.83147865154712], [-148.9692645108293, 63.83120664638287], [-148.96924667442508, 63.830939100319654], [-148.96898358746293, 63.830671554256455], [-148.96884535533027, 63.83040400819324], [-148.96870266409658, 63.83013646213003], [-148.96831918140597, 63.82987337516788], [-148.96781084388587, 63.82961028820573], [-148.96730696546683, 63.829347201243564], [-148.9666782322183, 63.82908857338248], [-148.96604949896977, 63.82882548642033], [-148.96542076572123, 63.82856685855923], [-148.9647920324727, 63.82830823069813], [-148.9641677583252, 63.82804514373598], [-148.96353902507667, 63.82778651587488], [-148.9630306875566, 63.82752342891271], [-148.962647204866, 63.827255882849514], [-148.96250897273333, 63.8269883367863], [-148.96248667722807, 63.8267207907231], [-148.9627140913818, 63.826448785558824], [-148.9629370464345, 63.826176780394576], [-148.96328485631665, 63.82590477523032], [-148.9636326661988, 63.82562831096501], [-148.96410087180942, 63.82535184669969], [-148.96444868169158, 63.82507984153543], [-148.9647920324727, 63.824803377270115], [-148.96501944662643, 63.82453137210585], [-148.96524240167912, 63.8242593669416], [-148.96534496100332, 63.823987361777334], [-148.96544752032756, 63.82371981571412], [-148.96555453875283, 63.82344781054986], [-148.96565709807706, 63.8231758053856], [-148.96563926167286, 63.8229082593224], [-148.96549657043914, 63.82264071325919], [-148.96535387920542, 63.82237316719599], [-148.96521564707277, 63.82210562113278], [-148.96495256011062, 63.82183807506958], [-148.96468947314847, 63.821574988107415], [-148.96442638618632, 63.8213074420442], [-148.9641677583252, 63.82104435508205], [-148.96377981653356, 63.82077680901885], [-148.96339633384298, 63.82051372205669], [-148.96289245542394, 63.82025063509454], [-148.96238411790384, 63.81999200723344], [-148.9617553846553, 63.81972892027129], [-148.9611311105078, 63.81947029241019], [-148.96050237725927, 63.81920720544804], [-148.95987364401074, 63.81894857758694], [-148.95924491076224, 63.81868549062479], [-148.95862063661474, 63.81842686276369], [-148.9579919033662, 63.81816377580154], [-148.95736317011765, 63.81790514794044], [-148.9567388959702, 63.81769557019092], [-148.9561146218227, 63.81749045154247], [-148.95549480677627, 63.817334383005594], [-148.95487499172984, 63.817182773569776], [-148.9542551766834, 63.817031164133965], [-148.95363536163697, 63.81687509559709], [-148.9525116681715, 63.816513908411764], [-148.95213264458198, 63.816304330662234], [-148.95187401672086, 63.816090293811676], [-148.95173132548715, 63.81582274774848], [-148.95171348908295, 63.815555201685264], [-148.95169565267872, 63.815287655622065], [-148.95179821200296, 63.81501565045779], [-148.9519007713272, 63.81474364529354], [-148.95200333065142, 63.81447609923033], [-148.95223074480515, 63.81420409406607], [-148.9524536998578, 63.81393208890181], [-148.95255625918205, 63.813660083737545], [-148.95266327760734, 63.81338807857329], [-148.95276583693155, 63.81311607340903], [-148.95274800052735, 63.81284852734583], [-148.95260530929363, 63.812580981282615], [-148.95246707716097, 63.8123134352194], [-148.95220399019883, 63.8120458891562], [-148.95182050750822, 63.81178280219405], [-148.95131216998814, 63.81151971523189], [-148.9508082915691, 63.81126108737079], [-148.950299954049, 63.81099800040864], [-148.94979607562996, 63.81073491344649], [-148.94929219721092, 63.81047182648434], [-148.94890871452031, 63.810208739522174], [-148.94864562755816, 63.80994119345897], [-148.94838254059601, 63.80967364739576], [-148.9482398493623, 63.80940610133256], [-148.94810161722964, 63.80914301437041], [-148.9478385302675, 63.80887546830721], [-148.9474550475769, 63.80861238134506], [-148.9469556282589, 63.80840280359554], [-148.94633135411146, 63.808193225846026], [-148.945711539065, 63.808041616410215], [-148.94509172401857, 63.80789000697439], [-148.94447190897213, 63.80778744765016], [-148.94385655302676, 63.80768934742699], [-148.9432411970814, 63.80759124720381], [-148.94262138203496, 63.80743517866694], [-148.9420060260896, 63.807337078443766], [-148.94138621104315, 63.807185469007955], [-148.94076639599672, 63.80702940047108], [-148.9401465809503, 63.80687779103526], [-148.93952676590388, 63.80672618159945], [-148.93890695085744, 63.80657011306258], [-148.938287135811, 63.806418503626745], [-148.93766286166354, 63.80620892587725], [-148.93703858751604, 63.806003807228784], [-148.93641431336857, 63.80579868858033], [-148.93579003922108, 63.80553560161818], [-148.9351657650736, 63.805330482969715], [-148.9345414909261, 63.80512090522021], [-148.93391721677864, 63.80491578657174], [-148.93329294263117, 63.804706208822225], [-148.93266866848367, 63.80450109017377], [-148.9320443943362, 63.80423800321162], [-148.9315360568161, 63.80397491624946], [-148.93103217839706, 63.80371628838836], [-148.93064869570645, 63.80344874232516], [-148.9303856087443, 63.80318565536301], [-148.93024737661165, 63.802918109299796], [-148.93010468537796, 63.80265056323659], [-148.93021170380322, 63.80237855807234], [-148.93031426312746, 63.80210655290808], [-148.93053721818012, 63.8018345477438], [-148.9308850280623, 63.80156254257956], [-148.93135769277396, 63.80133958752688], [-148.93183035748567, 63.8011166324742], [-148.93242341792578, 63.80089367742154], [-148.9328960826374, 63.80067518146992], [-148.93324835162062, 63.80045222641724], [-148.93335091094488, 63.80018022125299], [-148.93320821971113, 63.79991267518977], [-148.93282473702055, 63.799649588227624], [-148.93244125432994, 63.799386501265474], [-148.9319373759109, 63.799123414303324], [-148.93143349749187, 63.798860327341174], [-148.9309340781739, 63.79870425880429], [-148.9304346588559, 63.79855264936848], [-148.92981484380948, 63.79839658083161], [-148.92931988359254, 63.79824497139579], [-148.928940860003, 63.798084443757865], [-148.92867777304085, 63.7978213567957], [-148.92841914517973, 63.7975538107325], [-148.92827645394604, 63.797286264669296], [-148.9281382218134, 63.7970187186061], [-148.92799998968073, 63.79675117254288], [-148.927857298447, 63.796483626479684], [-148.92795985777124, 63.79621608041647], [-148.92806241709548, 63.79594407525221], [-148.92816943552074, 63.795672070087946], [-148.92827199484498, 63.79540452402474], [-148.92825415844075, 63.79513251886049], [-148.9279910714786, 63.79486943189833], [-148.92760758878802, 63.79460188583513], [-148.92710371036898, 63.79439230808561], [-148.9264883544236, 63.7942406986498], [-148.92586853937718, 63.794089089213976], [-148.92524872433074, 63.79393302067711], [-148.9246289092843, 63.7937814112413], [-148.92400463513684, 63.79357183349177], [-148.9235007567178, 63.79331320563068], [-148.9231172740272, 63.79304565956747], [-148.92285418706504, 63.79278257260532], [-148.92283635066082, 63.792510567441056], [-148.92293890998505, 63.79224302137785], [-148.92316632413878, 63.79197101621359], [-148.92338927919144, 63.79169901104934], [-148.92361223424413, 63.79142254678401], [-148.9237192526694, 63.791155000720806], [-148.92382181199363, 63.79088299555656], [-148.92380397558944, 63.790615449493345], [-148.92390653491364, 63.79034344432908], [-148.92400909423787, 63.79007143916482], [-148.9241116535621, 63.78980389310161], [-148.92421421288634, 63.789531887937365], [-148.92432123131164, 63.7892598827731], [-148.92429893580635, 63.78899233670989], [-148.92428109940215, 63.788720331545626], [-148.9241428672695, 63.788457244583476], [-148.92400463513684, 63.78818969852027], [-148.92386194390315, 63.78792215245707], [-148.92359885694097, 63.78765460639386], [-148.92334022907986, 63.787387060330644], [-148.92307714211773, 63.787123973368494], [-148.92269365942713, 63.786856427305295], [-148.9221897810081, 63.786597799444195], [-148.92168590258905, 63.78633471248203], [-148.92105716934051, 63.78607162551988], [-148.92043289519302, 63.78586650687143], [-148.91981308014658, 63.78565692912191], [-148.91919326510018, 63.7855053196861], [-148.91857345005374, 63.78534925114923], [-148.91795809410834, 63.78525115092605], [-148.91733827906194, 63.78509954149023], [-148.9167184640155, 63.78494347295336], [-148.91609418986803, 63.78473835430489], [-148.9154743748216, 63.7845287765554], [-148.91484564157304, 63.78427014869429], [-148.91422136742557, 63.78400706173213], [-148.91359263417704, 63.783748433871025], [-148.91296836002954, 63.783485346908876], [-148.9124600225095, 63.783222259946726]]}, "id": "00140000000000001041", "properties": {"dist_out": 1786647.9796826695, "edit_flag": "NaN", "facc": 5351.259447865073, "grod_id": 0, "hfalls_id": 0, "lakeflag": 0, "max_width": 551, "n_chan_max": 2, "n_chan_mod": 1, "n_nodes": 88, "n_rch_dn": 1, "n_rch_up": 1, "obstr_type": 0, "rch_id_dn": "81246000084", "rch_id_up": "81246000101", "reach_id": 81246000091, "reach_len": 17687.619390462478, "river_name": "Nenana River", "slope": 4.835551847364136, "swot_obs": 4, "swot_orbit": "181 414 442 487", "trib_flag": 0, "type": 1, "width": 48, "width_var": 459.97499630177515, "wse": 394.70001220703125, "wse_var": 631.257969047432, "x": -148.9560517534664, "y": 63.84291791240676}}, {"type": "Feature", "geometry": {"type": "LineString", "coordinates": [[-148.80249413143042, 63.61120351860795], [-148.80211510784088, 63.61093597254474], [-148.8018564799798, 63.61067288558259], [-148.80147745639024, 63.61040533951939], [-148.80121882852913, 63.610142252557225], [-148.80096020066804, 63.60987470649401], [-148.80070157280696, 63.60960716043081], [-148.80056334067427, 63.609339614367606], [-148.80054550427008, 63.60907206830441], [-148.80064806359434, 63.608800063140144], [-148.80087547774804, 63.60852805797588], [-148.80121882852913, 63.60825605281162], [-148.80156663841132, 63.607979588546314], [-148.80203038492087, 63.60770758338205], [-148.80249859053148, 63.60743111911674], [-148.80308719187053, 63.60715465485142], [-148.80367133410854, 63.606878190586094], [-148.80426439454865, 63.60665523553344], [-148.80485745498876, 63.60643228048077], [-148.8054460563278, 63.60620932542809], [-148.80603911676792, 63.60598637037542], [-148.80662771810697, 63.60576341532275], [-148.80721631944604, 63.60548695105743], [-148.8078049207851, 63.60526399600475], [-148.8083979812252, 63.605041040952095], [-148.8089910416653, 63.604871595112044], [-148.80958856120645, 63.60475565848466], [-148.81018608074763, 63.604639721857275], [-148.81077914118774, 63.60447027601724], [-148.81125626500045, 63.604305289278265], [-148.81172447061107, 63.604082334225595], [-148.8120678213922, 63.60381032906133], [-148.8122952355459, 63.60353832389708], [-148.8122773991417, 63.603266318732814], [-148.81225956273747, 63.602998772669615], [-148.81200093487638, 63.6027312266064], [-148.81174230701527, 63.60246813964425], [-148.81148367915418, 63.60220059358104], [-148.81134544702152, 63.601933047517825], [-148.81120721488887, 63.601665501454626], [-148.8113097742131, 63.60139349629037], [-148.81153718836683, 63.60117500033874], [-148.81188945735005, 63.600956504387135], [-148.81235766296066, 63.600733549334464], [-148.81295072340075, 63.60056856259548], [-148.81354824294192, 63.60045262596809], [-148.8141457624831, 63.60033668934071], [-148.81474328202424, 63.600220752713305], [-148.81534080156544, 63.600104816085924], [-148.81593832110656, 63.59993537024589], [-148.81652692244566, 63.59971241519322], [-148.81711552378468, 63.599435950927905], [-148.8176996660227, 63.59915948666259], [-148.8182927264628, 63.59893653160991], [-148.8193539925135, 63.59849062150458], [-148.81982219812411, 63.59827212555295], [-148.82029040373473, 63.59804917050028], [-148.82075860934535, 63.59777270623498], [-148.82122681495596, 63.59755421028335], [-148.82181987539607, 63.59733125523068], [-148.82240847673512, 63.59710830017801], [-148.82300153717523, 63.59688534512534], [-148.82359013851428, 63.59666239007266], [-148.8241831989544, 63.59643943501999], [-148.8247762593945, 63.59626998917995], [-148.8253693198346, 63.59610054333993], [-148.82596238027472, 63.5959310974999], [-148.82655544071483, 63.59576165165986], [-148.82714850115494, 63.595538696607186], [-148.82773264339292, 63.59526223234188], [-148.82832124473202, 63.594985768076555], [-148.8287894503426, 63.59470930381125], [-148.82925319685216, 63.59443283954594], [-148.82972140246278, 63.594160834381675], [-148.83006475324387, 63.59388437011637], [-148.83041256312606, 63.59361236495211], [-148.8308763096356, 63.59333590068678], [-148.83121966041676, 63.593063895522526], [-148.83144707457046, 63.59279189035828], [-148.83167002962313, 63.592519885194015], [-148.8318929846758, 63.59224788002974], [-148.83212039882952, 63.5919758748655], [-148.8323433538822, 63.591703869701234], [-148.83269116376437, 63.59142740543591], [-148.8330345145455, 63.59115540027165], [-148.83337786532658, 63.590883395107404], [-148.8337256752088, 63.59060693084208], [-148.83418942171832, 63.590330466576766], [-148.83465762732894, 63.59005846141251], [-148.83524176956695, 63.589781997147185], [-148.835830370906, 63.58950107378083], [-148.83641897224504, 63.58922460951552], [-148.83700311448305, 63.5889481452502], [-148.83759617492316, 63.58872519019752], [-148.83818923536327, 63.58855574435749], [-148.83878675490442, 63.588439807730104], [-148.8393842744456, 63.588328330203765], [-148.83998179398674, 63.588212393576384], [-148.84057485442685, 63.58804294773635], [-148.8410430600375, 63.58781999268368], [-148.8413864108186, 63.587547987519415], [-148.8416138249723, 63.58727598235515], [-148.84171638429655, 63.587003977190896], [-148.84169854789232, 63.5867364311277], [-148.84156031575966, 63.586468885064484], [-148.8413016878986, 63.586201339001285], [-148.84092266430903, 63.58593825203912], [-148.84041878589, 63.58567516507697], [-148.839919366572, 63.58541207811482], [-148.83954034298245, 63.58514453205161], [-148.83928171512136, 63.58488144508946], [-148.83902308726024, 63.58461389902626], [-148.83876445939916, 63.584350812064095], [-148.83850583153807, 63.584083266000896], [-148.8382427445759, 63.58381571993768], [-148.8379841167148, 63.58355263297553], [-148.8377254888537, 63.58328508691232], [-148.83758725672104, 63.58301754084911], [-148.83744902458838, 63.582749994785914], [-148.8371903967273, 63.5824824487227], [-148.83693176886618, 63.58221936176055], [-148.83679353673352, 63.58195181569735], [-148.83665530460087, 63.58168426963414], [-148.83639667673978, 63.58141672357094], [-148.83625844460713, 63.58114917750771], [-148.83612021247447, 63.58088163144451], [-148.8359819803418, 63.580614085381306], [-148.83584374820916, 63.58034653931811], [-148.83582591180493, 63.580078993254894], [-148.83580807540073, 63.579806988090645], [-148.83579469809757, 63.57953944202743], [-148.83589725742183, 63.57926743686317], [-148.83612021247447, 63.578995431698914], [-148.8364635632556, 63.57872342653465], [-148.83681137313775, 63.578446962269325], [-148.8372751196473, 63.57817495710508], [-148.83774332525792, 63.57789849283976], [-148.83808667603904, 63.57762648767551], [-148.8383096310917, 63.57735002341019], [-148.83853704524546, 63.57707801824593], [-148.83863960456966, 63.57681047218273], [-148.83862176816544, 63.57653846701845], [-148.83848353603278, 63.57627092095525], [-148.83834530390016, 63.57600337489204], [-148.83820707176747, 63.575735828828854], [-148.83806883963481, 63.575468282765634], [-148.83781021177376, 63.575205195803484], [-148.83755158391264, 63.57493764974027], [-148.83717256032307, 63.57467456277812], [-148.83679353673352, 63.57440701671492], [-148.83628965831448, 63.57414392975276], [-148.83591063472494, 63.57388084279061], [-148.83565200686385, 63.57361775582846], [-148.8355137747312, 63.573350209765245], [-148.83537554259854, 63.573082663702046], [-148.83535770619432, 63.57281065853777], [-148.83534432889115, 63.57254311247457], [-148.83532649248696, 63.572271107310314], [-148.83530865608273, 63.572003561247115], [-148.83529081967853, 63.5717360151839], [-148.83515258754588, 63.57146846912069], [-148.83501435541322, 63.571200923057475], [-148.83487612328057, 63.570933376994276], [-148.8347378911479, 63.57066583093107], [-148.83459965901523, 63.57039828486787], [-148.8344614268826, 63.57013073880466], [-148.8343231947499, 63.56986319274146], [-148.83418496261726, 63.569595646678245], [-148.8340467304846, 63.569328100615046], [-148.83390849835195, 63.56906055455183], [-148.8337702662193, 63.56879300848862], [-148.83363203408663, 63.56852546242542], [-148.83337340622555, 63.568257916362214], [-148.83311477836443, 63.567990370299], [-148.8327357547749, 63.56772728333685], [-148.83235673118534, 63.5674641963747], [-148.83185731186737, 63.56720110941255], [-148.8313578925494, 63.56693802245039], [-148.83085401413035, 63.56667493548824], [-148.8304749905408, 63.56641184852609], [-148.83009596695126, 63.566144302462874], [-148.82983733909015, 63.565881215500724], [-148.82957871122906, 63.565613669437525], [-148.8294404790964, 63.56534612337431], [-148.82930224696375, 63.56507857731111], [-148.82940480628798, 63.564806572146836], [-148.8296322204417, 63.56453456698258], [-148.8299755712228, 63.56426256181833], [-148.8301985262755, 63.56399055665407], [-148.83030554470076, 63.56371855148979], [-148.83028770829657, 63.56345100542659], [-148.83002908043545, 63.56318345936339], [-148.82977045257437, 63.56291591330019], [-148.82951182471325, 63.56265282633804], [-148.82949398830905, 63.562380821173775], [-148.82947615190483, 63.56211327511056], [-148.8296991069575, 63.5618412699463], [-148.82992206201018, 63.561569264782044], [-148.8301494761639, 63.56129725961778], [-148.83025203548814, 63.56102525445352], [-148.83035459481235, 63.560757708390305], [-148.83033675840815, 63.56048570322606], [-148.83031892200393, 63.56021815716285], [-148.83018068987127, 63.55995061109964], [-148.82992206201018, 63.55968306503644], [-148.82966343414907, 63.55941997807429], [-148.82940480628798, 63.559152432011075], [-148.82914617842687, 63.558884885947876], [-148.8290079462942, 63.55861733988466], [-148.82899456899105, 63.55834979382145], [-148.82897673258685, 63.55808224775824], [-148.8288385004542, 63.557814701695044], [-148.82870026832154, 63.55754715563183], [-148.82856203618888, 63.55727960956863], [-148.82830340832777, 63.55701206350542], [-148.82804478046668, 63.55674451744222], [-148.82778615260557, 63.55648143048007], [-148.82740712901602, 63.556213884416856], [-148.82690770969805, 63.555950797454706], [-148.8264082903801, 63.555687710492556], [-148.82578847533364, 63.55548259184409], [-148.82517311938827, 63.555326523307215], [-148.82456222254393, 63.555174913871404], [-148.82394686659856, 63.55501884533452], [-148.82333596975423, 63.55486723589871], [-148.82271615470785, 63.554657658149196], [-148.82221673538982, 63.554394571187046], [-148.82183771180027, 63.5541314842249], [-148.82157908393918, 63.55386393816168], [-148.82144085180653, 63.55359639209848], [-148.8214230154023, 63.55332884603528], [-148.82128478326965, 63.553061299972065], [-148.82114655113702, 63.552793753908865], [-148.8208879232759, 63.55252620784565], [-148.8206292954148, 63.5522631208835], [-148.8203706675537, 63.5519955748203], [-148.82023689452208, 63.551728028757076], [-148.82009866238943, 63.55146048269388], [-148.8199604302568, 63.55119293663067], [-148.81982219812411, 63.55092539056747], [-148.81968396599146, 63.55065784450426], [-148.8195457338588, 63.55039029844106], [-148.81940750172615, 63.550122752377845], [-148.81938966532192, 63.549855206314646], [-148.81925143318927, 63.54958766025143], [-148.81899280532818, 63.54932011418822], [-148.8186182408397, 63.54911053643871], [-148.81812773972382, 63.548954467901844], [-148.81751684287948, 63.54885190857761], [-148.8169104051362, 63.54880731756708], [-148.81630396739294, 63.548816235769195], [-148.8157064478518, 63.54887866318394], [-148.8151044692096, 63.54893663149764], [-148.81450249056735, 63.54894554969974], [-148.81390051192514, 63.548954467901844], [-148.81329407418187, 63.54895892700289], [-148.8126876364386, 63.54891433599237], [-148.8120767395943, 63.548816235769195], [-148.81147030185102, 63.548713676444955], [-148.81085494590565, 63.54856206700914], [-148.8103599856887, 63.54835248925963], [-148.80998096209916, 63.54808494319643], [-148.80960193850962, 63.547821856234265], [-148.80934331064856, 63.547558769272115], [-148.80920507851587, 63.54728676410785], [-148.80906684638322, 63.54701921804464], [-148.80892861425056, 63.54675167198144], [-148.8087903821179, 63.546484125918234], [-148.80865214998525, 63.546216579855034], [-148.8085139178526, 63.54594903379182], [-148.80838014482097, 63.54568148772862], [-148.80824191268832, 63.54541394166541], [-148.80822407628415, 63.54514639560221], [-148.8082062398799, 63.544878849538996], [-148.80830879920413, 63.544606844374734], [-148.80853621335785, 63.54433483921048], [-148.80875916841055, 63.544062834046215], [-148.80910251919164, 63.54379082888195], [-148.80944586997276, 63.54351436461665], [-148.8096732841265, 63.543242359452385], [-148.8097758434507, 63.54297481338917], [-148.80987840277493, 63.54270280822491], [-148.80986056637073, 63.542430803060654], [-148.80984718906757, 63.542163256997455], [-148.80982935266334, 63.54189571093424], [-148.8096911205307, 63.54162816487103], [-148.80955288839803, 63.54136061880783], [-148.80929426053694, 63.541093072744616], [-148.8089152369474, 63.540829985782466], [-148.80842027673046, 63.54062040803295], [-148.80792531651352, 63.54041083028344], [-148.80730550146708, 63.540201252533926], [-148.8066901455217, 63.53999613388547], [-148.80607478957634, 63.539786556135965], [-148.8054549745299, 63.539527928274865], [-148.80483070038244, 63.539264841312715], [-148.804210885336, 63.53900175435055], [-148.80383186174646, 63.5387386673884], [-148.80357323388537, 63.5384711213252], [-148.80331906512532, 63.53820803436304], [-148.80318083299267, 63.53794048829984], [-148.80316299658844, 63.537668483135576], [-148.80302476445578, 63.53740093707236], [-148.8030069280516, 63.53713339100915], [-148.8031094873758, 63.5368613858449], [-148.8032165058011, 63.536593839781695], [-148.80331906512532, 63.53632183461743], [-148.80342162444956, 63.53604982945317], [-148.8035241837738, 63.53577782428891], [-148.8037515979275, 63.53550581912465], [-148.80397455298018, 63.53523381396039], [-148.8043179037613, 63.534961808796126], [-148.8047861093719, 63.53468534453082], [-148.805129460153, 63.53441333936656], [-148.80547281093413, 63.534141334202296], [-148.8058206208163, 63.533864869936984], [-148.8061639715974, 63.53359286477273], [-148.80650732237854, 63.53331640050742], [-148.80697552798915, 63.53304439534315], [-148.80744373359974, 63.53282144029047], [-148.80803233493882, 63.53259848523781], [-148.80862093627786, 63.53237553018513], [-148.8092095376169, 63.53215257513246], [-148.80979813895598, 63.53192962007978], [-148.81026634456657, 63.531653155814475], [-148.8106096953477, 63.53138115065021], [-148.81083265040039, 63.53110914548595], [-148.81093966882565, 63.53083714032169], [-148.81092183242143, 63.5305695942585], [-148.81090399601723, 63.53030204819528], [-148.810886159613, 63.53003004303102], [-148.8108683232088, 63.52976249696782], [-148.81085048680458, 63.529494950904606], [-148.81083710950142, 63.529222945740344], [-148.81081927309722, 63.52895539967714], [-148.810801436693, 63.52868785361394], [-148.81066320456034, 63.528420307550725], [-148.8105249724277, 63.528152761487526], [-148.81038674029503, 63.52788521542431], [-148.81025296726344, 63.52761766936111], [-148.81011473513078, 63.5273501232979], [-148.81009689872656, 63.52707811813364], [-148.81007906232236, 63.52681057207043], [-148.81006122591813, 63.52653856690617], [-148.80992299378548, 63.52627102084297], [-148.80978476165282, 63.526003474779756], [-148.8096509886212, 63.52573592871654], [-148.8093923607601, 63.52547284175439], [-148.80901333717057, 63.52520529569118], [-148.80863431358102, 63.52494220872903], [-148.80813489426305, 63.52467912176688], [-148.80763547494504, 63.52441603480473], [-148.80713605562707, 63.524152947842566], [-148.80675703203752, 63.523889860880416], [-148.80649840417644, 63.52362231481722], [-148.80623977631532, 63.52335476875401], [-148.80598114845424, 63.52309168179186], [-148.80584291632158, 63.52282413572865], [-148.80558874756153, 63.52255658966545], [-148.80520972397198, 63.5222935027033], [-148.80495109611087, 63.522025956640086], [-148.80469246824978, 63.521758410576886], [-148.80443384038867, 63.52149532361472], [-148.804295608256, 63.52122777755152], [-148.80415737612336, 63.52096023148831], [-148.80389874826227, 63.5206926854251], [-148.80364457950222, 63.5204251393619], [-148.8033859516411, 63.52016205239974], [-148.80312732378002, 63.51989450633654], [-148.80298909164736, 63.51962696027333], [-148.80297125524314, 63.51935941421013], [-148.80283302311048, 63.519091868146916], [-148.80281518670628, 63.51881986298265], [-148.80280180940312, 63.51855231691944], [-148.8027839729989, 63.51828477085624], [-148.80288653232313, 63.518012765691985], [-148.8031094873758, 63.51774076052772], [-148.8032165058011, 63.51746875536346], [-148.80343946085375, 63.5171967501992], [-148.80378727073594, 63.51697825424759], [-148.8041350806181, 63.51675975829597], [-148.8046032862287, 63.51653680324329], [-148.80519634666882, 63.51636735740326], [-148.80578940710893, 63.51625142077587], [-148.80638692665008, 63.51613548414848], [-148.80698444619125, 63.51607751583479], [-148.80759088393452, 63.51606859763268], [-148.80819286257673, 63.51605967943057], [-148.8087903821179, 63.51599725201582], [-148.8093923607601, 63.51593928370214], [-148.80998988030126, 63.515876856287385], [-148.81058739984243, 63.51581442887263], [-148.8111849193836, 63.51569849224524], [-148.81178243892475, 63.51564052393156], [-148.81237995846593, 63.51552458730416], [-148.8129774780071, 63.515408650676775], [-148.8135705384472, 63.51529271404937], [-148.81417251708942, 63.51523028663464], [-148.8147655775295, 63.515114350007245], [-148.81536755617174, 63.51505638169355], [-148.81596507571288, 63.51499395427879], [-148.816558136153, 63.51487801765141], [-148.8171511965931, 63.514708571811376], [-148.81762386130478, 63.51453912597135], [-148.81797167118694, 63.51432063001973], [-148.81831502196806, 63.51404862485547], [-148.8185424361218, 63.51377661969121], [-148.81864499544602, 63.51350461452695], [-148.81886795049869, 63.51323260936269], [-148.8192113012798, 63.512960604198426], [-148.81943425633247, 63.51268859903416], [-148.8196616704862, 63.51241659386991], [-148.81988462553886, 63.512140129604596], [-148.8199871848631, 63.5118725835414], [-148.81984895273044, 63.51160503747818], [-148.81971072059778, 63.51133749141497], [-148.81957248846513, 63.511069945351764], [-148.81943871543353, 63.510802399288565], [-148.8194208790293, 63.5105303941243], [-148.81952343835354, 63.5102628480611], [-148.8196259976778, 63.509990842896826], [-148.819728557002, 63.50971883773257], [-148.81995597115574, 63.50944683256832], [-148.82005853047994, 63.50917928650511], [-148.82028148553263, 63.508907281340846], [-148.8205044405853, 63.508635276176584], [-148.82072739563796, 63.50835881191128], [-148.82095035069065, 63.508086806747016], [-148.8212981605728, 63.507814801582754], [-148.82152111562547, 63.50754279641849], [-148.8218644664066, 63.507270791254236], [-148.82220781718772, 63.50699432698891], [-148.82255562706987, 63.50672232182464], [-148.82277858212257, 63.506450316660406], [-148.82300153717523, 63.50617831149614], [-148.8232244922279, 63.505906306331866], [-148.82332705155213, 63.50563430116762], [-148.82342961087636, 63.50536229600336], [-148.82353662930163, 63.50509474994015], [-148.82375958435432, 63.504822744775886], [-148.8237417479501, 63.504550739611624], [-148.82396470300276, 63.50427873444737], [-148.824067262327, 63.50401118838417], [-148.8241742807523, 63.503739183219906], [-148.82403604861963, 63.50347163715669], [-148.8240182122154, 63.50320409109348], [-148.82387998008275, 63.50293654503028], [-148.82362135222166, 63.502668998967074], [-148.82336272436055, 63.502401452903875], [-148.8232244922279, 63.50213390684066], [-148.8232066558237, 63.50186636077746], [-148.82319327852053, 63.50159881471425], [-148.82329583784477, 63.50132680954999], [-148.82327800144054, 63.501054804385724], [-148.8231397693079, 63.50078725832252], [-148.82276074571834, 63.50052417136037], [-148.82226578550143, 63.50031459361085], [-148.8216548886571, 63.50016298417504], [-148.82104399181276, 63.500060424850815], [-148.82043755406949, 63.50001583384027], [-148.81983557542728, 63.500024752042386], [-148.8192335967851, 63.500029211143435], [-148.8186271590418, 63.499984620132906], [-148.81802072129852, 63.49988651990973], [-148.81752576108158, 63.499730451372855], [-148.8171511965931, 63.49952087362334], [-148.81689256873202, 63.499253327560126], [-148.81675433659936, 63.49898578149693], [-148.81662056356774, 63.498718235433714], [-148.81648233143508, 63.498450689370515], [-148.81634409930243, 63.49818314330731], [-148.81620586716977, 63.49791559724411], [-148.81606763503711, 63.497648051180896], [-148.81604979863292, 63.49737604601663], [-148.8161568170582, 63.49710849995342], [-148.81625937638242, 63.496836494789164], [-148.81636193570665, 63.496564489624916], [-148.81658489075932, 63.49629248446065], [-148.81680784581198, 63.49602047929638], [-148.81703080086467, 63.49574847413213], [-148.81737861074683, 63.49547646896787], [-148.81784681635747, 63.49525351391519], [-148.81831502196806, 63.495088527176215], [-148.8189125415092, 63.49497259054883], [-148.81950560194932, 63.494856653921445], [-148.81998272576203, 63.49474071729406], [-148.82033499474525, 63.49457573055507], [-148.82068280462744, 63.49435723460345]]}, "id": "00140000000000001043", "properties": {"dist_out": 1835033.7818709519, "edit_flag": "NaN", "facc": 2186.253173687922, "grod_id": 0, "hfalls_id": 0, "lakeflag": 0, "max_width": 254, "n_chan_max": 2, "n_chan_mod": 1, "n_nodes": 80, "n_rch_dn": 1, "n_rch_up": 1, "obstr_type": 0, "rch_id_dn": "81246000111", "rch_id_up": "81246000131", "reach_id": 81246000121, "reach_len": 15957.510282129682, "river_name": "Nenana River", "slope": 1.602708288025007, "swot_obs": 4, "swot_orbit": "181 414 442 459 487", "trib_flag": 0, "type": 1, "width": 54, "width_var": 359.19445627379633, "wse": 595.2999877929688, "wse_var": 66.63979759214445, "x": -148.81955122672295, "y": 63.551717885548946}}, {"type": "Feature", "geometry": {"type": "LineString", "coordinates": [[-148.73739125605013, 63.442711926202435], [-148.73679373650896, 63.44277435361719], [-148.73619621696778, 63.442836781031936], [-148.73559423832558, 63.44284124013299], [-148.73499225968337, 63.44279664912246], [-148.73438136283903, 63.44269408979823], [-148.73377938419682, 63.44264949878769], [-148.73317294645355, 63.44260490777717], [-148.73257096781134, 63.442609366878216], [-148.7319734482702, 63.44261828508032], [-148.73137146962796, 63.44262274418137], [-148.73076949098575, 63.442631662383484], [-148.73016751234354, 63.442640580585596], [-148.72956553370133, 63.44264503968664], [-148.72896801416016, 63.44265395788874], [-148.72836603551795, 63.442716385303484], [-148.72776851597678, 63.44272084440455], [-148.72716653733457, 63.44272976260666], [-148.72656455869236, 63.44273868080876], [-148.72596258005015, 63.442743139909815], [-148.7253606014079, 63.442698548899294], [-148.7247497045636, 63.442595989575054], [-148.7241477259214, 63.44255139856451], [-148.72354128817813, 63.442502348452926], [-148.72293485043485, 63.442404248229764], [-148.72233287179264, 63.44235519811817], [-148.72172643404937, 63.442310607107636], [-148.7211199963061, 63.44220804778341], [-148.72051355856283, 63.44210994756023], [-148.71990712081956, 63.44206089744864], [-148.71930068307628, 63.441962797225464], [-148.718694245333, 63.44191374711388], [-148.71808780758974, 63.4418156468907], [-148.7174813698465, 63.44171308756648], [-148.71687047300216, 63.4416149873433], [-148.7162640352589, 63.441512428019074], [-148.71565759751562, 63.4414143277959], [-148.71505115977234, 63.44136527768429], [-148.7144536402312, 63.44137419588642], [-148.713851661589, 63.44138311408853], [-148.71325414204782, 63.441441082402214], [-148.71265662250664, 63.44150350981695], [-148.7120591029655, 63.44156593723171], [-148.71146158342432, 63.4416239055454], [-148.71085960478212, 63.441686332960145], [-148.710266544342, 63.44180226958754], [-148.7096734839019, 63.44191820621493], [-148.70907596436075, 63.44202968374126], [-148.70847844481958, 63.44209211115601], [-148.70788538437947, 63.44220804778341], [-148.7072878648383, 63.44226601609709], [-148.70669034529715, 63.44238195272449], [-148.7061017439581, 63.44255139856451], [-148.70550868351802, 63.44272084440455], [-148.7049156230779, 63.442836781031936], [-148.7043181035367, 63.44294825855827], [-148.7037250430966, 63.44306419518567], [-148.7031319826565, 63.44318013181305], [-148.70253446311534, 63.44329606844044], [-148.70194586177627, 63.44346105517943], [-148.70135280133616, 63.44363050101945], [-148.70075974089607, 63.44379994685948], [-148.70016668045596, 63.44391588348688], [-148.69957362001585, 63.4440853293269], [-148.69898501867678, 63.44425031606589], [-148.69839195823667, 63.44441976190591], [-148.69779889779656, 63.44458920774594], [-148.6972102964575, 63.44481216279862], [-148.69662169511847, 63.44498160863864], [-148.6960241755773, 63.44509308616499], [-148.69543111513718, 63.44526253200501], [-148.69484251379814, 63.44543197784505], [-148.69424945335805, 63.44560142368508], [-148.69365639291794, 63.445770869525106], [-148.69306779157887, 63.445940315365135], [-148.69247027203772, 63.446051792891474], [-148.6918772115976, 63.44616772951886], [-148.69127969205644, 63.44623015693361], [-148.69068217251527, 63.44628812524731], [-148.69008019387306, 63.44629704344942], [-148.68948267433188, 63.44635947086417], [-148.68888069568968, 63.446363929965216], [-148.6882742579464, 63.44631933895469], [-148.68767673840526, 63.44632379805574], [-148.68707475976305, 63.446386225470484], [-148.68647278112084, 63.44633717535889], [-148.68586634337754, 63.446292584348356], [-148.6852688238364, 63.44630150255046], [-148.6846668451942, 63.44630596165151], [-148.68406486655195, 63.446314879853624], [-148.6834673470108, 63.44637284816732], [-148.68286982746963, 63.44648878479471], [-148.68227230792849, 63.44655121220946], [-148.6816747883873, 63.446609180523154], [-148.68107726884614, 63.4466716079379], [-148.68048420840606, 63.44678754456529], [-148.67988222976382, 63.44679200366635], [-148.67928471022267, 63.446907940293734], [-148.6786871906815, 63.44697036770848], [-148.67808967114036, 63.44702833602218], [-148.67748769249812, 63.44703725422429], [-148.67689017295697, 63.447099681639024], [-148.67628819431474, 63.44710414074009], [-148.67568621567253, 63.44705954972955], [-148.67508423703032, 63.447064008830594], [-148.6744822583881, 63.44707292703272], [-148.6738802797459, 63.44707738613377], [-148.67327830110366, 63.44708630433587], [-148.67268078156252, 63.44714873175063], [-148.6720788029203, 63.44715319085168], [-148.67148128337914, 63.44716210905377], [-148.67087930473693, 63.447166568154834], [-148.67027286699366, 63.4471219771443], [-148.66967088835145, 63.44707292703272], [-148.66906445060818, 63.44702833602218], [-148.66846247196597, 63.446979285910594], [-148.66785157512163, 63.44688118568742], [-148.66724959647942, 63.446832135575825], [-148.66664315873615, 63.44673403535265], [-148.66603226189181, 63.44657796681579], [-148.66541690594644, 63.446368389066265], [-148.66480600910214, 63.44621677963045], [-148.6641951122578, 63.44600720188093], [-148.6635842154135, 63.44585113334406], [-148.66297331856916, 63.445753033120894], [-148.66236688082589, 63.445650473796654], [-148.6617604430826, 63.44555237357348], [-148.66115400533934, 63.44550332346191], [-148.66055202669713, 63.445458732451364], [-148.65994558895386, 63.44540968233978], [-148.65934361031165, 63.44536509132925], [-148.65885756829687, 63.44526253200501], [-148.65836706718096, 63.44510646346815], [-148.65787656606508, 63.44495039493127], [-148.65738160584814, 63.44474081718176], [-148.65700704135966, 63.444531239432244], [-148.65651654024376, 63.444317202581686], [-148.6555266198099, 63.44384453787002], [-148.65502720049193, 63.44358145090787], [-148.65441184454656, 63.44331836394571], [-148.6537964886012, 63.44305973608461], [-148.65317667355475, 63.44279664912246], [-148.65256131760935, 63.44253356216031], [-148.65194596166398, 63.44227047519816], [-148.65133506481968, 63.44211886576233], [-148.6507286270764, 63.442016306438106], [-148.65012218933313, 63.441967256326514], [-148.64952021069092, 63.44192266531598], [-148.64891823204871, 63.4419315835181], [-148.64831179430544, 63.44182902419386], [-148.64770535656217, 63.44172646486963], [-148.64709445971783, 63.44157485543382], [-148.64648356287353, 63.441418786896946], [-148.64586820692816, 63.44120920914743], [-148.64526176918488, 63.441111108924254], [-148.64465087234055, 63.440955040387394], [-148.64403997549624, 63.44079897185051], [-148.64343353775297, 63.440700871627335], [-148.6428271000097, 63.440598312303116], [-148.64221174406433, 63.4403887345536], [-148.64160084722002, 63.440183615905134], [-148.64110588700305, 63.439974038155626], [-148.64061092678614, 63.439710951193476], [-148.64023636229763, 63.43944340513026], [-148.6398573387081, 63.43918031816811], [-148.6394827742196, 63.43891277210492], [-148.6389878140027, 63.43864968514275], [-148.63848839468469, 63.4383865981806], [-148.63799343446775, 63.43812351121845], [-148.63749847425083, 63.4378604242563], [-148.6371194506613, 63.43759287819309], [-148.6367448861728, 63.43732979123094], [-148.63649071741276, 63.43706224516772], [-148.6361116938232, 63.436799158205574], [-148.6357371293347, 63.436531612142375], [-148.63536256484622, 63.43626852518021], [-148.63510393698513, 63.43600097911701], [-148.63472937249662, 63.43573789215486], [-148.6344752037366, 63.43547034609165], [-148.63421657587548, 63.435202800028435], [-148.633842011387, 63.434939713066285], [-148.63335151027113, 63.43473013531678], [-148.63285655005419, 63.43452055756726], [-148.63224565320988, 63.4343644890304], [-148.63163475636554, 63.434208420493526], [-148.6310238595212, 63.434056811057694], [-148.6304129626769, 63.43384723330819], [-148.62979760673153, 63.433637655558684], [-148.6293026465146, 63.433374568596534], [-148.62880768629765, 63.43311148163437], [-148.62831272608074, 63.43284839467222], [-148.62781330676273, 63.43258530771007], [-148.62731834654582, 63.43232222074792], [-148.62682338632888, 63.43205467468471], [-148.62632842611194, 63.43179158772256], [-148.62582900679396, 63.43152850076041], [-148.62533404657702, 63.43126541379824], [-148.62507987781697, 63.430997867735044], [-148.62482570905692, 63.430734780772895], [-148.62468747692427, 63.43046277560862], [-148.6247944953496, 63.43019522954542], [-148.62501745040223, 63.42992322438116], [-148.62512446882752, 63.4296512192169], [-148.6251066324233, 63.4293836731537], [-148.62509325512013, 63.429111667989424], [-148.62507987781697, 63.428844121926225], [-148.62506204141278, 63.42857657586302], [-148.6250486641096, 63.42830457069876], [-148.62515122343385, 63.42803702463556], [-148.62525824185911, 63.42776501947128], [-148.6252404054549, 63.42749747340807], [-148.6251066324233, 63.42722992734487], [-148.6249728593917, 63.42696238128167], [-148.62483462725905, 63.42669483521846], [-148.624580458499, 63.426427289155264], [-148.62420589401052, 63.42615974309205], [-148.6239472661494, 63.4258966561299], [-148.62357270166092, 63.42562911006669], [-148.62307774144398, 63.42536602310454], [-148.62282357268396, 63.42509847704134], [-148.62256494482284, 63.424835390079174], [-148.62219038033433, 63.42456784401596], [-148.6219362115743, 63.42430029795276], [-148.62179797944165, 63.424032751889555], [-148.62142341495314, 63.4237696649274], [-148.62104885046466, 63.4235021188642], [-148.62067428597618, 63.42323903190204], [-148.62029526238663, 63.42297594493989], [-148.6198003021697, 63.42270839887669], [-148.61930534195275, 63.42244531191453], [-148.61905117319273, 63.42218222495238], [-148.61891294106007, 63.421914678889166], [-148.61877916802845, 63.42164267372492], [-148.61864539499686, 63.421375127661705], [-148.61862755859264, 63.42110758159849], [-148.61837338983258, 63.42084003553529], [-148.61811922107256, 63.42057694857313], [-148.61774019748302, 63.42030940250993], [-148.6173656329945, 63.42004631554778], [-148.6168706727776, 63.41978322858562], [-148.61637571256065, 63.41951568252242], [-148.6158807523437, 63.41925259556026], [-148.61538579212677, 63.41898950859811], [-148.6148863728088, 63.41872642163596], [-148.61451180832032, 63.4184633346738], [-148.61413724383183, 63.418195788610596], [-148.61376267934332, 63.417932701648446], [-148.61350405148224, 63.41766515558523], [-148.61337027845062, 63.417397609522034], [-148.61323650541902, 63.41713006345882], [-148.6132186690148, 63.41685805829456], [-148.61320529171167, 63.416590512231345], [-148.6131919144085, 63.416322966168146], [-148.61317407800428, 63.41605096100389], [-148.61316070070112, 63.41578341494069], [-148.61314286429692, 63.41551586887748], [-148.61312948699376, 63.415243863713215], [-148.6131161096906, 63.41497631765], [-148.61309827328637, 63.4147087715868], [-148.61296450025478, 63.414441225523596], [-148.61283072722316, 63.4141736794604], [-148.61257209936207, 63.413906133397184], [-148.61243832633045, 63.413638587333985], [-148.61218415757043, 63.41337104127077], [-148.61204592543777, 63.41310349520756], [-148.61179175667772, 63.412835949144345], [-148.61153758791767, 63.412568403081146], [-148.61116302342919, 63.412305316118996], [-148.61078845894068, 63.41204222915684], [-148.6102890396227, 63.41177468309363], [-148.60979407940576, 63.41151159613148], [-148.60929911918882, 63.411248509169326], [-148.6086882223445, 63.411038931419824], [-148.60807286639914, 63.41083381277136], [-148.60746642865587, 63.410677744234484], [-148.60685553181153, 63.41052167569762], [-148.60624463496723, 63.41036560716074], [-148.60563373812292, 63.41016048851229], [-148.60502284127858, 63.40995091076278], [-148.6044074853332, 63.40968782380063], [-148.60379212938784, 63.40942473683847], [-148.60329271006984, 63.40916164987632], [-148.6027977498529, 63.40889856291417], [-148.60230278963598, 63.40863547595202], [-148.60180782941904, 63.408372388989854], [-148.6013128692021, 63.408104842926654], [-148.60069751325673, 63.407846215065554], [-148.60008215731136, 63.407583128103404], [-148.59958719709442, 63.40732004114124], [-148.59909223687748, 63.40705249507804], [-148.59859727666057, 63.40678940811589], [-148.59834310790052, 63.40652632115373], [-148.5980844800394, 63.40625877509053], [-148.59770991555092, 63.405991229027315], [-148.59745574679087, 63.405728142065165], [-148.59720157803085, 63.40546059600195], [-148.59682701354234, 63.40519304993874], [-148.59645244905386, 63.40492996297659], [-148.5960734254643, 63.40466241691339], [-148.59557846524737, 63.40439932995123], [-148.5952039007589, 63.404136242989075], [-148.59470894054195, 63.403873156026926], [-148.59421398032504, 63.403610069064776], [-148.5937190201081, 63.40334252300157], [-148.59322405989116, 63.40307943603941], [-148.59260870394579, 63.40281634907726], [-148.59199780710145, 63.4026112304288], [-148.59138245115608, 63.40240165267929], [-148.59077155431177, 63.40219207492977], [-148.59016065746744, 63.40198249718026], [-148.58954530152207, 63.40177291943076]]}, "id": "00140000000000001044", "properties": {"dist_out": 1855773.3331565394, "edit_flag": "NaN", "facc": 1765.2415473318756, "grod_id": 0, "hfalls_id": 0, "lakeflag": 0, "max_width": 342, "n_chan_max": 3, "n_chan_mod": 1, "n_nodes": 52, "n_rch_dn": 1, "n_rch_up": 1, "obstr_type": 0, "rch_id_dn": "81246000131", "rch_id_up": "81246000151", "reach_id": 81246000141, "reach_len": 10359.464763632519, "river_name": "Nenana River", "slope": 3.153435195637799, "swot_obs": 4, "swot_orbit": "414 442 459 487", "trib_flag": 0, "type": 1, "width": 77, "width_var": 1169.4852861602499, "wse": 616.2000122070312, "wse_var": 110.71579711398215, "x": -148.6544320886113, "y": 63.43292228829306}}, {"type": "Feature", "geometry": {"type": "LineString", "coordinates": [[-148.59016065746744, 63.40198249718026], [-148.58954530152207, 63.40177291943076], [-148.58893440467776, 63.401567800782296], [-148.5883279669345, 63.401411732245435], [-148.5877215291912, 63.401309172921195], [-148.58711509144794, 63.40121107269802], [-148.58650865370467, 63.40116202258643], [-148.5859111341635, 63.40117094078854], [-148.58530469642025, 63.401121890676954], [-148.58470271777801, 63.40107284056536], [-148.58410519823687, 63.401081758767475], [-148.58350321959466, 63.401086217868524], [-148.58290124095242, 63.40104162685798], [-148.58229926231022, 63.401046085959045], [-148.581697283668, 63.40100149494851], [-148.58109084592473, 63.40095244483692], [-148.58048440818146, 63.40084988551269], [-148.5798779704382, 63.40069827607688], [-148.57927153269492, 63.400595716752655], [-148.5786695540527, 63.40055112574211], [-148.57806311630944, 63.40050207563053], [-148.5774655967683, 63.400564503045274], [-148.57687699542922, 63.40072948978425], [-148.57627947588807, 63.40084542641163], [-148.57569087454903, 63.40101487225168], [-148.57509781410891, 63.40117985899065], [-148.5745047536688, 63.40129579561804], [-148.57390723412763, 63.40135376393174], [-148.57330971458646, 63.401416191346485], [-148.57270773594425, 63.40136714123489], [-148.57210129820098, 63.401269041011716], [-148.57149040135667, 63.40111297247484], [-148.57087950451233, 63.40090339472533], [-148.57026860766803, 63.40069381697582], [-148.56965771082372, 63.400542207540006], [-148.56905127308042, 63.40043964821578], [-148.5684492944382, 63.40039059810419], [-148.567847315796, 63.4003995163063], [-148.56724979625483, 63.40040397540735], [-148.56664335851156, 63.40035938439682], [-148.5660369207683, 63.40025682507258], [-148.56543048302507, 63.40010075653572], [-148.5648195861807, 63.399949147099896], [-148.56421314843743, 63.399793078563015], [-148.56360671069416, 63.39969051923879], [-148.56300027295092, 63.39959241901561], [-148.56239383520764, 63.399489859691386], [-148.5617829383633, 63.39933379115451], [-148.561172041519, 63.39912421340501], [-148.5605611446747, 63.3989146356555], [-148.55995024783036, 63.398763026219676], [-148.55934381008709, 63.39866046689545], [-148.5587373723438, 63.398557907571224], [-148.5581353937016, 63.398513316560695], [-148.55753341505937, 63.398464266449096], [-148.55692697731615, 63.39841967543857], [-148.55632945777495, 63.39842413453962], [-148.55573639733484, 63.398540071167], [-148.55513887779367, 63.39865154869335], [-148.55455027645462, 63.398820994533374], [-148.55395275691347, 63.398936931160755], [-148.5533552373723, 63.39894139026182], [-148.55274879962903, 63.39889234015023], [-148.55215128008788, 63.398901258352325], [-148.55154930144565, 63.398852208240754], [-148.55094732280344, 63.39886112644285], [-148.55034980326226, 63.39891909475655], [-148.54975228372115, 63.3989815221713], [-148.5491503050789, 63.39898598127236], [-148.54855278553774, 63.39899489947445], [-148.5479552659966, 63.39905286778816], [-148.54735774645542, 63.39916880441555], [-148.5467646860153, 63.39928028194188], [-148.5461716255752, 63.399449727781914], [-148.54558302423615, 63.39961917362194], [-148.54498996379604, 63.39973065114828], [-148.54439244425487, 63.399793078563015], [-148.54379492471372, 63.39985104687672], [-148.54318848697045, 63.39980645586619], [-148.54258204922718, 63.399703896541965], [-148.54209600721234, 63.39954782800509], [-148.54160104699542, 63.399338250255575], [-148.54122648250691, 63.399070704192376], [-148.5409723137469, 63.39880761723021], [-148.54071814498684, 63.398540071167], [-148.54046397622682, 63.3982725251038], [-148.54020980746674, 63.39800497904059], [-148.53983524297826, 63.39774189207844], [-148.53934474186238, 63.39753231432893], [-148.5388542407465, 63.397322736579426], [-148.53823888480113, 63.3971131588299], [-148.53763244705786, 63.396957090293036], [-148.53702155021352, 63.39680102175616], [-148.53641511247025, 63.3966449532193], [-148.53580421562594, 63.39649334378347], [-148.53519777788267, 63.39639078445925], [-148.5345913401394, 63.39623471592237], [-148.53398490239613, 63.39613661569919], [-148.53337846465286, 63.396034056374965], [-148.53277648601065, 63.39598500626338], [-148.53217004826737, 63.39594041525284], [-148.53157698782726, 63.395998383566535], [-148.53097946828612, 63.39611432019394], [-148.53039086694704, 63.39627930693291], [-148.529802265608, 63.39650226198558], [-148.52921366426895, 63.39677872625089], [-148.52862952203094, 63.3970551905162], [-148.5280409206919, 63.39727368646783], [-148.52744786025178, 63.39744313230786], [-148.52685479981167, 63.39755906893526], [-148.5262572802705, 63.39767054646158], [-148.5256642198304, 63.397786483088964], [-148.5250711593903, 63.39789796061532], [-148.5244780989502, 63.39806740645534], [-148.52388949761112, 63.39829036150801], [-148.523296437171, 63.398455348247], [-148.5227033767309, 63.39857128487438], [-148.52210585718976, 63.398629253188076], [-148.52150387854755, 63.398638171390175], [-148.52089744080428, 63.39853561206595], [-148.520291003061, 63.39837954352909], [-148.51968010621667, 63.39817442488062], [-148.5191896051008, 63.397960388030064], [-148.5188150406123, 63.397697301067915], [-148.51844047612383, 63.3974297550047], [-148.51818630736378, 63.39716666804255], [-148.51793213860373, 63.39689912197934], [-148.51755757411524, 63.396631575916125], [-148.5170626138983, 63.396368488953975], [-148.51656765368136, 63.396105401991825], [-148.51595675683706, 63.39589582424232], [-148.51534585999272, 63.395739755705435], [-148.51473942224945, 63.39564165548226], [-148.5141329845062, 63.39553909615803], [-148.51353546496503, 63.39554355525908], [-148.51293348632282, 63.39549896424856], [-148.51232704857955, 63.39544991413697], [-148.51172061083628, 63.39534735481274], [-148.5111230912951, 63.395356273014855], [-148.51051665355183, 63.395253713690614], [-148.51003061153702, 63.39515115436639], [-148.50954011042114, 63.394995085829514], [-148.5085591081894, 63.39457593033049], [-148.50806414797245, 63.39430838426729], [-148.50744879202708, 63.39404529730514], [-148.50683789518274, 63.39378221034298], [-148.50622253923737, 63.39352358248188], [-148.50560718329203, 63.393260495519726], [-148.50499182734663, 63.39299740855758], [-148.5043809305023, 63.39273432159542], [-148.503770033658, 63.39252474384591], [-148.5031635959147, 63.392422184521685], [-148.50255715817144, 63.39237313441009], [-148.50195517952923, 63.39232854339956], [-148.50135765998806, 63.39233300250061], [-148.5007512222448, 63.39228841149008], [-148.50014478450154, 63.392132342953204], [-148.4995338876572, 63.3919227652037], [-148.4989229908129, 63.39171318745418], [-148.49842803059596, 63.39145010049203], [-148.49805346610748, 63.39118255442883], [-148.49779929734743, 63.39091500836562], [-148.49754512858738, 63.39065192140347], [-148.4975317512842, 63.390379916239205], [-148.49751837398105, 63.39011237017599], [-148.49750499667792, 63.38984482411278], [-148.4973712236463, 63.38957281894853], [-148.49723745061468, 63.38930527288532], [-148.4968628861262, 63.389042185923174], [-148.49636792590925, 63.38883260817366], [-148.49576148816598, 63.38867653963678], [-148.49515950952377, 63.388627489525206], [-148.49455753088156, 63.38858289851466], [-148.49395555223936, 63.38858735761571], [-148.49335357359712, 63.38859181671676], [-148.49275605405597, 63.388600734918874], [-148.49215407541377, 63.38855168480728], [-148.49155209677153, 63.3885026346957], [-148.49095011812932, 63.38851155289781], [-148.49035259858817, 63.38856952121151], [-148.48975061994594, 63.38857843941361], [-148.4891531004048, 63.38858289851466], [-148.48855558086362, 63.38864532592942], [-148.4879536022214, 63.38864978503046], [-148.4873516235792, 63.388600734918874], [-148.486749644937, 63.38855614390833], [-148.48614766629476, 63.38850709379676], [-148.48554122855148, 63.38840453447252], [-148.48493479080824, 63.38830643424936], [-148.48432835306497, 63.388150365712484], [-148.4837219153217, 63.38804780638826], [-148.4831199366795, 63.38799875627665], [-148.48251795803725, 63.388007674478764], [-148.4819204384961, 63.38801213357983], [-148.4813184598539, 63.38802105178193], [-148.48071648121166, 63.38802551088298], [-148.48011450256945, 63.38792295155875], [-148.47950360572514, 63.38776688302188], [-148.4788927088808, 63.387557305272374], [-148.47828627113753, 63.38740569583654], [-148.47767537429323, 63.38719611808705], [-148.4770644774489, 63.387040049550166], [-148.47645803970562, 63.38693749022594], [-148.4758560610634, 63.38683493090171], [-148.47524962332014, 63.38673683067854], [-148.47464764467793, 63.38668778056695], [-148.47404120693466, 63.386585221242726], [-148.47343922829245, 63.38654063023218], [-148.47284170875128, 63.38659859854589], [-148.47224418921013, 63.38671453517327], [-148.47165112877002, 63.38682601269961], [-148.4710580683299, 63.386995458539644], [-148.47046946699083, 63.38716044527862], [-148.4698719474497, 63.387222872693364], [-148.46926996880748, 63.38722733179441], [-148.4686724492663, 63.38723179089547], [-148.4680704706241, 63.38724070909757], [-148.4674684919819, 63.38724516819863], [-148.46687543154178, 63.38730759561338], [-148.4662779120006, 63.38741907313972], [-148.4656848515605, 63.3875350097671], [-148.4650917911204, 63.38764648729344], [-148.46449427157924, 63.387708914708185], [-148.463892292937, 63.38771337380925], [-148.4632903142948, 63.38766432369765], [-148.4626883356526, 63.38761973268712], [-148.46208189790931, 63.38757068257553], [-148.4614799192671, 63.387521632463944], [-148.46088239972593, 63.38753055066605], [-148.46028042108372, 63.3875350097671], [-148.45968290154255, 63.387597437181846], [-148.4590853820014, 63.38765540549555], [-148.45848786246023, 63.38771337380925], [-148.4578903429191, 63.387775801223995], [-148.4572928233779, 63.38783376953768], [-148.45669530383677, 63.38784268773979], [-148.45609332519453, 63.38784714684084], [-148.45549580565338, 63.38790511515454], [-148.4548982861122, 63.387967542569285], [-148.45430076657107, 63.38802551088298], [-148.4537032470299, 63.38808793829773], [-148.45310572748872, 63.388145906611435], [-148.45250820794757, 63.38815482481353], [-148.4519106884064, 63.38821279312723], [-148.45131316886528, 63.38827522054198], [-148.45071119022302, 63.38827967964303], [-148.45011367068187, 63.38828413874408], [-148.44951169203966, 63.38823954773355], [-148.44890079519533, 63.38808347919667], [-148.44828989835102, 63.38787390144717], [-148.44767900150669, 63.38766432369765], [-148.44706810466238, 63.38740123673549], [-148.44645274871698, 63.38713814977334], [-148.4458373927716, 63.38687506281119], [-148.4452264959273, 63.38661197584903], [-148.44461559908297, 63.386402398099534], [-148.44400470223866, 63.38619282035002], [-148.44339380539432, 63.3859832426005], [-148.44278290855002, 63.385773664850994], [-148.44217201170568, 63.38561759631412], [-148.44156557396244, 63.38546152777725], [-148.44095913621913, 63.385363427554076], [-148.44035715757693, 63.385260868229835], [-148.43975071983365, 63.385211818118265], [-148.43914874119145, 63.38516276800666], [-148.43854230344817, 63.385064667783496], [-148.437940324806, 63.38496210845926], [-148.43733834616376, 63.384913058347685], [-148.43673190842048, 63.38486400823608], [-148.43612992977828, 63.38481941722556], [-148.43552795113604, 63.384770367113966], [-148.43492597249383, 63.384721317002395], [-148.43432399385162, 63.38467672599185], [-148.43372201520944, 63.38462767588025], [-148.43311557746614, 63.384578625768675], [-148.43251805792497, 63.384583084869725], [-148.43191607928276, 63.38459200307184], [-148.43131855974158, 63.38464997138552], [-148.43072104020044, 63.38471239880027], [-148.43012352065927, 63.384770367113966], [-148.42953046021915, 63.38482833542766], [-148.428932940678, 63.38489076284242], [-148.42833096203577, 63.38489522194346], [-148.42772898339356, 63.384846171831875], [-148.42712700475136, 63.38480158082133], [-148.42652502610915, 63.38475253070976], [-148.42591858836587, 63.38464997138552], [-148.42530769152154, 63.38449390284866], [-148.42470125377827, 63.38433783431178], [-148.42433114839085, 63.38412825656227], [-148.42395658390237, 63.38386071049907], [-148.42358647851492, 63.38359762353691], [-148.42321191402644, 63.38338358668634], [-148.422841808639, 63.383174008936834], [-148.42223537089572, 63.38301794039996], [-148.42162893315245, 63.38286187186309], [-148.42102249540918, 63.38275931253885], [-148.42041605766593, 63.38260324400199], [-148.41980961992266, 63.38255865299145], [-148.4192121003815, 63.38256311209251], [-148.41861458084034, 63.3826790487199], [-148.41802152040023, 63.38279052624623], [-148.41742845996012, 63.38295997208627], [-148.41683985862105, 63.38312495882524], [-148.4162423390799, 63.38324089545263], [-148.4156492786398, 63.38335237297896], [-148.41505621819968, 63.383521818819], [-148.41458801258906, 63.38374031477062], [-148.41411980697845, 63.38395881072225], [-148.41365160136783, 63.38423527498755], [-148.41318339575722, 63.38445377093917], [-148.41271073104556, 63.384618757678155], [-148.41211767060545, 63.38478820351818], [-148.41152461016534, 63.38489968104451], [-148.4109270906242, 63.38501561767191], [-148.4103340301841, 63.38512709519824], [-148.40973651064292, 63.38518952261299], [-148.4091345320007, 63.385140472501405], [-148.40852809425743, 63.38503791317718], [-148.40792165651416, 63.384881844640304], [-148.40731075966985, 63.38467226689079], [-148.40669986282552, 63.38446268914128], [-148.40608896598118, 63.384253111391764], [-148.40559846486534, 63.38404353364225], [-148.4051035046484, 63.3837804466801], [-148.40473339926095, 63.383512900616886], [-148.40435883477247, 63.383249813654736], [-148.40398427028398, 63.38298226759154], [-148.40349376916808, 63.38271918062938], [-148.40299880895117, 63.38245609366723], [-148.40238791210683, 63.382246515917714], [-148.40177701526252, 63.3820369381682], [-148.4011661184182, 63.38182736041869], [-148.40055968067492, 63.38161778266919], [-148.3999487838306, 63.38140820491966], [-148.39933342788524, 63.38114511795751], [-148.3987225310409, 63.38088203099536], [-148.39810717509553, 63.38061894403321], [-148.39761667397966, 63.380351397969996], [-148.39712171376271, 63.380088311007846], [-148.39674714927423, 63.37982076494464], [-148.3963770438868, 63.37955767798248], [-148.3960024793983, 63.379290131919284], [-148.39551197828243, 63.37902704495713], [-148.3950170180655, 63.37876395799498], [-148.39440612122118, 63.37850087103283], [-148.39379076527578, 63.37823778407067], [-148.3933002641599, 63.377970238007464], [-148.392805303943, 63.377707151045314], [-148.39231034372605, 63.377444064083164], [-148.3918243017112, 63.37728353644523], [-148.39084775858052, 63.3769713993715], [-148.39036171656574, 63.376815330834624], [-148.38988013365193, 63.37676628072303], [-148.3893940916371, 63.37666372139879], [-148.38830607098006, 63.37651211196298], [-148.3877085514389, 63.376516571064045], [-148.38710657279668, 63.37646752095245], [-148.3865001350534, 63.376369420729276], [-148.38589369731017, 63.376266861405036], [-148.38528725956687, 63.376110792868175], [-148.38467636272256, 63.37590121511866], [-148.38406546587822, 63.37569163736915], [-148.38345902813495, 63.37553556883228], [-148.38285259039168, 63.37537950029541], [-148.38224615264843, 63.375276940971176], [-148.38163971490516, 63.37517438164695], [-148.38103773626293, 63.37507628142377], [-148.38043129851968, 63.37497372209955], [-148.3798248607764, 63.37487116277532], [-148.37922288213417, 63.37482211266373], [-148.37862536259303, 63.37482657176478], [-148.37802338395082, 63.37483548996689], [-148.37742586440964, 63.37483994906794], [-148.37682834486847, 63.37489791738164], [-148.37622636622626, 63.37490683558375], [-148.37562884668512, 63.3749112946848], [-148.3750268680429, 63.37486224457321], [-148.37442488940067, 63.37486670367427], [-148.37382291075846, 63.37482211266373], [-148.3732253912173, 63.37482657176478], [-148.37262341257508, 63.37483103086584], [-148.37202589303394, 63.37489345828059], [-148.37142837349276, 63.37489791738164], [-148.37082639485055, 63.37490237648269], [-148.37021995710728, 63.37479981715846], [-148.36961797846507, 63.374701716935284], [-148.36900708162074, 63.374545648398424], [-148.36840510297853, 63.374443089074184], [-148.36779866523526, 63.37434052974996], [-148.36719668659305, 63.374291479638366], [-148.36659024884977, 63.37418892031414], [-148.3659882702076, 63.374139870202555], [-148.3653818324643, 63.37398826076674], [-148.36477539472102, 63.37383219222986], [-148.36416895697775, 63.373729632905636], [-148.36356697833554, 63.3736270735814], [-148.36296054059227, 63.37352451425718], [-148.36235856195006, 63.373475464145585], [-148.36175658330785, 63.373426414034], [-148.36115014556458, 63.37332831381082], [-148.36054816692234, 63.373279263699246], [-148.3599506473812, 63.373283722800295], [-148.359348668739, 63.373288181901344], [-148.35875114919781, 63.37335060931609], [-148.3581580887577, 63.37346208684243], [-148.3575650283176, 63.37363153268246], [-148.35697196787748, 63.37379651942143], [-148.35650376226687, 63.37401501537306], [-148.35603555665628, 63.374291479638366], [-148.3556877467741, 63.37456348480263], [-148.35546033262037, 63.37483548996689], [-148.35523291846664, 63.375107495131154], [-148.35488510858448, 63.375325991082775], [-148.35453283960126, 63.37554448703438], [-148.35347157355054, 63.37593242882603], [-148.35287851311043, 63.37609741556501], [-148.35228991177138, 63.376266861405036], [-148.35169685133127, 63.37643184814402], [-148.3510993317901, 63.37648981645771], [-148.35050181224898, 63.376552243872474], [-148.3498998336067, 63.376556702973524], [-148.3492978549645, 63.37650765286193], [-148.34869141722123, 63.37635158432506], [-148.34808497947796, 63.37619551578819], [-148.34747408263365, 63.37598593803868], [-148.3471039772462, 63.37572285107653], [-148.34672941275772, 63.37545530501332], [-148.34635484826924, 63.37519221805117], [-148.3459847428818, 63.374978181200596], [-148.3456190965954, 63.37482211266373], [-148.34501265885214, 63.374666044126855], [-148.34441068020993, 63.37461699401527], [-148.34380870156772, 63.374621453116326], [-148.34321118202655, 63.374625912217375], [-148.34260920338434, 63.37463483041949], [-148.34201168384317, 63.374692798733186], [-148.34141416430205, 63.374697257834235], [-148.34081218565981, 63.374701716935284], [-148.34021466611864, 63.3747106351374], [-148.33961268747643, 63.37471509423845], [-148.33901516793526, 63.37471955333949], [-148.3384176483941, 63.37478198075425], [-148.33782012885294, 63.37483994906794], [-148.33722260931177, 63.37489791738164], [-148.33662508977062, 63.374960344796385], [-148.33602757022945, 63.37501831311008], [-148.33542559158724, 63.37502277221113], [-148.33482807204607, 63.375027231312195], [-148.33422609340386, 63.37498264030165], [-148.33362411476165, 63.37493359019007], [-148.33301767701838, 63.37483103086584], [-148.33241569837617, 63.374728471541616], [-148.33180480153183, 63.37457240300474], [-148.33119836378862, 63.37441633446787], [-148.33058746694425, 63.37420675671835], [-148.32998102920098, 63.37405068818149], [-148.32937013235667, 63.373841110431975], [-148.3287636946134, 63.37363153268246], [-148.32827319349752, 63.37342195493295], [-148.32778269238165, 63.37320791808237], [-148.32729219126577, 63.372944831120236], [-148.32679723104883, 63.37268174415807], [-148.32642712566138, 63.37241419809486], [-148.3260525611729, 63.37214665203166], [-148.32568245578545, 63.37188356506951], [-148.32530789129697, 63.371616019006304], [-148.32493778590953, 63.37135293204415], [-148.32444728479365, 63.37113889519359], [-148.32383638794934, 63.370929317444066], [-148.3232299502061, 63.3707732489072], [-148.32262797156386, 63.37067068958297], [-148.3220215338206, 63.37062609857244], [-148.32141955517838, 63.370577048460845], [-148.3208220356372, 63.37063501677454], [-148.3202289751971, 63.37074649430088], [-148.319635914757, 63.37086243092826], [-148.3190383952158, 63.3709739084546], [-148.31844533477573, 63.371089845082], [-148.31785227433562, 63.371201322608336], [-148.31725475479445, 63.371312800134675], [-148.31666169435434, 63.371428736762056], [-148.31606863391423, 63.37159372350104], [-148.31547557347412, 63.371763169341065], [-148.314882513034, 63.371874646867404], [-148.31428499349286, 63.3719326151811], [-148.31368301485065, 63.3719415333832], [-148.31308103620842, 63.37189248327162], [-148.3124790575662, 63.37184343316002], [-148.311877078924, 63.3717408738358], [-148.31127064118073, 63.37163831451157], [-148.31066420343745, 63.371535755187345], [-148.31006222479525, 63.37143319586312], [-148.30945578705197, 63.371277127326245], [-148.3088493493087, 63.37117456800202], [-148.30824291156543, 63.371018499465144], [-148.30764093292322, 63.370973908454616], [-148.307038954281, 63.37092485834302], [-148.30644143473984, 63.370982826656714], [-148.3058439151987, 63.37104079497041], [-148.30524639565755, 63.37115673159779]]}, "id": "00140000000000001045", "properties": {"dist_out": 1872338.2289002815, "edit_flag": "NaN", "facc": 1601.895359383973, "grod_id": 0, "hfalls_id": 0, "lakeflag": 0, "max_width": 547, "n_chan_max": 3, "n_chan_mod": 1, "n_nodes": 83, "n_rch_dn": 1, "n_rch_up": 1, "obstr_type": 0, "rch_id_dn": "81246000141", "rch_id_up": "81246000161", "reach_id": 81246000151, "reach_len": 16564.895743742072, "river_name": "Nenana River", "slope": 1.579451458540838, "swot_obs": 4, "swot_orbit": "181 414 442 459", "trib_flag": 1, "type": 1, "width": 67, "width_var": 837.9315834614579, "wse": 658.5, "wse_var": 65.91580882061766, "x": -148.44717592459455, "y": 63.38608610204773}}, {"type": "Feature", "geometry": {"type": "LineString", "coordinates": [[-148.3058439151987, 63.37104079497041], [-148.30524639565755, 63.37115673159779], [-148.30464887611635, 63.3712146999115], [-148.30405581567624, 63.371272668225195], [-148.30345383703403, 63.371281586427294], [-148.30285631749288, 63.37128604552834], [-148.3022498797496, 63.371236995416766], [-148.3016479011074, 63.37118794530517], [-148.30104592246516, 63.37108538598094], [-148.3004394847219, 63.370929317444066], [-148.29982858787758, 63.370719739694565], [-148.29921769103325, 63.37051016194505], [-148.29884758564586, 63.370242615881835], [-148.29859341688578, 63.369979528919686], [-148.29846410295522, 63.36970752375542], [-148.29845072565206, 63.36943997769222], [-148.29855774407736, 63.36916797252797], [-148.2985443667742, 63.368900426464755], [-148.2985354485721, 63.36863288040154], [-148.29852207126893, 63.36836087523728], [-148.2983882982373, 63.36809332917408], [-148.29813858857833, 63.367825783110874], [-148.29776402408984, 63.367562696148724], [-148.29727798207503, 63.36734865929816], [-148.2966670852307, 63.36713908154864], [-148.29606064748742, 63.36698301301177], [-148.29545420974415, 63.36682694447491], [-148.29484777200088, 63.36672438515067], [-148.2942413342576, 63.36656831661381], [-148.2936393556154, 63.36646575728957], [-148.29303291787213, 63.36636765706639], [-148.29242648012885, 63.366265097742165], [-148.29182004238558, 63.366109029205305], [-148.29121360464234, 63.36595296066842], [-148.29060716689906, 63.365743382918915], [-148.29011220668212, 63.365475836855715], [-148.28974210129468, 63.36521274989355], [-148.28937199590726, 63.36494520383035], [-148.2891178271472, 63.36467765776714], [-148.2889840541156, 63.364410111703926], [-148.28885474018506, 63.364142565640726], [-148.28872096715344, 63.36387501957752], [-148.28871204895134, 63.36360301441326], [-148.28881906737664, 63.36333546835006], [-148.28880569007347, 63.36306346318578], [-148.28891270849874, 63.36279591712258], [-148.28901972692404, 63.36252391195833], [-148.2892516001788, 63.362251906794064], [-148.28947901433253, 63.3619799016298], [-148.2898268242147, 63.36170789646554], [-148.29005423836844, 63.361435891301284], [-148.2904020482506, 63.36116388613702], [-148.29062946240433, 63.36089188097277], [-148.29085687655805, 63.36062433490956], [-148.29108429071178, 63.3603523297453], [-148.2913117048655, 63.36008032458104], [-148.29129832756234, 63.35981277851783], [-148.2911690136318, 63.359540773353565], [-148.2907944491433, 63.359277686391415], [-148.29030394802743, 63.3590101403282], [-148.2896930511831, 63.35880056257869], [-148.28908661343982, 63.358644494041826], [-148.2884846347976, 63.3585419347176], [-148.2878826561554, 63.358497343707064], [-148.2872806775132, 63.35844829359547], [-148.28667869887096, 63.358452752696536], [-148.2860811793298, 63.358457211797585], [-148.2854792006876, 63.358461670898635], [-148.28488168114643, 63.35847058910075], [-148.28428416160526, 63.358528557414445], [-148.2836866420641, 63.358533016515494], [-148.2830846634219, 63.3584839664039], [-148.28247822567863, 63.358381407079676], [-148.28187178793536, 63.3582253385428], [-148.28138128681948, 63.358015760793286], [-148.2808907857036, 63.35774821473009], [-148.28040028458773, 63.35748512776793], [-148.27990978347185, 63.35722204080577], [-148.2794148232549, 63.35695449474257], [-148.27880392641057, 63.35669140778042], [-148.27819302956627, 63.35642832081827], [-148.277586591823, 63.35621874306875], [-148.27698015407975, 63.35606267453189], [-148.27637371633645, 63.35596011520765], [-148.27577173769424, 63.35591106509606], [-148.27517421815307, 63.35591552419712], [-148.27457223951086, 63.35591998329817], [-148.27397471996971, 63.355928901500285], [-148.27337274132748, 63.355933360601334], [-148.27277522178633, 63.35588431048974], [-148.2721687840431, 63.355781751165516], [-148.27156680540085, 63.355679191841276], [-148.27095590855652, 63.355523123304415], [-148.27034947081324, 63.3553135455549], [-148.26973857396894, 63.35510396780539], [-148.26913213622566, 63.354894390055875], [-148.26852123938133, 63.354631303093726], [-148.26791034253702, 63.35436375703051], [-148.26729944569271, 63.35410067006836], [-148.26668854884838, 63.353891092318854], [-148.26607765200404, 63.35368151456934], [-148.26547121426077, 63.35347193681982], [-148.26486477651753, 63.35331586828296], [-148.26425833877428, 63.353213308958736], [-148.26365190103098, 63.35305724042186], [-148.2630454632877, 63.35290117188499], [-148.26243902554444, 63.35274510334812], [-148.26183258780117, 63.352589034811245], [-148.2612261500579, 63.352432966274385], [-148.26062417141569, 63.352330406950145], [-148.26002219277348, 63.35228135683855], [-148.2594246732323, 63.3522858159396], [-148.2588226945901, 63.352290275040666], [-148.25822071594789, 63.35224122492908], [-148.25761873730568, 63.352138665604855], [-148.2570122995624, 63.35198259706798], [-148.25640586181913, 63.3518265285311], [-148.25579942407586, 63.35167045999424], [-148.2551929863326, 63.351514391457364], [-148.25458654858932, 63.3513583229205], [-148.25398011084604, 63.35120225438362], [-148.25336921400174, 63.350992676634114], [-148.25287871288586, 63.350729589671964], [-148.25238821176998, 63.35046204360875], [-148.25213850211097, 63.35019449754555], [-148.2520047290794, 63.34992695148234], [-148.25199581087728, 63.34965940541914], [-148.25186203784565, 63.349391859355926], [-148.25172826481406, 63.34912431329271], [-148.25135815942662, 63.34885676722951], [-148.25086765831074, 63.34859368026735], [-148.25026122056747, 63.34837964341679], [-148.24965032372316, 63.348170065667276], [-148.2490438859799, 63.34796048791777], [-148.24843744823661, 63.3478044193809], [-148.24783101049334, 63.347648350844025], [-148.24722011364904, 63.34743877309451], [-148.24661367590576, 63.34728270455765], [-148.24601169726355, 63.34718014523341], [-148.24540525952028, 63.34702407669655], [-148.244798821777, 63.346868008159674], [-148.24419238403374, 63.34671193962281], [-148.2435814871894, 63.3465023618733], [-148.2429705903451, 63.34623927491115], [-148.24248008922922, 63.345971728847935], [-148.24198958811337, 63.345708641885786], [-148.24173987845435, 63.34544109582257], [-148.24160610542273, 63.34517354975936], [-148.24147679149218, 63.3449015445951], [-148.24134301846058, 63.344633998531904], [-148.24121370453003, 63.34436645246869], [-148.24096399487104, 63.34409890640549], [-148.24058943038256, 63.34383581944334], [-148.24021932499514, 63.34356827338013], [-148.2397332829803, 63.34335869563061], [-148.23924278186442, 63.343144658780055], [-148.23863634412115, 63.34298859024318], [-148.23802990637788, 63.3428325217063], [-148.23742792773567, 63.34272996238207], [-148.2368214899924, 63.34262740305785], [-148.23621951135019, 63.34257835294626], [-148.235621991809, 63.34252930283467], [-148.2350200131668, 63.34253822103678], [-148.23442249362563, 63.34254268013783], [-148.23382497408448, 63.34260064845153], [-148.2332274545433, 63.34265861676522], [-148.23262993500217, 63.34271658507892], [-148.23203687456206, 63.3428325217063], [-148.23144381412195, 63.34294399923265], [-148.23084629458077, 63.343001967546336], [-148.23024431593856, 63.3430064266474], [-148.2296467963974, 63.3430153448495], [-148.22904481775518, 63.34291278552527], [-148.2284383800119, 63.3427567169884], [-148.2278274831676, 63.34254268013783], [-148.22722104542433, 63.34233310238832], [-148.22673054430845, 63.34207001542617], [-148.226360438921, 63.34180246936296], [-148.2262266658894, 63.34153492329976], [-148.2262177476873, 63.34126737723655], [-148.22632476611258, 63.340995372072285], [-148.22643178453785, 63.34072336690802], [-148.22642286633575, 63.340455820844824], [-148.22628909330416, 63.34018827478162], [-148.22603938364517, 63.339920728718404], [-148.22590561061355, 63.339653182655205], [-148.22565590095456, 63.33938563659199], [-148.22540619129558, 63.33911809052879], [-148.22515202253553, 63.33885054446558], [-148.2244162708617, 63.338426929865506], [-148.22393022884688, 63.33827086132863], [-148.2234486459331, 63.33822181121704], [-148.2229715221204, 63.33827532042969], [-148.22249885740874, 63.33844476626971], [-148.22155798708644, 63.338881758172946], [-148.22108978147583, 63.33915376333722], [-148.22062603496627, 63.33943022760253], [-148.22027376598305, 63.33970223276679], [-148.2199259561009, 63.33997423793105], [-148.2195781462187, 63.34019273388266], [-148.2192258772355, 63.34035772062165], [-148.21874875342277, 63.340469198147986], [-148.21815123388163, 63.340473657249035], [-148.21754925523942, 63.34037109792481], [-148.21694281749612, 63.340215029387934], [-148.2165727121087, 63.34000099253737], [-148.2163230024497, 63.339733446474156], [-148.2161892294181, 63.33946590041096], [-148.216180311216, 63.33919835434775], [-148.21628732964126, 63.33892634918349], [-148.21627841143916, 63.33865880312029], [-148.216265034136, 63.33838679795601], [-148.21613572020544, 63.33811925189281], [-148.2161223429023, 63.33785170582961], [-148.21610896559915, 63.33758415976641], [-148.21610004739702, 63.337312154602145], [-148.21608667009386, 63.33704460853893], [-148.21619814762022, 63.33677260337468], [-148.21618477031706, 63.33650505731147], [-148.21617585211493, 63.336233052147215], [-148.21616247481177, 63.335965506084], [-148.2161490975086, 63.3356979600208], [-148.2161401793065, 63.33542595485654], [-148.2162471977318, 63.335158408793326], [-148.21635867525814, 63.33488640362906], [-148.2164656936834, 63.33461885756586], [-148.2165727121087, 63.33434685240161], [-148.21668418963503, 63.334074847237346], [-148.21667081233187, 63.33380730117413], [-148.2165414984013, 63.33353975511092], [-148.21640772536972, 63.33327220904772], [-148.21627841143916, 63.333004662984514], [-148.2160242426791, 63.332737116921315], [-148.21577453302012, 63.3324695708581], [-148.21552482336114, 63.33220202479489], [-148.21527511370215, 63.33193447873169], [-148.21490054921364, 63.331666932668476], [-148.21453044382622, 63.331403845706326], [-148.21403994271034, 63.33113629964311], [-148.21354944159447, 63.33087321268096], [-148.21293854475016, 63.33060566661775], [-148.21233210700686, 63.3303425796556], [-148.21172121016255, 63.33013300190609], [-148.21111923152034, 63.330030442581865], [-148.2105172528781, 63.32998139247027], [-148.20991973333696, 63.33003936078398], [-148.20933113199789, 63.330208806624], [-148.2087380715578, 63.33037379336298], [-148.20814055201663, 63.33048527088932], [-148.20755195067758, 63.330654716729356], [-148.2069544311364, 63.33076619425568], [-148.2063613706963, 63.33087767178203], [-148.2057683102562, 63.330993608409415], [-148.20517524981608, 63.33115859514839], [-148.20470258510443, 63.33132358188736], [-148.2043503161212, 63.33154207783898], [-148.20400250623902, 63.3317605737906], [-148.20365023725583, 63.33197906974222], [-148.20330242737364, 63.33219756569384], [-148.20282530356093, 63.33230904322018], [-148.20222778401975, 63.33231350232123], [-148.20162580537755, 63.332210942997], [-148.20101936763427, 63.33205487446012], [-148.2005288665184, 63.33179178749797], [-148.20015876113098, 63.33152424143477], [-148.19990459237093, 63.331256695371565], [-148.19977527844037, 63.33098914930835], [-148.19976636023827, 63.3307171441441], [-148.19963258720665, 63.33044959808089], [-148.19938287754766, 63.330182052017676], [-148.19901277216022, 63.32997247426817], [-148.1985267301454, 63.3297584374176], [-148.19792029240213, 63.32960236888074], [-148.19731385465886, 63.32944630034387], [-148.19671187601665, 63.32934374101964], [-148.19610989737444, 63.329294690908036], [-148.19551237783327, 63.3292991500091], [-148.1949148582921, 63.329361577423846], [-148.194321797852, 63.329473054950185], [-148.19372427831084, 63.32958453247652], [-148.19313121787073, 63.32964250079022], [-148.19252923922852, 63.32964695989127], [-148.1919272605863, 63.329544400567045], [-148.19132082284307, 63.32938833203016], [-148.19071438509977, 63.329178754280655], [-148.19010348825543, 63.328915667318505], [-148.18949259141112, 63.328652580356355], [-148.1888816945668, 63.32838503429314], [-148.18827525682352, 63.32812194733099], [-148.1876643599792, 63.32785886036884], [-148.18705346313487, 63.32759577340669], [-148.186562962019, 63.32732822734348], [-148.18607246090312, 63.32706514038133], [-148.18558195978724, 63.326797594318116], [-148.18509145867137, 63.326534507355966], [-148.18460541665655, 63.326320470505394], [-148.18399897891328, 63.326164401968526], [-148.18339700027104, 63.3260618426443], [-148.18279502162883, 63.326012792532715], [-148.1821975020877, 63.326017251633765], [-148.18172037827497, 63.3261287291601], [-148.18124325446223, 63.326186697473794], [-148.180890985479, 63.326351684212774], [-148.18066357132528, 63.326570180164396], [-148.18055209379895, 63.32684218532866], [-148.18044507537368, 63.32710973139186], [-148.1800972654915, 63.32738173655611], [-148.17974945560934, 63.327653741720376], [-148.17927679089766, 63.327872237672], [-148.1786881895586, 63.328095192724675], [-148.1780951291185, 63.32826017946365], [-148.17749760957736, 63.328318147777345], [-148.17690009003618, 63.328322606878395], [-148.176302570495, 63.3283315250805], [-148.1757005918528, 63.328282474968915], [-148.1750986132106, 63.32823342485732], [-148.17450109366942, 63.32823788395837], [-148.1738991150272, 63.32824234305942], [-148.1733060545871, 63.32830031137312], [-148.17270853504596, 63.328358279686825], [-148.17211101550478, 63.328469757213156], [-148.17152241416574, 63.32863920305319], [-148.17092935372563, 63.32885769900481], [-148.170461148115, 63.32907619495643], [-148.1699929425044, 63.32935265922173], [-148.16964513262226, 63.32962466438601], [-148.16929286363901, 63.32989666955026], [-148.16894505375683, 63.33016867471452], [-148.1684768481462, 63.33038717066614], [-148.16800418343456, 63.330552157405116], [-148.16741112299445, 63.330663634931454], [-148.16680914435224, 63.330668094032504], [-148.16620716571003, 63.33056553470828], [-148.16560072796676, 63.33040946617141], [-148.16511468595192, 63.3301998884219], [-148.1647445805645, 63.32993234235869], [-148.16437447517708, 63.32966479629549], [-148.1642407021455, 63.329397250232276], [-148.1643521796718, 63.32912970416908], [-148.16445919809706, 63.32885769900481], [-148.1645706756234, 63.328585693840544], [-148.16479808977712, 63.328318147777345], [-148.16490510820242, 63.32804614261308], [-148.1647757942719, 63.327778596549884], [-148.16452608461287, 63.32751105048667], [-148.16415597922543, 63.32724350442346], [-148.16366547810955, 63.32698041746131], [-148.16305904036628, 63.3267708397118], [-148.16244814352197, 63.32655680286122], [-148.16184616487976, 63.32640073432436], [-148.1612397271365, 63.3262446657875], [-148.16063774849428, 63.32614210646326], [-148.160031310751, 63.32603954713903], [-148.15943379120984, 63.32604400624008], [-148.15883627166872, 63.32610197455378], [-148.1582432112286, 63.32621345208012], [-148.1576456916874, 63.32627587949488], [-148.15704817214623, 63.32633384780856], [-148.1564506526051, 63.32633830690961], [-148.1558531330639, 63.32634276601066], [-148.1552511544217, 63.326347225111725], [-148.1546580939816, 63.32640519342542], [-148.15406057444045, 63.326463161739106], [-148.15346751400034, 63.326579098366494], [-148.15286999445917, 63.326690575892826], [-148.15227693401906, 63.32685556263181], [-148.15168387357895, 63.327020549370786], [-148.1510952722399, 63.32724350442346], [-148.15050667090085, 63.327462000375085], [-148.15003400618917, 63.32768049632671], [-148.14968619630702, 63.32789899227832], [-148.14945432305223, 63.32817099744258], [-148.14934730462699, 63.32844300260684], [-148.1492358271006, 63.32871054867005], [-148.14900841294687, 63.3289825538343], [-148.14865614396365, 63.329147540573274], [-148.14771081454035, 63.329477514051234], [-148.14723814982867, 63.32964250079022], [-148.14653807096326, 63.33007949269345], [-148.14618580198004, 63.33035149785771], [-148.14571759636945, 63.330623503021975], [-148.14524939075883, 63.33089996728729], [-148.14466078941976, 63.33117197245154], [-148.1443129795376, 63.331443977615805], [-148.1440855653839, 63.33171598278007], [-148.14397408785754, 63.33198352884328], [-148.14410786088914, 63.33225553400754], [-148.14435757054815, 63.33252308007075], [-148.14448688447868, 63.33279062613395], [-148.14461619840924, 63.33305817219716], [-148.14474997144083, 63.33332571826036], [-148.14475888964296, 63.333593264323575], [-148.14476780784506, 63.33386526948783], [-148.14478118514822, 63.33413281555103], [-148.14466970762192, 63.33440482071529], [-148.1445626891966, 63.334672366778506], [-148.14433081594183, 63.33494437194277], [-148.14398300605964, 63.33516286789439], [-148.143510341348, 63.33532785463336], [-148.14303321753528, 63.3354393321597], [-148.1424356979941, 63.335497300473385], [-148.14183817845293, 63.33550175957445], [-148.14124065891178, 63.335559727888146], [-148.14064759847167, 63.33567566451553], [-148.14017493376, 63.3358406512545], [-148.13970226904834, 63.33605914720613], [-148.13923406343773, 63.33633115237039], [-148.1387658578271, 63.33660315753463], [-148.1382976522165, 63.33687962179996], [-148.13770905087745, 63.33715162696422], [-148.13711599043734, 63.33737012291584], [-148.1365273890983, 63.337539568755865], [-148.13592986955712, 63.33759753706956], [-148.1353278909149, 63.33760199617061], [-148.13473037137373, 63.33755294605903], [-148.13412839273153, 63.33750389594745], [-148.13352195498825, 63.33740133662321], [-148.1329244354471, 63.337352286511624], [-148.1323224568049, 63.33730323640003], [-148.13171601906163, 63.337200677075806], [-148.1311140404194, 63.33704460853893], [-148.13050760267615, 63.336942049214706], [-148.1299056240339, 63.33678152157678], [-148.1292947271896, 63.336571943827266], [-148.1286927485474, 63.336415875290406], [-148.12808631080412, 63.336313315966166], [-148.1274843321619, 63.33621075664194], [-148.12688681262077, 63.336215215743], [-148.12628929307957, 63.33627318405669], [-148.12569177353842, 63.33633115237039], [-148.12509425399725, 63.336389120684075], [-148.1244967344561, 63.33644708899777], [-148.12389921491493, 63.336451548098836], [-148.12329723627272, 63.33640249798724], [-148.1226952576305, 63.33635344787566], [-148.12209327898827, 63.33630439776406], [-148.12149575944713, 63.33625534765248], [-148.12089378080492, 63.33620629754088], [-148.12029180216268, 63.33621075664194], [-148.11969428262154, 63.336215215743], [-148.11909676308036, 63.3362241339451], [-148.11849924353922, 63.3362821022588], [-148.11790172399805, 63.33634007057248], [-148.11730866355794, 63.336451548098836], [-148.11671560311783, 63.33661653483781], [-148.11624293840617, 63.336835030789416], [-148.11589066942295, 63.337053526741045], [-148.11566325526923, 63.3373255319053], [-148.11543138201444, 63.33759753706956], [-148.1152039678607, 63.337869542233825], [-148.1148516988775, 63.3380345289728], [-148.11437457506477, 63.33808803818543], [-148.11377259642256, 63.338092497286496], [-148.1131750768814, 63.33804344717491], [-148.11256863913812, 63.337940887850685], [-148.11197111959697, 63.33789183773908], [-148.11136914095474, 63.33789629684014], [-148.1107716214136, 63.33795872425489], [-148.11017856097348, 63.33807020178123], [-148.10958550053337, 63.3382351885202], [-148.1091128358217, 63.33845368447182], [-148.1086446302111, 63.338725689636085], [-148.10829682032892, 63.33899769480035], [-148.10794901044676, 63.3392696999646], [-148.10759674146354, 63.33948819591623], [-148.1071240767519, 63.33970669186784], [-148.1066514120402, 63.339871678606826], [-148.1060583516001, 63.34004112444685], [-148.10546529116, 63.34015260197319], [-148.1048677716188, 63.34026407949952], [-148.10427025207767, 63.34032204781322], [-148.1036727325365, 63.34038001612692], [-148.10307521299535, 63.34038447522797], [-148.10247769345418, 63.34038893432901], [-148.10187571481197, 63.34039339343006], [-148.1012781952708, 63.340455820844824], [-148.10068513483068, 63.34056729837116], [-148.10009207439057, 63.340732285110136], [-148.09949901395046, 63.34089727184911], [-148.09890595351035, 63.341062258588096], [-148.09831289307024, 63.34117819521548], [-148.0977153735291, 63.34123616352918], [-148.0971133948869, 63.34124062263023], [-148.09651587534572, 63.34129859094393], [-148.09591835580454, 63.341356559257626], [-148.09532529536446, 63.34146803678395], [-148.0947277758233, 63.34152600509765], [-148.0941302562821, 63.3415304641987], [-148.0935282776399, 63.341481414087106], [-148.0929262989977, 63.34137885476288], [-148.09231986125442, 63.341276295438654], [-148.09172234171325, 63.34122724532707], [-148.09112036307104, 63.34123170442812], [-148.0905228435299, 63.34123616352918], [-148.08992532398875, 63.341294131842865], [-148.08932780444755, 63.34129859094393], [-148.0887302849064, 63.341356559257626], [-148.08813276536523, 63.34146803678395], [-148.08753970492512, 63.34158397341133], [-148.086946644485, 63.34174896015032], [-148.0863535840449, 63.34196745610194], [-148.08576498270585, 63.34219041115462], [-148.0852923179942, 63.34240890710624], [-148.08494450811202, 63.34268091227049], [-148.08471263485728, 63.3429484583337], [-148.08460115733092, 63.34322046349796], [-148.08461453463406, 63.343488009561156], [-148.0847438485646, 63.34375555562437], [-148.08487316249517, 63.34402756078863], [-148.08488208069727, 63.344295106851845], [-148.084775062272, 63.3445671120161], [-148.0845431890172, 63.344781148866666], [-148.08407052430556, 63.34494613560564], [-148.08347746386545, 63.345115581445675], [-148.08288440342534, 63.34528056818465], [-148.08229134298523, 63.345445554923636], [-148.08169828254512, 63.34566405087524], [-148.08110968120607, 63.34594051514057], [-148.08064147559546, 63.34621252030482], [-148.08016881088378, 63.34648452546907], [-148.07970060527316, 63.34675653063335], [-148.0792279405615, 63.34697502658496], [-148.07875527584983, 63.347086504111296], [-148.07815775630868, 63.34714447242498], [-148.07755577766648, 63.34709542231341], [-148.07695379902424, 63.34704637220182], [-148.07635182038206, 63.34694381287758], [-148.07574984173982, 63.346894762766006], [-148.0751478630976, 63.34684571265441], [-148.07455034355644, 63.34685017175546], [-148.07394836491423, 63.34680112164388], [-148.07335084537306, 63.34680558074493], [-148.07274886673085, 63.346810039845984], [-148.0721513471897, 63.34681449894703], [-148.07155382764853, 63.34687246726074], [-148.07095630810736, 63.34693043557442], [-148.0703587885662, 63.34704191310076], [-148.06988612385453, 63.34720689983974], [-148.0695338548713, 63.347425395791355], [-148.0691815858881, 63.347643891742976], [-148.06883377600596, 63.3478623876946], [-148.06847704792165, 63.34802737443358], [-148.06800438321, 63.34813885195991], [-148.06740686366882, 63.3481968202736], [-148.0668048850266, 63.348201279374656], [-148.06620736548544, 63.34820573847572], [-148.0656098459443, 63.34821019757677], [-148.06501232640312, 63.34826816589045], [-148.06441480686195, 63.34837964341679], [-148.0638217464219, 63.34854463015578], [-148.06322868598176, 63.34876758520845], [-148.06264008464268, 63.34903959037271], [-148.06205148330366, 63.34931605463802], [-148.0614628819646, 63.34958805980228], [-148.06087428062554, 63.34986006496654], [-148.06028122018543, 63.350136529231854], [-148.05969261884636, 63.350355025183475], [-148.05909955840625, 63.35057352113508], [-148.05850649796614, 63.35073850787407], [-148.05791343752603, 63.35085444450146], [-148.05731591798488, 63.350912412815156], [-148.0567183984437, 63.35097038112884], [-148.0561164198015, 63.3509748402299], [-148.05551890026032, 63.35097929933095], [-148.05491692161812, 63.350983758432015], [-148.05431940207697, 63.3510417267457], [-148.0537218825358, 63.351099695059396], [-148.05312436299462, 63.351157663373094], [-148.05252684345348, 63.351215631686784], [-148.05193378301337, 63.351327109213116], [-148.0513362634722, 63.35138507752682], [-148.05073874393105, 63.35149655505315], [-148.05014568349094, 63.35166600089319], [-148.04955262305083, 63.35183098763216], [-148.04895956261072, 63.351995974371135], [-148.0483665021706, 63.35221447032276], [-148.04789829656, 63.352432966274385], [-148.04754602757677, 63.35265146222599], [-148.04743455005044, 63.352923467390255], [-148.047563863981, 63.35319101345347], [-148.04793396936842, 63.35345855951667]]}, "id": "00140000000000001046", "properties": {"dist_out": 1891451.6923800772, "edit_flag": "NaN", "facc": 1336.8529963588276, "grod_id": 0, "hfalls_id": 0, "lakeflag": 0, "max_width": 331, "n_chan_max": 2, "n_chan_mod": 1, "n_nodes": 96, "n_rch_dn": 1, "n_rch_up": 1, "obstr_type": 0, "rch_id_dn": "81246000151", "rch_id_up": "81246000276", "reach_id": 81246000161, "reach_len": 19113.463479795642, "river_name": "Nenana River", "slope": 4.747606060846532, "swot_obs": 4, "swot_orbit": "136 181 414 459", "trib_flag": 1, "type": 1, "width": 48, "width_var": 396.729302801797, "wse": 678.7999877929688, "wse_var": 887.1859875718221, "x": -148.18331592816472, "y": 63.34231688474394}}, {"type": "Feature", "geometry": {"type": "LineString", "coordinates": [[-148.91296836002954, 63.783485346908876], [-148.9124600225095, 63.783222259946726], [-148.91195614409042, 63.782959172984576], [-148.91157266139982, 63.78269608602241], [-148.91118917870924, 63.78243299906026], [-148.91093055084812, 63.78216545299706], [-148.91066746388597, 63.78190236603489], [-148.91052923175332, 63.78163481997171], [-148.9103865405196, 63.781367273908494], [-148.9103687041154, 63.781095268744245], [-148.91035086771117, 63.78082772268103], [-148.91033303130698, 63.78056017661782], [-148.91031519490275, 63.780288171453556], [-148.91029735849855, 63.78002062539036], [-148.91027952209433, 63.77975307932715], [-148.9102616856901, 63.77948107416289], [-148.9102438492859, 63.77921352809969], [-148.91022601288168, 63.778945982036475], [-148.91020817647745, 63.77867397687221], [-148.9101858809722, 63.77840643080901], [-148.910168044568, 63.77813888474581], [-148.91015020816377, 63.777866879581545], [-148.91013237175954, 63.77759933351833], [-148.91011453535535, 63.77733178745512], [-148.91009669895115, 63.77705978229087], [-148.91007886254692, 63.776792236227664], [-148.9100610261427, 63.77652469016445], [-148.9100431897385, 63.7762526850002], [-148.91002535333428, 63.77598513893699], [-148.9101279126585, 63.775713133772726], [-148.91023047198274, 63.77544112860847], [-148.91033303130698, 63.77517358254526], [-148.91043559063118, 63.77490157738101], [-148.91054260905648, 63.774629572216746], [-148.91052477265225, 63.77436202615353], [-148.91050693624805, 63.77409448009032], [-148.9104846407428, 63.773822474926064], [-148.91046680433857, 63.773554928862865], [-148.91044896793434, 63.77328738279965], [-148.91043113153015, 63.77301537763539], [-148.91041329512592, 63.772747831572175], [-148.91051585445015, 63.77247582640793], [-148.9106184137744, 63.77220828034472], [-148.9108458279281, 63.77193181607941], [-148.91106878298078, 63.771659810915146], [-148.9112961971345, 63.7713878057509], [-148.91151915218717, 63.77111580058663], [-148.9117465663409, 63.77084379542235], [-148.9119695213936, 63.7705717902581], [-148.9121969355473, 63.77029978509385], [-148.91241989059998, 63.770027779929585], [-148.9125224499242, 63.76975577476532], [-148.91274986407794, 63.76948376960106], [-148.9128524234022, 63.76921622353785], [-148.9129549827264, 63.768944218373605], [-148.9131823968801, 63.76867221320934], [-148.9134053519328, 63.768400208045065], [-148.9133875155286, 63.76812820288082], [-148.91336967912437, 63.76786065681761], [-148.91335184272015, 63.76759311075441], [-148.913088755758, 63.7673255646912], [-148.91270973216845, 63.76711598694168], [-148.9123307085789, 63.766906409192174], [-148.91183128926093, 63.76669683144266], [-148.91120701511343, 63.76648725369314], [-148.910587200067, 63.76628213504469], [-148.91007886254692, 63.76601904808253], [-148.9095749841279, 63.765755961120384], [-148.90919150143728, 63.76549287415823], [-148.90881247784773, 63.76522978719608], [-148.90854939088558, 63.76496224113287], [-148.908165908195, 63.76469915417072], [-148.90790282123282, 63.76443160810751], [-148.90764419337174, 63.76416406204431], [-148.9073811064096, 63.763900975082144], [-148.90724287427693, 63.763633429018945], [-148.90710464214428, 63.76336588295573], [-148.90696195091056, 63.76309833689252], [-148.9068237187779, 63.76283079082932], [-148.9068058823737, 63.76256324476611], [-148.90654279541153, 63.762295698702914], [-148.9064045632789, 63.7620281526397], [-148.9062663311462, 63.7617606065765], [-148.90600324418406, 63.76149306051329], [-148.9057401572219, 63.76122997355114], [-148.90548152936083, 63.760962427487925], [-148.90509804667022, 63.760699340525775], [-148.90459416825118, 63.760436253563626], [-148.90409028983214, 63.760173166601476], [-148.9034615565836, 63.75991007963931], [-148.9028372824361, 63.75965145177821], [-148.90233340401707, 63.75938836481606], [-148.90182952559803, 63.75912527785391], [-148.901325647179, 63.75886219089176], [-148.9009421644884, 63.7585991039296], [-148.9005586817978, 63.75833601696745], [-148.90005480337877, 63.7580729300053], [-148.89967132068819, 63.757805383942085], [-148.89940823372604, 63.757542296979935], [-148.8990292101365, 63.757279210017785], [-148.8987661231743, 63.75701166395457], [-148.89862789104166, 63.75674411789137], [-148.89848519980796, 63.75647657182816], [-148.8983469676753, 63.756209025764946], [-148.89832913127108, 63.75594147970175], [-148.89843169059532, 63.75566947453749], [-148.8985387090206, 63.75539746937323], [-148.89864126834482, 63.75512992331003], [-148.89874382766905, 63.75485791814575], [-148.89884638699328, 63.7545859129815], [-148.8988285505891, 63.7543183669183], [-148.89881071418486, 63.754046361754035], [-148.89879287778064, 63.753778815690836], [-148.89877504137644, 63.75351126962761], [-148.8987572049722, 63.75323926446336], [-148.89873936856802, 63.752971718400154], [-148.8987215321638, 63.752704172336955], [-148.89870369575956, 63.75243216717269], [-148.89868585935537, 63.75216462110948], [-148.89866802295114, 63.751897075046266], [-148.89865018654694, 63.75162506988201], [-148.89862789104166, 63.75135752381881], [-148.89873490946695, 63.75108551865455], [-148.89896232362068, 63.75086702270293], [-148.89931013350284, 63.75064852675131], [-148.89979171641662, 63.75053259012392], [-148.90039369505882, 63.75047462181021], [-148.90100459190316, 63.750519212820755], [-148.90161994784853, 63.75061731304393], [-148.90223976289496, 63.75077338158081], [-148.9028595779414, 63.750924991016625], [-148.90347493388677, 63.751076600452436], [-148.90409028983214, 63.751179159776676], [-148.90470118667645, 63.751223750787204], [-148.90531208352078, 63.751268341797726], [-148.90592298036512, 63.751259423595634], [-148.90652495900733, 63.75120145528193], [-148.9071313967506, 63.75113902786718], [-148.90772891629175, 63.7510230912398], [-148.90833089493395, 63.7509071546124], [-148.90892841447513, 63.75073770877238], [-148.90952147491524, 63.75056826293235], [-148.91011453535535, 63.75034530787967], [-148.910587200067, 63.750122352827], [-148.91093500994918, 63.749850347662736], [-148.91128281983137, 63.74957388339743], [-148.91150577488403, 63.74930187823317], [-148.91160833420824, 63.749029873068906], [-148.91171089353247, 63.74876232700569], [-148.9119383076862, 63.74849032184144], [-148.91204086701043, 63.74821831667719], [-148.91214342633467, 63.747946311512926], [-148.9122459856589, 63.74767430634865], [-148.91234854498313, 63.74740676028545], [-148.9123307085789, 63.747134755121195], [-148.91231287217468, 63.74686720905798], [-148.9124154314989, 63.74659520389373], [-148.9125224499242, 63.74632765783052], [-148.91250461351999, 63.74605565266625], [-148.9123619222863, 63.74578810660305], [-148.91210329442518, 63.7455250196409], [-148.91159941600614, 63.74526193267875], [-148.9109796009597, 63.74510586414187], [-148.91036424501434, 63.74500776391869], [-148.90975334817006, 63.74496317290817], [-148.9091424513257, 63.74491858189763], [-148.90853601358242, 63.74492304099869], [-148.90792065763705, 63.744824940775516], [-148.90730530169168, 63.74472684055234], [-148.9066899457463, 63.7446242812281], [-148.90607458980094, 63.744526181004936], [-148.90545923385554, 63.74437457156911], [-148.90483941880913, 63.74421850303223], [-148.9042196037627, 63.74406689359642], [-148.90359978871626, 63.7438573158469], [-148.90297551456877, 63.74365219719845], [-148.90235569952236, 63.74344261944894], [-148.90173142537486, 63.74323750080049], [-148.9011071512274, 63.742974413838326], [-148.9004828770799, 63.742715785977225], [-148.89985860293243, 63.742452699015075], [-148.899238787886, 63.74230108957926], [-148.89861897283956, 63.74214502104238], [-148.8980036168942, 63.74199341160657], [-148.89738380184775, 63.741841802170754], [-148.89676398680132, 63.74168573363388], [-148.89613971265385, 63.74142710577278], [-148.8956358342348, 63.74116401881063], [-148.89513195581577, 63.74090093184848], [-148.8946325364978, 63.74069135409896], [-148.8941331171798, 63.740481776349455], [-148.89300942371432, 63.74006707995147], [-148.89238514956685, 63.739857502201964], [-148.89176087541935, 63.73959887434087], [-148.89113660127188, 63.739335787378714], [-148.89051232712438, 63.739077159517606], [-148.88988805297691, 63.738814072555456], [-148.88925931972838, 63.73855544469437], [-148.88863504558088, 63.738292357732206], [-148.88801077143341, 63.738029270770056], [-148.88738649728595, 63.737770642908956], [-148.88676222313845, 63.73756106515944], [-148.886142408092, 63.737355946510995], [-148.8855225930456, 63.73719987797411], [-148.8849072371002, 63.7370482685383], [-148.88429188115484, 63.736950168315126], [-148.8836720661084, 63.73679409977825], [-148.88305671016303, 63.73664249034243], [-148.8824368951166, 63.73648642180557], [-148.88181708007016, 63.73633481236975], [-148.88119726502376, 63.73612523462023], [-148.88057744997732, 63.73597362518442], [-148.87996209403195, 63.73582201574859], [-148.87934227898552, 63.73566594721173], [-148.87872692304015, 63.73551433777591], [-148.8781071079937, 63.735358269239036], [-148.87748729294728, 63.735206659803225], [-148.8768719370019, 63.73505059126635], [-148.8762476628544, 63.7348454726179], [-148.875627847808, 63.73463589486838], [-148.87500803276157, 63.73443077621992], [-148.87450415434253, 63.73416768925777], [-148.87412067165195, 63.73390460229562], [-148.87373718896134, 63.73363705623241], [-148.87347856110023, 63.733373969270254], [-148.87321547413808, 63.73310642320705], [-148.872956846277, 63.73283887714385], [-148.87257336358638, 63.7325757901817], [-148.8723147357253, 63.732312703219534], [-148.87205164876312, 63.732045157156335], [-148.87191341663046, 63.73177761109312], [-148.8717751844978, 63.73151006502992], [-148.8717573480936, 63.73124251896671], [-148.87161911596095, 63.730974972903496], [-148.87147642472723, 63.7307074268403], [-148.87145858832304, 63.73043542167604], [-148.8714407519188, 63.73016787561283], [-148.87142291551461, 63.72990032954963], [-148.8716503296683, 63.72962832438535], [-148.87187328472103, 63.72935186012005], [-148.87198030314627, 63.72908431405685], [-148.87220325819894, 63.728812308892586], [-148.87255552718216, 63.728589353839915], [-148.87290333706434, 63.72837085788829], [-148.87338046087706, 63.728254921260906], [-148.87398689862033, 63.72819695294721], [-148.8745933363636, 63.72818803474511], [-148.87519977410687, 63.72817911654298], [-148.87581067095118, 63.728223707553525], [-148.87641710869445, 63.728219248452476], [-148.87702354643773, 63.72821033025038], [-148.877629984181, 63.72820141204826], [-148.87823642192427, 63.7281389846335], [-148.87883394146542, 63.72802304800612], [-148.8794314610066, 63.727853602166086], [-148.8800245214467, 63.72763064711343], [-148.88049272705732, 63.727358641949166], [-148.88071568210998, 63.72708217768384], [-148.88082270053525, 63.72681463162064], [-148.88068000930156, 63.726547085557435], [-148.88042138144044, 63.72627953949422], [-148.88003789874986, 63.72601645253207], [-148.87977927088875, 63.72574890646887], [-148.8795161839266, 63.72548581950671], [-148.87937795179394, 63.72521827344351], [-148.87923971966129, 63.724950727380296], [-148.87934227898552, 63.724678722216034], [-148.87944483830975, 63.72440671705178], [-148.87955185673502, 63.724134711887515], [-148.87977481178774, 63.72386270672327], [-148.88012262166987, 63.723590701559], [-148.880465972451, 63.723318696394735], [-148.8809341780616, 63.72304223212942], [-148.8815272385017, 63.72281927707675], [-148.8821202989418, 63.72259632202408], [-148.88271781848297, 63.722426876184045], [-148.88331087892308, 63.72225743034402], [-148.88390839846426, 63.722087984503986], [-148.88450145890434, 63.721865029451315], [-148.8850989784455, 63.72169558361129], [-148.88569203888562, 63.72147262855861], [-148.88628509932573, 63.721303182718586], [-148.8868826188669, 63.72113373687855], [-148.88748013840805, 63.72096429103853], [-148.88795280311973, 63.72074133598584], [-148.88842100873035, 63.72051838093317], [-148.8887688186125, 63.72024637576892], [-148.88899177366517, 63.719974370604646], [-148.88897393726097, 63.71970236544039], [-148.88895610085675, 63.71943481937719], [-148.8888178687241, 63.71916727331398], [-148.88867963659146, 63.71889972725078], [-148.88841654962928, 63.71863664028863], [-148.88827831749666, 63.718369094225416], [-148.88814008536397, 63.7181015481622], [-148.88787699840182, 63.71783400209899], [-148.88749797481228, 63.717570915136854], [-148.88711449212167, 63.71730336907364], [-148.88661061370263, 63.717040282111476], [-148.88598633955516, 63.716781654250376], [-148.88536206540766, 63.71651856728824], [-148.8847377912602, 63.71625993942714], [-148.8841135171127, 63.715996852464976], [-148.88348924296523, 63.71579173381652], [-148.8828694279188, 63.715582156067015], [-148.88224961287236, 63.7154305466312], [-148.88163871602805, 63.71532798730696], [-148.8810278191837, 63.715283396296435], [-148.8804169223394, 63.71523880528589], [-148.87980602549507, 63.71519421427535], [-148.87919066954973, 63.715091654951124], [-148.87857977270536, 63.71499355472795], [-148.87796887586106, 63.714948963717426], [-148.87736243811779, 63.714953422818475], [-148.8767560003745, 63.71496234102058], [-148.87614956263124, 63.71502476843533], [-148.87554312488797, 63.715033686637426], [-148.8749366871447, 63.71503814573849], [-148.87432133119935, 63.71494004551531], [-148.87371489345605, 63.71489545450477], [-148.87310399661175, 63.7148464043932], [-148.87249755886847, 63.7148553225953], [-148.8718822029231, 63.71475722237212], [-148.87127130607877, 63.71471263136159], [-148.87066040923446, 63.71466358125], [-148.87004951239012, 63.714618990239465], [-148.86943861554582, 63.71452089001629], [-148.86882771870148, 63.7144718399047], [-148.86821682185717, 63.714427248894175], [-148.8676014659118, 63.714329148671], [-148.8669861099664, 63.71417308013412], [-148.86636629492, 63.714021470698306], [-148.86574647987356, 63.71381189294879], [-148.86524260145453, 63.71354880598664], [-148.86485911876392, 63.713285719024476], [-148.86448009517437, 63.71302263206233], [-148.86421700821222, 63.71275508599911], [-148.86407877607957, 63.712487539935914], [-148.86406093967537, 63.71221999387271], [-148.86416795810064, 63.71194798870846], [-148.86451130888176, 63.7116759835442], [-148.86485911876392, 63.71139951927888], [-148.86532732437453, 63.711123055013566], [-148.86579552998515, 63.7108510498493], [-148.86626373559577, 63.71057458558399], [-148.86672748210532, 63.71029812131867], [-148.86719568771596, 63.71002165705336], [-148.86766389332655, 63.709749651889105], [-148.86813209893717, 63.70947318762379], [-148.86835505398983, 63.70920118245953], [-148.86893027802572, 63.7087062222426], [-148.86928700611, 63.70854123550361], [-148.87011193980487, 63.70820680292461], [-148.87058906361762, 63.70804181618563], [-148.8710572692282, 63.70781886113296], [-148.8714050791104, 63.707546855968694], [-148.87163249326412, 63.70727485080444], [-148.8719758440452, 63.70699838653913], [-148.87220325819894, 63.706726381374864], [-148.87230581752317, 63.70645437621061], [-148.87240837684743, 63.706186830147395], [-148.87251093617164, 63.70591482498315], [-148.8724930997674, 63.70564727891993], [-148.87235486763475, 63.70537973285672], [-148.87209623977367, 63.70511218679352], [-148.87171275708306, 63.70484909983136], [-148.87120887866402, 63.70458601286921], [-148.87058460451655, 63.70432292590706], [-148.86996478947012, 63.7041178072586], [-148.86934497442368, 63.703908229509096], [-148.86872515937725, 63.70375662007327], [-148.868118721634, 63.70370756996168], [-148.86751228389073, 63.70376999737644], [-148.86703516007802, 63.70388593400382], [-148.86656249536634, 63.7041088890565], [-148.86609428975572, 63.70432738500812], [-148.86562162504407, 63.70455034006078], [-148.8651489603324, 63.704719785900814], [-148.86455144079125, 63.70488923174085], [-148.86407877607957, 63.70505421847982], [-148.86360611136791, 63.705277173532494], [-148.8631289875552, 63.70544216027147], [-148.86266078194458, 63.705665115324145], [-148.8615905976918, 63.70605751621685], [-148.86099307815059, 63.70617345284425], [-148.8603955586094, 63.70634289868427], [-148.85979803906827, 63.70645883531166], [-148.859191601325, 63.706463294412714], [-148.85858516358172, 63.70647221261483], [-148.85797872583845, 63.706481130816925], [-148.85736782899414, 63.70643208070533], [-148.8567569321498, 63.70638748969481], [-148.8561460353055, 63.70634289868427], [-148.85553513846116, 63.70629830767373], [-148.85492424161686, 63.706249257562156], [-148.85431334477252, 63.70615115733898], [-148.8536935297261, 63.705995088802105], [-148.85308709198281, 63.70595049779156], [-148.8524761951385, 63.705905906781034], [-148.85186529829417, 63.70585685666945], [-148.8512588605509, 63.70586577487155], [-148.8506568819087, 63.70598171149894], [-148.85005044416542, 63.705990629701056], [-148.8494484655232, 63.7060530571158], [-148.84884202777994, 63.70605751621685], [-148.84823559003667, 63.70606643441896], [-148.84762915229342, 63.70607535262107], [-148.84702717365118, 63.70619128924846], [-148.84642519500898, 63.706253716663205], [-148.84582321636677, 63.7063116849769], [-148.84522123772456, 63.706427621604284], [-148.84461925908232, 63.70649004901903], [-148.8440172804401, 63.706552476433785], [-148.84341530179793, 63.70661490384853], [-148.84281332315572, 63.70673084047591], [-148.84221134451346, 63.70678880878961], [-148.84160936587125, 63.70685123620437], [-148.84100292812798, 63.70686015440647], [-148.84039203128367, 63.70686907260858], [-148.8397855935404, 63.70687353170963], [-148.83917915579713, 63.706882449911745], [-148.83857271805385, 63.70689136811384], [-148.83796628031058, 63.70690028631595], [-148.83735984256734, 63.70690474541701], [-148.836748945723, 63.70686015440647], [-148.83614250797973, 63.706815563395935], [-148.83553161113542, 63.70676651328434], [-148.8349207142911, 63.70672192227383], [-148.83430981744675, 63.70667733126328], [-148.8337033797035, 63.70668179036433], [-148.83309248285917, 63.7066371993538], [-148.83248158601486, 63.70659260834326], [-148.8318751482716, 63.70659706744431], [-148.83126425142726, 63.706552476433785], [-148.83065781368398, 63.70650788542324], [-148.83004691683968, 63.70645883531166], [-148.82943601999534, 63.70641424430113], [-148.82882066404997, 63.70631614407795], [-148.82820976720566, 63.706213584753726], [-148.82759441126026, 63.70611548453055], [-148.8269790553149, 63.70601292520632], [-148.8263681584706, 63.70591482498315], [-148.82575280252522, 63.70576321554732], [-148.82513298747878, 63.70560714701044], [-148.82451317243235, 63.705402028361995], [-148.8238933573859, 63.70519245061248], [-148.82326908323844, 63.70492936365033], [-148.8227652048194, 63.70466627668818], [-148.82238618122986, 63.70440318972603], [-148.82200269853925, 63.704140102763866], [-148.82174407067816, 63.70387255670067], [-148.8216058385455, 63.70360501063745], [-148.82158800214128, 63.70333746457424], [-148.82157016573706, 63.703065459409984], [-148.82179757989078, 63.702793454245736], [-148.82190013921502, 63.70252590818252], [-148.82212309426774, 63.70225390301826], [-148.82223011269298, 63.701981897854], [-148.8223326720172, 63.70170989268974], [-148.82231483561299, 63.70144234662653], [-148.8225422497667, 63.70117034146228], [-148.82264480909095, 63.700898336298], [-148.82274736841518, 63.70062633113375], [-148.82285438684048, 63.70035878507055], [-148.82295694616468, 63.700086779906286], [-148.82293910976048, 63.69981923384309], [-148.82292127335626, 63.69954722867881], [-148.8227830412236, 63.69927968261561], [-148.82252441336254, 63.69901659565345], [-148.82226578550143, 63.69874904959025], [-148.82188230281082, 63.6984859626281], [-148.82137842439178, 63.69822287566594], [-148.82087900507378, 63.69795978870379], [-148.8203795857558, 63.697750210954275], [-148.8197597707094, 63.69754063320476], [-148.81913995566293, 63.69738902376895], [-148.81852905881863, 63.69728646444472], [-148.8179181619743, 63.69724187343418], [-148.81731172423102, 63.69725079163629], [-148.8167097455888, 63.69731321905104], [-148.8161077669466, 63.69737118736474], [-148.81550132920333, 63.697433614779484], [-148.81490380966216, 63.69754955140687], [-148.81430183101995, 63.69761197882162], [-148.81369539327667, 63.69767440623637], [-148.81309341463447, 63.697732374550064], [-148.81249143599226, 63.69779480196481], [-148.81188053914792, 63.697750210954275], [-148.8112696423036, 63.69770116084268], [-148.81066320456034, 63.69765656983216], [-148.81004784861497, 63.697558469608985], [-148.8094324926696, 63.697402401072104], [-148.8088171367242, 63.69730430084893], [-148.80820178077883, 63.69714823231207], [-148.80758196573242, 63.6969431136636], [-148.806962150686, 63.69673353591409], [-148.80634233563956, 63.69652395816459], [-148.80571806149206, 63.69626533030349], [-148.8050937873446, 63.696002243341326], [-148.80458990892555, 63.695739156379176], [-148.80409048960757, 63.695476069417026], [-148.80358661118854, 63.695212982454876], [-148.8030827327695, 63.69494989549271], [-148.8025833134515, 63.69468680853056], [-148.80195903930402, 63.69442818066946], [-148.8013392242576, 63.694218602919946], [-148.80071940921115, 63.69400902517043], [-148.80009959416472, 63.69385741573462], [-148.79948423821935, 63.69370134719776], [-148.79887334137504, 63.69365675618722], [-148.7982624445307, 63.69355865596404], [-148.7976515476864, 63.693509605852455], [-148.797036191741, 63.69341150562928], [-148.7964252948967, 63.69330894630505], [-148.79580547985026, 63.693103827656586], [-148.79518566480385, 63.69289424990707], [-148.79456139065636, 63.692635622045984], [-148.79405751223734, 63.69237253508382], [-148.7935580929193, 63.69210944812167], [-148.79305421450027, 63.69184636115952], [-148.79267519091073, 63.69157881509631], [-148.79241656304964, 63.69131572813416], [-148.79215347608752, 63.69104818207096], [-148.7918948482264, 63.690780636007744], [-148.79187701182218, 63.69051308994454], [-148.79186363451902, 63.69024554388134], [-148.79172540238636, 63.689977997818126], [-148.79170756598214, 63.68970599265386], [-148.79168972957794, 63.689438446590664], [-148.79155149744528, 63.68917090052745], [-148.79141326531263, 63.68890335446424], [-148.79151582463683, 63.68863134929998], [-148.79137759250418, 63.68836380323678], [-148.7913597561, 63.68809625717357], [-148.79134637879682, 63.68782425200931], [-148.79120814666416, 63.68755670594609], [-148.79082466397355, 63.687293618983944], [-148.790445640384, 63.687030532021794], [-148.78994176196497, 63.686767445059644], [-148.78932194691856, 63.68650435809748], [-148.78869767277106, 63.686241271135344], [-148.7880733986236, 63.685982643274244], [-148.78745358357716, 63.685773065524714], [-148.7868382276318, 63.6856214560889], [-148.7862228716864, 63.68546538755204], [-148.78560305663999, 63.68531377811621], [-148.78498770069461, 63.68515770957935], [-148.78436788564818, 63.684948131829834], [-148.78374361150068, 63.684689503968734], [-148.78312379645425, 63.684426417006584], [-148.78249952230678, 63.68416333004442], [-148.78187970726037, 63.68395821139597], [-148.78126435131497, 63.68380214285909], [-148.78064453626854, 63.68365053342328], [-148.78003363942423, 63.683547974099056], [-148.77941828347883, 63.68344987387588], [-148.77880292753346, 63.683293805339005], [-148.7783035082155, 63.683084227589504], [-148.777928943727, 63.682874649839974], [-148.7776703158659, 63.682611562877824], [-148.77753208373323, 63.682344016814625], [-148.7773938516006, 63.68207201165037], [-148.77725561946792, 63.681804465587156], [-148.77687213677734, 63.681541378625006], [-148.7768587594742, 63.68127383256179], [-148.77623448532668, 63.68101074559964]]}, "id": "0014000000000000121c", "properties": {"dist_out": 1805471.1101368342, "edit_flag": "NaN", "facc": 4943.661817849123, "grod_id": 0, "hfalls_id": 0, "lakeflag": 0, "max_width": 381, "n_chan_max": 2, "n_chan_mod": 1, "n_nodes": 94, "n_rch_dn": 1, "n_rch_up": 2, "obstr_type": 0, "rch_id_dn": "81246000091", "rch_id_up": "81246000241 81246000111", "reach_id": 81246000101, "reach_len": 18823.130454164766, "river_name": "Nenana River", "slope": 3.641104443424537, "swot_obs": 4, "swot_orbit": "181 414 442 487", "trib_flag": 0, "type": 1, "width": 60, "width_var": 582.3971155276731, "wse": 485.1000061035156, "wse_var": 433.9609377788425, "x": -148.86727326379528, "y": 63.72650598831418}}]}