{"type":"FeatureCollection","features":[{"type":"Feature","geometry":{"type":"LineString","coordinates":[[-148.4075158783183,70.06158749308693],[-148.40690498147399,70.06186395735224],[-148.40613355699173,70.06214042161757],[-148.40536213250948,70.06235891756918],[-148.4045862489262,70.06258187262186],[-148.40381036534288,70.06274685936083],[-148.40303002265853,70.06286279598822],[-148.40224967997418,70.06297427351456],[-148.40146933728983,70.06309021014195],[-148.40068899460547,70.06320614676933],[-148.39990865192112,70.06331762429568],[-148.39912830923677,70.06348707013571],[-148.39835242565346,70.06365205687469],[-148.39773706970809,70.06387501192735],[-148.3972777822996,70.06409350787898],[-148.39682295399214,70.06436551304323],[-148.3963681256847,70.06463751820749],[-148.39622989355203,70.0649050642707],[-148.39593113378146,70.06517706943497],[-148.3957929016488,70.06544907459921],[-148.39565021041508,70.06572107976348],[-148.39551197828243,70.06598862582669],[-148.39505714997497,70.06626063099095],[-148.39491891784232,70.06653263615522],[-148.39400480212635,70.0670231372711],[-148.3935410556168,70.06718812401006],[-148.39291678146932,70.06724609232376],[-148.39229250732183,70.0673575698501],[-148.39150770553644,70.06741999726485],[-148.39104395902686,70.06753147479118],[-148.3905802125173,70.06769646153016],[-148.39027699364567,70.06791495748178],[-148.38998269297616,70.06818696264604],[-148.38968393320556,70.06845450870924],[-148.38907303636125,70.06873097297456],[-148.38845768041588,70.06900297813881],[-148.38784678357155,70.06927944240414],[-148.38723142762618,70.06955144756839],[-148.38662053078187,70.06982345273265],[-148.38616570247441,70.07009991699796],[-148.38571087416696,70.07037192216222],[-148.38509997732265,70.07064392732649],[-148.3844801622762,70.0708624232781],[-148.38385588812872,70.0709783599055],[-148.38307554544437,70.07108983743183],[-148.3822862845579,70.07109875563394],[-148.3815014827725,70.07110321473499],[-148.3807166809871,70.07116118304869],[-148.37993187920168,70.07122361046343],[-148.37914261831523,70.07122806956448],[-148.3783578165298,70.07129049697923],[-148.3775640965423,70.07124144686765],[-148.37677483565585,70.07119239675606],[-148.37599003387044,70.07125482417081],[-148.37520523208502,70.0713127924845],[-148.37441597119857,70.07131725158555],[-148.37363116941316,70.07137967900032],[-148.3728419085267,70.07138413810137],[-148.3720481885392,70.07133508798977],[-148.37125892765272,70.07129049697923],[-148.37046966676627,70.0712949560803],[-148.36968486498085,70.07135738349504],[-148.36906059083339,70.07146886102137],[-148.36844077578695,70.07163384776035],[-148.3672100638962,70.07207529876464],[-148.3665857897487,70.07224028550363],[-148.36580098796333,70.07229825381731],[-148.3650161861779,70.07230717201942],[-148.36422692529143,70.07231163112047],[-148.3635981920429,70.07236959943417],[-148.36313444553335,70.0724810769605],[-148.36267515812486,70.07269957291213],[-148.36253246689114,70.07297157807639],[-148.36239423475848,70.07323912413959],[-148.36225154352476,70.07351112930385],[-148.36195724285525,70.07378313446812],[-148.36164956488255,70.0739481212071],[-148.36102974983612,70.07411310794606],[-148.3596251330043,70.07433606299874],[-148.35884479031995,70.07445199962613],[-148.3580644476356,70.0746169863651],[-148.35728856405228,70.07478643220514],[-148.35650822136793,70.07495587804517],[-148.35573233778464,70.07512086478414],[-148.3549519951003,70.07529031062418],[-148.35417611151698,70.07545529736315],[-148.35339576883263,70.07562474320318],[-148.35262434435037,70.0758432391548],[-148.3518484607671,70.07606619420747],[-148.35123310482172,70.0762846901591],[-148.35077827651426,70.07655669532336],[-148.35047951674366,70.07682870048761],[-148.35033682550997,70.07710070565187],[-148.3501985933773,70.07736825171509],[-148.3502164297815,70.07764025687935],[-148.35039033472262,70.07790780294255],[-148.3507247673016,70.0781708899047],[-148.35105474077957,70.07843843596791],[-148.35154524189545,70.07870598203111],[-148.35187967447445,70.07896906899327],[-148.35205357941555,70.07923661505647],[-148.35207141581975,70.07950862022074],[-148.3519331836871,70.07977616628395],[-148.35195102009132,70.0800481714482],[-148.35196885649552,70.08031571751141],[-148.35182616526183,70.08058772267567],[-148.35152740549123,70.08085526873887],[-148.35138917335857,70.08112727390314],[-148.35093434505112,70.0813992790674],[-148.35031898910574,70.08167574333271],[-148.34970363316037,70.08189423928432],[-148.34908381811394,70.08211273523595],[-148.34830793453065,70.08228218107598],[-148.3475275918463,70.08244716781496],[-148.34674724916195,70.08256310444234],[-148.3459669064776,70.08272809118132],[-148.34519102289428,70.08289753702135],[-148.34441068020993,70.08306252376033],[-148.34363033752558,70.08317846038773],[-148.34284999484123,70.0833434471267],[-148.34206519305582,70.08340587454146],[-148.34065611712293,70.08357532038148],[-148.34003630207653,70.08374030712045],[-148.3391177272595,70.0841772990237],[-148.33866289895204,70.084453763289],[-148.33836413918146,70.08472130935222],[-148.33822144794775,70.08499331451648],[-148.33823928435197,70.08526086057968],[-148.33841318929305,70.0855284066429],[-148.3385915533352,70.08579595270609],[-148.33860493063835,70.08606795787036],[-148.3384666985057,70.08633550393357],[-148.3381679387351,70.08660750909782],[-148.33771311042767,70.08687951426208],[-148.33741435065707,70.08715151942633],[-148.3371155908865,70.0874235245906],[-148.33697735875384,70.08769552975488],[-148.336990736057,70.08796307581807],[-148.33716910009915,70.08823062188128],[-148.3374990735771,70.08849816794448],[-148.33798957469298,70.08876125490664],[-148.33848007580886,70.08902880096984],[-148.33881450838786,70.08929188793199],[-148.33914894096688,70.0895594339952],[-148.33932284590796,70.0898269800584],[-148.3391846137753,70.09009898522267],[-148.3388769358026,70.09026397196165],[-148.33841318929305,70.09042895870063],[-148.33701303156226,70.09075893217857],[-148.33622822977685,70.09082135959333],[-148.33545234619356,70.0909863463323],[-148.3346630853071,70.09104877374705],[-148.33387382442064,70.09105323284811],[-148.3330845635342,70.09100418273653],[-148.33229084354667,70.09095513262493],[-148.3314926644581,70.09085703240176],[-148.33070340357165,70.09080798229017],[-148.32990968358413,70.09075893217857],[-148.32911150449556,70.09065637285435],[-148.32831778450804,70.09055827263117],[-148.32751960541947,70.09045571330695],[-148.32672142633095,70.09029964477007],[-148.32592324724234,70.0901435762332],[-148.32512952725483,70.09009452612162],[-148.32433580726732,70.09004547601003],[-148.32354654638087,70.0900008849995],[-148.3227572854944,70.09000534410055],[-148.32196802460794,70.09006331241424],[-148.3211787637215,70.09007223061634],[-148.32039396193608,70.09013019893004],[-148.31960916015066,70.09018816724374],[-148.3188288174663,70.09030410387113],[-148.3180440156809,70.09041558139747],[-148.31742420063452,70.0905850272375],[-148.31680438558806,70.09080352318911],[-148.3163495572806,70.09107552835337],[-148.31589472897315,70.09134753351763],[-148.31575203773943,70.0916195386819],[-148.31560934650574,70.09188708474511],[-148.31562718290994,70.09215908990936],[-148.31548895077728,70.09242663597257],[-148.31550232808044,70.09269418203577],[-148.31536409594779,70.09296618720003],[-148.31522140471407,70.0932381923643],[-148.3150831725814,70.09350573842751],[-148.31510100898564,70.09377328449071],[-148.3151143862888,70.09404528965497],[-148.315132222693,70.09431283571817],[-148.3153061276341,70.09458038178138],[-148.3153239640383,70.0948479278446],[-148.31549786897938,70.0951154739078],[-148.31567623302152,70.09538747907206],[-148.3158501379626,70.09565502513526],[-148.3157074467289,70.09592257119847],[-148.3157252831331,70.09619011726167],[-148.31558705100045,70.09646212242593],[-148.31544435976676,70.0967341275902],[-148.31546219617098,70.09700167365341],[-148.3153195049373,70.09727367881767],[-148.31612660222794,70.09753676577982],[-148.3157564968405,70.0976437842051],[-148.3156405602131,70.09786228015672],[-148.3147576582045,70.0983527812726],[-148.31429837079602,70.09862478643686],[-148.31384354248857,70.09889679160112],[-148.31338871418112,70.09916879676538],[-148.3129294267726,70.09944080192965],[-148.31247459846514,70.09971280709391],[-148.31170317398292,70.09998927135922],[-148.31075338545853,70.09999373046027],[-148.30998196097627,70.10027019472558],[-148.30919715919086,70.10032816303928],[-148.30841235740547,70.10044409966666],[-148.30762755562006,70.100555577193],[-148.30685167203677,70.10072502303304],[-148.30607132935242,70.10089000977202],[-148.30529098666804,70.10105945561205],[-148.30451510308475,70.10127795156366],[-148.3037347604004,70.10144739740369],[-148.30295887681712,70.10161238414267],[-148.3021740750317,70.10172832077006],[-148.30139373234735,70.10189330750903],[-148.30077391730092,70.10205829424801],[-148.30015410225448,70.10228124930069],[-148.2990794589006,70.10277175041657],[-148.29878069913002,70.10304375558083],[-148.29848193935945,70.10331576074509],[-148.29818317958885,70.10358330680829],[-148.29788441981827,70.10385531197255],[-148.29742513240978,70.10407380792417],[-148.2968008582623,70.10423879466315],[-148.29602051557794,70.10440824050318],[-148.29524017289359,70.10457322724216],[-148.2944642893103,70.10474267308219],[-148.2938444742639,70.1049611690338],[-148.29260930327206,70.10545612925074],[-148.29198948822562,70.10562111598972],[-148.2915302008171,70.10583961194133],[-148.29090146756857,70.10595108946767],[-148.28997397454947,70.10628106294563],[-148.28951468714095,70.10649955889726],[-148.2882750570481,70.1068875006889],[-148.28749471436376,70.10705248742786],[-148.28687489931733,70.1072709833795],[-148.28625954337195,70.10749393843216],[-148.28502437238015,70.10798443954805],[-148.28440901643478,70.10826090381336],[-148.28363313285146,70.10847939976497],[-148.28285724926818,70.10870235481765],[-148.28208136568486,70.10892085076927],[-148.28130548210157,70.10914380582194],[-148.28052513941722,70.10936230177356],[-148.27975371493497,70.10963876603887],[-148.27898229045272,70.10991077120313],[-148.27820640686943,70.11018723546846],[-148.2774305232861,70.11040573142006],[-148.27665018060176,70.11057517726009],[-148.27586537881638,70.11068665478643],[-148.2750761179299,70.11069111388748],[-148.2742823979424,70.11064652287695],[-148.2734886779549,70.11054396355271],[-148.2726949579674,70.11049491344113],[-148.27190123797985,70.11044586332955],[-148.27110751799233,70.11039681321796],[-148.27031825710588,70.11040573142006],[-148.2695289962194,70.11046369973376],[-148.26873973533296,70.1104681588348],[-148.26795493354754,70.11053058624955],[-148.2671745908632,70.11069557298853],[-148.26638978907778,70.11080705051488],[-148.26499409044806,70.11119499230652],[-148.2645303439385,70.11141348825815],[-148.26422712506687,70.11163198420978],[-148.2639283652963,70.11190398937403],[-148.26378567406258,70.11217153543723],[-148.2638035104668,70.11244354060149],[-148.263821346871,70.11271108666469],[-148.2639952518121,70.1129786327279],[-148.26416915675318,70.1132461787911],[-148.26449913023114,70.1135137248543],[-148.26467749427326,70.11378127091753],[-148.26469087157642,70.11404881698073],[-148.26439211180588,70.11432082214499],[-148.26409335203527,70.11459282730925],[-148.2634779960899,70.11486483247351],[-148.2628626401445,70.11513683763776],[-148.26224728419913,70.11541330190309],[-148.26163192825376,70.11568530706734],[-148.26101211320733,70.1159573122316],[-148.26039675726196,70.11623377649691],[-148.25978140131662,70.11650578166117],[-148.25916604537122,70.11677778682544],[-148.25871121706376,70.1170497919897],[-148.25825192965524,70.11732179715396],[-148.25795316988467,70.11759380231821],[-148.25749388247615,70.11786580748247],[-148.25719512270558,70.11813781264674],[-148.2567358352971,70.118409817811],[-148.25627654788858,70.11868182297526],[-148.25582171958112,70.11895382813952],[-148.25536243217266,70.11922583330377],[-148.2547426171262,70.11944878835645],[-148.25412280207976,70.11961377509543],[-148.25349852793227,70.11977876183441],[-148.25271372614688,70.1198367301481],[-148.25192000615937,70.11978768003651],[-148.25112628617185,70.11974308902599],[-148.25033256618434,70.11969403891439],[-148.24953438709576,70.11959147959016],[-148.24874066710825,70.11954242947859],[-148.24794694712074,70.11949337936699],[-148.24715322713323,70.1194443292554],[-148.24635504804465,70.11934622903223],[-148.24556132805714,70.11929717892063],[-148.2447720671707,70.11930163802168],[-148.24398726538527,70.11935960633538],[-148.24320246359989,70.11947554296279],[-148.24242658001657,70.11969403891439],[-148.24180676497014,70.119912534866],[-148.2411869499237,70.1201354899187],[-148.2407276625152,70.12040749508294],[-148.24042890274464,70.12067504114613],[-148.24013014297404,70.1209470463104],[-148.23982692410243,70.12121905147467],[-148.23952816433183,70.12149105663893],[-148.23922940456126,70.1217630618032],[-148.23892618568962,70.12203060786639],[-148.23878795355697,70.12230261303066],[-148.23864526232325,70.12257461819492],[-148.2386586396264,70.12284216425812],[-148.23883254456752,70.12310971032133],[-148.2390064495086,70.12337725638454],[-148.23918035444967,70.12364480244774],[-148.23935871849181,70.12391234851096],[-148.2395326234329,70.12417989457416],[-148.23954600073606,70.12445189973842],[-148.23956383714025,70.12471944580163],[-148.23957721444341,70.12498699186483],[-148.23959505084764,70.12525453792804],[-148.23945235961392,70.12552654309229],[-148.2393096683802,70.12579854825655],[-148.23901090860963,70.12606609431977],[-148.23855162120114,70.12633809948403],[-148.23793626525574,70.12661456374934],[-148.2373209093104,70.1268865689136],[-148.23686162190188,70.12715857407785],[-148.23656286213128,70.12743057924212],[-148.23625964325967,70.12770258440638],[-148.236121411127,70.12797013046959],[-148.2359787198933,70.12824213563385],[-148.23551943248478,70.1285141407981],[-148.2349040765394,70.12878614596237],[-148.23428426149297,70.12900464191398],[-148.23350391880862,70.12922759696667],[-148.2328841037622,70.12944609291827],[-148.23226428871578,70.1296645888699],[-148.23164447366935,70.12982957560887],[-148.2310246586229,70.13005253066154],[-148.22962004179107,70.13043601335214],[-148.22883969910671,70.13060545919217],[-148.22806381552343,70.1308239551438],[-148.227444000477,70.13104245109541],[-148.22682418543056,70.13126540614809],[-148.22620437038412,70.13153741131235],[-148.22558901443875,70.1318094164766],[-148.22512972703026,70.13208142164086],[-148.22467043962175,70.13235342680512],[-148.22437167985117,70.13262543196939],[-148.22422898861745,70.13289743713365],[-148.22424682502168,70.13316498319685],[-148.22442072996276,70.13343252926006],[-148.22459463490384,70.13370007532326],[-148.22492460838183,70.13396762138647],[-148.22541510949767,70.13423516744967],[-148.22590561061355,70.13449825441184],[-148.22639611172943,70.13476580047504],[-148.22704714048325,70.1350288874372],[-148.22753764159913,70.1352964335004],[-148.228028142715,70.13555952046255],[-148.22867471236773,70.13582706652576],[-148.2291652134836,70.13609015348791],[-148.22949964606264,70.13635769955111],[-148.2299901471785,70.13662524561433]]},"id":"00120000000000000eb9","properties":{"dist_out":75076.76808911588,"edit_flag":"3,2","facc":38.34091511937498,"grod_id":0,"hfalls_id":0,"lakeflag":0,"max_width":339.0,"n_chan_max":2,"n_chan_mod":1,"n_nodes":64,"n_rch_dn":1,"n_rch_up":1,"obstr_type":0,"rch_id_dn":"81390500091","rch_id_up":"81390500081","reach_id":81390500071,"reach_len":12818.226751437323,"river_name":"Sagavanirktok River","slope":0.811209390930155,"swot_obs":4,"swot_orbit":"15  24 293 571","trib_flag":0,"type":1,"width":87.0,"width_var":1426.3445571742593,"wse":15.40000057220459,"wse_var":11.667106152496281,"x":-148.31055030887322,"y":70.09708324233759}},{"type":"Feature","geometry":{"type":"LineString","coordinates":[[-154.0553017950865,68.29322841101875],[-154.05543556811813,68.29296086495553],[-154.05556934114972,68.29268885979128],[-154.05555596384656,68.29242131372807],[-154.0555425865434,68.29214930856381],[-154.05538651800654,68.29188176250061],[-154.0552259903686,68.2916142164374],[-154.05506992183174,68.2913466703742],[-154.0550565445286,68.29107912431098],[-154.05504316722542,68.29080711914672],[-154.05488709868854,68.29053957308352],[-154.0547310301517,68.29027202702031],[-154.05457050251374,68.29000448095711],[-154.0542672836421,68.2897369348939],[-154.05396406477047,68.2894693888307],[-154.05366084589883,68.28920184276748],[-154.05335762702722,68.28893429670428],[-154.05320155849034,68.28866675064107],[-154.05318818118718,68.28839920457786],[-154.05317480388402,68.28813165851466],[-154.0534557272504,68.2878596533504],[-154.0537321915157,68.28758764818613],[-154.0538659645473,68.28732010212293],[-154.05399973757892,68.28704809695867],[-154.0541335106105,68.28677609179441],[-154.05412013330735,68.28650854573121],[-154.0541067560042,68.286240999668],[-154.05409337870103,68.28596899450373],[-154.05408000139786,68.28570144844053],[-154.0540710831958,68.28543390237732],[-154.0540577058926,68.28516189721306],[-154.05404432858944,68.28489435114986],[-154.05403095128628,68.28462680508665],[-154.05416472431787,68.28435479992238],[-154.0542984973495,68.28408725385918],[-154.05443227038108,68.28381524869492],[-154.05456158431164,68.28354770263171],[-154.05484250767802,68.28327569746746],[-154.05511897194333,68.2830036923032],[-154.05539989530968,68.28273168713893],[-154.0558190508087,68.28245968197467],[-154.0562426654088,68.28218767681041],[-154.05652358877515,68.2819201307472],[-154.05665736180677,68.28164812558295],[-154.05693382607208,68.28137612041868],[-154.0572102903374,68.28110857435549],[-154.05749121370374,68.28083656919122],[-154.05791482830384,68.28056456402696],[-154.05848113413765,68.2802925588627],[-154.05905189907247,68.28002055369844],[-154.05932836333778,68.27974854853417],[-154.05975197793785,68.27947654336992],[-154.06002844220316,68.27920453820566],[-154.06016221523478,68.27893699214245],[-154.06029598826638,68.27866498697819],[-154.0605724525317,68.27839298181394],[-154.06070622556328,68.27812543575072],[-154.0608399985949,68.27785343058648],[-154.06082662129174,68.27758588452328],[-154.06067055275486,68.27731833846005],[-154.06051002511694,68.27705079239685],[-154.0602068062453,68.27678324633364],[-154.05990358737367,68.27651570027044],[-154.0598902100705,68.27624815420724],[-154.05973414153362,68.27597614904296],[-154.0597207642305,68.27570860297976],[-154.05985453726208,68.27544105691655],[-154.05984115995892,68.27516905175229],[-154.05968509142204,68.27490150568909],[-154.05967171411888,68.27463395962587],[-154.05936849524727,68.27436641356267],[-154.0592124267104,68.27409886749946],[-154.05905189907247,68.27383132143626],[-154.05875313930187,68.27356377537305],[-154.05830277009548,68.27329622930984],[-154.05785685999012,68.27302868324664],[-154.05711664921526,68.27276559628449],[-154.05666628000887,68.27249805022127],[-154.05651021147202,68.27223050415807],[-154.05649683416883,68.27196295809486],[-154.05663060720045,68.2716909529306],[-154.05690707146576,68.2714234068674],[-154.05689815326366,68.27115140170314],[-154.0568847759605,68.27088385563992],[-154.0570185489921,68.27061185047567],[-154.0572950132574,68.27034430441246],[-154.0575714775227,68.2700722992482],[-154.05814224245756,68.26980029408394],[-154.05856585705763,68.26952828891969],[-154.05884232132294,68.26925628375542],[-154.05897609435456,68.26898427859116],[-154.05925255861987,68.26871673252795],[-154.05938633165147,68.26844472736369],[-154.05952010468306,68.26817718130049],[-154.0597965689484,68.26790517613622],[-154.0600730332137,68.26763317097198],[-154.0602068062453,68.26736562490876],[-154.0603405792769,68.2670936197445],[-154.06046989320745,68.26682607368129],[-154.06046097500538,68.26655406851704],[-154.0605902889359,68.26628652245383],[-154.0607240619675,68.26601451728956],[-154.0608578349991,68.26574697122636],[-154.0611342992644,68.2654749660621],[-154.06141522263079,68.26520296089784],[-154.06154453656134,68.26493541483462],[-154.06167830959293,68.26466340967038],[-154.06195477385825,68.26439140450611],[-154.06208854688987,68.2641238584429],[-154.06222231992146,68.26385185327864],[-154.06249878418677,68.26357984811439],[-154.06277524845208,68.26331230205118],[-154.0629090214837,68.26304029688691],[-154.06318548574902,68.26276829172265],[-154.06346640911536,68.26250074565945],[-154.06374287338068,68.26222874049519],[-154.064019337646,68.26195673533093],[-154.06430026101236,68.26168473016666],[-154.06442957494292,68.26141718410346],[-154.0645633479745,68.2611451789392],[-154.06454997067135,68.26087763287599],[-154.06454105246925,68.26061008681279],[-154.0645276751661,68.26033808164853],[-154.06451429786293,68.26007053558533],[-154.06435822932607,68.25980298952211],[-154.06434485202294,68.2595354434589],[-154.06433147471975,68.25926343829465],[-154.0643180974166,68.25899589223144],[-154.06430472011343,68.25872834616824],[-154.06458564347977,68.25845634100398],[-154.06471495741033,68.25818433583972],[-154.06484873044195,68.2579167897765],[-154.06498250347354,68.25764478461225],[-154.06511627650514,68.25737723854904],[-154.0652455904357,68.25710523338478],[-154.06537936346731,68.25683768732158],[-154.0655131364989,68.25656568215732],[-154.06564245042946,68.25629367699305],[-154.06577622346106,68.25602613092984],[-154.0657628461579,68.25575858486664],[-154.0657539279558,68.25548657970238],[-154.06574055065263,68.25521903363918],[-154.0658698645832,68.25494702847492],[-154.06586094638106,68.2546794824117],[-154.0658475690779,68.2544119363485],[-154.06583419177474,68.25413993118424],[-154.06582081447158,68.25387238512103],[-154.06551759559997,68.25360483905783],[-154.06550867739784,68.25333729299462],[-154.06534814975993,68.25306974693142],[-154.0650449308883,68.2528022008682],[-154.06459902078294,68.252534654805],[-154.06444295224608,68.25226710874179],[-154.06413973337445,68.25199956267859],[-154.0638365145028,68.25173201661538],[-154.06382313719965,68.25146447055216],[-154.0638097598965,68.25119246538792],[-154.06350654102485,68.25092937842575],[-154.0632033221532,68.25066183236255],[-154.06304725361636,68.25039428629934],[-154.06289118507948,68.25012228113508],[-154.06273065744156,68.24985473507188],[-154.06257458890468,68.24958718900866],[-154.0624185203678,68.24931964294547],[-154.0621153014962,68.24905209688225],[-154.06152224105608,68.2487890099201],[-154.06092918061597,68.2485214638569],[-154.06048327051062,68.24825391779369],[-154.06003290130423,68.24799083083154],[-154.0597296824326,68.24772328476833],[-154.05943092266202,68.24745573870513],[-154.05941754535885,68.24718819264191],[-154.0594041680557,68.24691618747765],[-154.05953794108729,68.24664864141445],[-154.05966725501787,68.24637663625019],[-154.05994817838422,68.24610463108593],[-154.06007749231475,68.24583708502273],[-154.06021126534637,68.24556507985848],[-154.0601978880432,68.24529753379525],[-154.06018896984108,68.24502998773205],[-154.06017559253792,68.24475798256779],[-154.06016221523478,68.24449043650458],[-154.06029598826638,68.24421843134031],[-154.06042530219693,68.24395088527712],[-154.06070622556328,68.24367888011285],[-154.0611253810623,68.24340687494859],[-154.06169614599716,68.24313486978433],[-154.06226245183095,68.2428628646201],[-154.06282875766473,68.24259085945582],[-154.0631096810311,68.24231885429155],[-154.06338614529642,68.24204684912729],[-154.06366260956173,68.24177484396303],[-154.06394353292808,68.24161431632511],[-154.06437606573027,68.24150283879877],[-154.06509844010094,68.24144487048508],[-154.06582081447158,68.24138690217139],[-154.0665476479433,68.24138244307034],[-154.06727002231395,68.24137798396927],[-154.06799685578568,68.24137352486822],[-154.06871923015632,68.24136906576717],[-154.06945052272908,68.24141811587876],[-154.07017735620082,68.24146716599034],[-154.07089973057145,68.2414627068893],[-154.07162656404319,68.24145824778824],[-154.07234893841382,68.24145378868718],[-154.07307577188556,68.24144932958613],[-154.0737981462562,68.24138690217139],[-154.07452052062686,68.24132893385769],[-154.07524289499753,68.24127096554399],[-154.07596526936817,68.24115948801766],[-154.07668764373884,68.24110151970396],[-154.0774100181095,68.24104355139026],[-154.07813239248014,68.24103909228921],[-154.07885922595187,68.24103463318816],[-154.07958605942358,68.24103017408711],[-154.08015682435845,68.24091869656077],[-154.0807320483943,68.24080721903444],[-154.08130281332916,68.24058872308282],[-154.08186911916295,68.2403122588175],[-154.0824398840978,68.24004025365325],[-154.08314888116527,68.23976824848899],[-154.08386233733384,68.23949178422367],[-154.08458025260344,68.2393267974847],[-154.0858689328079,68.23899682400673],[-154.08644415684378,68.23883183726775],[-154.08758122761242,68.23839484536452],[-154.0881475334462,68.23811838109923],[-154.08886098961477,68.23784637593495],[-154.0892846042148,68.23757437077069],[-154.08970375971384,68.23730236560642],[-154.09012737431394,68.23703036044216],[-154.090550988914,68.2367583552779],[-154.0909746035141,68.23659336853893],[-154.09169251878367,68.23642838179997],[-154.09241489315434,68.23631690427362],[-154.09313280842395,68.23620542674728],[-154.0938551827946,68.23614299933253],[-154.09457755716525,68.2360315218062],[-154.09529547243486,68.23592004427987],[-154.0960133877045,68.23575505754089],[-154.0965841526393,68.2355900708019],[-154.09715491757416,68.23537157485029],[-154.0975740730732,68.23509956968603],[-154.09785499643954,68.23482756452178],[-154.09813146070485,68.2345555593575],[-154.09840792497016,68.23428355419324],[-154.09839454766703,68.23401600813004],[-154.09852832069862,68.23374400296578],[-154.09865763462918,68.23347645690257],[-154.09879140766077,68.23320445173832],[-154.09892072159133,68.2329369056751],[-154.0993443361914,68.23266490051084],[-154.099478109223,68.23239289534659],[-154.09975457348833,68.23212534928338],[-154.09988388741886,68.23185334411912],[-154.10001766045048,68.23158133895485],[-154.1000042831473,68.23131379289165],[-154.1001380561789,68.23104624682844],[-154.10012467887574,68.23077424166418],[-154.10011130157258,68.23050669560098],[-154.1002450746042,68.23023469043672],[-154.10037438853473,68.2299671443735],[-154.10050816156635,68.22969513920926],[-154.10078462583166,68.22942759314604],[-154.1012037813307,68.22915558798178],[-154.10162739593076,68.22888358281752],[-154.1021981608656,68.22866062776485],[-154.10291161703415,68.22844213181322],[-154.10362953230376,68.22833065428689],[-154.10435636577546,68.22832619518584],[-154.10494050801347,68.22842875451008],[-154.10552910935252,68.22858482304694],[-154.10597501945787,68.22885236911014],[-154.1062782383295,68.22911991517336],[-154.1064343068664,68.22938746123656],[-154.106737525738,68.22965500729977],[-154.10704074460963,68.22992255336297],[-154.10749111381605,68.23019009942618],[-154.10808417425616,68.23045318638833],[-154.10881992592996,68.23066276413785],[-154.10955121850276,68.23081883267471],[-154.11027805197446,68.2308678827863],[-154.1110004263451,68.23080991447262],[-154.11157119127995,68.23064492773364],[-154.1121419562148,68.230426431782],[-154.1125611117138,68.23015442661776],[-154.1128375759791,68.2298824214535],[-154.1131184993455,68.22961041628923],[-154.11353765484452,68.22933841112497],[-154.11381411910983,68.22907086506177],[-154.11409058337514,68.22879885989751],[-154.1145141979752,68.22852685473325],[-154.11493335347424,68.22825484956898],[-154.11520981773955,68.22798284440472],[-154.11563343233965,68.22771083924046],[-154.11605704693972,68.22743883407621],[-154.11633351120506,68.22716682891195],[-154.11646282513559,68.22689928284873],[-154.11659659816718,68.22662727768447],[-154.11643607052926,68.22635973162127],[-154.11613285165765,68.22609218555806],[-154.11568694155227,68.22582909859591],[-154.11509388111216,68.22556155253271],[-154.11435812943836,68.22529846557055],[-154.11361791866346,68.2250353786084],[-154.11288216698966,68.2247678325452],[-154.1121419562148,68.22450474558303],[-154.11140620454097,68.22424165862088],[-154.11067045286717,68.22397857165873],[-154.11007739242703,68.22371102559552],[-154.10962702322064,68.22344793863337],[-154.109323804349,68.22318039257016],[-154.10916773581215,68.22291284650696],[-154.109154358509,68.2226408413427],[-154.10914098120583,68.2223732952795],[-154.10912760390266,68.22210574921628],[-154.10926137693426,68.22183374405202],[-154.1093906908648,68.22156619798882],[-154.10966715513013,68.22129419282456],[-154.10994361939547,68.2210221876603],[-154.1103672339955,68.22075018249603],[-154.11064369826082,68.22047817733177],[-154.1110673128609,68.22020617216752],[-154.11119662679147,68.21993862610431],[-154.11133039982306,68.21966662094005],[-154.11116987218514,68.21939907487685],[-154.11101380364826,68.21913152881363],[-154.11056343444187,68.21886398275043],[-154.11011752433652,68.21860089578827],[-154.1095244638964,68.21833334972507],[-154.1089314034563,68.21807026276292],[-154.1081956517825,68.21780271669971],[-154.10745990010867,68.21753962973756],[-154.10686683966856,68.21727654277541],[-154.10627377922845,68.2170089967122],[-154.10582786912312,68.21674590975005],[-154.1055246502515,68.21647836368683],[-154.10536412261354,68.21621081762363],[-154.10520805407668,68.21593881245937]]},"id":"001200000000000010ba","properties":{"dist_out":454770.40004379983,"edit_flag":"NaN","facc":2760.690056643249,"grod_id":0,"hfalls_id":0,"lakeflag":0,"max_width":480.0,"n_chan_max":2,"n_chan_mod":1,"n_nodes":54,"n_rch_dn":1,"n_rch_up":1,"obstr_type":0,"rch_id_dn":"81380600091","rch_id_up":"81380600111","reach_id":81380600101,"reach_len":10892.34158500304,"river_name":"Killik River","slope":0.516860641736562,"swot_obs":5,"swot_orbit":"15  43 108 136 414","trib_flag":0,"type":1,"width":155.0,"width_var":5330.165574612125,"wse":502.6000061035156,"wse_var":2.896832880151207,"x":-154.07668273925623,"y":68.25155084082765}},{"type":"Feature","geometry":{"type":"LineString","coordinates":[[-153.89220125585462,68.55385394939054],[-153.89278093899156,68.5535819442263],[-153.89335616302748,68.55330993906203],[-153.89393584616442,68.55303793389777],[-153.89436391986555,68.5527659287335],[-153.8949436030025,68.55249392356924],[-153.8955188270384,68.55222191840498],[-153.89595135984058,68.55194991324073],[-153.8963794335417,68.55167790807647],[-153.89666481600912,68.55141036201326],[-153.89695019847653,68.551138356849],[-153.89708397150815,68.55086635168475],[-153.89736935397556,68.55059880562153],[-153.89750312700718,68.55032680045727],[-153.89764135913984,68.55005925439407],[-153.89762798183668,68.54978724922981],[-153.8974719132998,68.54951970316658],[-153.89731584476291,68.5492521571034],[-153.897155317125,68.54898461104018],[-153.8971463989229,68.54871706497698],[-153.8972801719545,68.54844505981272],[-153.89771270475669,68.54817305464846],[-153.89814523755888,68.54795455869684],[-153.89872492069583,68.54773606274522],[-153.89945175416753,68.5475175667936],[-153.9001830467403,68.54740608926727],[-153.900909880212,68.54729461174094],[-153.90164117278476,68.54718313421459],[-153.9023769244586,68.5471251659009],[-153.90310821703136,68.54712070679984],[-153.90384396870516,68.54706273848615],[-153.90457526127793,68.54700922927351],[-153.90531101295176,68.54700477017246],[-153.9060467646256,68.5470003110714],[-153.90677805719835,68.54699585197035],[-153.90751826797322,68.54704490208194],[-153.90825847874808,68.54714746140617],[-153.9089942304219,68.54719651151775],[-153.90973444119678,68.54730352994304],[-153.9104701928706,68.54740608926727],[-153.91121040364547,68.54745513937885],[-153.91194615531927,68.5474506802778],[-153.9126819069931,68.54749973038939],[-153.91341319956587,68.54744176207569],[-153.91414449213863,68.54733028454937],[-153.91487132561033,68.54716529781037],[-153.9156026181831,68.5470003110714],[-153.91632945165483,68.54678181511979],[-153.91763150916242,68.54634482321656],[-153.91791689162986,68.54612632726493],[-153.9180551237625,68.54591229041436],[-153.91789905522563,68.54564474435115],[-153.91759137725293,68.54537719828795],[-153.91714100804654,68.54510965222474],[-153.91669063884018,68.54484210616154],[-153.91608866019794,68.54457456009833],[-153.91549114065677,68.54431147313618],[-153.91474647078084,68.54404392707296],[-153.9141489512397,68.54378084011081],[-153.91354697259746,68.54351329404761],[-153.91309660339107,68.5432457479844],[-153.91264623418468,68.54298266102226],[-153.91233855621198,68.54271511495904],[-153.91203533734034,68.54244756889584],[-153.9117321184687,68.54218002283262],[-153.91142444049603,68.54191247676943],[-153.91126837195915,68.54164493070621],[-153.91096515308752,68.54137738464301],[-153.91065747511485,68.5411098385798],[-153.910501406578,68.54083783341554],[-153.91034087894005,68.54057028735234],[-153.91018481040317,68.54030274128912],[-153.9100287418663,68.54003519522593],[-153.90986821422837,68.53976764916271],[-153.90971214569151,68.53950010309951],[-153.90955607715463,68.5392325570363],[-153.90954269985147,68.53896055187204],[-153.90968093198413,68.53869300580884],[-153.90981470501575,68.53842100064458],[-153.9099529371484,68.53815345458136],[-153.91008671018,68.53788144941711],[-153.9100777919779,68.5376139033539],[-153.91006441467474,68.53734189818964],[-153.9100554964726,68.53707435212644],[-153.91004211916945,68.53680680606323],[-153.91003320096735,68.53653480089896],[-153.91002428276525,68.53626725483576],[-153.9100109054621,68.53599970877256],[-153.9098548369252,68.53573216270937],[-153.90984145962204,68.53546015754509],[-153.90983254141995,68.53519261148188],[-153.9099663144516,68.53492060631761],[-153.91010454658422,68.53465306025441],[-153.91038546995057,68.53438105509015],[-153.910670852418,68.53411350902695],[-153.91095177578435,68.53384150386269],[-153.911090007917,68.53356949869843],[-153.9113709312834,68.53330195263521],[-153.91180346408558,68.53302994747098],[-153.91208438745193,68.5327579423067],[-153.91251246115306,68.53248593714244],[-153.91309214429,68.53221393197818],[-153.91366736832592,68.53194192681391],[-153.9142425923618,68.53166992164965],[-153.9149694258335,68.5313979164854],[-153.91569180020417,68.53112591132114],[-153.91641417457484,68.53084944705583],[-153.91713654894548,68.53057744189157],[-153.9178633824172,68.5303054367273],[-153.91858575678785,68.53003343156304],[-153.91930813115852,68.52976142639878],[-153.92003496463022,68.52953847134613],[-153.9207573390009,68.52931997539449],[-153.9214841724726,68.52910147944287],[-153.92221100594432,68.52893649270389],[-153.92294229851709,68.52882501517756],[-153.92367359108988,68.52871353765123],[-153.92440488366262,68.52865556933753],[-153.92513617623538,68.52859760102383],[-153.92586746880815,68.52853963271014],[-153.92659876138092,68.52848166439644],[-153.92733451305472,68.52842369608275],[-153.92806134652645,68.52831221855641],[-153.92879709820025,68.52825425024271],[-153.92952393167195,68.52814277271638],[-153.93025522424472,68.52803129519005],[-153.93098651681748,68.52791981766372],[-153.93171335028921,68.52780834013737],[-153.93244018376092,68.52764335339839],[-153.93317147633368,68.52753187587206],[-153.93390276890645,68.52742039834573],[-153.93462960237815,68.52730892081938],[-153.93536535405198,68.5272509525057],[-153.93609664662475,68.527192984192],[-153.9368279391975,68.5271350158783],[-153.93755923177028,68.5270770475646],[-153.93829052434305,68.52696557003827],[-153.93901735781475,68.52679612419824],[-153.93974865038751,68.52668464667191],[-153.94047548385922,68.52651965993293],[-153.94120231733095,68.52640818240658],[-153.9419336099037,68.52629670488025],[-153.94266490247648,68.52623873656655],[-153.94339619504925,68.52618076825287],[-153.944127487622,68.52612279993917],[-153.94485878019478,68.52601132241283],[-153.94559007276754,68.5258998448865],[-153.94631690623925,68.52578836736016],[-153.947048198812,68.52562338062118],[-153.94777503228372,68.52551190309485],[-153.94850632485648,68.5254004255685],[-153.94923761742925,68.52534245725482],[-153.94996891000204,68.52528448894113],[-153.95070466167584,68.52528002984008],[-153.9514359542486,68.52527557073901],[-153.95217616502347,68.5253246208506],[-153.95291191669727,68.5253736709622],[-153.9536476683711,68.52547623028642],[-153.954387879146,68.5255832487117],[-153.95512808992086,68.52568580803593],[-153.95586384159466,68.52578836736016],[-153.95660405236956,68.52583741747175],[-153.95733980404336,68.52588646758333],[-153.9580755557172,68.52598902690757],[-153.95881576649205,68.52609604533285],[-153.95955151816588,68.52614509544443],[-153.96029172894075,68.52624765476868],[-153.96102748061455,68.52629670488025],[-153.9617632322884,68.5262922457792],[-153.96249452486114,68.52628778667815],[-153.96323027653497,68.52628332757709],[-153.96396602820877,68.52627886847604],[-153.96469732078154,68.52627440937499],[-153.96543307245537,68.52626995027393],[-153.96616882412917,68.52626549117288],[-153.96690011670194,68.52620752285918],[-153.9676314092747,68.52609604533285],[-153.96835824274643,68.52598456780652],[-153.9690895353192,68.52592659949282],[-153.969825286993,68.52592214039177],[-153.97114964000588,68.52597119050336],[-153.97173824134495,68.52602024061494],[-153.97217523324818,68.52590876308861],[-153.97304029885254,68.52552973949906],[-153.97405251479168,68.5251997660211],[-153.97463219792863,68.52503477928212],[-153.97506918983186,68.52486979254316],[-153.97535011319823,68.5245977873789],[-153.97548388622982,68.52433024131568],[-153.97561765926145,68.52405823615142],[-153.97560874105932,68.52379069008822],[-153.97574251409094,68.523523144025],[-153.9757335958888,68.52325113886077],[-153.9757202185857,68.52298359279754],[-153.97570684128252,68.52271604673433],[-153.9756979230804,68.52244404157008],[-153.97553739544247,68.52217649550687],[-153.9753813269056,68.52190894944367],[-153.97536794960243,68.52164140338046],[-153.9753545722993,68.5213693982162],[-153.97534565409717,68.521101852153],[-153.975332276794,68.52083430608978],[-153.9754705089267,68.52056230092552],[-153.97530998128875,68.52029475486232],[-153.9750067624171,68.5200272087991],[-153.97469908444444,68.51975966273591],[-153.97424871523802,68.5194921166727],[-153.97379388693057,68.51922902971054],[-153.97334351772417,68.51896148364733],[-153.97318299008626,68.51869393758413],[-153.97302692154938,68.51842193241987],[-153.97286639391146,68.51815438635666],[-153.97285747570936,68.51788684029346],[-153.97299124874095,68.51761929423026],[-153.97312502177255,68.517347289066],[-153.97341040423998,68.51707528390173],[-153.97369132760636,68.51680773783852],[-153.9739722509727,68.51653573267426],[-153.97440032467384,68.51626372751001],[-153.97482839837497,68.51599172234575],[-153.97526093117716,68.51571971718148],[-153.97598776464886,68.5155547304425],[-153.97671459812062,68.51538974370352],[-153.97744143159233,68.51527826617719],[-153.97817718326613,68.51527380707614],[-153.97891293493993,68.51532285718773],[-153.9796442275127,68.51526488887403],[-153.98037997918652,68.51531393898561],[-153.98111573086032,68.5153629890972],[-153.98185148253415,68.51535852999615],[-153.98258723420798,68.51540758010773],[-153.98332298588178,68.51551013943198],[-153.98406319665665,68.51561715785725],[-153.98480340743154,68.51577322639412],[-153.98554361820644,68.515929294931],[-153.98628828808233,68.51608536346787],[-153.9870284988572,68.51629940031843],[-153.98777316873313,68.51650897806795],[-153.988513379508,68.51666504660481],[-153.98925804938392,68.51687462435433],[-153.98999826015879,68.5170886612049],[-153.9907429300347,68.51724472974176],[-153.9914831408096,68.51740079827863],[-153.99222335158447,68.5175568668155],[-153.99296356235934,68.51766388524078],[-153.99369931403317,68.51776644456501],[-153.99443952480806,68.51786900388925],[-153.99517527648186,68.51791805400083],[-153.99591548725672,68.51802061332506],[-153.99665123893055,68.51812317264928],[-153.99739144970542,68.51817222276088],[-153.99812720137922,68.51822127287247],[-153.99886295305305,68.51827032298405],[-153.99959424562581,68.51827032298405],[-154.00032999729964,68.518265863883],[-154.0010612898724,68.51820343646826],[-154.00179258244518,68.51814546815456],[-154.0025238750179,68.51808749984086],[-154.00325516759068,68.51802953152716],[-154.00398646016345,68.51791805400083],[-154.0047177527362,68.51786008568713],[-154.00544458620794,68.5177486081608],[-154.0061758787807,68.5176906398471],[-154.00690717135348,68.51757916232077],[-154.00764292302728,68.51757470321971],[-154.00837421560004,68.51757024411866],[-154.00910996727387,68.51756578501761],[-154.00984125984664,68.51756132591656],[-154.01057701152044,68.51761037602814],[-154.0113127631943,68.51760591692708],[-154.0120485148681,68.51760145782603],[-154.0127842665419,68.51765050793762],[-154.01351555911467,68.51759253962393],[-154.0142423925864,68.51748106209759],[-154.0149692260581,68.51731607535861],[-154.0156960595298,68.51715108861964],[-154.01699811703742,68.51670963761535],[-154.01757780017437,68.51649114166372],[-154.0180058738755,68.5162726457121],[-154.01843394757663,68.51600064054784],[-154.018714870943,68.51573309448464],[-154.01914294464413,68.51546108932038],[-154.01957101834526,68.51518908415612],[-154.02014624238114,68.51491707899187],[-154.0207259255181,68.51469858304024],[-154.02144829988876,68.51447562798757],[-154.02217513336046,68.51425713203597],[-154.02289750773113,68.51403863608434],[-154.02361988210177,68.51382014013271],[-154.02434225647244,68.5135436758674],[-154.0250646308431,68.51327167070315],[-154.02578700521374,68.51299520643782],[-154.0265093795844,68.51277671048621],[-154.0272362130561,68.5125582145346],[-154.02795858742678,68.51233971858296],[-154.02868096179745,68.5121167635303],[-154.02940779526915,68.51189826757867],[-154.029978560204,68.51162626241442],[-154.03040663390513,68.51135425725018],[-154.03083470760626,68.5110822520859],[-154.03111563097264,68.51081024692164],[-154.0311067127705,68.51054270085844],[-154.03109333546735,68.51027515479522],[-154.03093280782943,68.51000760873201],[-154.03048243862307,68.50974006266881],[-154.03017476065034,68.5094725166056],[-154.0298715417787,68.5092049705424]]},"id":"001200000000000011af","properties":{"dist_out":412656.466855223,"edit_flag":"NaN","facc":3550.515459251147,"grod_id":0,"hfalls_id":0,"lakeflag":0,"max_width":510.0,"n_chan_max":2,"n_chan_mod":1,"n_nodes":50,"n_rch_dn":1,"n_rch_up":1,"obstr_type":0,"rch_id_dn":"81380600061","rch_id_up":"81380600081","reach_id":81380600071,"reach_len":10076.962976182256,"river_name":"Killik River","slope":9.0E-15,"swot_obs":6,"swot_orbit":"15  43 108 321 386 414","trib_flag":0,"type":1,"width":126.0,"width_var":2033.8062434963579,"wse":493.1000061035156,"wse_var":0.0,"x":-153.95298875236278,"y":68.52865815391121}},{"type":"Feature","geometry":{"type":"LineString","coordinates":[[-154.03017476065034,68.5094725166056],[-154.0298715417787,68.5092049705424],[-154.02956386380603,68.50893742447919],[-154.0292606449344,68.50866987841599],[-154.0289529669617,68.50840233235277],[-154.0283599065216,68.5082462638159],[-154.02776684608148,68.50814370449167],[-154.0270266353066,68.50803668606639],[-154.02629088363278,68.5079876359548],[-154.02555513195898,68.50793858584322],[-154.02481492118412,68.50778251730635],[-154.0240702513082,68.50757293955684],[-154.0233300405333,68.50736336180732],[-154.02258091155633,68.50709581574412],[-154.0218362416804,68.50683272878196],[-154.02109157180448,68.50656964181981],[-154.0204940522633,68.50630209575662],[-154.0198920736211,68.50603900879445],[-154.01958885474946,68.50577146273125],[-154.0192811767768,68.50550391666803],[-154.01897795790515,68.50523637060483],[-154.01867027993245,68.50496882454162],[-154.0185142113956,68.50470127847842],[-154.0182065334229,68.50443373241521],[-154.01804600578498,68.50416618635201],[-154.01803708758288,68.50389418118775],[-154.01817086061448,68.50362663512453],[-154.01830463364607,68.50335462996027],[-154.0184384066777,68.50308708389707],[-154.01871933004404,68.50281507873281],[-154.0190002534104,68.50254307356855],[-154.01913848554307,68.50227552750535],[-154.01941940890944,68.50200352234108],[-154.0197003322758,68.50173151717682],[-154.0198341053074,68.50146397111361],[-154.02011502867379,68.50119196594936],[-154.02039595204013,68.5009199607851],[-154.0206768754065,68.50065241472188],[-154.02095779877288,68.50038040955762],[-154.02123872213923,68.50010840439337],[-154.02151964550563,68.49983639922911],[-154.02180056887198,68.4995688531659],[-154.02208149223833,68.49929684800163],[-154.0223624156047,68.49902484283739],[-154.02279048930583,68.49875283767314],[-154.0230714126722,68.49848083250886],[-154.02349948637337,68.49821328644565],[-154.02392756007447,68.4979412812814],[-154.0243556337756,68.49766927611714],[-154.02478370747673,68.49739727095287],[-154.0252117811779,68.49712526578863],[-154.02549270454423,68.49685326062435],[-154.02577362791058,68.49658125546009],[-154.02605455127696,68.49631370939689],[-154.02633547464333,68.49604170423262],[-154.0266163980097,68.49576969906836],[-154.02704447171084,68.4954976939041],[-154.0273253950772,68.49522568873985],[-154.02760631844356,68.49495814267664],[-154.02788724180994,68.49468613751237],[-154.02831531551107,68.49441413234811],[-154.02844908854266,68.49414658628491],[-154.02844017034056,68.49387458112065],[-154.0284267930374,68.49360703505744],[-154.02841341573424,68.49333948899424],[-154.02825288809632,68.49306748382998],[-154.0282439698942,68.49279993776678],[-154.0283777429258,68.49253239170356],[-154.02851151595743,68.4922603865393],[-154.02849813865424,68.4919928404761],[-154.02848476135108,68.49172083531185],[-154.02847584314898,68.49145328924862],[-154.02860961618057,68.49118128408436],[-154.0287433892122,68.49091373802116],[-154.02873001190903,68.49064619195795],[-154.02886378494063,68.4903741867937],[-154.02899755797225,68.49010664073049],[-154.0291357901049,68.48983463556623],[-154.02912241280174,68.48956708950303],[-154.02910903549858,68.48929508433876],[-154.02880581662694,68.48902753827555],[-154.0283509883195,68.4887644513134],[-154.02760631844356,68.4884969052502],[-154.02686164856763,68.48823381828804],[-154.0261169786917,68.48802424053852],[-154.02537676791684,68.48781466278902],[-154.02463655714197,68.48765413515109],[-154.02389634636708,68.48749806661422],[-154.02315613559222,68.48739550728999],[-154.02242038391842,68.48729294796577],[-154.02168017314352,68.48719038864154],[-154.02093996236866,68.48703432010467],[-154.0202086697959,68.48698526999307],[-154.01947291812206,68.48698972909413],[-154.01874162554932,68.48704769740783],[-154.01830909274713,68.48720822504575],[-154.01745294534487,68.48769872616163],[-154.01702041254268,68.4878637129006],[-154.01644072940573,68.48797519042695],[-154.01586104626878,68.48814017716592],[-154.01512975369604,68.48819814547961],[-154.01440292022434,68.48830962300595],[-154.01367162765155,68.48842110053228],[-154.01294033507878,68.48842555963336],[-154.01220904250602,68.4884300187344],[-154.01147774993325,68.48848798704809],[-154.01074645736048,68.48854595536179],[-154.01001516478772,68.48860392367547],[-154.00928833131601,68.48877336951551],[-154.00856149784428,68.48893835625448],[-154.00783912347364,68.48910334299346],[-154.0071122900019,68.48926832973244],[-154.0063854565302,68.48943331647142],[-154.0056586230585,68.48954479399775],[-154.00493178958678,68.48971423983778],[-154.00420495611507,68.48982571736413],[-154.0034736635423,68.48993719489046],[-154.0027468300706,68.49004867241679],[-154.00201999659888,68.49016014994312],[-154.0012887040261,68.49021811825682],[-154.00055741145337,68.49027608657052],[-153.9998261188806,68.49033405488422],[-153.99909482630784,68.49039202319791],[-153.99836353373507,68.4904499915116],[-153.9976322411623,68.49045445061265],[-153.99690094858954,68.49051241892636],[-153.99616965601678,68.4905168780274],[-153.99543390434297,68.49046782791584],[-153.99469815266917,68.49041877780422],[-153.99396686009638,68.49042323690529],[-153.99322664932149,68.49032067758105],[-153.99249089764768,68.49021811825682],[-153.9917506868728,68.4901155589326],[-153.99101047609793,68.48995503129467],[-153.99027026532306,68.48974545354515],[-153.98952559544713,68.48953587579565],[-153.9887809255712,68.48926832973244],[-153.98803625569528,68.48900524277029],[-153.98729158581935,68.48874215580814],[-153.98654691594342,68.48847460974493],[-153.9858022460675,68.48821152278278],[-153.9850575761916,68.48794843582061],[-153.98431290631567,68.48768088975741],[-153.9837153867745,68.48741780279526],[-153.98311786723332,68.48715025673205],[-153.98252034769217,68.4868871697699],[-153.98206551938472,68.48661962370669],[-153.98176230051308,68.48635207764349],[-153.9813119313067,68.48608453158027],[-153.98100871243506,68.48581698551709],[-153.98084818479714,68.48554943945386],[-153.98083480749398,68.48528189339066],[-153.9806787389571,68.48501434732745],[-153.98051821131918,68.4847423421632],[-153.9803621427823,68.4844747961],[-153.98020161514438,68.48420725003677],[-153.97989839627274,68.48393970397358],[-153.97974232773586,68.48367215791036],[-153.97958180009795,68.48340461184716],[-153.97957288189585,68.48313706578395],[-153.9795595045927,68.48286506061969],[-153.97969327762428,68.48259751455649],[-153.97968435942218,68.48232550939223],[-153.97996528278856,68.48205796332901],[-153.9802462061549,68.48178595816476],[-153.98052712952128,68.4815139530005],[-153.98080805288765,68.48124194783624],[-153.98123612658878,68.48097440177303],[-153.9815170499552,68.48070239660878],[-153.98165082298675,68.48043039144451],[-153.9817890551194,68.4801628453813],[-153.98177567781624,68.47989084021704],[-153.98190945084784,68.47962329415384],[-153.98204322387946,68.47935128898958],[-153.9821814560121,68.47908374292636],[-153.9823152290437,68.47881173776211],[-153.98244900207533,68.4785441916989],[-153.9824400838732,68.4782766456357],[-153.98242670657004,68.47800464047144],[-153.98256047960166,68.47773709440823],[-153.98269425263325,68.47746508924396],[-153.98297963510066,68.47719308407972],[-153.98326055846704,68.4769255380165],[-153.98368863216817,68.47665353285224],[-153.98396955553454,68.47638152768798],[-153.98439762923567,68.47610952252371],[-153.98467855260205,68.47583751735947],[-153.98510662630318,68.47556997129625],[-153.98538754966953,68.47529796613199],[-153.98581562337066,68.47502596096773],[-153.98609654673703,68.47475395580348],[-153.98652462043816,68.47448195063922],[-153.9869526941393,68.47420994547495],[-153.98738076784042,68.47393794031069],[-153.98780884154155,68.47367039424749],[-153.9883796064764,68.47339392998217],[-153.98880768017753,68.47312638391897],[-153.9892357538787,68.4728543787547],[-153.9896638275798,68.47258237359044],[-153.99009190128092,68.47231036842618],[-153.99051997498205,68.47203836326193],[-153.99109519901793,68.47176635809767],[-153.99152327271906,68.47149435293342],[-153.9920940376539,68.47122234776914],[-153.99266926168983,68.47095034260488],[-153.99309733539096,68.47067833744062],[-153.9935254090921,68.47040633227637],[-153.99395348279322,68.4701343271121],[-153.99438155649435,68.46986232194784],[-153.9946624798607,68.46959031678358],[-153.99509055356182,68.46931831161932],[-153.9953714769282,68.46905076555612],[-153.99565240029457,68.46877876039187],[-153.99593332366092,68.4685067552276],[-153.9962142470273,68.46823475006333],[-153.99634802005892,68.46796720400013],[-153.9964817930905,68.46769519883587],[-153.99676271645689,68.46742765277266],[-153.99689648948848,68.46715564760841],[-153.99688757128638,68.4668881015452],[-153.99702134431797,68.46661609638093],[-153.99730226768435,68.46634855031773],[-153.99743604071594,68.46607654515347],[-153.99771696408231,68.46580453998921],[-153.99814503778344,68.46553253482494],[-153.99827881081504,68.46526498876175],[-153.99841258384666,68.46499298359748],[-153.9985508159793,68.46472543753427],[-153.9986845890109,68.46445343237001],[-153.99896551237728,68.46418588630681],[-153.9993935860784,68.46391388114255],[-153.9996745094448,68.46364187597828],[-153.99995543281113,68.46336987081402],[-154.0002363561775,68.46310232475082],[-154.0003701292091,68.46283031958656],[-154.00050390224072,68.4625583144223],[-154.00049052493756,68.4622907683591],[-154.00062875707022,68.46202322229588],[-154.0007625301018,68.46175121713162],[-154.00074915279865,68.46148367106842],[-154.00088292583027,68.46121166590416],[-154.00116384919662,68.4609396607399],[-154.00115493099452,68.4606721146767],[-154.00114155369135,68.46040456861348],[-154.00127532672298,68.46013256344922],[-154.00140909975457,68.45986501738602],[-154.00154287278616,68.45959301222176],[-154.00182379615256,68.45932546615855],[-154.0021047195189,68.45905346099428],[-154.00253725232108,68.45888847425532],[-154.00297424422433,68.45877699672897],[-154.00355392736128,68.45871902841529],[-154.00428967903508,68.45871456931424],[-154.0050254307089,68.45882158773951],[-154.00576118238274,68.45892414706374],[-154.0065013931576,68.45908021560061],[-154.00724160393247,68.45928979335012],[-154.0079862738084,68.45955733941334],[-154.00872648458326,68.45976691716284],[-154.00991706456455,68.46019053176292],[-154.01036743377094,68.46040010951243],[-154.01126817218375,68.4608816924262],[-154.01171854139014,68.46114923848943],[-154.01246321126607,68.46141232545156],[-154.01320342204093,68.46162190320108],[-154.01394809191686,68.46183594005164],[-154.01468830269172,68.46204551780116],[-154.0154285134666,68.46225509555066],[-154.01617318334252,68.46246467330018],[-154.01691785321844,68.46273221936339],[-154.01766252309437,68.46299530632555],[-154.01840273386924,68.46325839328769],[-154.01914740374517,68.4635259393509],[-154.0198920736211,68.46378902631305],[-154.02063674349702,68.46405211327522],[-154.02138141337295,68.46431965933841],[-154.02212608324888,68.46458274630056],[-154.0228707531248,68.46484583326271],[-154.02361542300073,68.46511337932593],[-154.02436009287666,68.46537646628808],[-154.0251047627526,68.46563955325023],[-154.0258494326285,68.46590709931344],[-154.0265896434034,68.46611667706294],[-154.02732985417825,68.46627274559982],[-154.02806560585208,68.46637530492404],[-154.02880135752588,68.46642435503564],[-154.02953265009864,68.46641989593458],[-154.03026840177247,68.46641543683353],[-154.03099523524418,68.46635746851985],[-154.03172652781694,68.46629950020613],[-154.03245336128865,68.4661880226798],[-154.0331801947604,68.46602303594082],[-154.03390256913102,68.46585804920186],[-154.03462940260275,68.46568860336181],[-154.03535177697339,68.4654701074102],[-154.03607415134405,68.46525161145858],[-154.03679652571472,68.4650286564059],[-154.03751890008536,68.46481016045429],[-154.03824127445603,68.46459166450268],[-154.0389636488267,68.46437316855105],[-154.03968602319733,68.46415021349839],[-154.04026124723325,68.46393171754676],[-154.0408320121681,68.4636597123825],[-154.04126008586923,68.46338770721826],[-154.04168815957036,68.46311570205398],[-154.04211623327149,68.46284369688972],[-154.0426869982063,68.46257169172546],[-154.04326222224225,68.4622996865612],[-154.04383298717704,68.46202768139693],[-154.04440821121295,68.46175567623268],[-154.04483628491408,68.46148367106842],[-154.04525989951415,68.46121166590416],[-154.04568797321528,68.4609396607399],[-154.04626319725116,68.46066765557563],[-154.046833962186,68.46039565041137],[-154.04755633655668,68.46017269535871],[-154.04827871092735,68.4599541994071],[-154.04900108529802,68.45973570345546],[-154.04972345966866,68.4595127484028],[-154.05044583403932,68.45929425245117],[-154.05116374930896,68.45902224728691],[-154.05188612367957,68.4587457830216],[-154.05260403894917,68.45852728706998],[-154.05332641331984,68.45830879111837],[-154.0540487876905,68.45808583606569],[-154.0546240117264,68.45786734011408],[-154.0550565445286,68.45765330326351],[-154.05548015912865,68.45738129809925],[-154.05576108249502,68.45710929293499],[-154.05604200586137,68.45683728777072],[-154.05632292922775,68.45656528260646],[-154.05674654382784,68.45629327744221],[-154.05717461752897,68.45602127227795],[-154.0576026912301,68.45574926711369],[-154.05802630583017,68.45548172105048],[-154.05860152986605,68.45520525678516],[-154.05902960356718,68.4549332516209],[-154.0593060678325,68.4546657055577],[-154.05973414153362,68.45439370039344],[-154.0600150649,68.45412169522918],[-154.06029598826638,68.45384969006491],[-154.06057691163275,68.45357768490067],[-154.0608533758981,68.45331013883747],[-154.06098714892968,68.45303813367319],[-154.06126807229603,68.45276612850893],[-154.06140184532762,68.45249858244573],[-154.06153561835924,68.45222657728146],[-154.06166939139084,68.45195903121825],[-154.0619503147572,68.451687026054],[-154.0620840877888,68.45141947999079],[-154.0622178608204,68.45114747482653],[-154.06235163385202,68.45087546966228],[-154.0624854068836,68.45060792359908],[-154.06247202958045,68.45034037753585],[-154.0624586522773,68.4500683723716],[-154.06230258374043,68.44980082630839],[-154.0621420561025,68.44953328024518],[-154.0619815284646,68.44926573418198],[-154.06182545992772,68.44899818811876],[-154.06166493228977,68.44873064205557],[-154.0616515549866,68.4484586368913],[-154.06163817768345,68.44819109082808],[-154.06162925948135,68.44792354476489],[-154.06146873184343,68.44765599870168],[-154.06130820420552,68.44738399353743],[-154.06115213566864,68.44711644747423],[-154.06099160803072,68.44684890141103],[-154.06083108039277,68.4465813553478],[-154.06082216219068,68.44631380928459],[-154.0608087848875,68.44604180412034],[-154.0606482572496,68.44577425805713],[-154.06048772961168,68.44550671199393],[-154.06018451074004,68.44523916593072],[-154.0598812918684,68.4449716198675],[-154.0595736138957,68.4447040738043],[-154.05927039502407,68.44443652774109],[-154.05881556671662,68.44417344077894],[-154.05851234784498,68.44390589471574],[-154.0580619786386,68.44363834865253],[-154.05746445909745,68.44337526169038],[-154.05700963079,68.44310771562716],[-154.05655926158357,68.44284016956396],[-154.05610889237718,68.4425770826018],[-154.0556585231708,68.4423095365386],[-154.0553508451981,68.44204199047539],[-154.0549004759917,68.44177444441219],[-154.0544501067853,68.44150689834898],[-154.05385258724414,68.44124381138683],[-154.053255067703,68.44097626532363],[-154.05251039782706,68.44071317836146],[-154.05176572795114,68.44045009139931],[-154.0510210580752,68.44018700443716],[-154.05027638819928,68.43991945837395],[-154.04953617742441,68.4396563714118],[-154.0487915075485,68.43939328444965],[-154.04804683767256,68.43912573838644],[-154.04730216779663,68.43886265142429],[-154.04670464825546,68.43859956446214],[-154.0461071287143,68.43833201839892],[-154.04565675950792,68.43806447233572],[-154.0452063903015,68.43780138537356],[-154.04489871232883,68.43753383931036],[-154.0445954934572,68.43726629324715],[-154.04429227458556,68.43699874718395],[-154.04398459661286,68.43673120112074],[-154.04368137774122,68.43646365505754],[-154.04337369976855,68.43619610899432],[-154.04307048089692,68.43592856293112],[-154.04291441236003,68.43566101686791],[-154.04275388472212,68.43539347080471],[-154.04274050741896,68.43512592474151],[-154.0427271301158,68.43485391957724],[-154.0427182119137,68.43458637351404],[-154.04270483461053,68.43431882745082],[-154.04283860764212,68.43404682228656],[-154.04297238067375,68.43377927622336],[-154.04310615370534,68.4335072710591],[-154.0433870770717,68.43323526589484],[-154.04366800043806,68.43296326073057],[-154.04380177346968,68.43269571466737],[-154.044078237735,68.43242370950311],[-154.04435916110137,68.43215170433885],[-154.04464008446772,68.43188415827565],[-154.0449210078341,68.43161215311139],[-154.04534462243416,68.43134014794713],[-154.0457726961353,68.43106814278286],[-154.04620076983642,68.4307961376186],[-154.0466243844365,68.43052413245434],[-154.0471996084724,68.43025212729009],[-154.04777037340725,68.42998012212583],[-154.0483411383421,68.42970811696156],[-154.04891636237798,68.4294361117973],[-154.04948712731283,68.42915964753199],[-154.05005789224765,68.42888764236773],[-154.05048596594878,68.42861563720346],[-154.05091403964994,68.42834363203922],[-154.05148480458476,68.42807162687495],[-154.05190841918485,68.42779962171069],[-154.05233649288598,68.42752761654643],[-154.0529072578208,68.42725561138217],[-154.05333533152194,68.4269836062179],[-154.05375894612203,68.42671160105365],[-154.05418701982316,68.42643959588939],[-154.0544679431895,68.42617204982618],[-154.05474886655588,68.42590004466192],[-154.0550253308212,68.42562803949767],[-154.05515910385282,68.42536049343445],[-154.0552928768844,68.42508848827019],[-154.05557380025078,68.42481648310593],[-154.05570757328238,68.42454893704273],[-154.05584134631397,68.42427693187847],[-154.05597511934562,68.42400938581525],[-154.05610889237718,68.423737380651],[-154.05609551507402,68.42346983458779],[-154.05608213777086,68.42319782942353],[-154.05607321956876,68.42293028336033],[-154.05620253349932,68.42266273729712],[-154.0561936152972,68.42239073213285],[-154.0563273883288,68.42212318606965],[-154.05631401102565,68.42185118090539],[-154.05615348338773,68.42158363484218],[-154.0557031141813,68.42132054788003],[-154.05554704564446,68.42104854271577],[-154.05523936767176,68.42078545575362],[-154.0552259903686,68.42051345058935],[-154.0552170721665,68.42024590452615],[-154.05520369486334,68.41997835846294],[-154.05504316722542,68.41970635329868],[-154.05488709868854,68.41943880723548],[-154.05457942071587,68.41917126117227],[-154.054423352179,68.41890371510907],[-154.0542628245411,68.41863616904585],[-154.0542494472379,68.41836862298265],[-154.05423606993475,68.41809661781839],[-154.05422715173265,68.41782907175518],[-154.05421377442948,68.41756152569198],[-154.05449469779583,68.41728952052772],[-154.05477116206114,68.41701751536345],[-154.05519923576227,68.41679901941184],[-154.0557744597982,68.41658052346021],[-154.05649683416883,68.4163620275086],[-154.05721474943843,68.41614353155698],[-154.05778997347434,68.41592503560537],[-154.0580708968407,68.4156530304411],[-154.05835182020706,68.41538102527684],[-154.05862828447238,68.41510902011258],[-154.05890920783875,68.41484147404937],[-154.05933728153988,68.41456946888512],[-154.0600551968095,68.41429300461981],[-154.0607731120791,68.41407450866818],[-154.0619235601509,68.41363751676495],[-154.06235163385202,68.41341902081332],[-154.0632033221532,68.41292851969745],[-154.0634842455196,68.41265651453318],[-154.06376516888596,68.41238896846998],[-154.0640460922523,68.41211696330572],[-154.06403271494915,68.41184941724251],[-154.064019337646,68.41157741207826],[-154.06400596034283,68.41130986601505],[-154.06413973337445,68.41103786085078],[-154.06412635607128,68.41077031478758],[-154.06426012910288,68.41050276872437],[-154.06424675179971,68.41023076356011],[-154.06423337449655,68.40996321749691],[-154.06422445629445,68.4096956714337],[-154.0642110789913,68.40942366626943],[-154.06419770168813,68.40915612020623],[-154.06433147471975,68.40888411504197],[-154.0643180974166,68.40861656897876],[-154.06415756977864,68.40834902291556],[-154.06385435090704,68.40808147685235],[-154.06369828237015,68.40781393078915],[-154.06339060439745,68.40754638472593],[-154.0632345358606,68.40727883866273],[-154.06322115855744,68.40700683349847],[-154.06335493158903,68.40673928743526],[-154.06319440395112,68.40647174137206],[-154.06318102664795,68.40619973620781],[-154.06331479967955,68.40593219014461],[-154.0633014223764,68.40566464408138],[-154.06314535383953,68.40539263891712],[-154.06313197653637,68.40512509285392],[-154.06282875766473,68.40485754679071],[-154.06237838845834,68.40459445982856],[-154.06207071048564,68.40432691376535],[-154.0619146419488,68.40405490860108],[-154.06175411431084,68.40378736253788],[-154.06188788734246,68.40351981647467],[-154.06202166037406,68.40324781131042],[-154.06230258374043,68.40298026524721],[-154.06273065744156,68.4027617692956],[-154.06330588147745,68.40259678255661],[-154.06388556461442,68.40253881424292],[-154.06461685718716,68.40248084592922],[-154.06534369065886,68.40241841851447],[-154.0659233737958,68.40231140008919],[-154.06635144749694,68.40214641335021],[-154.06663237086332,68.40187440818596],[-154.0667661438949,68.4016024030217],[-154.06689991692653,68.40133485695848],[-154.06688653962337,68.40106731089529],[-154.06672601198545,68.40079530573104],[-154.0667126346823,68.40052775966781],[-154.06685086681497,68.40031372281724],[-154.06698463984657,68.40009522686563],[-154.06727002231395,68.39987673091402],[-154.0678407872488,68.39965823496239],[-154.06898677621953,68.39916773384651]]},"id":"001200000000000011b0","properties":{"dist_out":430946.1554422898,"edit_flag":"NaN","facc":3356.501295377575,"grod_id":0,"hfalls_id":0,"lakeflag":0,"max_width":469.0,"n_chan_max":2,"n_chan_mod":1,"n_nodes":91,"n_rch_dn":1,"n_rch_up":1,"obstr_type":0,"rch_id_dn":"81380600071","rch_id_up":"81380600091","reach_id":81380600081,"reach_len":18289.688587066787,"river_name":"Killik River","slope":0.345487161442048,"swot_obs":6,"swot_orbit":"15  43 108 136 321 386 414","trib_flag":0,"type":1,"width":228.5,"width_var":5838.034013337533,"wse":493.1000061035156,"wse_var":5.537963760916129,"x":-154.02957196565467,"y":68.45888036883562}},{"type":"Feature","geometry":{"type":"LineString","coordinates":[[-148.8175926475974,69.01580344122438],[-148.81742320175738,69.01553589516118],[-148.81709768738045,69.01526834909798],[-148.81692824154044,69.01500080303478],[-148.81675433659936,69.01473325697155],[-148.81673204109407,69.01446571090835],[-148.816558136153,69.01419816484514],[-148.81638869031298,69.01393061878194],[-148.81606317593605,69.01366753181978],[-148.81589373009604,69.01339998575658],[-148.81557267482017,69.01313243969336],[-148.81524716044328,69.01286935273122],[-148.81507771460326,69.012601806668],[-148.81475220022637,69.0123342606048],[-148.81428399461575,69.01207117364265],[-148.81381132990407,69.01180808668049],[-148.81348581552717,69.01154054061729],[-148.8131647602513,69.01127299455408],[-148.81299085531023,69.01100544849088],[-148.81296855980497,69.01073790242766],[-148.81295072340075,69.01047035636446],[-148.81277681845967,69.01020281030125],[-148.81245576318383,69.00993526423805],[-148.81228185824276,69.00966771817484],[-148.81225956273747,69.00940017211164],[-148.8122372672322,69.00913262604843],[-148.81206336229113,69.00886507998523],[-148.81219267622168,69.00859307482096],[-148.8121703807164,69.00832552875775],[-148.81200093487638,69.00805798269455],[-148.8118270299353,69.00779043663134],[-148.81195634386583,69.00751843146708],[-148.81193404836057,69.00725088540388],[-148.8119117528553,69.00698333934066],[-148.81188945735005,69.0067113341764],[-148.81186716184476,69.0064437881132],[-148.8118448663395,69.00617624205],[-148.81182257083424,69.00590423688573],[-148.81164866589316,69.00563669082253],[-148.81147922005312,69.00536914475931],[-148.81130531511204,69.00510159869611],[-148.8109842598362,69.00483851173396],[-148.81051159512452,69.0045754247718],[-148.81003893041287,69.0043078787086],[-148.8095662657012,69.00404479174645],[-148.80924521042536,69.00378170478429],[-148.80877254571368,69.00351415872109],[-148.80830434010306,69.00330458097157],[-148.8078405935935,69.0031485124347],[-148.80722969674918,69.00299244389784],[-148.80646719046905,69.00284083446202],[-148.8057046841889,69.00268476592515],[-148.8049377188077,69.00247964727669],[-148.80416183522442,69.00221656031454],[-148.80339041074217,69.00195793245344],[-148.80261898625992,69.00169484549129],[-148.8019991712135,69.00143175852914],[-148.801374897066,69.00117313066802],[-148.8009066914554,69.00090558460482],[-148.8005811770785,69.00064249764267],[-148.80041173123848,69.00037495157947],[-148.80023782629738,69.00010740551625],[-148.80021553079212,68.99983985945305],[-148.8000460849521,68.99957231338983],[-148.8000237894468,68.99930030822559],[-148.8001486442763,68.99903276216237],[-148.80043848584478,68.99886777542339],[-148.80087993684907,68.99875629789706],[-148.80162014762396,68.99864036126966],[-148.8023648174999,68.99857793385492],[-148.80311394647686,68.99856901565282],[-148.80385861635278,68.99850658823807],[-148.8046032862287,68.99844416082331],[-148.80534795610464,68.99838619250963],[-148.80594101654475,68.99827025588223],[-148.8065296178838,68.9981008100422],[-148.80710930102074,68.99788231409059],[-148.8076889841577,68.99760584982528],[-148.80811705785882,68.99733384466101],[-148.8085406724589,68.9970573803957],[-148.80896874616002,68.99678537523144],[-148.80909806009058,68.99651337006718],[-148.80907576458532,68.99624582400396],[-148.80905346908006,68.99597827794076],[-148.80888402324,68.99571073187755],[-148.80841135852836,68.99544318581435],[-148.80793869381668,68.9951800988522],[-148.8073144196692,68.99491701189004],[-148.80669460462278,68.99465392492789],[-148.8062219399111,68.99439083796574],[-148.80574927519945,68.99412775100359],[-148.80542821992358,68.99386020494038],[-148.80525877408357,68.99359265887718],[-148.8049332597067,68.99332957191501],[-148.8046122044308,68.99306202585181],[-148.80429114915498,68.99279893888965],[-148.80397009387912,68.99253139282645],[-148.80364903860328,68.99226384676324],[-148.80347513366218,68.99199630070004],[-148.80330568782216,68.99172875463682],[-148.8032833923169,68.99146120857363],[-148.8032610968116,68.99119366251041],[-148.8033859516411,68.99092165734615],[-148.80351526557166,68.99065411128295],[-148.8034929700664,68.99038210611869],[-148.8039032073633,68.98989606410386],[-148.80419304893178,68.98978458657753],[-148.80463449993607,68.9896731090512],[-148.80479056847295,68.98972215916278],[-148.8061193805869,68.98949474500905],[-148.80685959136176,68.98937880838166],[-148.80759534303556,68.989155853329],[-148.80832663560832,68.98893289827632],[-148.80875916841055,68.9887144023247],[-148.80918278301058,68.98843793805939],[-148.80931209694114,68.98817039199618],[-148.8094414108717,68.98789838683192],[-148.8095662657012,68.98762638166765],[-148.80999433940232,68.9873543765034],[-148.81042241310345,68.98708237133914],[-148.81114924657516,68.98680144797277],[-148.8117289297121,68.9865294428085],[-148.8121525443122,68.98625297854319],[-148.81243346767857,68.98598097337894],[-148.81255832250807,68.98571342731573],[-148.81253602700278,68.98544142215147],[-148.81251373149752,68.98517387608827],[-148.81249143599226,68.98490633002505],[-148.8123219901522,68.98463878396186],[-148.81214808521113,68.98437123789864],[-148.81197863937112,68.98410369183544],[-148.8116575840953,68.98383614577224],[-148.81148367915418,68.98356859970902],[-148.81146138364892,68.98330105364582],[-148.81129193780887,68.9830335075826],[-148.8111180328678,68.9827659615194],[-148.81109573736254,68.98249841545619],[-148.81092183242143,68.98223086939299],[-148.8107523865814,68.98196332332978],[-148.81057848164033,68.98169577726658],[-148.81055618613505,68.98142823120337],[-148.81053389062978,68.9811562260391],[-148.81051159512452,68.9808886799759],[-148.81064090905508,68.98061667481164],[-148.8109173733204,68.9803446696474],[-148.81089507781513,68.9800771235842],[-148.81102439174566,68.97980511841992],[-148.81130085601097,68.97953311325566],[-148.81158177937735,68.97926110809139],[-148.81200539397742,68.97898910292713],[-148.81273222744915,68.97871263866182],[-148.81345906092085,68.9784361743965],[-148.81419035349361,68.97821321934383],[-148.81492164606638,68.97799026429117],[-148.8156573977402,68.97782081845114],[-148.816393149414,68.9776513726111],[-148.81713781928994,68.97758894519635],[-148.81788694826693,68.97758002699425],[-148.818640536345,68.97762461800478],[-148.81939858352405,68.97772717732902],[-148.8201610898042,68.97787878676482],[-148.82091913698326,68.97798134608905],[-148.82167718416235,68.97807944631224],[-148.82243523134144,68.9781775465354],[-148.82318881941947,68.97822213754594],[-148.8239424074975,68.97827118765753],[-148.8246915364745,68.97826226945543],[-148.82544066545145,68.97825335125331],[-148.82618533532738,68.97819092383857],[-148.8269300052033,68.97812849642382],[-148.82767467507924,68.97807052811012],[-148.82841934495517,68.97800810069538],[-148.82900348719318,68.97783865485535],[-148.82958762943116,68.97766920901532],[-148.83017623077023,68.97750422227634],[-148.83060430447136,68.97722775801103],[-148.83103683727353,68.97706277127205],[-148.83146937007572,68.97684427532042],[-148.83233889478115,68.97645633352877],[-148.83349826105504,68.97601488252448],[-148.83423401272887,68.97584543668445],[-148.83554944753962,68.97539952657911],[-148.83612913067657,68.97517657152643],[-148.83656166347876,68.97495807557482],[-148.83698527807883,68.97468607041056],[-148.8372662014452,68.9744140652463],[-148.83768981604527,68.97413760098098],[-148.8381178897464,68.97386559581672],[-148.8386931137823,68.9735891315514],[-148.83912118748344,68.97331712638714],[-148.83954926118457,68.97304066212183],[-148.83982572544988,68.97276865695757],[-148.8401021897152,68.97249665179332],[-148.84023150364575,68.97222910573011],[-148.84035635847525,68.97195710056585],[-148.84048567240578,68.97168509540158],[-148.84046337690052,68.97141754933838],[-148.84028947195944,68.97115000327517],[-148.84026717645418,68.97088245721197],[-148.84024488094892,68.97061491114876],[-148.8403697357784,68.9703429059845],[-148.84079780947954,68.97006644171918],[-148.84107427374485,68.96979443655493],[-148.84135073801016,68.96952243139067],[-148.8416316613765,68.96925042622641],[-148.84160936587125,68.9689828801632],[-148.8414354609302,68.9687153341],[-148.8414131654249,68.96844778803678],[-148.84123926048383,68.96818024197358],[-148.84121696497854,68.96791269591037],[-148.8413462789091,68.96764069074611],[-148.8414711337386,68.96736868558186],[-148.84160044766915,68.96710113951866],[-148.84172530249865,68.96682913435438],[-148.84170300699338,68.96656158829119],[-148.84168071148812,68.96628958312692],[-148.84181002541865,68.96602203706371],[-148.8417877299134,68.96575003189945],[-148.8419125847429,68.96548248583625],[-148.8421890490082,68.96521048067198],[-148.84231836293876,68.96493847550772],[-148.8424476768693,68.96466647034347],[-148.84287129146938,68.96439446517921],[-148.8431477557347,68.96412246001495],[-148.84342422,68.96385045485069],[-148.84400390313695,68.96357399058537],[-148.84442751773705,68.96330198542111],[-148.84485559143818,68.9630255211558],[-148.84543081547406,68.96275351599155],[-148.84600603950994,68.96247705172622],[-148.84643411321107,68.96220058746091],[-148.847009337247,68.96192858229665],[-148.84759347948497,68.96170562724397],[-148.84817316262192,68.96148267219131],[-148.84875284575887,68.96126417623968],[-148.84933252889581,68.96104122118702],[-148.84991221203276,68.96081826613434],[-148.85034028573392,68.96054626097008],[-148.85076835943502,68.96026979670475],[-148.85119197403512,68.9599977915405],[-148.85177165717207,68.95972132727519],[-148.85234688120795,68.95944486300988],[-148.85306925557862,68.95916839874457],[-148.85379608905032,68.95889193447925],[-148.85452292252202,68.95861547021394],[-148.85524975599375,68.95833900594863],[-148.8559721303644,68.95806254168332],[-148.85669896383612,68.95778607741799],[-148.85742579730783,68.95750961315268],[-148.85815263077953,68.95722868978632],[-148.8588750051502,68.95695222552102]]},"id":"001200000000000011d7","properties":{"dist_out":179022.5576143274,"edit_flag":"NaN","facc":5124.865981287693,"grod_id":0,"hfalls_id":0,"lakeflag":0,"max_width":308.0,"n_chan_max":2,"n_chan_mod":1,"n_nodes":41,"n_rch_dn":1,"n_rch_up":1,"obstr_type":0,"rch_id_dn":"81390400101","rch_id_up":"81390400121","reach_id":81390400111,"reach_len":8206.945658749952,"river_name":"Sagavanirktok River","slope":3.515631226873201,"swot_obs":6,"swot_orbit":"24  52 265 293 330 571","trib_flag":0,"type":1,"width":87.0,"width_var":1455.3666828102298,"wse":358.04998779296875,"wse_var":71.69051182933036,"x":-148.8205878784619,"y":68.98617051018111}},{"type":"Feature","geometry":{"type":"LineString","coordinates":[[-154.0678407872488,68.39965823496239],[-154.06898677621953,68.39916773384651],[-154.06955754115438,68.39889572868225],[-154.070275456424,68.39862372351799],[-154.0709933716936,68.39834725925267],[-154.07141698629366,68.39807525408841],[-154.07184505999479,68.39780324892416],[-154.07212598336116,68.39753570286095],[-154.07225529729175,68.39726369769669],[-154.07238907032334,68.39699169253242],[-154.0726699936897,68.39672414646923],[-154.07265661638652,68.39645214130496],[-154.07279038941815,68.39618459524176],[-154.0730713127845,68.3959125900775],[-154.07320062671505,68.39564504401429],[-154.07348155008142,68.39537303885002],[-154.0739051646815,68.39510103368578],[-154.07433323838262,68.39482902852151],[-154.0744670114142,68.39455702335725],[-154.07502885814696,68.39407098134242],[-154.07545247274703,68.39385248539081],[-154.07660292081883,68.39341549348757],[-154.07717368575368,68.39319699753595],[-154.07774890978956,68.39292053327064],[-154.0783196747244,68.39264852810638],[-154.07859613898972,68.39238098204316],[-154.07887706235607,68.3921089768789],[-154.07915352662138,68.39183697171465],[-154.07943444998776,68.39156496655039],[-154.07956822301938,68.39129742048718],[-154.07984914638573,68.39102541532291],[-154.07997846031628,68.39075341015867],[-154.08011223334788,68.39048586409545],[-154.0800988560447,68.39021831803224],[-154.07994278750786,68.38994631286799],[-154.0799294102047,68.38967876680478],[-154.07976888256678,68.38941122074158],[-154.07946566369515,68.38914367467837],[-154.0793051360572,68.38887612861517],[-154.0792962178551,68.38860858255197],[-154.07898853988243,68.38834103648874],[-154.07897516257927,68.38806903132449],[-154.07910893561086,68.38780148526128],[-154.0790955583077,68.38753393919808],[-154.07893948977082,68.38726193403382],[-154.07907326280244,68.3869943879706],[-154.07905988549928,68.3867268419074],[-154.07889935786136,68.38645483674314],[-154.07874328932448,68.38618729067993],[-154.07872991202132,68.38591974461673],[-154.0785693843834,68.38565219855352],[-154.07841331584652,68.38538465249032],[-154.07839993854336,68.38511264732605],[-154.07823941090544,68.38484510126284],[-154.07807888326752,68.38457755519964],[-154.0777756643959,68.38431000913643],[-154.077619595859,68.38404246307323],[-154.07760621855584,68.38377491701002],[-154.07773999158746,68.38350291184575],[-154.077869305518,68.38323536578255],[-154.0780030785496,68.38296336061829],[-154.07798970124645,68.38269581455508],[-154.07783363270957,68.38242826849188],[-154.07753041383793,68.38216072242867],[-154.07736988620002,68.38189317636547],[-154.0772093585621,68.38162563030227],[-154.07705329002522,68.38135362513799],[-154.07675007115358,68.38109053817584],[-154.0764423931809,68.38082299211264],[-154.0759920239745,68.38055544604943],[-154.0755416547681,68.38028789998623],[-154.0750912855617,68.38002481302406],[-154.07478806669008,68.37975726696087],[-154.07462753905216,68.37948972089765],[-154.07447147051528,68.37921771573339],[-154.07431094287736,68.37895016967019],[-154.0742975655742,68.37868262360698],[-154.07414149703732,68.37841507754378],[-154.07383381906465,68.37814753148056],[-154.07338344985826,68.37787998541737],[-154.07293308065184,68.3776168984552],[-154.07234002021173,68.377349352392],[-154.07174250067058,68.37708626542985],[-154.0711449811294,68.37681871936664],[-154.0705519206893,68.37655563240449],[-154.0701015514829,68.37628808634128],[-154.06950403194173,68.37602054027808],[-154.0689065124006,68.37575745331594],[-154.06831345196048,68.37548990725271],[-154.0677159324193,68.37522682029056],[-154.06697572164444,68.37496373332841],[-154.06637820210327,68.3746961872652],[-154.06578068256212,68.37443310030305],[-154.065187622122,68.37416555423984],[-154.06459010258084,68.37390246727769],[-154.06413973337445,68.37363492121447],[-154.06368936416806,68.37336737515128],[-154.06338614529642,68.37309982908806],[-154.06307846732372,68.37283228302486],[-154.06292239878684,68.37256473696165],[-154.06276187114892,68.37229719089845],[-154.0624586522773,68.37202964483524],[-154.06215543340565,68.37176209877204],[-154.06199490576773,68.37149455270882],[-154.0616916868961,68.37122700664564],[-154.0613884680245,68.37095946058241],[-154.0613750907213,68.37069191451921],[-154.06121902218445,68.37042436845601],[-154.06091134421175,68.37015682239279],[-154.06075527567486,68.36988927632959],[-154.06059474803698,68.36962173026637],[-154.0602915291653,68.36935418420317],[-154.05998831029368,68.36908663813996],[-154.05982778265576,68.36881909207676],[-154.05967171411888,68.36855154601355],[-154.05951118648096,68.36828399995035],[-154.0593551179441,68.3680119947861],[-154.05934174064095,68.36774444872287],[-154.05947551367257,68.36747690265967],[-154.05946213636938,68.36720489749541],[-154.0593060678325,68.3669373514322],[-154.05914554019458,68.366669805369],[-154.05898947165772,68.36640225930579],[-154.05882894401978,68.36613471324259],[-154.05867287548293,68.36586716717937],[-154.05851234784498,68.36559516201511],[-154.05820912897337,68.36533207505296],[-154.05790591010174,68.36506452898976],[-154.0576026912301,68.36479698292655],[-154.0572950132574,68.36452943686335],[-154.05699179438577,68.36426189080014],[-154.05683572584888,68.36399434473694],[-154.05667519821097,68.36372679867372],[-154.05637197933933,68.36345925261051],[-154.05621145170142,68.36319170654731],[-154.05620253349932,68.36291970138305],[-154.05618915619615,68.36265215531985],[-154.05632292922775,68.36238015015559],[-154.05630955192458,68.36211260409237],[-154.05614902428667,68.36184505802919],[-154.0559929557498,68.36157751196596],[-154.05597957844662,68.3613055068017],[-154.055676359575,68.36104241983955],[-154.05537314070338,68.36077487377635],[-154.05521261306544,68.36050732771314],[-154.0549093941938,68.36023978164992],[-154.0543163337537,68.35997223558672],[-154.05371881421254,68.35970914862457],[-154.05312129467137,68.35944160256136],[-154.0523810838965,68.35917851559921],[-154.05164087312164,68.358910969536],[-154.05104335358047,68.35864788257385],[-154.05045029314036,68.35838033651065],[-154.0498527735992,68.35811724954849],[-154.04940686349386,68.35784970348529],[-154.04895649428747,68.35758661652314],[-154.04850612508108,68.35731907045992],[-154.04805575587466,68.35705152439672],[-154.04760538666827,68.35678397833352],[-154.04715501746188,68.35652089137136],[-154.04670464825546,68.35625334530815],[-154.04625873815013,68.35598579924495],[-154.04580836894374,68.35572271228278],[-154.0455051500721,68.35545516621958],[-154.04505478086568,68.35518762015637],[-154.04475156199405,68.35492007409317],[-154.04444834312244,68.35465252802996],[-154.0442878154845,68.35438498196676],[-154.04413174694764,68.35411743590355],[-154.04411836964448,68.35384543073928],[-154.04410499234132,68.35357788467608],[-154.04409161503816,68.35331033861287],[-154.04408269683606,68.35303833344861],[-154.0440693195329,68.35277078738541],[-154.04405594222973,68.3525032413222],[-154.04404256492657,68.35223123615795],[-154.04403364672444,68.35196369009473],[-154.04402026942128,68.35169614403152],[-154.04400689211815,68.35142413886727],[-154.04399351481499,68.35115659280406],[-154.04412728784658,68.35088904674086],[-154.04426106087817,68.3506170415766],[-154.0443948339098,68.35034949551338],[-154.04452860694138,68.35007749034912],[-154.0448050712067,68.34980548518487],[-154.04493884423832,68.34953793912167],[-154.04521976760466,68.3492659339574],[-154.04550069097104,68.34899392879313],[-154.04577715523635,68.34872192362887],[-154.04591092826794,68.34845437756567],[-154.04604470129956,68.34818237240141],[-154.0460313239964,68.34791482633821],[-154.04601794669324,68.347647280275],[-154.04586187815636,68.3473797342118],[-154.0458485008532,68.34710772904754],[-154.04598227388482,68.34684018298432],[-154.0461160469164,68.34656817782006],[-154.04610266961328,68.34630063175686],[-154.04623644264487,68.3460286265926],[-154.0462230653417,68.34576108052939],[-154.04606699680483,68.34549353446619],[-154.0459064691669,68.34522598840297],[-154.0458975509648,68.34495398323872],[-154.04573702332686,68.34468643717551],[-154.04558095479,68.3444188911123],[-154.04542042715207,68.3441513450491],[-154.0452643586152,68.34388379898589],[-154.04496113974358,68.34361625292269],[-154.04480061210566,68.34334870685947],[-154.04464454356878,68.34308116079629],[-154.04448401593086,68.34281361473306],[-154.04432794739398,68.34254606866986],[-154.04431457009082,68.3422740635056],[-154.04444834312244,68.34200651744239],[-154.0447292664888,68.34173451227812],[-154.04515288108888,68.34146250711387],[-154.0457236460237,68.34119050194961],[-154.04643710219227,68.3409140376843],[-154.0468651758934,68.34064649162109],[-154.04756971385984,68.34015599050521],[-154.04770348689144,68.3399374945536],[-154.04798886935887,68.33977696691568],[-154.04884947586217,68.33944699343772],[-154.0489832488938,68.33923295658715],[-154.04941132259492,68.33901446063552],[-154.0495450956265,68.33874245547126],[-154.0496788686581,68.33847490940806],[-154.04995533292342,68.3382029042438],[-154.0502362562898,68.33793089907954],[-154.05022287898663,68.33766335301634],[-154.05035665201825,68.33739134785208],[-154.05063311628356,68.33712380178886],[-154.05091403964994,68.3368517966246],[-154.05133765425,68.33657979146035],[-154.05190841918485,68.33630778629609],[-154.05233203378492,68.33603578113183],[-154.052755648385,68.33576377596756],[-154.05303657175136,68.3354917708033],[-154.05331303601668,68.33521976563904],[-154.05373665061674,68.33494776047479],[-154.05416472431787,68.33468021441158],[-154.0544411885832,68.33440820924731],[-154.0545749616148,68.33413620408305],[-154.05456158431164,68.33386865801985],[-154.05425836544,68.33360111195664],[-154.05395514656837,68.33333356589344],[-154.05350477736198,68.33306601983023],[-154.05320155849034,68.33279847376703],[-154.05275118928395,68.33253538680486],[-154.05259512074707,68.33226784074166],[-154.0524390522102,68.3319958355774],[-154.05242567490703,68.3317282895142],[-154.0524122976039,68.33146074345099],[-154.0525460706355,68.33118873828673],[-154.05253269333232,68.33092119222353],[-154.05251931602916,68.33065364616031],[-154.052505938726,68.33038164099605],[-154.0524970205239,68.33011409493285],[-154.0526307935555,68.32984208976859],[-154.0529072578208,68.32957454370538],[-154.0533308724209,68.32930253854113],[-154.05390163735572,68.32903053337687],[-154.0546150935243,68.32875406911155],[-154.0553330087939,68.32853557315993],[-154.05662614809938,68.3280985812567],[-154.05719691303423,68.32787562620402],[-154.0581957516702,68.32738512508814],[-154.05847221593552,68.32711757902493],[-154.0588958305356,68.32684557386068],[-154.05917675390197,68.32657356869642],[-154.0593060678325,68.32630156353216],[-154.05958699119887,68.32603401746894],[-154.05986345546418,68.3257620123047],[-154.0599972284958,68.32549000714043],[-154.0601310015274,68.32522246107722],[-154.060264774559,68.32495045591295],[-154.06025139725583,68.32468290984976],[-154.0602380199527,68.32441536378654],[-154.06022464264953,68.32414335862228],[-154.06035841568112,68.32387581255908],[-154.06049218871271,68.32360380739482],[-154.0607731120791,68.32333180223056],[-154.06119672667916,68.32306425616736],[-154.06162034127925,68.3227922510031],[-154.06189680554456,68.32252024583883],[-154.06217772891094,68.32224824067457],[-154.06245419317625,68.3219762355103],[-154.06258796620784,68.3217086894471],[-154.06286443047316,68.32143668428284],[-154.06299820350475,68.32116467911858],[-154.06327912687112,68.32089713305538],[-154.06341289990274,68.32062512789112],[-154.06368936416806,68.32035312272686],[-154.06382313719965,68.32008557666364],[-154.06395691023124,68.3198135714994],[-154.06408622416183,68.31954602543618],[-154.06436714752817,68.31927402027192],[-154.064353770225,68.31900647420872],[-154.06448754325663,68.31873446904446],[-154.06476400752192,68.3184624638802],[-154.06475508931982,68.31819491781698],[-154.06474171201666,68.31792737175378],[-154.0647283347135,68.31765536658952],[-154.06442511584186,68.31739227962737],[-154.06412189697022,68.31712473356416],[-154.0639613693323,68.31685718750096],[-154.06351545922695,68.31658964143774],[-154.0632122403553,68.31632209537455],[-154.06290456238264,68.31605454931133],[-154.062601343511,68.31578700324813],[-154.06215543340565,68.31551945718492],[-154.061852214534,68.31525191112172],[-154.0616916868961,68.3149843650585],[-154.06182545992772,68.31471681899531],[-154.0619592329593,68.31444481383105],[-154.06223569722462,68.31417726776783],[-154.0626593118247,68.31390526260357],[-154.06308292642478,68.31363325743932],[-154.06350654102485,68.31336125227507],[-154.06393461472598,68.3130892471108],[-154.06507168549464,68.31259428689386],[-154.0656469095305,68.31237579094224],[-154.0660705241306,68.31215729499063],[-154.06649859783172,68.31194325814006],[-154.06692667153285,68.31172476218843],[-154.06720313579817,68.31145275702418],[-154.06733690882976,68.31118075185992],[-154.06761337309507,68.31091320579671],[-154.06789429646145,68.31064120063245],[-154.068023610392,68.3103691954682],[-154.0681573834236,68.31010164940498],[-154.0682911564552,68.30982964424072],[-154.06827777915203,68.30956209817752],[-154.0682644018489,68.30929455211431],[-154.068108333312,68.30902254695005],[-154.0679478056741,68.30875500088685],[-154.0677917371372,68.30848745482363],[-154.06748851826558,68.30821990876044],[-154.06718529939397,68.30795236269722],[-154.0668820805223,68.30768481663402],[-154.06657886165067,68.30742172967186],[-154.06612849244428,68.30715418360866],[-154.0656781232379,68.30688663754545],[-154.06523221313253,68.30661909148225],[-154.06478184392614,68.30635600452008],[-154.06418878348603,68.30608845845688],[-154.06359572304592,68.30582537149473],[-154.06299820350475,68.30555782543152],[-154.06225799272988,68.30529473846937],[-154.06152224105608,68.30503165150722],[-154.0607820302812,68.30476410544401],[-154.06004181950632,68.30450101848186],[-154.05930160873146,68.30423793151971],[-154.0585613979566,68.3039703854565],[-154.05796833751648,68.30370729849434],[-154.05737527707637,68.30343975243113],[-154.05692490786996,68.30317666546898],[-154.05647453866356,68.30290911940578],[-154.05617131979193,68.30264157334257],[-154.0557254096866,68.30237402727936],[-154.05542219081497,68.30210648121616],[-154.05511897194333,68.301843394254],[-154.05495844430538,68.30157138908974],[-154.0546552254338,68.3013083021276],[-154.0544991568969,68.30103629696333],[-154.05434308836,68.30076875090012],[-154.0541825607221,68.30050120483692],[-154.05402649218522,68.3002336587737],[-154.05401311488208,68.2999661127105],[-154.0538570463452,68.2996985666473],[-154.05369651870728,68.29942656148303],[-154.0535404501704,68.29915901541983],[-154.05338438163352,68.29889146935662],[-154.0532238539956,68.29862392329342],[-154.05335762702722,68.2983563772302],[-154.05349140005882,68.29808437206594],[-154.0536251730904,68.29781236690168],[-154.05361179578728,68.29754482083848],[-154.05359841848409,68.29727727477527],[-154.05358504118092,68.29700526961102],[-154.0535716638778,68.2967377235478],[-154.05356274567566,68.2964701774846],[-154.05369205960622,68.29619817232035],[-154.0538258326378,68.29593062625713],[-154.05395960566943,68.29565862109287],[-154.05409337870103,68.29539107502967],[-154.05408000139786,68.29511906986541],[-154.05421377442948,68.2948515238022],[-154.05434754746108,68.29457951863795],[-154.05448132049267,68.29431197257473],[-154.05461063442323,68.29403996741047],[-154.0548915577896,68.2937679622462],[-154.0550253308212,68.29350041618301],[-154.0553017950865,68.29322841101875],[-154.05543556811813,68.29296086495553]]},"id":"001200000000000010b9","properties":{"dist_out":443878.0584587968,"edit_flag":"NaN","facc":3011.0309132543102,"grod_id":0,"hfalls_id":0,"lakeflag":0,"max_width":551.0,"n_chan_max":3,"n_chan_mod":1,"n_nodes":65,"n_rch_dn":1,"n_rch_up":1,"obstr_type":0,"rch_id_dn":"81380600081","rch_id_up":"81380600101","reach_id":81380600091,"reach_len":12931.903016507016,"river_name":"Killik River","slope":0.088467150630169,"swot_obs":5,"swot_orbit":"15  43 108 136 414","trib_flag":0,"type":1,"width":190.0,"width_var":11726.608600000001,"wse":501.20001220703125,"wse_var":0.178940972535778,"x":-154.0602536527809,"y":68.34616610345564}},{"type":"Feature","geometry":{"type":"LineString","coordinates":[[-148.80424655814443,69.1001874695598],[-148.80392104376753,69.09991992349659],[-148.8035999884917,69.09965683653444],[-148.80327447411477,69.09938929047122],[-148.80295341883897,69.09912174440802],[-148.80247629502622,69.09885865744586],[-148.80215523975036,69.09859557048371],[-148.80167811593765,69.09832802442051],[-148.8013570606618,69.09806493745835],[-148.80088439595013,69.09779739139515],[-148.80055888157324,69.097534304433],[-148.80008621686156,69.09727121747083],[-148.79960909304884,69.09700367140763],[-148.7991364283372,69.09674058444548],[-148.7986637636255,69.09647749748332],[-148.79803948947804,69.09621441052117],[-148.79741521533055,69.09595132355902],[-148.79679094118308,69.09568823659687],[-148.79601505759976,69.09542960873577],[-148.79523917401647,69.0951665217736],[-148.79446774953422,69.09496140312515],[-148.79369632505197,69.09475182537564],[-148.79293381877184,69.09460021593982],[-148.79216685339065,69.09444414740295],[-148.79139988800947,69.09429253796714],[-148.7906329226283,69.09414092853132],[-148.78987041634812,69.09403836920708],[-148.789107910068,69.09388675977128],[-148.78834540378784,69.09378420044705],[-148.78758289750772,69.09368610022386],[-148.7868159321265,69.09353449078804],[-148.78604450764428,69.09332491303854],[-148.7852775422631,69.09311979439008],[-148.78450165867977,69.09285670742793],[-148.78373023419752,69.09265158877947],[-148.7829588097153,69.09244201102996],[-148.78219184433408,69.09229040159414],[-148.78142933805395,69.09213433305727],[-148.7806668317738,69.09203623283409],[-148.77989986639264,69.09188016429722],[-148.7791373601125,69.09178206407405],[-148.77837485383233,69.09168396385087],[-148.77761680665324,69.09158140452664],[-148.77685430037312,69.09148330430347],[-148.77609179409296,69.0913852040803],[-148.77532928781284,69.09128264475606],[-148.77456232243165,69.09113103532025],[-148.77380427525256,69.09102847599601],[-148.77303730987137,69.0908768665602],[-148.77227034449018,69.09072079802333],[-148.771503379109,69.09056918858751],[-148.77074087282884,69.09041757915169],[-148.76997390744765,69.09026151061482],[-148.7692114011675,69.09016341039164],[-148.76845335398843,69.09011436028005],[-148.76769084770828,69.09001626005688],[-148.7669328005292,69.0899181598337],[-148.76617029424906,69.08981560050948],[-148.76540332886788,69.08966399107366],[-148.76463190438562,69.08945441332416],[-148.76386493900443,69.0892492946757],[-148.76309797362325,69.08909322613881],[-148.762326549141,69.08888810749036],[-148.7615595837598,69.08867852974085],[-148.76078815927758,69.0884734110924],[-148.7600167347953,69.08826383334288],[-148.7592497694141,69.08805871469443],[-148.75847834493186,69.08784913694491],[-148.7577069204496,69.08764401829644],[-148.75693549596738,69.08743444054694],[-148.75616853058617,69.08722932189848],[-148.75539710610394,69.08701974414898],[-148.7546256816217,69.08681462550051],[-148.75386317534154,69.08665855696364],[-148.7531006690614,69.08656045674046],[-148.75233816278126,69.08645789741624],[-148.75157565650113,69.08630628798042],[-148.75080869111994,69.08615021944354],[-148.7500372666377,69.08594510079509],[-148.7492703012565,69.08573552304556],[-148.7485033358753,69.08558391360975],[-148.74773637049412,69.08543230417393],[-148.74697386421397,69.08532974484972],[-148.74621581703488,69.08523164462653],[-148.7454488516537,69.08507557608966],[-148.74467742717144,69.08487045744121],[-148.74391046179025,69.0846608796917],[-148.74313457820696,69.0844022518306],[-148.7423631537247,69.08413916486845],[-148.74173887957724,69.08387607790628],[-148.74111460542974,69.08361299094413],[-148.7406419407181,69.08334990398198],[-148.7401692760064,69.08308681701983],[-148.73984822073058,69.08281927095662],[-148.73967431578947,69.08255172489342],[-148.7396520202842,69.08228417883021],[-148.73962972477895,69.08201217366596],[-148.7397590387095,69.08174462760276],[-148.74003996207588,69.08147262243848],[-148.7400176665706,69.08120061727422],[-148.74014698050115,69.080933071211],[-148.74012914409693,69.08066106604676],[-148.73995523915585,69.08039351998355],[-148.7394825744442,69.0801304330214],[-148.73900990973252,69.07986734605925],[-148.73838563558508,69.07960425909708],[-148.73776136143755,69.07934117213493],[-148.7372886967259,69.07907808517278],[-148.73711925088585,69.07881053910957],[-148.73694534594478,69.07854299304637],[-148.7366242906689,69.07827544698316],[-148.73645038572784,69.07800790091996],[-148.736129330452,69.07774481395779],[-148.73580827517614,69.0774772678946],[-148.73548721990034,69.07720972183138],[-148.7351617055234,69.07694663486923],[-148.73484065024755,69.07667908880603],[-148.7346712044075,69.07641154274282],[-148.7343456900306,69.07614399667962],[-148.7341762441906,69.07588090971745],[-148.7340023392495,69.07561336365426],[-148.73383289340947,69.07534581759104],[-148.7335073790326,69.07507827152784],[-148.7331863237567,69.07481072546463],[-148.73271365904506,69.07454763850248],[-148.7323926037692,69.07428009243927],[-148.73207154849337,69.07401700547712],[-148.7318976435523,69.07374945941392],[-148.73157658827643,69.0734819133507],[-148.73155429277116,69.07321436728749],[-148.7315319972659,69.07294682122429],[-148.73151416086168,69.07267481606003],[-148.73149186535642,69.07240726999683],[-148.73177278872276,69.07213526483257],[-148.7320492529881,69.07186325966832],[-148.73233017635448,69.07159125450404],[-148.73261109972083,69.07131924933978],[-148.73303917342196,69.07104724417552],[-148.73347170622415,69.0707707799102],[-148.73389977992528,69.07049877474594],[-148.73447946306223,69.07022231048063],[-148.735210755635,69.06994584621532],[-148.73594204820776,69.06966938195],[-148.73667334078053,69.0693929176847],[-148.7374046333533,69.06911645341938],[-148.7381403850271,69.0688934983667],[-148.73887613670092,69.06867054331404],[-148.73961188837472,69.06850109747401],[-148.74035209914962,69.06833611073503],[-148.74109676902555,69.06822017410764],[-148.74184143890145,69.06810423748027],[-148.74258164967634,69.06798830085286],[-148.7433218604512,69.06781885501283],[-148.74406207122607,69.0676494091728],[-148.7447978228999,69.06742645412012],[-148.74552911547266,69.06714998985481],[-148.74626040804543,69.06692703480213],[-148.74699615971923,69.06670407974947],[-148.74773191139306,69.0664811246968],[-148.7484676630669,69.06625816964414],[-148.7492034147407,69.06603521459145],[-148.74993916641452,69.06581225953877],[-148.75125460122527,69.06537080853448],[-148.75183874346328,69.06514785348182],[-148.7524228857013,69.06492935753019],[-148.75301148704034,69.06470640247753],[-148.75359562927835,69.06448344742485],[-148.75433138095215,69.06431400158482],[-148.75507159172705,69.06414901484584],[-148.7558118025019,69.06397956900582],[-148.7563959447399,69.06375661395316],[-148.7569800869779,69.06353365890047],[-148.75755977011485,69.0632616537362],[-148.75798784381598,69.0629851894709],[-148.75842037661818,69.06271318430663],[-148.75900005975512,69.06243672004132],[-148.7595842019931,69.0622182240897],[-148.76016834423112,69.06199526903704],[-148.76090409590495,69.061825823197],[-148.7616443066798,69.06165637735697],[-148.76223290801886,69.06149139061799],[-148.76341011069698,69.06115695803898],[-148.76399871203603,69.06098751219895],[-148.76502430527833,69.06065307961994],[-148.7662059670575,69.06037215625358],[-148.76679456839653,69.06020271041355],[-148.76753477917143,69.06003772367457],[-148.76812338051047,69.05986827783455],[-148.76870752274846,69.05964532278186],[-148.7692872058854,69.0593733176176],[-148.76971527958653,69.05909685335229],[-148.7701433532877,69.05882484818802],[-148.7707230364246,69.05854838392271],[-148.77130271956156,69.05827637875845],[-148.7718824026985,69.05799991449314],[-148.77246208583546,69.05772345022783],[-148.7730417689724,69.05744698596251],[-148.7734743017746,69.05717498079825],[-148.77390237547573,69.05690297563399],[-148.77417883974104,69.05663097046973],[-148.77461137254323,69.05635450620441],[-148.77503944624436,69.05608250104017],[-148.7756191293813,69.05580603677484],[-148.77604720308244,69.05553403161059],[-148.7766268862194,69.05525756734527],[-148.77720656935634,69.05498556218102],[-148.77763464305747,69.0547090979157],[-148.77791556642384,69.05443709275144],[-148.77834364012497,69.05416508758718],[-148.77862456349132,69.05389308242292],[-148.77875387742188,69.05362107725865],[-148.77887873225137,69.05335353119546],[-148.77915965561775,69.05308152603119],[-148.7792889695483,69.05280952086693],[-148.77926667404304,69.05254197480372],[-148.77939598797354,69.05226996963947],[-148.77937369246834,69.05200242357625],[-148.77904817809141,69.05173487751306],[-148.77857551337974,69.05147179055089],[-148.77810284866808,69.05120424448769],[-148.77748303362165,69.05094561662659],[-148.7768587594742,69.05068252966444],[-148.77623448532668,69.05041944270228],[-148.77576182061503,69.05015189663908],[-148.77528915590338,69.04988880967693],[-148.7748164911917,69.04962572271477],[-148.77449543591587,69.04935817665157],[-148.77432599007582,69.04909063058835],[-148.77415208513472,69.04882308452515],[-148.77412978962946,69.04855553846194],[-148.77395588468838,69.04828799239874],[-148.77393804828415,69.04802044633553],[-148.7739157527789,69.04775290027233],[-148.77404506670945,69.04748089510807],[-148.77416992153894,69.0472088899438],[-148.77460245434114,69.04693688477954],[-148.77503052804227,69.04666487961528],[-148.7754586017434,69.04638841534997],[-148.77573952510974,69.0461164101857],[-148.77616759881087,69.04584440502144],[-148.776595672512,69.04556794075613],[-148.77702374621313,69.04529593559188],[-148.7776123475522,69.0451309488529],[-148.77893670056508,69.04479205717283],[-148.77952530190413,69.0446226113328],[-148.77996675290842,69.04451113380647],[-148.78114841468758,69.0442302104401],[-148.78173701602663,69.04406522370112],[-148.78291421870475,69.04372633202108],[-148.78334675150694,69.04350783606944],[-148.78393089374492,69.04328488101677],[-148.78436342654712,69.04306638506515],[-148.78479150024825,69.0427943799009],[-148.78507242361462,69.04252237473663],[-148.78534888787993,69.04225036957237],[-148.78562535214525,69.04197836440811],[-148.78605788494744,69.0417019001428],[-148.78633434921275,69.04142989497853],[-148.78676242291388,69.04115788981427],[-148.78734210605083,69.04088142554896],[-148.78777017975196,69.0406094203847],[-148.7878994936825,69.04033741522043],[-148.78818041704886,69.04006541005619],[-148.78845688131418,69.03979340489192],[-148.7887333455795,69.03952139972766],[-148.78917033748274,69.03930290377605],[-148.7899016300555,69.03907994872337],[-148.7906373817293,69.0388569936707],[-148.79137313340314,69.03868754783066],[-148.792113344178,69.03851810199063],[-148.79284463675077,69.03829514693797],[-148.7935893066267,69.03817921031057],[-148.79433397650263,69.03811678289583],[-148.7950741872775,69.03800084626843],[-148.79582331625448,69.03794287795475],[-148.7965679861304,69.03788045053999],[-148.7973126560063,69.0377645139126],[-148.79804840768014,69.03759506807258],[-148.798788618455,69.03742562223255],[-148.79952437012884,69.03725617639252],[-148.80026904000476,69.03714023976514],[-148.80100925077963,69.03702430313773],[-148.80175392065556,69.03696187572298],[-148.80250304963255,69.03690390740928],[-148.8032521786095,69.03689498920718],[-148.80400576668754,69.03688607100507],[-148.80475043656347,69.03682364359032],[-148.8055040246415,69.03681472538823],[-148.8062531536185,69.03681026628716],[-148.8069978234944,69.03674783887243],[-148.80774695247138,69.03668541145767],[-148.8084916223473,69.03662298404292],[-148.8092318331222,69.03645353820289],[-148.809967584796,69.03628409236286],[-148.81070779557086,69.03611464652283],[-148.81143908814363,69.03589169147016],[-148.8121703807164,69.03566873641748],[-148.81290613239022,69.03544578136481],[-148.813637424963,69.03522282631214],[-148.81437317663682,69.03499987125947],[-148.81568861144757,69.03455396115412],[-148.81627275368558,69.0343354652025],[-148.81685243682253,69.03411251014984],[-148.81728051052366,69.03384050498558],[-148.81756143389003,69.03356849982131],[-148.81798950759116,69.033292035556],[-148.81826597185648,69.03302003039174],[-148.8185424361218,69.03274802522748],[-148.81882335948814,69.03247602006321],[-148.81909982375345,69.03220401489895],[-148.81938074711982,69.03193200973472],[-148.81965721138513,69.03166000457044],[-148.8197865253157,69.03138799940618],[-148.820062989581,69.03111599424192],[-148.82049106328213,69.03084398907765],[-148.82076752754745,69.03057198391339],[-148.82119560124858,69.03029997874914],[-148.82177528438552,69.03002351448382],[-148.82220335808665,69.02975150931957],[-148.82263143178778,69.02947504505424],[-148.82321111492473,69.02919858078893],[-148.82363918862586,69.02892657562468],[-148.824067262327,69.02865457046042],[-148.82449533602812,69.0283781061951],[-148.82492340972925,69.02810610103084],[-148.82519987399456,69.02783409586658],[-148.8256279476957,69.02756209070232],[-148.82605602139682,69.027285626437],[-148.82648409509798,69.02701362127274],[-148.8267605593633,69.02674161610848],[-148.82704148272964,69.02646961094423],[-148.82716633755913,69.02619760577997],[-148.8272956514897,69.02592560061571],[-148.82742496542025,69.0256580545525],[-148.82754982024974,69.02538604938823],[-148.8276791341803,69.02511404422398],[-148.82780844811083,69.02484649816077],[-148.82763454316975,69.02457895209757],[-148.8276122476645,69.02430694693331],[-148.82758995215923,69.0240394008701],[-148.82756765665397,69.0237718548069],[-148.82754536114868,69.02350430874368],[-148.82752306564342,69.02323230357942],[-148.82734916070234,69.02296475751622],[-148.82702810542648,69.02270167055406],[-148.82655544071483,69.02243412449086],[-148.82608277600315,69.02217103752871],[-148.8256101112915,69.02190795056654],[-148.824985837144,69.0216448636044],[-148.8243660220976,69.02138177664224],[-148.82404050772067,69.0211186896801],[-148.82356784300902,69.02085114361688],[-148.82324678773315,69.02058805665473],[-148.82292573245732,69.02032051059152],[-148.82275182751624,69.02005296452832],[-148.82243077224038,69.01978987756617],[-148.82240847673512,69.0195178724019],[-148.82223457179404,69.01925032633869],[-148.82206066685296,69.01898723937654],[-148.82203837134767,69.01871523421228],[-148.82186892550766,69.01844768814908],[-148.82139626079598,69.01818460118692],[-148.82092359608433,69.01792151422477],[-148.82060254080847,69.01765396816157],[-148.819978266661,69.0173908811994],[-148.8193539925135,69.01712779423725],[-148.81888132780185,69.0168647072751],[-148.81856027252599,69.01660162031295],[-148.81823921725018,69.01633407424974],[-148.81791370287326,69.01606652818654],[-148.8175926475974,69.01580344122438],[-148.81742320175738,69.01553589516118]]},"id":"001200000000000010ec","properties":{"dist_out":170818.36149941,"edit_flag":"NaN","facc":5388.590883529753,"grod_id":0,"hfalls_id":0,"lakeflag":0,"max_width":1020.0,"n_chan_max":3,"n_chan_mod":1,"n_nodes":64,"n_rch_dn":1,"n_rch_up":1,"obstr_type":0,"rch_id_dn":"81390400091","rch_id_up":"81390400111","reach_id":81390400101,"reach_len":12817.666129024048,"river_name":"Sagavanirktok River","slope":2.826685658938059,"swot_obs":5,"swot_orbit":"24  52 265 293 330","trib_flag":1,"type":1,"width":108.0,"width_var":3668.912439461381,"wse":326.0,"wse_var":114.68313556249916,"x":-148.77888605936536,"y":69.05931665973267}},{"type":"Feature","geometry":{"type":"LineString","coordinates":[[-148.81246022228487,68.84414142796987],[-148.8121436261101,68.84387388190667],[-148.81167542049948,68.84361079494451],[-148.81150151555838,68.84334324888131],[-148.8111849193836,68.8430757028181],[-148.810716713773,68.84281261585595],[-148.8102440490613,68.8425495288938],[-148.8100746032213,68.84228198283058],[-148.80960639761068,68.84201889586843],[-148.80913819200006,68.84175134980524],[-148.80866998638945,68.84148826284307],[-148.8083489311136,68.84122517588092],[-148.8077335751682,68.84096208891877],[-148.80726536955763,68.84069454285556],[-148.80694431428176,68.84043145589341],[-148.80677486844175,68.84016390983021],[-148.80645381316592,68.839896363767],[-148.80628436732584,68.83962881770378],[-148.80611046238477,68.83936127164058],[-148.80594101654475,68.83909372557737],[-148.80591872103952,68.83882617951417],[-148.80604803497002,68.83855417434992],[-148.8061728897995,68.8382866282867],[-148.80630220373007,68.83801462312245],[-148.80657866799538,68.83774261795818],[-148.80670352282488,68.83747061279392],[-148.80668122731961,68.83720306673071],[-148.80651178147957,68.83693552066751],[-148.8064894859743,68.8366679746043],[-148.80646719046905,68.8364004285411],[-148.806297744629,68.83613288247788],[-148.80627544912375,68.83586087731362],[-148.8062531536185,68.83559333125042],[-148.80593209834262,68.83532578518721],[-148.80546389273204,68.83506269822506],[-148.80514729655724,68.83479961126292],[-148.80482624128138,68.8345320651997],[-148.80465679544136,68.8342645191365],[-148.80463449993607,68.83399697307328],[-148.8046122044308,68.83372496790902],[-148.8047370592603,68.83345742184582],[-148.80486637319086,68.83318541668156],[-148.80499122802036,68.8329134115173],[-148.8052676922857,68.83264140635303],[-148.80569130688576,68.83236940118879],[-148.80596777115107,68.83209739602454],[-148.80639138575114,68.83182539086026],[-148.80696660978703,68.83154892659495],[-148.80753737472187,68.83127246232964],[-148.80811259875776,68.83099599806432],[-148.80868782279367,68.83072399290006],[-148.80911143739374,68.83044752863476],[-148.80938790165905,68.8301755234705],[-148.8093656061538,68.82990797740727],[-148.8091917012127,68.82964043134407],[-148.80902225537267,68.82937288528086],[-148.80885280953265,68.82910533921766],[-148.8085317542568,68.8288422522555],[-148.808215158082,68.8285747061923],[-148.80774695247138,68.82831161923015],[-148.80712713742497,68.82804853226799],[-148.80665893181435,68.82778544530584],[-148.80619072620374,68.82751789924264],[-148.80572252059312,68.82725481228047],[-148.8052543149825,68.82699172531832],[-148.8047861093719,68.82672863835619],[-148.80417075342652,68.82646555139402],[-148.80355093838008,68.82620246443186],[-148.8029355824347,68.82593937746971],[-148.8024673768241,68.82567629050756],[-148.80215078064933,68.82540874444435],[-148.8016825750387,68.8251456574822],[-148.80136151976285,68.824878111419],[-148.80104046448704,68.82461502445683],[-148.80072386831222,68.82434747839363],[-148.80054996337114,68.82407993233042],[-148.80067927730167,68.82380792716616],[-148.8006569817964,68.82354038110296],[-148.80063468629115,68.82327283503976],[-148.8004652404511,68.82300528897656],[-148.7999970348405,68.8227422020144],[-148.7992300694593,68.82247911505223],[-148.79846756317917,68.8222160280901],[-148.79784774813274,68.82195740022898],[-148.79723239218737,68.82169431326683],[-148.796617036242,68.82143122630468],[-148.79599722119556,68.82116813934252],[-148.7953818652502,68.82090505238037],[-148.794614899869,68.82064196541822],[-148.7939995439236,68.82038333755712],[-148.79338418797823,68.82012025059497],[-148.79291598236762,68.81985270453175],[-148.79244777675703,68.8195896175696],[-148.7919795711464,68.81932653060746],[-148.79165851587055,68.81905898454424],[-148.79164067946635,68.81879143848104],[-148.79146677452525,68.81852389241783],[-148.79144447902,68.81825634635463],[-148.7914266426158,68.81798434119037],[-148.79125273767468,68.81771679512715],[-148.79078453206407,68.817453708165],[-148.7904679358893,68.81719062120285],[-148.79014688061343,68.81692307513964],[-148.78997743477342,68.81665552907644],[-148.78980798893338,68.81638798301323],[-148.78978569342812,68.81612043695003],[-148.78961624758807,68.81585289088682],[-148.7895939520828,68.8155853448236],[-148.78942450624277,68.8153177987604],[-148.7894022107375,68.81504579359614],[-148.78937991523225,68.81477824753294],[-148.7895092291628,68.81450624236868],[-148.7894869336575,68.81423869630547],[-148.78976339792285,68.8139666911412],[-148.78988825275235,68.81369468597696],[-148.79001756668288,68.81342713991374],[-148.78999527117762,68.81315513474948],[-148.7901201260071,68.81288758868628],[-148.79024943993767,68.81261558352202],[-148.7903742947672,68.81234357835775],[-148.79065075903247,68.81207157319349],[-148.79092722329779,68.81179956802923],[-148.7912036875631,68.81152756286497],[-148.7913285423926,68.81126001680177],[-148.7916050066579,68.8109880116375],[-148.79188147092322,68.81071600647324],[-148.7923050855233,68.81043954220793],[-148.79272870012338,68.81016753704367],[-148.7933039241593,68.80989107277836],[-148.79372753875936,68.8096190676141],[-148.79415115335942,68.80934260334878],[-148.79457476795952,68.80907059818452],[-148.79485123222486,68.80879859302027],[-148.79512769649014,68.80852658785601],[-148.7955513110902,68.80825458269175],[-148.7959838438924,68.80808513685172],[-148.7965679861304,68.80797365932538],[-148.7973037378042,68.80785772269799],[-148.79803948947804,68.8077417860706],[-148.79877524115184,68.80767935865585],[-148.7994976155225,68.80740289439053],[-148.80021998989318,68.80712643012524]]},"id":"001200000000000011d9","properties":{"dist_out":199788.31555876206,"edit_flag":"NaN","facc":4612.067560261466,"grod_id":0,"hfalls_id":0,"lakeflag":0,"max_width":840.0,"n_chan_max":3,"n_chan_mod":1,"n_nodes":23,"n_rch_dn":1,"n_rch_up":1,"obstr_type":0,"rch_id_dn":"81390400121","rch_id_up":"81390400141","reach_id":81390400131,"reach_len":4596.944797155187,"river_name":"Sagavanirktok River","slope":3.254457145472965,"swot_obs":6,"swot_orbit":"52 265 293 330 358 571","trib_flag":0,"type":1,"width":122.0,"width_var":4093.7691836734693,"wse":422.65000915527344,"wse_var":22.14291026705173,"x":-148.80042210912632,"y":68.8253141353907}},{"type":"Feature","geometry":{"type":"LineString","coordinates":[[-148.80021998989318,68.80712643012524],[-148.799453024512,68.80686780226412],[-148.79869051823184,68.80660471530197],[-148.79792355285065,68.80634608744087],[-148.79745534724003,68.80607854137766],[-148.79728590140002,68.80581099531446],[-148.79741521533055,68.80554344925125],[-148.79754007016004,68.80527144408698],[-148.79781653442535,68.80499943892274],[-148.7980929986907,68.80472743375847],[-148.79821785352019,68.80445542859421],[-148.79804840768014,68.804187882531],[-148.79802611217488,68.8039203364678],[-148.79800381666962,68.80365279040458],[-148.79768722049482,68.80338524434138],[-148.7972190148842,68.80312215737922],[-148.7967508092736,68.80285907041707],[-148.79613991242928,68.80264949266757],[-148.79537740614913,68.80243991491805],[-148.7946238180711,68.80228830548224],[-148.79387022999308,68.80219020525905],[-148.79311664191502,68.80208764593483],[-148.792363053837,68.80193603649901],[-148.79161392486003,68.80188698638743],[-148.79086479588304,68.80178888616425],[-148.79011566690608,68.80174429515371],[-148.78937099703015,68.80175321335582],[-148.78863524535632,68.80181118166952],[-148.78789503458145,68.80187360908427],[-148.78715928290762,68.80198954571166],[-148.78642353123382,68.8020519731264],[-148.78568777956,68.80216790975379],[-148.78495202788616,68.80228384638119],[-148.78421627621236,68.80234181469487],[-148.78348052453853,68.80245775132227],[-148.7827447728647,68.80257368794966],[-148.7820090211909,68.80263611536441],[-148.78126881041604,68.80269854277915],[-148.78052859964114,68.8027609701939],[-148.77978838886628,68.80276542929495],[-148.77904371899035,68.80277434749706],[-148.77829904911442,68.80278326569916],[-148.7775543792385,68.80273867468863],[-148.77680079116047,68.80263611536441],[-148.7760516621835,68.80253801514122],[-148.77529361500441,68.80238194660437],[-148.77453556782532,68.80223033716854],[-148.7737819797473,68.80207426863167],[-148.77302839166927,68.80197616840849],[-148.77227480359122,68.80182455897267],[-148.7715212155132,68.80172199964846],[-148.77076762743516,68.80157039021263],[-148.77000958025607,68.80141432167576],[-148.76939868341177,68.80120474392625],[-148.76878778656743,68.80099962527778],[-148.7683195809568,68.80073207921458],[-148.7681501351168,68.80046453315137],[-148.7681278396115,68.80019698708817],[-148.7679583937715,68.79992944102496],[-148.76778894793145,68.79966189496176],[-148.76747235175665,68.7993988079996],[-148.76700414614606,68.7991312619364],[-148.7666830908702,68.79886817497425],[-148.7665136450302,68.79860062891103],[-148.7664913495249,68.79832862374677],[-148.76662066345546,68.79806107768357],[-148.766749977386,68.79778907251931],[-148.76672768188075,68.7975215264561],[-148.76685253671025,68.79724952129185],[-148.7671334600766,68.79703102534022],[-148.76756153377772,68.7968125293886],[-148.76814121691467,68.79658957433593],[-148.76886359128534,68.79636661928326],[-148.76959042475704,68.79614366423058],[-148.7703127991277,68.79586719996527],[-148.77088356406256,68.79559519480101],[-148.7713116377637,68.7953187305357],[-148.77158364292794,68.79504672537144],[-148.77156580652374,68.79477917930824],[-148.77124475124788,68.79451163324502],[-148.77092815507308,68.79424854628287],[-148.77045994946246,68.79398100021966],[-148.76999174385188,68.79371791325751],[-148.76967514767708,68.79345036719431],[-148.76935409240122,68.79318728023215],[-148.76903749622642,68.79291973416895],[-148.76872090005162,68.7926566472068],[-148.7683998447758,68.79238910114358],[-148.76793163916517,68.79212601418143],[-148.76746789265562,68.79185846811822],[-148.76685253671025,68.79159984025712],[-148.76623718076485,68.79133675329497],[-148.76547021538366,68.79107366633282],[-148.76470770910353,68.79081057937067],[-148.76409235315816,68.79055195150957],[-148.7634769972128,68.7902888645474],[-148.76300879160218,68.79002131848421],[-148.76269219542738,68.78975823152206],[-148.76237114015152,68.78949068545884],[-148.76190739364196,68.7892275984967],[-148.76143918803135,68.78896451153453],[-148.76082383208598,68.78870142457237],[-148.76006132580588,68.78843833761023],[-148.75930327862676,68.78828672817441],[-148.75855414964977,68.78818416885018],[-148.7578050206728,68.78813957783964],[-148.7570648098979,68.78814849604176],[-148.75632459912305,68.78820646435545],[-148.75558884744922,68.7882688917702],[-148.75484417757332,68.7882778099723],[-148.75410396679843,68.78834023738706],[-148.75336375602356,68.78834469648811],[-148.75261908614763,68.78835361469021],[-148.75187887537277,68.78836253289232],[-148.7511386645979,68.78842496030707],[-148.750398453823,68.78842941940812],[-148.74965824304815,68.78849184682288],[-148.74892249137434,68.78860778345026],[-148.74818228059945,68.78861670165237],[-148.74743761072352,68.78862116075342],[-148.74669739994866,68.78863007895553],[-148.7459482709717,68.788585487945],[-148.74519468289364,68.78842941940812],[-148.7444410948156,68.7882778099723],[-148.7436785885355,68.7880682322228],[-148.74291608225533,68.7878096043617],[-148.74230072630996,68.78754651739955],[-148.7416853703646,68.78728343043738],[-148.74121716475398,68.78702034347523],[-148.74075341824442,68.78675279741203],[-148.7402852126338,68.78648971044987],[-148.73966985668844,68.78622662348772],[-148.73935326051364,68.78595907742451],[-148.73888505490302,68.78569599046236],[-148.73871560906298,68.78542844439916],[-148.73869331355772,68.78516089833595],[-148.73882262748828,68.78488889317168],[-148.73880033198301,68.78462134710848],[-148.7387824955788,68.78435380104527],[-148.73876020007353,68.78408179588101],[-148.73859075423348,68.78381424981781],[-148.73842130839347,68.7835467037546],[-148.73825186255343,68.7832791576914],[-148.73822956704817,68.78301161162818],[-148.73806012120815,68.78274406556498],[-148.73803782570286,68.78247651950177],[-148.73801998929866,68.78220451433751],[-148.73814484412816,68.78193696827431],[-148.73827415805872,68.78166496311005],[-148.73825186255343,68.78139741704683],[-148.7380824167134,68.78112987098363],[-148.7377658205386,68.78086232492042],[-148.73715046459324,68.78059923795827],[-148.73639241741415,68.78039411930982],[-148.73563437023506,68.7801845415603],[-148.73488078215703,68.78008644133713],[-148.7341361122811,68.78003739122553],[-148.73338698330411,68.779992800215],[-148.7326423134282,68.77994820920446],[-148.7318976435523,68.77995266830553],[-148.7311485145753,68.77985456808234],[-148.7303993855983,68.77975646785917],[-148.72964579752028,68.77965390853495],[-148.72889666854334,68.77955580831176],[-148.72814753956632,68.77945324898755],[-148.72739841058936,68.779408657977],[-148.72664928161237,68.77930609865277],[-148.72590015263538,68.77926150764223],[-148.72515548275948,68.77921691663171],[-148.72440635378248,68.77911435730748],[-148.7236483066034,68.77896274787166],[-148.72289471852537,68.77880667933479],[-148.72213667134628,68.77860156068633],[-148.72138308326825,68.77844549214946],[-148.72062503608916,68.77829388271364],[-148.7198759071122,68.77819132338941],[-148.7191356963373,68.77820024159152],[-148.71839548556244,68.77826266900627],[-148.7176508156865,68.77821361889468],[-148.71690168670958,68.77816902788415],[-148.71615255773256,68.77807092766096],[-148.71539451055347,68.77786134991146],[-148.71463200427334,68.7775982629493],[-148.7138694979932,68.77733963508821],[-148.713102532612,68.77707654812605],[-148.7124916357677,68.7768134611639],[-148.7118762798223,68.77655037420175],[-148.71126092387692,68.77628728723961],[-148.71064556793155,68.77602420027745],[-148.71003021198618,68.77576111331528],[-148.70926770570603,68.7755024854542],[-148.70865680886172,68.77523939849203],[-148.70804145291635,68.77497631152988],[-148.70742609697098,68.77471322456773],[-148.70681074102558,68.77445013760557],[-148.70634699451603,68.77418259154237],[-148.7058787889054,68.7739195045802],[-148.7055621927306,68.77365641761807],[-148.70524559655584,68.77338887155487],[-148.7050761507158,68.77312132549164],[-148.704759554541,68.77285377942843],[-148.7044429583662,68.77259069246628],[-148.70397475275558,68.77232314640308],[-148.70351100624603,68.77206005944092],[-148.70289565030066,68.77179697247877],[-148.7022802943553,68.77153388551662],[-148.70151778807514,68.77127079855447],[-148.70075974089607,68.771065679906],[-148.70000615281802,68.77090961136913],[-148.69925256474002,68.77075800193333],[-148.69849897666197,68.77060193339645],[-148.69774092948288,68.77045032396063],[-148.6969918005059,68.7703477646364],[-148.69624267152892,68.77024966441323],[-148.69549354255193,68.770147105089],[-148.69474441357497,68.77010251407846],[-148.6940042028001,68.77011143228057],[-148.69325507382314,68.77000887295634],[-148.69250594484615,68.7699642819458],[-148.69176127497022,68.76991523183422],[-148.69101214599323,68.76981713161103],[-148.69040570824995,68.76966106307417],[-148.68979927050668,68.76950499453731],[-148.68933552399713,68.76924190757515],[-148.6888673183865,68.76897882061299],[-148.68855072221172,68.76871127454979],[-148.68808697570216,68.76844818758765],[-148.68761877009155,68.76818064152442],[-148.687155023582,68.76791755456227],[-148.68668681797138,68.76765446760012],[-148.68622307146182,68.76738692153691],[-148.68590647528703,68.76712383457476],[-148.68558987911223,68.76685628851155],[-148.68512167350164,68.7665932015494],[-148.68465792699206,68.7663256554862],[-148.6840425710467,68.76606256852403],[-148.68328006476656,68.76580394066293],[-148.6825175584864,68.76554085370078],[-148.68175951130732,68.76527776673863],[-148.6812913056967,68.76501467977648],[-148.68097470952193,68.76474713371327],[-148.6808052636819,68.76447958765007],[-148.68078742727766,68.76421204158686],[-148.6807651317724,68.76394449552365],[-148.6804485355976,68.76367694946045],[-148.6801319394228,68.76340940339723],[-148.67966819291325,68.76314631643508],[-148.67919998730264,68.76288322947295],[-148.67873624079309,68.76262014251078],[-148.6784196446183,68.76235259644757],[-148.6781030484435,68.76208505038437],[-148.67793360260347,68.76181750432116],[-148.67761700642868,68.76155441735901],[-148.67744756058863,68.7612868712958],[-148.67713096441386,68.7610193252326],[-148.67681436823906,68.76075177916938],[-148.67634616262845,68.76048869220723],[-148.67602956645365,68.76022114614402],[-148.6755658199441,68.75995805918187],[-148.6752492237693,68.75969051311867],[-148.67478547725975,68.75942742615652],[-148.67431727164913,68.75916433919436],[-148.6737063748048,68.7589012522322],[-148.6732381691942,68.758633706169],[-148.67262727234987,68.75837061920686],[-148.6720119164045,68.7581075322447],[-148.67154816989495,68.75784444528254],[-148.67108442338537,68.7575813583204],[-148.67046906744,68.75731827135823],[-148.66985371149462,68.75705518439608],[-148.66924281465032,68.75679209743393],[-148.66848030837016,68.75652901047178],[-148.66771780209004,68.75626592350962],[-148.66695529580988,68.75600729564852],[-148.6661972486308,68.75574420868637],[-148.66543474235067,68.75548112172422],[-148.66467223607052,68.75522249386312],[-148.6639097297904,68.75495940690097],[-148.6631516826113,68.75474982915145],[-148.6623936354322,68.75454471050298],[-148.66164004735418,68.75438864196612],[-148.66088645927616,68.7542370325303],[-148.66013287119813,68.75408096399343],[-148.65937928312007,68.75387138624392],[-148.65862569504205,68.7537197768081],[-148.65786764786296,68.7535101990586],[-148.65711405978493,68.75335858962279],[-148.65636493080797,68.75325603029854],[-148.65561580183098,68.75321143928801],[-148.65487113195505,68.75316238917644],[-148.65412646207912,68.75311779816589],[-148.65337733310216,68.75301523884166],[-148.65262820412516,68.75291713861849],[-148.65187461604717,68.7527610700816],[-148.65111656886805,68.75255595143315],[-148.65036298079005,68.75239988289628],[-148.649609392712,68.75224827346047],[-148.6488513455329,68.75203869571095],[-148.6480932983538,68.75182911796144],[-148.6473397102758,68.75162399931298],[-148.64657720399563,68.75136091235083],[-148.6458146977155,68.75109782538867],[-148.64520380087117,68.75083473842652],[-148.6445884449258,68.75057165146437],[-148.6439775480815,68.75030856450222],[-148.64336665123716,68.75009898675272],[-148.6427602134939,68.74988940900319],[-148.64200216631482,68.74968429035474],[-148.6412441191357,68.74947471260523],[-148.64049053105768,68.74931864406835],[-148.6397324838786,68.74911352541989],[-148.63897443669953,68.74890394767039],[-148.63822084862147,68.74869436992087],[-148.6374628014424,68.74848925127242],[-148.63670475426332,68.7482796735229],[-148.63595116618527,68.74812806408708],[-148.63519757810724,68.74797199555022],[-148.6344439900292,68.74781592701333],[-148.63369486105225,68.74771782679016],[-148.6329412729742,68.74756175825331],[-148.63218768489617,68.74735663960483],[-148.63142963771708,68.74714706185532],[-148.63067604963905,68.74699099331845],[-148.62992246156102,68.74683938388263],[-148.62917333258403,68.74673682455841],[-148.62842866270813,68.74669223354788],[-148.6276839928322,68.74664318343628],[-148.62693932295628,68.74659859242574],[-148.62619019397928,68.74649603310152],[-148.62543660590126,68.7463444236657],[-148.62468301782323,68.74618835512884],[-148.62393388884624,68.74609025490565],[-148.62318475986928,68.74598769558143],[-148.62243563089228,68.74588959535825],[-148.62169096101636,68.74584054524666],[-148.6209418320394,68.74574244502348],[-148.62018824396134,68.74558637648661],[-148.61943019678228,68.7453767987371],[-148.61867660870422,68.74517168008865],[-148.6179141024241,68.7449085931265],[-148.61715159614394,68.74464550616433],[-148.61639354896488,68.74438241920218],[-148.61563104268473,68.74412379134108],[-148.61487299550564,68.74386070437893],[-148.6141104892255,68.74359761741678],[-148.61334798294536,68.74333898955568],[-148.61258993576627,68.74307590259353],[-148.61197903892196,68.74281281563137],[-148.6113636829766,68.74254972866922],[-148.610899936467,68.74228218260602],[-148.61043618995745,68.74201909564385],[-148.61011959378266,68.74175154958066],[-148.6096558472731,68.7414884626185],[-148.60919210076355,68.74122537565634],[-148.608728354254,68.74095782959314],[-148.6084117580792,68.74069474263099],[-148.60824677134022,68.74042719656778],[-148.60807732550018,68.74015965050457],[-148.60790787966016,68.73989210444137],[-148.60759574258645,68.73962455837815],[-148.60727914641163,68.73935701231495],[-148.60696255023683,68.73908946625174],[-148.60664595406203,68.73882637928959],[-148.60648096732305,68.73855883322639],[-148.60631152148304,68.73829128716318],[-148.606142075643,68.73802374109997],[-148.60567832913344,68.73775619503677],[-148.6052145826239,68.73749310807462],[-148.60460368577955,68.73723002111245],[-148.60413993927,68.7369669341503],[-148.60367619276045,68.7366993880871],[-148.60335959658565,68.73643630112494],[-148.60304300041085,68.73616875506174],[-148.60287801367187,68.73590120899853],[-148.60256141749707,68.73563366293533],[-148.60209767098752,68.73537057597319],[-148.60148677414318,68.73510748901101],[-148.6008714181978,68.73484440204886],[-148.60011337101872,68.73458131508671],[-148.5993508647386,68.73431822812458],[-148.5985928175595,68.7340551411624],[-148.59783477038042,68.73379651330131],[-148.5970722641003,68.73353342633915],[-148.5963142169212,68.733270339377],[-148.59555171064108,68.7330117115159],[-148.59479366346199,68.73274862455375],[-148.5941783075166,68.73248553759159],[-148.59371456100703,68.73221799152839],[-148.59325081449748,68.73195490456624],[-148.59278706798793,68.73169181760407],[-148.5923277805794,68.73142427154087],[-148.59171242463404,68.73116118457872],[-148.59095437745495,68.73089809761657],[-148.59019187117482,68.73063946975546],[-148.58943382399573,68.73037638279331],[-148.5888229271514,68.73011329583116],[-148.5882120303071,68.72985020886901],[-148.58759667436172,68.72958712190685],[-148.5871373869532,68.72931957584365],[-148.58667364044365,68.7290564888815],[-148.58605828449828,68.72879340191933],[-148.58544738765394,68.72853031495718],[-148.58484094991067,68.72832073720767],[-148.58408736183264,68.7281646686708],[-148.58333823285568,68.72800860013393],[-148.58258464477763,68.72785699069811],[-148.5818310566996,68.72770092216125],[-148.58107746862157,68.72749134441173],[-148.58031496234145,68.72723271655063],[-148.5797040654971,68.72696962958848],[-148.5790931686528,68.72670654262633],[-148.57848227180847,68.72643899656312],[-148.5778758340652,68.7262294188136],[-148.5772649372209,68.7260198410641],[-148.57651134914283,68.72581472241563],[-148.57575330196377,68.72560514466612],[-148.57499971388572,68.72539556691662],[-148.5742372076056,68.72513693905552],[-148.5734791604265,68.72487385209335],[-148.5727211132474,68.7246107651312],[-148.57195860696729,68.72434767816905],[-148.57120501888923,68.7241425595206],[-148.5704514308112,68.72393298177109],[-148.5696933836321,68.72372340402157],[-148.5689397955541,68.72351382627205],[-148.568181748375,68.7233087076236],[-148.56742370119593,68.72304562066145],[-148.56666565401684,68.72278253369929],[-148.56605029807147,68.72251944673714],[-148.5657381609977,68.72225190067395],[-148.5655687151577,68.72198435461073],[-148.56569802908825,68.72171680854753],[-148.56582734301878,68.72144480338326],[-148.56595665694934,68.721172798219],[-148.56579167021036,68.72090525215579],[-148.56547507403556,68.72064216519364],[-148.56486417719125,68.72037907823149],[-148.56440043068167,68.72011153216827],[-148.56408829360794,68.71984844520613],[-148.56377169743314,68.71958089914293],[-148.56375386102894,68.71931335307971],[-148.56373602462472,68.71904134791545],[-148.56371372911946,68.71877380185225],[-148.56340159204572,68.71850625578904],[-148.56323214620568,68.71823870972584],[-148.56292000913194,68.71797562276367],[-148.56260341295715,68.71770807670048],[-148.56228681678235,68.71744053063726],[-148.5619746797086,68.71717298457406],[-148.5616580835338,68.7169098976119],[-148.56134148735902,68.7166423515487],[-148.56117650062004,68.71637480548549],[-148.56101151388106,68.71610725942229],[-148.56084206804104,68.71583971335907],[-148.5605299309673,68.71557216729587],[-148.5602133347925,68.71530908033372],[-148.55974958828295,68.71504153427051],[-148.55928584177337,68.71477844730836],[-148.55897370469964,68.71451090124515],[-148.55880425885962,68.71424335518195],[-148.55863927212064,68.71397580911874],[-148.55847428538166,68.71370826305554],[-148.55830483954162,68.71344071699232],[-148.55813985280264,68.71317317092912],[-148.55782325662784,68.71290562486591],[-148.55750666045307,68.71264253790378],[-148.5573416737141,68.71237499184055],[-148.5570250775393,68.71210744577735],[-148.55656579013078,68.71183989971414],[-148.55639634429076,68.71157235365094],[-148.55608420721703,68.71130926668877],[-148.55562046070744,68.71104172062557],[-148.55516117329896,68.71083214287606],[-148.55471080409254,68.71072958355182],[-148.55396167511557,68.7106270242276],[-148.55321254613858,68.71052892400442],[-148.55246787626265,68.71042636468019],[-148.55171428818463,68.71027029614332],[-148.55095624100554,68.71001166828223],[-148.5502026529275,68.70980209053272],[-148.54944460574842,68.7095925127832],[-148.5486910176704,68.70938293503369],[-148.54793742959237,68.70917781638524],[-148.54717938241328,68.70896823863572],[-148.5464213352342,68.70870515167357],[-148.5456632880551,68.7084420647114],[-148.54490524087603,68.70817897774926],[-148.54414719369697,68.70792034988816],[-148.54339360561892,68.70771077213864],[-148.54264001754086,68.70755470360177],[-148.54189534766493,68.7074566033786],[-148.541150677789,68.70740755326702]]},"id":"001200000000000011e0","properties":{"dist_out":231025.0223421207,"edit_flag":"NaN","facc":1617.693115234375,"grod_id":0,"hfalls_id":0,"lakeflag":0,"max_width":690.0,"n_chan_max":3,"n_chan_mod":1,"n_nodes":86,"n_rch_dn":1,"n_rch_up":1,"obstr_type":0,"rch_id_dn":"81390400141","rch_id_up":"81390400281","reach_id":81390400271,"reach_len":16993.682281017445,"river_name":"Sagavanirktok River","slope":3.92382962747579,"swot_obs":6,"swot_orbit":"52 265 330 358 543 571","trib_flag":0,"type":1,"width":103.0,"width_var":15371.79318154479,"wse":466.3999938964844,"wse_var":381.66242642148757,"x":-148.67489429030002,"y":68.76117190211666}},{"type":"Feature","geometry":{"type":"LineString","coordinates":[[-154.10536412261354,68.21621081762363],[-154.10520805407668,68.21593881245937],[-154.10519467677352,68.21567126639616],[-154.10518129947036,68.21540372033296],[-154.1051679221672,68.2151317151687],[-154.10501185363032,68.21486416910548],[-154.1048513259924,68.21459662304228],[-154.10469525745555,68.21432907697907],[-154.1043920385839,68.21406153091587],[-154.10408881971227,68.21379398485266],[-154.10378560084064,68.21352643878946],[-154.103482381969,68.21325889272624],[-154.10303647186365,68.2129958057641],[-154.102733252992,68.21272825970088],[-154.10243003412037,68.21246071363768],[-154.10227396558352,68.21219316757447],[-154.10211789704664,68.21192562151127],[-154.10195736940872,68.21165807544806],[-154.10180130087184,68.21139052938486],[-154.101645232335,68.2111185242206],[-154.10163185503183,68.21085097815738],[-154.10161847772866,68.21058343209418],[-154.10189494199398,68.21031142692992],[-154.102314097493,68.21003942176566],[-154.10273771209307,68.2097674166014],[-154.1031568675921,68.20949541143713],[-154.10358048219217,68.20922340627288],[-154.1039996376912,68.20895140110862],[-154.10427610195651,68.20867939594436],[-154.10469971655658,68.20840739078011],[-154.1051188720556,68.20813538561583],[-154.10554248665568,68.20786338045157],[-154.105818950921,68.20759583438839],[-154.1060954151863,68.20732382922411],[-154.10622918821792,68.20705182405985],[-154.10606866058,68.20678427799665],[-154.10605528327685,68.20651673193343],[-154.10604190597368,68.20624918587023],[-154.1058858374368,68.20597718070597],[-154.10587246013364,68.20570963464276],[-154.10600623316526,68.20544208857956],[-154.1061355470958,68.20517008341528],[-154.1062693201274,68.20489807825103],[-154.10654578439272,68.20463053218784],[-154.10667509832325,68.20435852702357],[-154.10680887135487,68.20409098096036],[-154.1067954940517,68.2038189757961],[-154.10678211674855,68.2035514297329],[-154.10676873944539,68.20328388366968],[-154.1066126709085,68.20301187850542],[-154.10645214327062,68.20274433244222],[-154.10629607473373,68.20247678637901],[-154.10614000619685,68.20220924031581],[-154.10597947855894,68.2019416942526],[-154.10596610125577,68.2016741481894],[-154.10609987428737,68.20140214302513],[-154.10637633855268,68.20113013786087],[-154.10665280281802,68.20086259179767],[-154.10707195831702,68.20059058663341],[-154.10763826415084,68.2003141223681],[-154.1082045699846,68.20004211720384],[-154.10877087581838,68.19977011203957],[-154.10948433198695,68.19949810687531],[-154.1101977881555,68.19927515182265],[-154.11133485892412,68.1988381599194],[-154.1117584735242,68.19861966396779],[-154.1126012436233,68.1981291628519],[-154.11302931732442,68.19796417611293],[-154.11374723259402,68.19790620779924],[-154.11447406606575,68.19790174869819],[-154.1151964404364,68.19789728959712],[-154.11592327390812,68.19794633970871],[-154.11664564827876,68.19788837139502],[-154.11735910444733,68.19772338465604],[-154.11807256061587,68.19750042960337],[-154.11879047588548,68.19733544286439],[-154.11950839115508,68.19722396533805],[-154.12022630642468,68.19710802871066],[-154.12094868079535,68.19705006039698],[-154.12166659606496,68.19699209208328],[-154.1223889704356,68.19698763298223],[-154.12311134480626,68.19692966466853],[-154.12383371917693,68.19692520556748],[-154.12455609354757,68.19686723725378],[-154.12527846791824,68.19680480983904],[-154.1259919240868,68.19663982310006],[-154.12656268902163,68.19642132714843],[-154.12683915328694,68.1961493219842],[-154.12711561755225,68.19587731681992],[-154.1272449314828,68.1956097707567],[-154.12723155417964,68.1953422246935],[-154.12721817687648,68.19507021952924],[-154.1273519499081,68.19480267346603],[-154.12733857260494,68.19453066830178],[-154.12746788653547,68.19426312223857],[-154.12774435080078,68.1939911170743],[-154.1278781238324,68.19371911191004],[-154.12786474652924,68.19345156584684],[-154.12770421889132,68.19318401978363],[-154.12740100001972,68.19291647372043],[-154.12695508991433,68.19264892765722],[-154.1266518710427,68.19238584069507],[-154.12634865217106,68.19211829463185],[-154.1263352748679,68.1918462894676],[-154.12632189756474,68.19157874340439],[-154.12631297936264,68.1913111973412],[-154.12629960205948,68.19103919217693],[-154.12657160722375,68.19077164611372],[-154.12670538025534,68.19049964094945],[-154.1268346941859,68.1902276357852],[-154.1269684672175,68.18996008972199],[-154.12695508991433,68.18969254365878],[-154.12679902137745,68.18942053849453],[-154.12663849373953,68.18915299243132],[-154.1263352748679,68.18888544636812],[-154.12617920633105,68.1886179003049],[-154.1260231377942,68.18835035424168],[-154.12571991892253,68.18808280817849],[-154.1255593912846,68.18781526211528],[-154.12554601398145,68.18754771605208],[-154.12538994544457,68.18728016998887],[-154.1253765681414,68.1870081648246],[-154.12536319083824,68.1867406187614],[-154.1252071223014,68.18647307269819],[-154.12490390342975,68.18620552663499],[-154.12460068455812,68.18593798057178],[-154.12415477445276,68.18567489360964],[-154.12385155558115,68.18540734754644],[-154.1235483367095,68.18513980148322],[-154.12324511783785,68.18487225542],[-154.12294189896625,68.1846047093568],[-154.1226386800946,68.18433716329359],[-154.122339920324,68.18406961723039],[-154.12203670145237,68.18380207116718],[-154.12173348258074,68.18353452510398],[-154.1212875724754,68.18327143814183],[-154.12083720326902,68.18300389207862],[-154.12039129316366,68.1827363460154],[-154.11980269182462,68.18247325905325],[-154.1193523226182,68.18220571299005],[-154.11904910374656,68.18193816692684],[-154.1188930352097,68.18167062086364],[-154.11873696667283,68.18140307480043],[-154.11872358936967,68.18113552873723],[-154.11856306173175,68.18086798267402],[-154.11840699319487,68.1806004366108],[-154.11810377432323,68.1803328905476],[-154.11780055545162,68.18006534448439],[-154.11735464534627,68.17979779842119],[-154.1169087352409,68.17953025235799],[-154.11646282513559,68.17926716539583],[-154.11615960626395,68.17899961933263],[-154.1158563873923,68.17873207326942],[-154.11584301008915,68.1784645272062],[-154.11611947435446,68.17819252204195],[-154.1165386298535,68.17792051687769],[-154.11710939478832,68.17770202092606],[-154.11782285095688,68.1775370341871],[-154.1185407662265,68.17736758834707],[-154.1192586814961,68.17730962003337],[-154.1199855149678,68.17735867014495],[-154.12070788933846,68.1773542110439],[-154.12143472281016,68.17740326115549],[-154.12216155628187,68.17750582047972],[-154.1228883897536,68.17755487059131],[-154.1236063050232,68.17749690227761],[-154.1243331384949,68.1775459523892],[-154.1250599719666,68.17759500250078],[-154.12578234633727,68.17759054339973],[-154.12650472070794,68.17752811598498],[-154.12722263597755,68.17747014767129],[-154.12765070967868,68.1773051609323],[-154.12778002360923,68.1770376148691],[-154.12776664630607,68.17676560970484],[-154.12746342743444,68.1765025227427],[-154.1271602085628,68.17623497667948],[-154.12700414002592,68.17596743061628],[-154.12713791305754,68.17569542545202],[-154.12712453575438,68.1754278793888],[-154.1272538496849,68.17515587422456],[-154.12738762271653,68.17488832816136],[-154.12765962788077,68.17461632299708],[-154.12794055124715,68.17439782704547],[-154.12850685708094,68.17417933109385],[-154.12922031324948,68.17396083514222],[-154.12978661908326,68.17373788008956],[-154.1303573840181,68.17351938413793],[-154.13091923075086,68.17324737897367],[-154.13134284535093,68.17297537380942],[-154.13176200084996,68.17270336864516],[-154.13203846511527,68.17243136348091],[-154.13231492938058,68.17216381741768],[-154.1325913936459,68.17194532146607],[-154.13301500824596,68.17172682551445],[-154.13415653811566,68.1713968520365],[-154.13487445338527,68.17128537451016],[-154.13559236865487,68.17122294709542],[-154.13631920212657,68.171271997207],[-154.13704603559827,68.17137455653125],[-154.13777732817104,68.17147711585545],[-154.1385086207438,68.17169115270602],[-154.13924437241764,68.17190073045553],[-154.13997120588934,68.1720567989924],[-154.1407069575632,68.17226637674192],[-154.14143825013593,68.17247595449143],[-154.1421695427087,68.1726320230283],[-154.14290083528147,68.17273458235253],[-154.14363212785423,68.1728906508894],[-154.14435896132593,68.17299321021363],[-154.14508579479764,68.17309576953787],[-154.1458170873704,68.17319832886209],[-154.14654392084213,68.17330088818632],[-154.14726629521277,68.17329642908527],[-154.14798866958344,68.17329196998422],[-154.1487110439541,68.17323400167052],[-154.14942450012265,68.17312252414418],[-154.15014241539225,68.17295307830415],[-154.1508558715608,68.17278809156517],[-154.15156932772936,68.17256959561355],[-154.15213117446208,68.17229313134824],[-154.15269748029587,68.17202112618398],[-154.1531166357949,68.17174912101972],[-154.1533931000602,68.17147711585545],[-154.1535268730918,68.17120956979225],[-154.15379887825608,68.17093756462799],[-154.15393265128768,68.17066555946373],[-154.15406196521823,68.17039801340053],[-154.15404858791507,68.17013046733733],[-154.15417790184563,68.16985846217305],[-154.15416452454247,68.16959091610985],[-154.1541511472393,68.16931891094559],[-154.15399507870242,68.16905136488238],[-154.15398170139926,68.16878381881918],[-154.15382117376134,68.16851627275597],[-154.15366510522446,68.16824872669277],[-154.1535090366876,68.16798118062955],[-154.15349565938448,68.16770917546529],[-154.15333513174653,68.16744162940209],[-154.15317906320965,68.16717408333888],[-154.15301853557173,68.16690653727568],[-154.15300515826857,68.16663899121247],[-154.1528490897317,68.1663669860482],[-154.15268856209377,68.166099439985],[-154.15238534322214,68.1658318939218],[-154.15208658345156,68.16556880695964],[-154.15178336457993,68.16530126089644],[-154.15176998727677,68.16502925573218],[-154.15189930120732,68.16476170966897],[-154.15217576547263,68.1644897045047],[-154.15245222973795,68.16421769934045],[-154.15272869400326,68.16394569417619],[-154.15285800793382,68.16367814811298],[-154.15313447219913,68.16340614294872],[-154.15340647736338,68.16313413778447],[-154.15397724229823,68.16291564183284],[-154.15425370656354,68.16269714588122],[-154.15482447149836,68.16253215914224],[-154.15610869260178,68.16220218566428],[-154.15682660787138,68.16209070813795],[-154.15753560493886,68.16186775308529],[-154.15824906110743,68.16164925713366],[-154.15896251727597,68.16148427039468],[-154.16024673837936,68.16109632860304],[-154.16081304421317,68.16087783265142],[-154.16123665881324,68.1606593366998],[-154.16165581431224,68.16038733153555],[-154.16207496981127,68.16011532637128],[-154.16263681654402,68.15984332120702],[-154.1630604311441,68.15957131604276],[-154.16347958664312,68.1592993108785],[-154.16389874214212,68.15902730571423],[-154.16417520640744,68.15875530054998],[-154.1644472115717,68.15848329538572],[-154.16472367583702,68.15821129022146],[-154.16500014010234,68.15794374415825],[-154.1651294540329,68.157671738994],[-154.1652632270645,68.15739973382973],[-154.1652453906603,68.15713218776652],[-154.16508932212344,68.15686464170332],[-154.16478610325177,68.15659709564011],[-154.16434019314642,68.15632954957691],[-154.1637471327063,68.15606646261475],[-154.1630113810325,68.1558033756526],[-154.16227562935867,68.15554028869045],[-154.16153987768487,68.15527274262723],[-154.16080412601104,68.15500965566508],[-154.16021106557093,68.15474656870293],[-154.15991230580036,68.15447902263972],[-154.15975177816242,68.15421147657652],[-154.15973840085928,68.15394393051331],[-154.1600148651246,68.15367192534904],[-154.1604340206236,68.1533999201848],[-154.1608576352237,68.15318142423317],[-154.1614284001585,68.15301643749419],[-154.16214185632708,68.1529005008668],[-154.16286423069772,68.15284253255311],[-154.16358214596735,68.15278456423941],[-154.16430452033802,68.15278010513836],[-154.16502689470866,68.15277564603731],[-154.16574926907933,68.15277118693625],[-154.16646718434896,68.1527087595215],[-154.16718955871957,68.1526507912078],[-154.16790301488814,68.15248580446884],[-154.16846932072193,68.15226730851721],[-154.16888847622093,68.15199530335295],[-154.16901779015149,68.1517232981887],[-154.16900441284832,68.15145575212549],[-154.16884834431147,68.15118820606229],[-154.16854512543983,68.15092065999907],[-154.1683845978019,68.15065311393586],[-154.16837122049873,68.15038110877161],[-154.1683578431956,68.1501135627084],[-154.16834446589243,68.1498460166452],[-154.16833108858927,68.14957401148094],[-154.1681750200524,68.14930646541774],[-154.16801449241447,68.14903891935454],[-154.16771127354284,68.14877137329131],[-154.16726536343748,68.14850828632916],[-154.16696214456584,68.14824074026595],[-154.166806076029,68.14797319420275],[-154.16679269872583,68.14770118903849],[-154.16677932142267,68.14743364297527],[-154.1667659441195,68.14716609691207],[-154.16675256681634,68.14689409174781],[-154.1664493479447,68.14662654568461],[-154.1658562875046,68.14636345872245],[-154.16526768616555,68.1461003717603],[-154.16481731695913,68.1458328256971],[-154.16422871562008,68.14556973873493],[-154.16378280551476,68.14530219267174],[-154.16347958664312,68.14503464660852],[-154.1633190590052,68.14476710054532],[-154.163305681702,68.14449955448211],[-154.16343945473363,68.14422754931785],[-154.16385861023267,68.14395554415358],[-154.1638452329295,68.14368799809039],[-154.16383185562634,68.14341599292612]]},"id":"0012000000000000125d","properties":{"dist_out":465709.72095927375,"edit_flag":"NaN","facc":2548.5261806653743,"grod_id":0,"hfalls_id":0,"lakeflag":0,"max_width":577.0,"n_chan_max":3,"n_chan_mod":1,"n_nodes":55,"n_rch_dn":1,"n_rch_up":2,"obstr_type":0,"rch_id_dn":"81380600101","rch_id_up":"81380600131 81380600121","reach_id":81380600111,"reach_len":10939.320915473947,"river_name":"Killik River","slope":0.908199677967307,"swot_obs":4,"swot_orbit":"15  43 108 136","trib_flag":0,"type":1,"width":77.0,"width_var":2486.740302768166,"wse":509.20001220703125,"wse_var":9.028840726830193,"x":-154.13447933074406,"y":68.17897928212932}},{"type":"Feature","geometry":{"type":"LineString","coordinates":[[-153.70834806032,68.96834522871256],[-153.70760339044406,68.96851021545153],[-153.70685872056814,68.96861723387681],[-153.7061140506922,68.9687822206158],[-153.7053693808163,68.96894720735479],[-153.70462471094038,68.96911219409375],[-153.70388004106445,68.96922367162009],[-153.70313537118852,68.96933514914642],[-153.70238624221153,68.96938865835907],[-153.70163711323457,68.9693396082475],[-153.70088798425758,68.96934406734853],[-153.7001388552806,68.96940203566223],[-153.69939418540469,68.96940203566223],[-153.6986450564277,68.96946000397593],[-153.69790038655177,68.96957148150226],[-153.69715125757483,68.96968295902859],[-153.69640658769887,68.96978997745387],[-153.69566191782295,68.9699014549802],[-153.6943241875069,68.97017791924553],[-153.69372666796573,68.9703429059845],[-153.69254500618658,68.97077543878669],[-153.69195194574647,68.97104744395095],[-153.6912117349716,68.9713194491152],[-153.69047152419674,68.97159145427946],[-153.68987846375663,68.97186345944372],[-153.68944147185343,68.97213546460799],[-153.68914717118386,68.9724030106712],[-153.6888573296154,68.97267501583545],[-153.68871463838167,68.97294256189866],[-153.6884247968132,68.97321456706293],[-153.6879833458089,68.97343306301454],[-153.6873902853688,68.9736470998651],[-153.68679276582765,68.97381208660408],[-153.68604809595172,68.97392356413042],[-153.68529896697476,68.97398153244411],[-153.6845542970988,68.97409300997045],[-153.68380962722287,68.9741465191831],[-153.6830604982459,68.97415097828416],[-153.68231136926892,68.9741554373852],[-153.6815577811909,68.97410192817256],[-153.68080419311286,68.97399936884833],[-153.68005506413587,68.97389235042304],[-153.67930147605787,68.97378979109881],[-153.67855234708088,68.97373628188618],[-153.6778032181039,68.97374074098722],[-153.67705408912695,68.97374520008827],[-153.67630496014993,68.97374520008827],[-153.67555583117294,68.97380316840197],[-153.67480670219598,68.97380762750304],[-153.674057573219,68.97386559581672],[-153.6733129033431,68.973972614242],[-153.67256823346716,68.97408409176836],[-153.67181910449017,68.97419556929468],[-153.6710788937153,68.97436055603366],[-153.67033422383938,68.97452554277264],[-153.66988831373402,68.97468607041056],[-153.6695940130645,68.97490456636217],[-153.6694513218308,68.97517211242538],[-153.66931308969814,68.97544411758965],[-153.66916593936338,68.97565815444021],[-153.6687244883591,68.97582314117919],[-153.66812696881792,68.97598366881711],[-153.667382298942,68.97609514634345],[-153.66663316996502,68.97615311465714],[-153.6658885000891,68.97621108297083],[-153.66514383021317,68.97631810139612],[-153.66439470123618,68.97637606970981],[-153.6636455722592,68.97643403802351],[-153.66290090238329,68.97649200633721],[-153.6621517734063,68.97654551554984],[-153.66140264442933,68.97660348386354],[-153.6606579745534,68.97671496138987],[-153.65991330467747,68.9768264389162],[-153.65916863480155,68.97698696655414],[-153.65842396492562,68.97715195329312],[-153.65767483594863,68.97726343081945],[-153.6569301660727,68.97737490834578],[-153.65633710563262,68.97753989508476],[-153.65589119552726,68.97770042272269],[-153.65544974452297,68.9779189186743],[-153.6550038344176,68.97813295552487],[-153.65456238341332,68.97835145147648],[-153.65396486387218,68.97851643821546],[-153.65322019399625,68.97862791574182],[-153.65247552412032,68.9787349341671],[-153.65187800457915,68.97889992090607],[-153.65128494413904,68.97906490764504],[-153.65069188369895,68.97922543528297],[-153.65009436415778,68.97939042202195],[-153.6494968446166,68.97944839033563],[-153.64874771563964,68.97944839033563],[-153.64799858666265,68.97939934022405],[-153.64724499858463,68.97935029011246],[-153.64649586960766,68.97929678089982],[-153.64574674063067,68.97924773078823],[-153.64499315255264,68.97914071236295],[-153.64423956447462,68.97909166225136],[-153.64349043549763,68.97909166225136],[-153.64274130652066,68.97909612135243],[-153.64199663664473,68.97915408966611],[-153.64124750766774,68.97920759887876],[-153.64049391958974,68.97915854876716],[-153.63974479061272,68.97905153034188],[-153.6389912025347,68.97900248023029],[-153.63824207355773,68.97895343011871],[-153.63749294458074,68.97895343011871],[-153.63674381560378,68.9790113984324],[-153.6359946866268,68.97901585753345],[-153.6352455576498,68.9789623483208],[-153.63449196957177,68.97891329820922],[-153.6337428405948,68.97880627978394],[-153.63298925251675,68.97870372045972],[-153.63223566443872,68.97865021124707],[-153.63148653546176,68.97860116113549],[-153.63073740648477,68.97860116113549],[-153.6299882775078,68.97860562023654],[-153.62923914853081,68.97861007933759],[-153.62849001955382,68.97855657012495],[-153.6277364314758,68.97850752001337],[-153.62698284339777,68.97834699237544],[-153.62622925531974,68.9782444330512],[-153.62548012634275,68.97813741462592],[-153.62472653826472,68.97808836451433],[-153.62397740928776,68.9780348553017],[-153.6232282803108,68.97803931440276],[-153.62247915133378,68.97803931440276],[-153.62173002235681,68.9780437735038],[-153.62098089337982,68.9781017418175],[-153.62023176440286,68.97815525103015],[-153.61948709452693,68.97826672855648],[-153.618742424651,68.97843171529547],[-153.61799775477508,68.97865021124707],[-153.61725308489915,68.97881519798605],[-153.61650841502322,68.97897572562397],[-153.6157637451473,68.97914071236295],[-153.61501907527136,68.97930569910193],[-153.61427440539543,68.97941717662826],[-153.61352527641847,68.9795286541546],[-153.61278060654254,68.97963567257989],[-153.61203593666662,68.97974715010622],[-153.61128680768965,68.97980511841992],[-153.61053767871266,68.97985862763255],[-153.60979300883673,68.9799701051589],[-153.60904387985977,68.98002807347258],[-153.60829475088278,68.97997456425995],[-153.60754116280475,68.97987200493571],[-153.60678757472672,68.97976498651043],[-153.60603398664867,68.9796624271862],[-153.6052848576717,68.97960891797356],[-153.6045357286947,68.97961337707461],[-153.60378659971775,68.97961337707461],[-153.60303747074076,68.97961783617566],[-153.60228388266273,68.97951081775038],[-153.6015302945847,68.97940825842616],[-153.60077670650668,68.97924773078823],[-153.6000275775297,68.979145171464],[-153.59927398945166,68.97898464382608],[-153.59852040137366,68.97882411618815],[-153.59776681329558,68.97866804765128],[-153.59701322521755,68.97850752001337],[-153.59625517803846,68.97829794226385],[-153.59550158996043,68.97813741462592],[-153.59475246098347,68.97803039620064],[-153.59399887290542,68.97787432766377],[-153.59324082572635,68.97771380002585],[-153.5924872376483,68.97755773148897],[-153.59173364957027,68.9773436946384],[-153.59097560239118,68.97707614857521],[-153.59022201431316,68.976808602512],[-153.58946396713407,68.97654551554984],[-153.58871037905604,68.97627796948665],[-153.58795233187695,68.97606393263607],[-153.58719874379892,68.9758498957855],[-153.5864451557209,68.97569382724863],[-153.58569156764287,68.97553329961073],[-153.58493797956484,68.97537723107384],[-153.5841843914868,68.97521670343592],[-153.58343080340876,68.97505617579799],[-153.58267721533073,68.97490010726112],[-153.5819236272527,68.9747395796232],[-153.58117003917468,68.97457905198527],[-153.58041645109662,68.97436947423576],[-153.5796628630186,68.97420894659784],[-153.57890927494057,68.97399490974728],[-153.57815568686254,68.97383884121041],[-153.57740209878452,68.97373182278513],[-153.57665296980753,68.97368277267353],[-153.5758993817295,68.97357575424824],[-153.5751502527525,68.97352670413666],[-153.57439666467448,68.97341968571138],[-153.57364307659645,68.97331712638714],[-153.57288948851843,68.97315659874923],[-153.57214035954144,68.97304958032394],[-153.5713867714634,68.97289351178708],[-153.57063318338538,68.9727864933618],[-153.56987959530736,68.97263042482491],[-153.5691260072293,68.972469897187],[-153.56837241915127,68.97225586033643],[-153.56761883107325,68.97209979179956],[-153.56686524299522,68.971885754949],[-153.5661116549172,68.97172522731107],[-153.56535806683914,68.9715691587742],[-153.5646044787611,68.97140863113627],[-153.56385089068309,68.9711945942857],[-153.56309730260506,68.97098055743514],[-153.56233925542597,68.97071747047299],[-153.56158566734794,68.97044992440978],[-153.56082762016885,68.97023588755921],[-153.56007403209082,68.97002185070865],[-153.55932044401277,68.96986578217178],[-153.55856685593474,68.96970525453386],[-153.55796487729253,68.96954472689593],[-153.55751004898508,68.96933069004537],[-153.55705522067763,68.96912111229585],[-153.55660039237017,68.96885356623265],[-153.5562927143975,68.96858156106839],[-153.55583788609005,68.96831401500518],[-153.55553020811735,68.96804646894198],[-153.5553741395805,68.96777892287876],[-153.5552180710436,68.96751137681557],[-153.55491039307094,68.96724383075235],[-153.55460271509824,68.96697628468915],[-153.55400073645603,68.96676224783859],[-153.55324714837798,68.96660172020066],[-153.55249356029995,68.96644119256275],[-153.55173997222192,68.96628512402587],[-153.55099084324493,68.96617810560058],[-153.5502372551669,68.96607554627636],[-153.54948812618994,68.96596852785108],[-153.5487345381119,68.96586150942579],[-153.54798540913495,68.96581245931421],[-153.54723628015793,68.96575895010156],[-153.54648715118097,68.96576340920261],[-153.54573356310294,68.96570989998997],[-153.54498443412595,68.96566084987839],[-153.544235305149,68.96555383145311],[-153.54348171707093,68.96539776291623],[-153.54272366989187,68.96513021685303],[-153.54197008181382,68.96491618000246],[-153.5412164937358,68.9647021431519],[-153.54046290565776,68.96459958382766],[-153.53971823578183,68.96459958382766],[-153.53896910680484,68.96465755214136],[-153.53821997782788,68.964711061354],[-153.53747530795195,68.96487604809298],[-153.53673063807602,68.96493401640667],[-153.53598150909906,68.96493401640667],[-153.53523238012207,68.96493847550772],[-153.53447879204407,68.96488496629509],[-153.53372966306705,68.96478240697085],[-153.53297607498902,68.96467538854557],[-153.53222694601203,68.96451486090764],[-153.531473357934,68.96435879237077],[-153.53071976985598,68.96419826473286],[-153.52996618177795,68.96398422788229],[-153.52921259369992,68.96377465013278],[-153.52845900562187,68.96356061328221],[-153.52770541754384,68.96334657643166],[-153.52694737036475,68.96313253958108],[-153.52634539172254,68.96291850273052],[-153.52573895397927,68.962708924981],[-153.52513697533706,68.96249488813044],[-153.5246821470296,68.96222734206724],[-153.52422731872215,68.96195979600402],[-153.52362088097888,68.96169224994081],[-153.52316605267146,68.96142470387761],[-153.52270676526294,68.9611571578144],[-153.52210478662073,68.9608896117512],[-153.5216454992122,68.96062206568799],[-153.52134228034058,68.96035451962479],[-153.52088745203312,68.96008697356157],[-153.52057977406045,68.95981496839731],[-153.52042370552357,68.95954742233411],[-153.52012048665196,68.9592798762709],[-153.51996441811508,68.9590123302077],[-153.5198083495782,68.95874478414449],[-153.5195006716055,68.95847277898024],[-153.51904584329804,68.95820523291704],[-153.51859101499062,68.95793768685381],[-153.51813618668317,68.95767014079061],[-153.51782850871047,68.9574025947274],[-153.51752083073777,68.9571350486642],[-153.5173647622009,68.95686750260099],[-153.51720869366403,68.95659995653779],[-153.5169054747924,68.95633241047457],[-153.51645064648494,68.95606486441137],[-153.51599581817752,68.95579285924711],[-153.51538938043424,68.95552977228496],[-153.51478294269097,68.95526222622175],[-153.51432811438352,68.95499468015853],[-153.5134184577686,68.95451309724477],[-153.51296362946115,68.9542990603942],[-153.51251326025476,68.95413853275628],[-153.51175967217674,68.95397800511836],[-153.51100608409868,68.95387098669308],[-153.51025695512172,68.95371491815621],[-153.50950336704372,68.95355439051828],[-153.50874977896567,68.95339386288038],[-153.50800064998867,68.95329130355613],[-153.50725152101168,68.95318428513085],[-153.50649793293366,68.9531307759182],[-153.5057488039567,68.95308172580661],[-153.5049996749797,68.95297470738133],[-153.50425054600274,68.95287214805711],[-153.50349695792468,68.9527116204192],[-153.50274336984666,68.95255109278125],[-153.50199424086972,68.95244853345703],[-153.5012451118927,68.95239502424438],[-153.50049152381467,68.9522880058191],[-153.49974239483768,68.95218544649487],[-153.49898880675966,68.95202491885695],[-153.49823521868163,68.95181088200638],[-153.49763324003942,68.95154333594317],[-153.49717841173197,68.95127578987997],[-153.49671912432345,68.95100824381676],[-153.49656751488763,68.95074069775356],[-153.49655859668553,68.95047315169035],[-153.49670128791925,68.95020114652608],[-153.496848438254,68.94993360046288],[-153.49713827982248,68.94966159529862],[-153.49728543015723,68.94939404923541],[-153.49742812139095,68.94912204407115],[-153.49741920318885,68.94885449800795],[-153.4974147440878,68.94858695194473],[-153.49741028498673,68.94831494678049],[-153.49740136678463,68.94804740071727],[-153.49724529824775,68.94777985465407],[-153.49694207937614,68.94751230859086],[-153.4964872510687,68.9472982717403],[-153.49588527242645,68.94708423488973],[-153.49513168434842,68.94687019803916],[-153.4943780962704,68.9466561611886],[-153.4937761176282,68.94644212433803],[-153.49332128932073,68.94617457827482],[-153.49301361134803,68.94590703221162],[-153.4927103924764,68.94563948614841],[-153.4927014742743,68.94537194008521],[-153.49269701517323,68.94509993492095],[-153.4926925560722,68.94483238885773],[-153.49253648753532,68.94456484279453],[-153.49252756933322,68.94429283763027],[-153.49222435046158,68.94402529156706],[-153.49176952215413,68.94375774550386],[-153.49116754351192,68.9435437086533],[-153.4905655648697,68.94338764011643],[-153.48981197679166,68.94328062169114],[-153.4890628478147,68.94317360326586],[-153.4883137188377,68.94312455315426],[-153.48756458986074,68.94307104394163],[-153.48681546088375,68.94296402551635],[-153.48606187280572,68.94280795697948],[-153.4853082847277,68.94264742934155],[-153.4848579155213,68.94243339249098],[-153.4845502375486,68.94216584642778],[-153.48439416901172,68.94189830036457]]},"id":"001200000000000011ab","properties":{"dist_out":342325.28207596013,"edit_flag":"NaN","facc":4912.995571356849,"grod_id":0,"hfalls_id":0,"lakeflag":0,"max_width":551.0,"n_chan_max":4,"n_chan_mod":1,"n_nodes":58,"n_rch_dn":1,"n_rch_up":1,"obstr_type":0,"rch_id_dn":"81380600011","rch_id_up":"81380600031","reach_id":81380600021,"reach_len":11663.118775527313,"river_name":"Killik River","slope":3.736527689567313,"swot_obs":6,"swot_orbit":"43  80 108 321 349 386","trib_flag":0,"type":1,"width":96.0,"width_var":8484.804909418002,"wse":221.72500610351562,"wse_var":164.61157869903752,"x":-153.58805162837822,"y":68.96795305336309}},{"type":"Feature","geometry":{"type":"LineString","coordinates":[[-148.85815263077953,68.95722868978632],[-148.8588750051502,68.95695222552102],[-148.85930307885133,68.95668022035674],[-148.85973115255246,68.95640375609143],[-148.86000761681777,68.95613175092717],[-148.86028408108308,68.95585974576291],[-148.86040893591257,68.95559219969971],[-148.8608370096137,68.95531573543438],[-148.86111347387902,68.95504373027013],[-148.8615370884791,68.95477172510587],[-148.86196516218024,68.95449526084056],[-148.8623887767803,68.9542232556763],[-148.86266524104562,68.95395125051203],[-148.862946164412,68.95367924534777],[-148.8632226286773,68.95340724018351],[-148.8633474835068,68.95313523501926],[-148.8634723383363,68.95286768895605],[-148.86360165226685,68.95259568379178],[-148.86372650709635,68.95232367862752],[-148.8637042115911,68.95205613256432],[-148.86368191608582,68.95178858650111],[-148.86365962058053,68.95151658133685],[-148.86363732507527,68.95124903527365],[-148.86361502957,68.95098148921043],[-148.86359273406475,68.95070948404619],[-148.86341882912367,68.95044193798297],[-148.86324938328363,68.95017885102082],[-148.86292386890673,68.94991130495761],[-148.86245566329612,68.94964821799546],[-148.86183138914862,68.94938513103331],[-148.86136318353803,68.94912204407115],[-148.86073890939053,68.948858957109],[-148.8601190943441,68.94859587014685],[-148.8594992792977,68.9483327831847],[-148.859026614586,68.94806969622255],[-148.85778698449315,68.94759703151088],[-148.85717162854777,68.94739191286241],[-148.85656073170347,68.94723584432555],[-148.85580268452438,68.94713774410236],[-148.85504909644635,68.94703518477814],[-148.85429104926726,68.94693708455496],[-148.85353300208817,68.94683898433179],[-148.85277049580804,68.94668291579492],[-148.85200353042683,68.94647779714646],[-148.8512410241467,68.94626821939694],[-148.85047851786655,68.94611660996112],[-148.8497204706875,68.94601850973797],[-148.8489624235084,68.94591595041372],[-148.84820883543037,68.94581785019055],[-148.84745524735231,68.94577325918002],[-148.8466927410722,68.9456216497442],[-148.84607738512682,68.94541207199468],[-148.84546202918145,68.94520249424518],[-148.84422239908858,68.94472982953351],[-148.84360704314324,68.94452471088505],[-148.84284007776202,68.94431513313553],[-148.84207757148187,68.94411001448708],[-148.84131060610068,68.94390043673756],[-148.8405436407195,68.94369531808911],[-148.8397766753383,68.94343223112696],[-148.83900525085605,68.94317360326586],[-148.8382338263738,68.9429105163037],[-148.83776116166214,68.94264742934155],[-148.83744010638628,68.94237988327835],[-148.83711905111045,68.94211679631618],[-148.8367979958346,68.94184925025299],[-148.83662854999454,68.94158170418977],[-148.83630303561765,68.94131861722762],[-148.83583483000703,68.94105553026547],[-148.8355137747312,68.94078798420226],[-148.83549147922594,68.94052043813906],[-148.83546918372065,68.9402484329748],[-148.83529527877957,68.93998088691158],[-148.8352729832743,68.93971334084839],[-148.83510353743432,68.93944579478517],[-148.83478248215843,68.93918270782302],[-148.83445696778153,68.93891516175981],[-148.83413591250567,68.93864761569661],[-148.83381485722984,68.93838452873446],[-148.83349380195398,68.93811698267125],[-148.83317274667814,68.9378538957091],[-148.8330033008381,68.9375863496459],[-148.8331281556676,68.93731434448163],[-148.83325746959815,68.93704233931737],[-148.8335339338635,68.93677033415311],[-148.83365878869296,68.9365027880899],[-148.83378810262352,68.93623078292565],[-148.83376580711825,68.93596323686243],[-148.83359190217715,68.93569569079922],[-148.8335696066719,68.93542368563497],[-148.8338460709372,68.93515168047071],[-148.83397538486776,68.93488413440751],[-148.83410023969725,68.93461212924323],[-148.83452831339838,68.93434012407899],[-148.8348047776637,68.93406811891472],[-148.835081241929,68.93379611375046],[-148.83535770619432,68.9335241085862],[-148.83578577989545,68.93324764432089],[-148.83606224416076,68.93297563915662],[-148.83618709899028,68.93270809309342],[-148.8363164129208,68.93243608792916],[-148.8364412677503,68.9321640827649],[-148.83641897224504,68.93189653670169],[-148.83639667673978,68.93162899063849],[-148.8366731410051,68.93135698547422],[-148.8369496052704,68.93108498030996],[-148.83722606953572,68.93080851604465],[-148.83750253380103,68.9305365108804],[-148.83793060750216,68.93026450571612],[-148.83820707176747,68.92999250055188],[-148.83833192659696,68.92972049538761],[-148.83846124052752,68.92945294932439],[-148.83858609535702,68.92918094416014],[-148.83871540928757,68.92890893899589],[-148.83884026411707,68.92864139293268],[-148.83896957804762,68.92836938776841],[-148.83909443287712,68.92809738260415],[-148.83922374680768,68.92782983654095],[-148.8392014513024,68.92755783137669],[-148.83917915579713,68.92729028531348],[-148.83915686029187,68.92702273925028],[-148.8391345647866,68.92675073408601],[-148.83911226928132,68.92648318802281],[-148.83908997377605,68.9262156419596],[-148.8390676782708,68.92594809589639],[-148.83904538276553,68.92567609073213],[-148.83902308726024,68.92540854466893],[-148.83884918231917,68.92514099860573],[-148.83867973647915,68.92487345254251],[-148.83850583153807,68.92460590647931],[-148.8381847762622,68.92434281951716],[-148.83786372098635,68.92407527345397],[-148.83768981604527,68.92380772739074],[-148.83752037020525,68.92354018132754],[-148.83734646526418,68.92327263526433],[-148.83717701942413,68.92300508920113],[-148.83700311448305,68.92273754313791],[-148.836833668643,68.92246999707471],[-148.83665976370193,68.9222024510115],[-148.8364903178619,68.92193490494829],[-148.8363164129208,68.92166735888509],[-148.8361469670808,68.92139981282187],[-148.83597306213971,68.92113672585972],[-148.83565200686385,68.92086917979653],[-148.835330951588,68.92060163373331],[-148.83500989631216,68.92033854677116],[-148.83454169070154,68.92007545980901],[-148.8339218756551,68.91981237284685],[-148.83330206060867,68.9195492858847],[-148.83253063612645,68.91928619892255],[-148.8317592116442,68.91902757106145],[-148.830992246263,68.9187644840993],[-148.83022082178076,68.9185058562382],[-148.82945385639957,68.91824276927603],[-148.82868243191731,68.91798414141493],[-148.82791546653613,68.91772105445278],[-148.8271440420539,68.91746242659168],[-148.82637707667269,68.91719933962953],[-148.82560565219043,68.91694071176843],[-148.82483868680924,68.91667762480628],[-148.82437048119863,68.91641453784413],[-148.82389781648698,68.91615145088197],[-148.82342961087636,68.91588836391982],[-148.82295694616468,68.91562081785662],[-148.8224887405541,68.91535773089447],[-148.82186892550766,68.9150946439323],[-148.82139626079598,68.91483155697016],[-148.82092805518536,68.914568470008],[-148.82060699990953,68.9143009239448],[-148.82043309496845,68.9140333778816],[-148.8201120396926,68.91377029091943],[-148.81964383408197,68.91350274485623],[-148.81932277880614,68.91323965789407],[-148.81900172353028,68.91297211183087],[-148.8188322776903,68.91270456576767],[-148.81880998218497,68.91243701970446],[-148.8187876866797,68.91216947364124],[-148.81876539117445,68.911897468477],[-148.8187430956692,68.91162992241378],[-148.8185691907281,68.91136237635057],[-148.81839974488807,68.91109483028737],[-148.81852459971756,68.91082282512312],[-148.81865391364812,68.9105552790599],[-148.81893037791343,68.91028327389564],[-148.8193539925135,68.91000680963033],[-148.81978206621463,68.90973480446607],[-148.82020568081472,68.9094627993018],[-148.82063375451585,68.90918633503651],[-148.82105736911592,68.90891432987223],[-148.82118668304648,68.90864232470796],[-148.82189568011398,68.90820533280473],[-148.82174407067816,68.90815182359209],[-148.8221810625814,68.90804034606576],[-148.8227741230215,68.90798237775206],[-148.82322003312686,68.90791995033732],[-148.8237997162638,68.90770145438569],[-148.82423224906597,68.90753200854566],[-148.82497245984086,68.90742053101933],[-148.82555660207885,68.9072510851793],[-148.8262878946516,68.90708163933927],[-148.82702810542648,68.90696570271187],[-148.82775939799924,68.90679625687184],[-148.82849514967307,68.90668032024448],[-148.829239819549,68.9066178928297],[-148.82998003032387,68.90655546541495],[-148.8307247001998,68.90649749710127],[-148.83146491097466,68.90643506968651],[-148.8322006626485,68.90626562384648],[-148.8329364143223,68.9061496872191],[-148.83367662509718,68.90608725980437],[-148.83441683587205,68.90597132317696],[-148.8351570466469,68.90590889576221],[-148.8359061756239,68.9058999775601],[-148.8366419272977,68.90578404093272],[-148.8373821380726,68.90572607261902],[-148.83812680794853,68.90566364520427],[-148.8388670187234,68.90560121778952],[-148.83960722949826,68.90548528116213],[-148.84034298117209,68.90536934453475],[-148.8410698146438,68.90514638948207],[-148.84180110721655,68.90492343442939],[-148.84252794068826,68.90470047937673],[-148.84325923326102,68.90447752432405],[-148.84398606673275,68.90425456927139],[-148.84471290020446,68.90403161421872],[-148.84544419277722,68.90380865916603],[-148.8461665671479,68.90352773579967],[-148.84689785972068,68.90330478074699],[-148.84762469319236,68.90308182569433],[-148.84835152666406,68.90285887064165],[-148.848931209801,68.90264037469004],[-148.84951089293796,68.90241741963736],[-148.85008611697387,68.90214095537205],[-148.85066134100975,68.90186449110674],[-148.85123656504564,68.90159248594247],[-148.8518073299805,68.90131602167716],[-148.85238255401637,68.90103955741185],[-148.85265901828168,68.90076755224759],[-148.852935482547,68.90049554708332],[-148.85306479647755,68.90022354191906],[-148.85318965130705,68.89995599585586],[-148.8531673558018,68.8996839906916],[-148.85314506029653,68.89941644462839],[-148.85312276479127,68.89914889856519],[-148.85310046928598,68.89887689340092],[-148.85307817378072,68.89860934733771],[-148.85305587827546,68.89834180127451],[-148.85318073310495,68.89806979611025],[-148.8530112872649,68.89780225004705],[-148.85283738232386,68.89753470398384],[-148.852516327048,68.89727161702169],[-148.85204812143738,68.89700407095847],[-148.85142830639094,68.89674544309737],[-148.8508084913445,68.89648235613522],[-148.85003706686226,68.89621926917307],[-148.84927010148107,68.89596064131197],[-148.84850313609988,68.89569755434982],[-148.84773171161763,68.89543892648872],[-148.84696474623644,68.89517583952656],[-148.84619332175419,68.89491721166546],[-148.845426356373,68.89465412470331],[-148.8446593909918,68.89439549684221],[-148.84389242561062,68.89418591909269],[-148.8431299193305,68.89398080044424],[-148.84236741305034,68.89377568179579],[-148.84160490677021,68.8936196132589],[-148.8408513186922,68.89352151303574],[-148.8400932715131,68.89336544449887],[-148.83933076523297,68.89321383506305],[-148.83857717715492,68.89311573483987],[-148.8378235890769,68.89301317551565],[-148.8370655418978,68.89291507529248],[-148.83631195381977,68.8928169750693],[-148.83556728394385,68.8928258932714],[-148.83481369586582,68.89277684315981],[-148.83406456688883,68.89273225214927],[-148.83331543791184,68.89268766113874],[-148.8325618498338,68.8926430701282],[-148.83180826175578,68.89254051080398],[-148.83105467367776,68.8924424105808],[-148.83030108559973,68.89234431035763],[-148.82953857931957,68.89218824182076],[-148.82878499124155,68.89209014159758],[-148.82802694406246,68.89193853216175],[-148.82726889688337,68.89183597283754],[-148.82651084970428,68.89168436340172],[-148.82575280252522,68.89152829486484],[-148.824985837144,68.89132317621639],[-148.82422333086387,68.89111805756792],[-148.82345636548268,68.89085497060577],[-148.8226894001015,68.89059188364362],[-148.82191797561924,68.89033325578251],[-148.82115101023805,68.89007016882037],[-148.82038404485687,68.88981154095927],[-148.81976422981043,68.88954845399714],[-148.819144414764,68.88928536703496],[-148.81852459971756,68.88902228007281],[-148.8179092437722,68.88875919311067],[-148.8174365790605,68.88849610614851],[-148.81682122311514,68.88823301918634],[-148.8163485584035,68.8879699322242],[-148.81617911256345,68.887702386161],[-148.81600520762237,68.88743484009778],[-148.8159829121171,68.88716729403457],[-148.81611222604766,68.88689528887032],[-148.81623708087716,68.88662774280711],[-148.81606763503711,68.88636019674391],[-148.81604533953185,68.88608819157965],[-148.81587589369184,68.88582064551643],[-148.81570198875073,68.88555309945323],[-148.81567969324547,68.88528555339002],[-148.81580900717603,68.88501354822576],[-148.81578671167074,68.88474600216256],[-148.81576441616548,68.88447845609934],[-148.81574212066025,68.88420645093508],[-148.81557267482017,68.88394336397293],[-148.8153987698791,68.88367581790973],[-148.81537647437383,68.88340381274547],[-148.81535417886857,68.88313626668226],[-148.8153318833633,68.88286872061906],[-148.81546119729384,68.8825967154548],[-148.81574212066025,68.88237821950318],[-148.81617019436135,68.88215972355155],[-148.8167498774983,68.88193676849889],[-148.81747671097,68.88171381344621],[-148.81820800354276,68.88149085839353],[-148.8189348370145,68.88126790334087],[-148.8196616704862,68.88104494828819],[-148.8203885039579,68.88082199323553],[-148.82112425563173,68.88065254739548],[-148.8218555482045,68.88048310155546],[-148.82258684077726,68.88031365571543],[-148.82332705155213,68.88025122830068],[-148.82407172142806,68.88018880088593],[-148.82481193220292,68.88012637347119],[-148.82555660207885,68.88012191437014],[-148.8262968128537,68.88005948695539],[-148.82688095509172,68.87989004111535],[-148.82746509732974,68.87972505437638],[-148.82862000450257,68.87922563505839],[-148.82919968763952,68.87905618921836],[-148.82993543931335,68.87888674337833],[-148.8306667318861,68.87872175663935],[-148.8312508741241,68.87855231079932],[-148.8316834069263,68.87838732406034],[-148.83210702152635,68.87811085979503],[-148.8322363354569,68.87784331373182],[-148.83206243051583,68.87757576766862],[-148.83204013501057,68.87730376250435],[-148.8321694489411,68.87703621644116],[-148.83214715343587,68.87676421127689],[-148.83227200826533,68.87649666521368],[-148.83254847253068,68.87622466004942],[-148.83282493679596,68.87595265488515],[-148.83294979162545,68.8756806497209],[-148.8329274961202,68.87541310365769],[-148.83305681005075,68.87514109849343],[-148.8333332743161,68.87486909332917],[-148.83361419768244,68.87465059737755],[-148.83405118958567,68.87453911985122],[-148.8347869412595,68.87442318322383],[-148.8355226929333,68.87430724659644],[-148.83625844460713,68.87419130996905],[-148.83699419628093,68.87402186412902],[-148.8377165706516,68.87374539986371],[-148.8384434041233,68.87352244481103],[-148.83917023759503,68.87329948975835],[-148.83989707106673,68.87307653470569],[-148.84062390453843,68.87285357965301],[-148.8413551971112,68.87263062460035],[-148.84192596204605,68.87235416033504],[-148.84235403574718,68.87208215517077],[-148.84277765034727,68.87180569090546],[-148.84320126494734,68.8715336857412],[-148.84347772921265,68.87126168057694],[-148.84375419347796,68.87098967541267],[-148.84403065774328,68.87071767024841],[-148.84400836223801,68.87044566508415],[-148.84383445729694,68.87017811902095],[-148.84351340202107,68.86991503205881],[-148.84304519641046,68.86965194509663],[-148.84257699079984,68.86938439903344],[-148.8421043260882,68.86912131207129],[-148.84148897014282,68.86885822510914],[-148.84116791486696,68.86859513814697],[-148.84084685959112,68.86832759208377],[-148.8403786539805,68.86806450512161],[-148.83990598926883,68.86780141815946],[-148.83943778365824,68.86753387209626],[-148.8388179686118,68.86727524423516],[-148.83820261266646,68.867012157273],[-148.83758279762,68.86674907031085],[-148.83696744167463,68.86653949256133],[-148.8363565448303,68.86632991481183],[-148.83559403855017,68.86612479616336],[-148.83482707316895,68.86591521841385],[-148.83421617632465,68.8657100997654],[-148.8335963612782,68.86544701280324],[-148.83297654623178,68.8651839258411],[-148.8323611902864,68.86492083887893],[-148.83174137523997,68.86465775191678],[-148.83097440985878,68.86439912405568],[-148.8302074444776,68.86413603709353],[-148.8294404790964,68.86387740923243],[-148.82867797281625,68.86366783148291],[-148.8279199256372,68.8635162220471],[-148.82715741935704,68.86336015351023],[-148.82639937217795,68.86320854407441],[-148.82564132499886,68.86305693463859],[-148.82503042815458,68.86284735688908],[-148.82455776344287,68.86258426992693],[-148.82408955783228,68.86231672386373],[-148.82376850255642,68.86205363690156],[-148.82345190638165,68.86178609083836],[-148.8231308511058,68.86152300387621],[-148.82266264549517,68.861255457813],[-148.8223415902193,68.86099237085085],[-148.82202053494348,68.86072482478764],[-148.82185108910343,68.86045727872444],[-148.82182879359817,68.86018973266123],[-148.82210525786348,68.85991772749696],[-148.82252887246355,68.85964126323167],[-148.82295248706365,68.85936925806739],[-148.8233761016637,68.85909725290314],[-148.82380417536484,68.85882078863781],[-148.82408063963015,68.85854878347357],[-148.82420549445965,68.85828123741035],[-148.82433034928914,68.85800923224609],[-148.82460681355445,68.85773722708183],[-148.824736127485,68.85746522191758],[-148.8248609823145,68.85719767585437],[-148.82499029624506,68.8569256706901],[-148.8249680007398,68.8566581246269],[-148.82479409579872,68.85639057856369],[-148.82447749962392,68.85612303250049],[-148.82400483491224,68.85585994553833],[-148.82338947896687,68.85559685857618],[-148.82306842369104,68.85532931251298],[-148.82274736841518,68.85506622555081],[-148.82242631313935,68.85479867948762],[-148.82210971696455,68.85453559252547],[-148.8217886616887,68.85426804646225],[-148.82116884664225,68.8540049595001],[-148.8205534906969,68.85374187253795],[-148.82023243542105,68.85347878557579],[-148.8199113801452,68.85321123951259],[-148.8195947839704,68.85294369344938],[-148.81927372869455,68.85268060648723],[-148.81880552308394,68.85241751952508],[-148.81803855770275,68.85215443256291],[-148.81756589299107,68.85189134560076],[-148.81709768738045,68.85162825863861],[-148.81692824154044,68.8513607125754],[-148.8167587957004,68.8510931665122],[-148.81658489075932,68.85082562044899],[-148.81626829458452,68.85055807438579],[-148.81594723930868,68.85029498742364],[-148.81547903369807,68.85002744136042],[-148.81501082808745,68.84976435439827],[-148.8146897728116,68.84950126743612],[-148.81422156720103,68.84923372137291],[-148.8140476622599,68.8489661753097],[-148.81373106608513,68.84870308834756],[-148.81370877057984,68.84843108318329],[-148.81353486563876,68.84816799622114],[-148.8135125701335,68.84789599105687],[-148.8131959739587,68.84763290409472],[-148.81317367845344,68.84736089893046],[-148.81315138294818,68.84709335286726],[-148.81327623777767,68.846821347703],[-148.8134055517082,68.84655380163979],[-148.81382916630832,68.84627733737447],[-148.8141056305736,68.84600533221021],[-148.8142304854031,68.84573778614701],[-148.81420818989784,68.84546578098275],[-148.8140387440578,68.84519823491955],[-148.81371768878196,68.84493514795739],[-148.81324948317135,68.84467206099524],[-148.81278127756073,68.84440451493202],[-148.81246022228487,68.84414142796987]]},"id":"001200000000000011d8","properties":{"dist_out":195192.91333331933,"edit_flag":"NaN","facc":4948.35169486642,"grod_id":0,"hfalls_id":0,"lakeflag":0,"max_width":445.0,"n_chan_max":5,"n_chan_mod":1,"n_nodes":81,"n_rch_dn":1,"n_rch_up":1,"obstr_type":0,"rch_id_dn":"81390400111","rch_id_up":"81390400131","reach_id":81390400121,"reach_len":16143.429962665527,"river_name":"Sagavanirktok River","slope":2.837094907104702,"swot_obs":6,"swot_orbit":"52 265 293 330 358 571","trib_flag":0,"type":1,"width":105.0,"width_var":3251.9950069730203,"wse":393.0,"wse_var":182.30568353666004,"x":-148.83392875565931,"y":68.90055752045873}},{"type":"Feature","geometry":{"type":"LineString","coordinates":[[-147.97958932752226,70.2124210453208],[-147.97958040932016,70.2121534992576],[-147.979567032017,70.21188595319438],[-147.9797097232507,70.21161394803012],[-147.97985687358548,70.21134640196692],[-147.98000402392023,70.21107439680266],[-147.98015117425498,70.21080685073944],[-147.9802938654887,70.2105348455752],[-147.9802849472866,70.21026729951198],[-147.9804276385203,70.20999529434772],[-147.98057478885508,70.20972774828452],[-147.98087800772672,70.20945574312026],[-147.9811856856994,70.209183737956],[-147.98164943220894,70.20891619189278],[-147.98195265108058,70.20864418672853],[-147.98241639759016,70.20837218156427],[-147.98271961646176,70.20810017640001],[-147.98318336297135,70.20782817123575],[-147.98348658184298,70.20756062517255],[-147.98379425981565,70.20728862000828],[-147.9840974786873,70.20701661484402],[-147.98440069755893,70.20674906878081],[-147.98470837553162,70.20647706361656],[-147.98501159440326,70.2062050584523],[-147.9854753409128,70.20593305328804],[-147.98593908742237,70.20566104812377],[-147.98640283393192,70.20538904295951],[-147.98686658044147,70.20511703779525],[-147.9874863954879,70.204845032631],[-147.98795014199746,70.20457302746674],[-147.98841388850704,70.20430548140352],[-147.9888776350166,70.20403347623926],[-147.98918085388823,70.20376147107501],[-147.98932800422298,70.20348946591075],[-147.98947515455774,70.20322191984755],[-147.98946177725458,70.20295437378435],[-147.98944839995144,70.20268236862007],[-147.98943502264828,70.20241482255686],[-147.98942164534512,70.20214727649366],[-147.98940826804196,70.2018752713294],[-147.9895554183767,70.20160772526619],[-147.98970256871146,70.20133572010194],[-147.9900057875831,70.20106817403872],[-147.99046953409265,70.20079616887446],[-147.99109380824018,70.20057767292285],[-147.99171808238762,70.20035917697123],[-147.99249842507197,70.20013622191856],[-147.9932832268574,70.19991772596694],[-147.9940680286428,70.19969923001531],[-147.99484837132715,70.19942722485105],[-147.9956287140115,70.19915076058574],[-147.99640905669585,70.19887875542149],[-147.9971893993802,70.19860675025723],[-147.99796974206456,70.19833028599191],[-147.9987500847489,70.19805828082765],[-147.99953042743329,70.19778627566339],[-148.00031077011764,70.19756332061071],[-148.00109557190302,70.1973448246591],[-148.00187591458737,70.19712632870748],[-148.0026607163728,70.19690783275585],[-148.00328499052026,70.19668933680424],[-148.0039048055667,70.19641733163998],[-148.0045290797142,70.19614086737467],[-148.00514889476062,70.1958688622104],[-148.00576870980703,70.19559685704614],[-148.00654905249138,70.19532485188189],[-148.00732939517576,70.19505284671763],[-148.0081097378601,70.19477638245232],[-148.00889008054446,70.19450437728806],[-148.00951435469193,70.19423237212379],[-148.01013416973836,70.19396036695953],[-148.0107539847848,70.19368836179527],[-148.01137825893227,70.19341189752996],[-148.0119980739787,70.19313989236569],[-148.01277841666305,70.19286788720144],[-148.0135587593474,70.19259588203718],[-148.01433910203176,70.19231941777187],[-148.0151194447161,70.19210092182024],[-148.01590424650152,70.19193593508126],[-148.01669350738797,70.19182445755493],[-148.01748276827445,70.19176648924123],[-148.0182720291609,70.19170852092755],[-148.0190657491484,70.19165055261385],[-148.01985055093382,70.19153461598646],[-148.02063981182027,70.19142313846014],[-148.02142907270675,70.19131166093379],[-148.02221387449214,70.19120018340745],[-148.02300313537862,70.19108870588111],[-148.02379239626507,70.19097722835478],[-148.02457719805048,70.19086575082844],[-148.02536645893693,70.19074981420106],[-148.0261557198234,70.19063833667472],[-148.0269405216088,70.19052685914838],[-148.02772978249527,70.19041538162205],[-148.02851904338172,70.1903039040957],[-148.02930384516714,70.19019242656937],[-148.03009310605358,70.19008094904304],[-148.03088236694003,70.18996501241564],[-148.0316716278265,70.18990704410194],[-148.03245642961193,70.18979556657561],[-148.03324569049838,70.18968408904928],[-148.03403495138483,70.18962612073558],[-148.0348242122713,70.18951464320925],[-148.03561347315775,70.1894031656829],[-148.0364027340442,70.18934519736922],[-148.03719199493068,70.18928276995447],[-148.03798125581713,70.18917129242813],[-148.03877051670358,70.18911332411443],[-148.03955977759006,70.18905535580075],[-148.0403490384765,70.1889438782744],[-148.04113384026192,70.18883240074807],[-148.04192756024943,70.18877443243437],[-148.04271236203485,70.18866295490804],[-148.0435016229213,70.18854701828064],[-148.0442864247067,70.18843554075431],[-148.04507568559316,70.18832406322798],[-148.04586494647964,70.18821258570165],[-148.04664974826503,70.1881011081753],[-148.0474390091515,70.18798963064897],[-148.04822827003795,70.18792720323422],[-148.0490175309244,70.18786923492053],[-148.04980679181088,70.1877577573942],[-148.0506005117984,70.18780680750578],[-148.05138085448274,70.18753480234152],[-148.05217457447026,70.18753034324047]]},"id":"0012000000000000125e","properties":{"dist_out":82425.00167741204,"edit_flag":"NaN","facc":12928.701629638672,"grod_id":0,"hfalls_id":0,"lakeflag":0,"max_width":2064.0,"n_chan_max":5,"n_chan_mod":3,"n_nodes":21,"n_rch_dn":1,"n_rch_up":2,"obstr_type":0,"rch_id_dn":"81390500106","rch_id_up":"81390500091 81390500021","reach_id":81390500011,"reach_len":4183.216785973653,"river_name":"Sagavanirktok River","slope":0.413865052639884,"swot_obs":4,"swot_orbit":"15  24 302 571","trib_flag":0,"type":1,"width":276.0,"width_var":7039.829598783792,"wse":3.200000047683716,"wse_var":0.319388601087645,"x":-148.008226691798,"y":70.19743709466596}},{"type":"Feature","geometry":{"type":"LineString","coordinates":[[-148.54309038674728,69.4200164926182],[-148.54322415977887,69.41974448745394],[-148.54335793281047,69.41947248228968],[-148.5436433152779,69.41920493622646],[-148.5440847662822,69.41892847196115],[-148.5446778267223,69.4186564667969],[-148.54526642806135,69.41838000253158],[-148.54585948850146,69.41810799736733],[-148.5464525489416,69.417831533102],[-148.5470456093817,69.41755952793775],[-148.54763866982182,69.41728306367244],[-148.54822727116084,69.41701105850818],[-148.5489764001378,69.41673459424287],[-148.54956500147688,69.41645812997756],[-148.550158061917,69.4161861248133],[-148.55059951292128,69.41590966054797],[-148.5510365048245,69.41563765538372],[-148.5514779558288,69.41541915943209],[-148.55207547536997,69.41520066348048],[-148.55267299491112,69.4149777084278],[-148.5534221238881,69.41475475337514],[-148.55401518432822,69.4145362574235],[-148.55460824476833,69.4142597931582],[-148.55504969577262,69.41398778799395],[-148.55533507824003,69.41371578282968],[-148.55546885127163,69.41344823676647],[-148.55575423373907,69.41317623160221],[-148.55603961620648,69.41290422643794],[-148.5563249986739,69.41263222127371],[-148.5573595101183,69.41213726105676],[-148.55795702965946,69.41191876510514],[-148.5593036781776,69.41152636421243],[-148.56005726625563,69.41136137747345],[-148.56081085433365,69.41119193163343],[-148.56155998331064,69.4110224857934],[-148.56231803048973,69.41091100826706],[-148.56307161856776,69.41074156242703],[-148.5638252066458,69.41062562579964],[-148.56458325382488,69.41050968917226],[-148.56534130100397,69.41039821164591],[-148.56609042998093,69.41022876580588],[-148.566844018059,69.41005931996585],[-148.567597606137,69.40989433322687],[-148.56834673511398,69.40967137817421],[-148.5690914049899,69.40944842312153],[-148.5698405339669,69.40922546806885],[-148.57058966294386,69.40900251301619],[-148.5713343328198,69.40873050785193],[-148.57208346179678,69.40850755279925],[-148.57283259077374,69.40828459774659],[-148.57358171975073,69.40811515190656],[-148.57433530782876,69.40795016516758],[-148.57509335500785,69.40783422854018],[-148.57584248398481,69.40766478270015],[-148.57659607206287,69.40749533686014],[-148.5773496601409,69.40733035012114],[-148.57809878911786,69.40716090428111],[-148.57885237719591,69.40699145844108],[-148.57960596527394,69.40682201260105],[-148.58035955335197,69.40671053507471],[-148.58111760053106,69.40659459844733],[-148.58187118860909,69.40647866181993],[-148.58263369488924,69.40642069350623],[-148.58339620116936,69.40641177530414],[-148.58415870744952,69.40640731620309],[-148.58492121372964,69.40634488878834],[-148.58567926090873,69.40628246137358],[-148.58644176718886,69.4062244930599],[-148.587204273469,69.40621557485778],[-148.58796677974914,69.40621111575673],[-148.58874266333245,69.40630921597992],[-148.58951854691574,69.40646528451677],[-148.59029443049906,69.40661689395259],[-148.59106585498128,69.40671945327682],[-148.59183727946353,69.40681755350002],[-148.59260424484472,69.40686660361159],[-148.5933712102259,69.40691119462213],[-148.59413817560713,69.40696024473371],[-148.59490960008935,69.40700483574425],[-148.59567656547057,69.40705388585583],[-148.59644353085176,69.40709847686638],[-148.59721495533398,69.4072010361906],[-148.5979819207152,69.40724562720114],[-148.59875334519742,69.40729467731273],[-148.59952031057864,69.40733926832326],[-148.60028727595983,69.40738831843484],[-148.60104978223995,69.40737940023273],[-148.60181674762114,69.40737494113168],[-148.6025792539013,69.40736602292958],[-148.60334176018142,69.40736156382852],[-148.6041042664616,69.40729913641377],[-148.60486231364067,69.40723670899902],[-148.60562036081973,69.40712523147269],[-148.60637394889778,69.4070092948453],[-148.60713199607684,69.4068933582179],[-148.6078855841549,69.40678188069157],[-148.608643631334,69.40666594406419],[-148.60939721941202,69.40655000743679],[-148.6101552665911,69.4064340708094],[-148.61090885466913,69.40632259328306],[-148.61166690184822,69.40620665665567],[-148.61242048992625,69.40603721081564],[-148.6131696189032,69.40586776497561],[-148.61392320698127,69.40570277823663],[-148.61467233595823,69.4055333323966],[-148.61542592403626,69.40536388655657],[-148.6161795121143,69.40524794992919],[-148.61693755929338,69.40513647240284],[-148.61769114737143,69.40496702656282],[-148.61844473544946,69.40485108993543],[-148.61920278262855,69.4047886625207],[-148.61996528890867,69.40473069420699],[-148.62072779518883,69.40472177600488],[-148.62149476057002,69.40477082611646],[-148.6222617259512,69.40476190791436],[-148.6230197731303,69.40469948049962],[-148.62377782030939,69.40464151218592],[-148.62453586748845,69.40452557555852],[-148.6252894555665,69.40440963893114],[-148.62604304364453,69.40424465219216],[-148.62679663172256,69.40412871556477],[-148.62755021980058,69.40395926972474],[-148.62830826697967,69.40384333309736],[-148.6290618550577,69.40373185557101],[-148.62981544313573,69.40361591894363],[-148.63056903121378,69.4034464731036],[-148.6313226192918,69.40327702726356],[-148.63206728916774,69.40305407221089],[-148.6328164181447,69.40283557625928],[-148.63356108802063,69.4026126212066],[-148.63431021699762,69.40238966615392],[-148.63505934597458,69.40216671110126],[-148.63580847495157,69.40199726526123],[-148.63655760392854,69.40177431020855],[-148.63730673290553,69.40155135515587],[-148.63789979334564,69.40133285920426],[-148.6390903733269,69.40089140819997],[-148.639683433767,69.40066845314729],[-148.6410256231841,69.40022700214301],[-148.64177921126213,69.40011106551562],[-148.64253279934016,69.39994161967559],[-148.6432863874182,69.39983014214926],[-148.64404443459728,69.39971420552186],[-148.64480248177637,69.39965177810713],[-148.6455560698544,69.39948233226708],[-148.64630519883139,69.3993173455281],[-148.64705432780835,69.39914789968807],[-148.64781237498744,69.39903196306068],[-148.64856150396443,69.39886251722065],[-148.64931955114352,69.39874658059325],[-148.65007313922155,69.39863510306692],[-148.65083118640064,69.39851916643954],[-148.65158477447866,69.39840322981216],[-148.65234282165775,69.3983408023974],[-148.65310532793788,69.3982828340837],[-148.65386337511697,69.39822040666895],[-148.65462142229606,69.39815797925421],[-148.65538392857619,69.39810001094051],[-148.65614197575528,69.39803758352576],[-148.65690002293437,69.39797515611102],[-148.65766698831555,69.39797069700997],[-148.6584294945957,69.39796177880785],[-148.65919200087583,69.39795286060574],[-148.659954507156,69.39794840150469],[-148.6607170134361,69.39788597408995],[-148.6614750606152,69.3978235466752],[-148.6622331077943,69.3977655783615],[-148.66299115497338,69.39764964173412],[-148.6637447430514,69.39753370510672],[-148.66449833112944,69.39741776847934],[-148.66525637830853,69.397306290953],[-148.6660055072855,69.39713684511297],[-148.66675909536355,69.39696739927294],[-148.6675082243405,69.39679795343291],[-148.66826181241854,69.39662850759288],[-148.66901094139553,69.3964635208539],[-148.66976452947355,69.3963475842265],[-148.6705270357537,69.39628515681176],[-148.67128062383173,69.39616922018438],[-148.67188260247394,69.39605774265803],[-148.67248012201512,69.395888296818],[-148.67308210065733,69.39572331007902],[-148.67367516109744,69.39550035502637],[-148.67426822153755,69.39528185907473],[-148.67501289141347,69.39505890402206],[-148.67576202039044,69.39483594896939],[-148.67650223116533,69.39455948470408],[-148.67724690104123,69.39428302043876],[-148.67799157091716,69.39406006538609],[-148.67933376033426,69.3936186143818],[-148.67992682077437,69.39339565932913],[-148.68052434031551,69.39323067259015],[-148.6811218598567,69.39300771753747],[-148.68246404927376,69.39261977574583],[-148.68321763735182,69.3924503299058],[-148.68396230722774,69.39222737485312],[-148.6847114362047,69.39200441980046],[-148.68545610608064,69.39178146474778],[-148.6861963168555,69.39150500048247],[-148.6869454458325,69.39128204542979],[-148.68769011570842,69.39105909037713],[-148.68844370378648,69.39088964453708],[-148.6891928327634,69.39072019869705],[-148.68994642084147,69.39060872117072],[-148.69070446802053,69.39049278454333],[-148.69145805609858,69.39037684791595],[-148.69220718507555,69.39020740207592],[-148.69296077315357,69.39003795623589],[-148.6937054430295,69.38981946028426],[-148.69429404436858,69.38954299601895],[-148.69488264570762,69.38926653175363],[-148.69547570614773,69.38899452658937],[-148.69591269805096,69.38871806232407],[-148.69634523085315,69.3884460571598],[-148.69663061332056,69.38817405199553],[-148.69720583735648,69.38768355087966],[-148.69748676072282,69.3874115457154],[-148.69778106139236,69.38724655897643],[-148.69822251239665,69.3870280630248],[-148.69910095530417,69.38653310280787],[-148.6995379472074,69.38626109764361],[-148.7002870761844,69.38609165180358],[-148.70163372470253,69.38575721922457],[-148.7022312442437,69.38558777338454],[-148.70342182422496,69.3851998315929],[-148.70402380286717,69.38508835406655],[-148.70478630914732,69.3850259266518],[-148.7055443563264,69.38496349923706],[-148.7063024035055,69.38490553092336],[-148.7070604506846,69.38484310350862],[-148.70781403876265,69.38467365766859],[-148.70855870863855,69.38445070261591],[-148.70915176907866,69.38422774756324],[-148.70974482951874,69.38400925161162],[-148.71033343085782,69.3837327873463],[-148.71077042276104,69.38346078218206],[-148.71105580522848,69.38318877701779],[-148.7114927971317,69.38291677185354],[-148.71192532993388,69.38264030758822],[-148.71236232183713,69.38236830242396],[-148.71295092317618,69.38209183815864],[-148.7135439836163,69.38181983299438],[-148.71413258495534,69.38154336872907],[-148.7145695768586,69.3812713635648],[-148.71485050022494,69.38099935840054],[-148.71513588269238,69.38072735323628],[-148.7155728745956,69.38045088897097],[-148.71585379796198,69.3801788838067],[-148.7162907898652,69.37990687864246],[-148.71687939120426,69.37963041437713],[-148.71731638310752,69.3793584092129],[-148.71775337501074,69.37908640404862],[-148.71819036691397,69.37880993978331],[-148.71847129028035,69.37853793461905],[-148.71860506331194,69.37827038855583],[-148.71858276780668,69.37799838339157],[-148.71856047230142,69.37773083732837],[-148.71838656736034,69.37746329126516],[-148.71836427185508,69.37719574520196],[-148.71819036691397,69.37692819913875],[-148.71817253050978,69.37666065307555],[-148.7179986255687,69.37639310701233],[-148.7179763300634,69.37612110184807],[-148.71780242512233,69.37585355578487],[-148.71778012961707,69.37558600972166],[-148.7177578341118,69.37531846365846],[-148.71773553860652,69.3750464584942],[-148.71786931163814,69.37477891243098],[-148.7179986255687,69.37450690726673],[-148.7181323986003,69.37423936120352],[-148.71826171253085,69.37396735603926],[-148.71839102646138,69.373695350875],[-148.71837319005718,69.3734278048118],[-148.71835089455192,69.37316025874858],[-148.71832859904663,69.37288825358434],[-148.7184579129772,69.37262070752112],[-148.71859168600878,69.37234870235686],[-148.71872099993934,69.3720766971926],[-148.71869870443408,69.3718091511294],[-148.71883247746567,69.37153714596514],[-148.7188101819604,69.37126959990192],[-148.71878788645515,69.37100205383872],[-148.7187655909499,69.37073004867447],[-148.71889936398148,69.37046250261128],[-148.7187254590404,69.37019495654805],[-148.71870316353514,69.36992741048483],[-148.71868086802985,69.36965540532059],[-148.7186585725246,69.36938785925737],[-148.7187923455562,69.36911585409311],[-148.71907326892256,69.36884384892885],[-148.71905543251836,69.36857630286565],[-148.7191847464489,69.36830429770139],[-148.71947012891633,69.36803229253712],[-148.71944783341107,69.36776474647392],[-148.7195771473416,69.36749274130966],[-148.71986252980903,69.3672207361454],[-148.7201434531754,69.36694873098114],[-148.720277226207,69.36668118491794],[-148.72071421811023,69.36640472065262]]},"id":"001200000000000012c1","properties":{"dist_out":125300.57732278538,"edit_flag":"NaN","facc":6308.837301670698,"grod_id":0,"hfalls_id":0,"lakeflag":0,"max_width":1187.0,"n_chan_max":5,"n_chan_mod":1,"n_nodes":51,"n_rch_dn":1,"n_rch_up":2,"obstr_type":0,"rch_id_dn":"81390400051","rch_id_up":"81390400161 81390400071","reach_id":81390400061,"reach_len":10191.914566246507,"river_name":"Sagavanirktok River","slope":2.381312336261674,"swot_obs":7,"swot_orbit":"24  52 265 293 302 330 571","trib_flag":0,"type":1,"width":105.0,"width_var":4088.422964699891,"wse":195.25,"wse_var":51.00276066967479,"x":-148.6450668648209,"y":69.3964185620541}},{"type":"Feature","geometry":{"type":"LineString","coordinates":[[-148.05138085448274,70.18753480234152],[-148.05217457447026,70.18753034324047],[-148.0529549171546,70.18725387897516],[-148.05294153985145,70.18698633291194],[-148.05340082725994,70.18671432774768],[-148.05370404613157,70.18644232258342],[-148.05416779264115,70.18617477652022],[-148.05478760768756,70.1858983122549],[-148.055407422734,70.18562630709066],[-148.05602723778043,70.18535430192638],[-148.05680758046478,70.18508229676212],[-148.05758792314913,70.1848058324968],[-148.05836380673244,70.18453382733254],[-148.0591441494168,70.18426182216828],[-148.05992895120218,70.18403886711562],[-148.06070929388656,70.18382037116399],[-148.0614896365709,70.18360187521237],[-148.0622744383563,70.18343242937235],[-148.06306369924278,70.18332095184601],[-148.06384850102816,70.18315596510703],[-148.06463330281358,70.1830444875807],[-148.06542256370003,70.182986519267],[-148.0662118245865,70.18287504174067],[-148.06699662637192,70.18275910511328],[-148.06778588725837,70.18270113679958],[-148.06857514814482,70.18258965927323],[-148.0693644090313,70.1824781817469],[-148.07015366991774,70.18242021343322],[-148.0709429308042,70.1823622451195],[-148.0717277325896,70.18224630849213],[-148.07252145257712,70.18218834017843],[-148.07331071346363,70.18213037186474],[-148.07409551524898,70.1820188943384],[-148.07488477613546,70.18190741681207],[-148.07566957792085,70.18179593928573],[-148.07645437970626,70.1816264934457],[-148.0772347223906,70.18140799749408],[-148.07801952417603,70.18118950154246],[-148.07863933922246,70.1809174963782],[-148.0792591542689,70.18064103211289],[-148.0798789693153,70.18036902694863],[-148.08049878436174,70.18009702178438],[-148.08111859940817,70.17982501662013],[-148.08189448299146,70.17954855235479],[-148.08267928477687,70.17933005640317],[-148.08345962746122,70.17911156045156],[-148.08424442924664,70.17894657371258],[-148.08502923103205,70.17877712787255],[-148.08581403281744,70.17866565034622],[-148.08660329370392,70.17855417281987],[-148.08739255459037,70.17849620450617],[-148.08817735637578,70.17838472697984],[-148.08896661726223,70.1783222995651],[-148.08975587814868,70.1782643312514],[-148.09054513903516,70.1782063629377],[-148.0913343999216,70.17809488541137],[-148.09212366080808,70.17803691709767],[-148.09291292169453,70.17792543957134],[-148.09369772347995,70.17780950294394],[-148.09448252526533,70.17764451620498],[-148.09510679941283,70.177479529466],[-148.0957310735603,70.17726103351438],[-148.09619482006988,70.17704253756276],[-148.09665410747837,70.17677053239849],[-148.09711785398792,70.17649852723424],[-148.09757714139644,70.17622652206998],[-148.09803642880493,70.17595451690572],[-148.09865624385137,70.17568251174146],[-148.09911999036092,70.1754105065772],[-148.09957927776944,70.17513850141295],[-148.1001990928159,70.17486649624868],[-148.10066283932542,70.17459449108442],[-148.10112212673394,70.17432248592016],[-148.1015858732435,70.1740504807559],[-148.10204516065198,70.17377847559163],[-148.10250444806053,70.17350647042738],[-148.10312426310693,70.17323446526312],[-148.10374407815334,70.17296246009886],[-148.10436389319977,70.17268599583355],[-148.10482763970933,70.17241399066928],[-148.10528692711785,70.17214198550502],[-148.10559014598948,70.17187443944181],[-148.1057328372232,70.17160243427756],[-148.10603605609484,70.1713304291133],[-148.10633927496647,70.17106288305008],[-148.10664249383808,70.17079087788582],[-148.10694125360868,70.17051887272157],[-148.10740500011823,70.17024686755731],[-148.1077082189899,70.16997486239305],[-148.10816750639836,70.16970285722878],[-148.10862679380688,70.16943085206452],[-148.10909054031643,70.16915884690027],[-148.10939375918807,70.16889130083707],[-148.10969251895864,70.1686192956728],[-148.10999573783027,70.16834729050854],[-148.11014288816506,70.16807974444534],[-148.11044164793563,70.16780773928107],[-148.11074486680727,70.16753573411681],[-148.11120415421576,70.16726372895255],[-148.11166790072534,70.16699172378829],[-148.11228771577174,70.16671971862404],[-148.11290753081818,70.16644771345977],[-148.11368787350253,70.1662247584071],[-148.11446821618688,70.16600626245548],[-148.11524855887123,70.1658412757165],[-148.1160378197577,70.16572979819017],[-148.11682262154312,70.16561386156279],[-148.1176074233285,70.16550238403644],[-148.11839668421499,70.16544441572275],[-148.11918594510144,70.16533293819641],[-148.11997074688685,70.16521700156902],[-148.12075554867224,70.16510552404269],[-148.12154035045765,70.1649405373037],[-148.122320693142,70.16471758225103],[-148.12294050818844,70.16449908629941],[-148.12356032323487,70.16422708113515],[-148.12418013828133,70.16395507597089],[-148.1246394256898,70.16368307080666],[-148.12510317219935,70.16341106564238],[-148.12556245960786,70.16313906047812],[-148.12602174701638,70.16286705531385],[-148.12632496588802,70.16259505014959],[-148.1267842532965,70.16232304498533],[-148.12724354070502,70.16205103982108],[-148.12770728721458,70.16177903465682],[-148.1280105060862,70.1615114885936],[-148.1284697934947,70.16123948342934],[-148.12892908090322,70.16096747826509],[-148.1293928274128,70.16074898231346],[-148.1300126424592,70.1605260272608],[-148.13079298514356,70.16030753130917],[-148.1315733278279,70.16008903535756],[-148.13235367051226,70.15986608030488],[-148.1331340131966,70.15964758435327],[-148.13391435588096,70.15942908840165],[-148.13469915766638,70.15925964256162],[-148.13547950035073,70.15909465582264],[-148.13626876123718,70.1589831782963],[-148.13704910392153,70.15881373245628],[-148.13783390570694,70.1586487457173],[-148.1386142483913,70.15848375897832],[-148.1393990501767,70.15831431313829],[-148.14017939286106,70.15809581718666],[-148.1409597355454,70.15787732123505],[-148.14157955059187,70.15765882528343],[-148.14219936563828,70.15738236101812],[-148.14281472158365,70.15711035585386],[-148.1432784680932,70.1568383506896],[-148.14373775550172,70.15656634552533],[-148.1441970429102,70.15629434036107],[-148.14465633031872,70.15602233519681],[-148.14495954919036,70.15575033003256],[-148.14541883659885,70.1554783248683],[-148.1457220554705,70.15521077880508],[-148.146181342879,70.15493877364082],[-148.1463240341127,70.15466676847657],[-148.14646672534641,70.15439476331233],[-148.14645334804325,70.1541272172491],[-148.14627944310217,70.1538596711859],[-148.1459494696242,70.15359212512269],[-148.14577556468313,70.15332457905949],[-148.14560165974206,70.15305703299627],[-148.1452716862641,70.15278948693306],[-148.14525384985987,70.15252194086986],[-148.14508440401985,70.15225439480665],[-148.14491049907878,70.15198684874345],[-148.14473659413767,70.15171930268023],[-148.1447232168345,70.15144729751597],[-148.1443887842555,70.15117975145277],[-148.14421487931443,70.15091220538956],[-148.1438849058365,70.15064465932636],[-148.1437110008954,70.15037711326315],[-148.14353709595431,70.15010956719995],[-148.1436842462891,70.14984202113673],[-148.1438269375228,70.14957001597247],[-148.14428622493128,70.14929801080822],[-148.14458944380291,70.14902600564396],[-148.14504873121143,70.1487540004797],[-148.145347490982,70.14848645441649],[-148.14565070985364,70.14821444925224],[-148.14641767523483,70.147777457349],[-148.14688588084545,70.14761247061003],[-148.1481344291404,70.14728249713205],[-148.14875870328788,70.14711751039309],[-148.1492179906964,70.14684550522882],[-148.14951675046697,70.14657350006456],[-148.1498199693386,70.14630595400135],[-148.15027925674713,70.1460339488371],[-148.15058247561876,70.14576194367284],[-148.15104176302725,70.14548993850858],[-148.15134052279782,70.14521793334431],[-148.15164374166946,70.14494592818005],[-148.1519469605411,70.1446739230158],[-148.1524062479496,70.14440191785154],[-148.1527050077202,70.14413437178833],[-148.15332482276662,70.14385790752301],[-148.15394463781305,70.14358590235875],[-148.15455999375845,70.14331389719449],[-148.15517980880486,70.14309540124287],[-148.15596461059025,70.14292595540284],[-148.1567449532746,70.14276096866386],[-148.15753421416107,70.14270300035017],[-148.15832347504752,70.14264503203648],[-148.159112735934,70.14264057293542],[-148.15990199682045,70.14257814552067],[-148.16069125770693,70.14257368641962],[-148.16147605949234,70.14246220889329],[-148.16226532037876,70.14235073136695],[-148.16304566306312,70.14218128552692],[-148.16383046484853,70.14206980800058],[-148.16461080753288,70.1419048212616],[-148.1653956093183,70.14178888463421],[-148.16618487020475,70.14173091632053],[-148.16696967199016,70.14161943879418],[-148.1677589328766,70.14156147048048],[-148.1685481937631,70.14149904306574],[-148.1693329955485,70.14144107475205],[-148.17012225643495,70.14138310643835],[-148.1709115173214,70.14132513812466],[-148.17170077820788,70.14126716981096],[-148.1724855799933,70.14120474239621],[-148.17327484087974,70.14114677408251],[-148.17406410176622,70.14108880576883],[-148.17485336265264,70.14103083745513],[-148.17563370533705,70.1408613916151],[-148.17641404802137,70.14069640487612],[-148.17687779453092,70.1404779089245],[-148.1773370819394,70.14020590376025],[-148.17779636934793,70.13993389859598],[-148.17825565675642,70.13966189343172],[-148.17871494416494,70.13938988826746],[-148.17949082774823,70.13911342400215],[-148.1802711704326,70.13889492805053],[-148.18167132816336,70.13845347704624],[-148.1822911432098,70.13823498109461],[-148.1835263142016,70.13774447997874],[-148.18414612924803,70.13747247481447],[-148.1847614851934,70.13719601054916],[-148.18538130023984,70.13692400538491],[-148.18584058764836,70.13665200022065],[-148.18629987505685,70.13637999505639],[-148.18659863482742,70.13610798989212],[-148.18690185369906,70.13583598472786],[-148.18720061346966,70.13556843866466],[-148.1875038323413,70.1352964335004],[-148.18780259211186,70.13502442833614],[-148.1881058109835,70.13475242317188],[-148.18840457075407,70.13448041800761],[-148.1885472619878,70.13421287194441],[-148.18868995322148,70.13394086678015],[-148.1888326444552,70.13367332071694],[-148.18897533568892,70.13340131555269],[-148.1891180269226,70.13313376948948],[-148.18926071815633,70.13286176432521],[-148.18940340939005,70.13259421826201],[-148.18954610062377,70.13232221309777],[-148.18968879185746,70.13205466703454],[-148.18983148309118,70.13178266187029],[-148.1899741743249,70.13151065670603],[-148.19027739319654,70.13124311064281],[-148.1905761529671,70.13097110547855],[-148.1910354403756,70.13069910031429],[-148.19165079632097,70.13042709515004],[-148.1924266799043,70.13015063088473],[-148.19304649495072,70.12987862572047],[-148.1936618508961,70.1296066205562],[-148.19427720684146,70.12933015629089],[-148.19473649424998,70.12905815112663],[-148.19519578165847,70.12878614596237],[-148.1958155967049,70.1285141407981],[-148.19627042501236,70.12824213563385],[-148.19672971242085,70.12797013046959],[-148.19734952746728,70.12769812530533],[-148.19796488341265,70.12742166104002],[-148.19858023935805,70.12714965587575],[-148.1993605820424,70.12693115992414],[-148.2001364656257,70.12670820487146],[-148.20091680831004,70.12648970891985],[-148.2016971509944,70.1263202630798],[-148.20247749367874,70.12615527634084],[-148.20325783636312,70.12593678038922],[-148.20403817904744,70.12576733454918],[-148.20482298083286,70.12565585702285],[-148.2056033235172,70.12549087028387],[-148.2062275976647,70.12532142444384],[-148.20684741271114,70.12515643770486],[-148.2073111592207,70.12493794175325],[-148.20760991899127,70.12466593658898],[-148.2079131378629,70.12439839052577],[-148.20821189763348,70.12412638536152],[-148.2083545888672,70.12385438019726],[-148.20865780773883,70.12358683413404],[-148.2089565675094,70.12331482896978],[-148.20909925874312,70.12304282380553],[-148.20924194997684,70.12277527774232],[-148.20938464121053,70.12250327257806],[-148.20936680480634,70.12223572651486],[-148.20935342750317,70.12196372135061],[-148.20949611873687,70.12169617528738],[-148.2096388099706,70.12142417012313],[-148.20977704210324,70.12115662405992],[-148.20991973333696,70.12088461889566],[-148.21006242457065,70.12061707283246],[-148.2100490472675,70.1203450676682],[-148.2100312108633,70.12007752160498],[-148.21001783356013,70.11980997554178],[-148.2099999971559,70.11953797037752],[-148.20998661985274,70.11927042431431],[-148.20996878344855,70.11900287825111],[-148.20995540614538,70.11873087308685],[-148.2097815012043,70.11846332702363],[-148.20960759626323,70.11819578096043],[-148.20943369132212,70.11792823489724],[-148.20925978638104,70.11766068883402],[-148.20892535380204,70.11739314277081],[-148.20875144886094,70.11712559670762],[-148.20858200302092,70.1168580506444],[-148.20840809807984,70.1165905045812],[-148.20823419313874,70.11632295851798],[-148.20806028819766,70.11605541245478],[-148.20788638325658,70.11578786639159],[-148.20786854685238,70.11552032032839],[-148.20785516954922,70.11524831516411],[-148.207837333145,70.1149807691009],[-148.2079800243787,70.11470876393663],[-148.2082787841493,70.11444121787343],[-148.20858200302092,70.11416921270917],[-148.2090412904294,70.11389720754491],[-148.20966110547585,70.1136787115933],[-148.21043698905916,70.11345575654062],[-148.21121287264245,70.113237260589],[-148.2119932153268,70.11301430553632],[-148.21261303037323,70.11279580958471],[-148.2130678586807,70.11252380442045],[-148.21352714608918,70.11225179925619],[-148.2139864334977,70.11197979409192],[-148.21428519326827,70.11170778892767],[-148.2145884121399,70.11143578376343],[-148.2148871719105,70.11116377859915],[-148.2150298631442,70.11089623253594],[-148.21501202674,70.11062868647274],[-148.21499864943684,70.11035668130847],[-148.21482474449573,70.11008913524527],[-148.21480690809153,70.10982158918206],[-148.21494959932525,70.1095495840178],[-148.21524835909582,70.1092820379546],[-148.2157076465043,70.10901003279034],[-148.21648353008763,70.10878707773766],[-148.21772316018047,70.10835008583443]]},"id":"00120000000000000be3","properties":{"dist_out":94207.47306228738,"edit_flag":"NaN","facc":12676.767578125,"grod_id":0,"hfalls_id":0,"lakeflag":0,"max_width":2064.0,"n_chan_max":6,"n_chan_mod":2,"n_nodes":59,"n_rch_dn":1,"n_rch_up":1,"obstr_type":0,"rch_id_dn":"81390500011","rch_id_up":"81390500031","reach_id":81390500021,"reach_len":11782.471384875333,"river_name":"Sagavanirktok River","slope":1.051494162436557,"swot_obs":3,"swot_orbit":"15  24 571","trib_flag":0,"type":1,"width":136.0,"width_var":5291.940828402367,"wse":9.90000057220459,"wse_var":13.421854837212477,"x":-148.14741423041175,"y":70.14991908136989}},{"type":"Feature","geometry":{"type":"LineString","coordinates":[[-148.05138085448274,70.18753480234152],[-148.05217457447026,70.18753034324047],[-148.05298167176093,70.18779343020262],[-148.05377985084948,70.18794949873948],[-148.05458694814016,70.188159076489],[-148.0553895863298,70.18837311333957],[-148.0561922245194,70.18858269108908],[-148.05699932181008,70.18884577805123],[-148.05780641910076,70.18910886501338],[-148.05861351639143,70.1893764110766],[-148.05941615458104,70.1895859888261],[-148.06021879277066,70.18974205736298],[-148.06101697185923,70.1898446166872],[-148.0618151509478,70.1898936667988],[-148.06260887093532,70.18988920769773],[-148.06339813182177,70.18988474859668],[-148.06419185180928,70.18988028949563],[-148.0649855717968,70.18987583039457],[-148.0657792917843,70.18987137129352],[-148.06657301177182,70.18986691219247],[-148.06736673175934,70.18986245309142],[-148.06816045174685,70.189911503203],[-148.06895863083543,70.18996055331459],[-148.06975235082294,70.19000960342618],[-148.07054607081045,70.19005865353776],[-148.07134424989903,70.19010770364936],[-148.07213796988654,70.19015675376095],[-148.07293168987405,70.1901522946599],[-148.07372540986157,70.19014783555883],[-148.07451912984908,70.19014337645778],[-148.0753128498366,70.19013891735673],[-148.07609765162198,70.19002298072934],[-148.0768913716095,70.18996501241564],[-148.07768063249597,70.18996055331459],[-148.07847435248348,70.18995609421354],[-148.079268072471,70.18995163511248],[-148.0800617924585,70.18994717601143],[-148.08085551244602,70.18994271691038],[-148.08164477333247,70.18988474859668],[-148.08243403421895,70.18982678028298],[-148.0832232951054,70.18976435286824],[-148.0840170150929,70.18975989376719],[-148.08480627597936,70.18970192545349],[-148.08559553686584,70.18959044792716],[-148.0863847977523,70.18953247961346],[-148.0871785177398,70.18952802051241],[-148.08797669682838,70.189577070624],[-148.08877487591693,70.18973313916086],[-148.0895819732076,70.18999622612301],[-148.09038907049828,70.19025931308518],[-148.09119616778895,70.19052685914838],[-148.09200326507963,70.19078994611053],[-148.0928103623703,70.19099952386004],[-148.0936130005599,70.19115559239691],[-148.0944111796485,70.19131166093379],[-148.0952138178381,70.19146772947066],[-148.09601199692668,70.19157028879488],[-148.09681017601525,70.19167284811911],[-148.0976083551038,70.19177540744334],[-148.09840653419238,70.19182445755493],[-148.09919579507883,70.19176648924123],[-148.09998951506634,70.19176203014018],[-148.10078323505385,70.19175757103913],[-148.10157695504137,70.19180662115072],[-148.102379593231,70.19190918047495],[-148.10318223142062,70.19211875822445],[-148.10398486961023,70.19227482676133],[-148.10478750779987,70.1924888636119],[-148.10559460509054,70.1926984413614],[-148.1063927841791,70.19285450989828],[-148.10719542236873,70.19301057843515],[-148.1080025196594,70.19322015618467],[-148.10880515784902,70.19342973393417],[-148.10960779603863,70.19358580247105],[-148.11041043422824,70.19374187100792],[-148.11120861331685,70.19384443033215],[-148.1120067924054,70.19394698965637],[-148.11280497149394,70.19399603976795],[-148.11359869148146,70.1939915806669],[-148.11438795236793,70.19398712156585],[-148.11518167235545,70.1939826624648],[-148.1159709332419,70.19387118493846],[-148.1167557350273,70.19370619819948],[-148.11754053681273,70.19353675235946],[-148.11832533859814,70.19342527483312],[-148.11911014038355,70.19326028809414],[-148.11989940126998,70.1931488105678],[-148.1206842030554,70.19303287394041],[-148.1214734639419,70.19292139641408],[-148.12209773808934,70.19270290046246],[-148.12240095696097,70.19248440451084],[-148.1225436481947,70.19221685844764],[-148.12237420235465,70.19194931238442],[-148.12188370123877,70.19168176632122],[-148.12123267248498,70.19141422025801],[-148.12058164373116,70.19115113329586],[-148.11993507407843,70.19088804633371],[-148.1192840453246,70.1906205002705],[-148.11879354420873,70.19035741330835],[-148.11846357073077,70.19008986724513],[-148.1184501934276,70.18981786208089],[-148.11827628848653,70.18955031601767],[-148.11810238354545,70.18928276995447],[-148.11792847860437,70.18901522389126],[-148.1179151013012,70.18874767782805],[-148.11790172399805,70.1884756726638],[-148.11820048376862,70.18820812660059],[-148.11866423027817,70.18793612143634],[-148.1192840453246,70.18765965717101],[-148.11990386037107,70.18738765200675],[-148.12036314777956,70.18711564684249],[-148.1206663666512,70.18684810077929],[-148.1209695855228,70.18657609561502],[-148.12127280439444,70.18630409045076],[-148.12157602326607,70.1860320852865],[-148.1220353106746,70.18576008012225],[-148.12265512572102,70.18548807495799],[-148.12327494076746,70.18521606979374],[-148.12451902996136,70.18477907789048],[-148.1251477632099,70.18461409115152],[-148.12655683914278,70.1842796585725],[-148.12733718182713,70.18411467183353],[-148.12811752451148,70.18383820756821],[-148.12889786719583,70.18361971161659],[-148.13030248402768,70.1831782606123],[-148.13092229907411,70.18295976466068],[-148.13155103232265,70.1827947779217],[-148.13217084736908,70.18257628197009],[-148.13341493656299,70.18213929006684],[-148.13403921071045,70.18192079411523],[-148.13449849811897,70.18164878895097],[-148.13496224462853,70.1813767837867],[-148.1352610043991,70.18110477862244],[-148.13572475090868,70.18083277345819],[-148.13618403831717,70.18056076829393],[-148.1364872571888,70.18028876312967],[-148.13679047606044,70.1800167579654],[-148.13724976346896,70.17974475280114],[-148.13739245470265,70.17947720673794],[-148.1373790773995,70.17920966067473],[-148.13768229627112,70.17893765551047],[-148.13782498750484,70.17866565034622],[-148.13796767873856,70.178398104283],[-148.1382708976102,70.17812609911874],[-148.1387301850187,70.17785409395448],[-148.13919393152824,70.17758208879023],[-148.13965321893676,70.17731008362597],[-148.14011250634525,70.1770380784617],[-148.14057179375376,70.17676607329744],[-148.14103554026332,70.17649406813318],[-148.14149482767183,70.17622206296892],[-148.14211464271827,70.17595005780467],[-148.14273445776467,70.17573156185304],[-148.14352371865115,70.17561562522566],[-148.1443129795376,70.17555765691196],[-148.14510224042405,70.17549968859826],[-148.14589150131053,70.17544172028457],[-148.14652023455906,70.17533024275824],[-148.1471400496055,70.17511174680662],[-148.14760379611505,70.17483974164236],[-148.14790255588562,70.1745677364781],[-148.14804524711934,70.17429573131385],[-148.1481923974541,70.17402818525065],[-148.1481745610499,70.17375618008637],[-148.14816118374677,70.17348863402316],[-148.14830387498046,70.1732166288589],[-148.14844656621415,70.1729490827957],[-148.1485937165489,70.17267707763143],[-148.14873640778262,70.17240953156823],[-148.14887909901634,70.17213752640397],[-148.14902179025003,70.17186998034076],[-148.14916448148375,70.1715979751765],[-148.14930717271747,70.1713304291133],[-148.1496103915891,70.17105842394903],[-148.1497530828228,70.17078641878477],[-148.14990023315758,70.17051887272157],[-148.15004292439127,70.17024686755731],[-148.15034168416187,70.1699793214941],[-148.1506449030335,70.16970731632983],[-148.15126471807991,70.16943531116559],[-148.15188453312635,70.16915884690027],[-148.1526648758107,70.16894035094865],[-148.15344521849505,70.16871739589598],[-148.1542255611794,70.168552409157],[-148.15501482206588,70.16844093163066],[-148.15580408295233,70.16838296331697],[-148.1565933438388,70.16837850421591],[-148.15738706382632,70.16842309522644],[-148.15818078381383,70.1684186361254],[-148.1589700447003,70.1683606678117],[-148.15959877794882,70.16824919028537],[-148.16021859299525,70.16803069433374],[-148.16083840804168,70.16775868916949],[-148.1614582230881,70.16748222490418],[-148.1620735790335,70.16721021973991],[-148.16285392171787,70.16693821457565],[-148.1636342644022,70.16671525952297],[-148.16441460708654,70.16649676357136],[-148.16519049066983,70.16627380851868],[-148.16597529245524,70.16610882177972],[-148.16676009424066,70.16594383504074],[-148.167540436925,70.1657743892007],[-148.16832969781146,70.16566291167436],[-148.16911449959687,70.16555143414803],[-148.16989484228122,70.16538644740905],[-148.17067964406664,70.16521700156902],[-148.171459986751,70.1649985056174],[-148.17207980179742,70.16472650045314],[-148.1725390892059,70.16445449528888],[-148.17299837661443,70.16418249012462],[-148.173297136385,70.16391048496035],[-148.17344428671976,70.1636384797961],[-148.17374304649036,70.16336647463184],[-148.174046265362,70.16309892856863],[-148.17418895659569,70.16282692340437],[-148.17448771636626,70.16255491824012],[-148.17495146287584,70.16228291307586],[-148.17541075028433,70.1620109079116],[-148.1760261062297,70.16173890274733],[-148.17680644891405,70.16146689758307],[-148.17758233249737,70.16119043331776],[-148.17835821608065,70.1609184281535],[-148.179138558765,70.16074898231346],[-148.17992336055042,70.16058399557448],[-148.18070816233583,70.16047251804815],[-148.18149296412125,70.16035658142076],[-148.18228668410876,70.16035212231971],[-148.18307148589415,70.16024064479338],[-148.18385628767956,70.16012470816598],[-148.184645548566,70.16001323063965],[-148.1860501653979,70.15968325716169],[-148.1866699804443,70.15946476121007],[-148.18729425459176,70.15929531537004],[-148.18791852873926,70.15907681941843],[-148.18853834378567,70.1588583234668],[-148.18931868647005,70.15869333672782],[-148.19010348825543,70.15852389088779],[-148.19088383093978,70.15830539493618],[-148.1916597145231,70.1580824398835],[-148.19244005720748,70.15786394393189],[-148.19321594079074,70.15758747966657],[-148.19399182437405,70.15731547450231],[-148.19461163942051,70.15704346933805],[-148.19522699536586,70.15676700507274],[-148.1958468104123,70.15649499990847],[-148.19630609782078,70.15622299474423],[-148.19660931669242,70.15595098957996],[-148.19706860410093,70.1556789844157],[-148.19721129533463,70.15541143835249],[-148.19703739039355,70.15514389228929],[-148.19686348545247,70.15487634622608],[-148.19652905287344,70.15460880016288],[-148.1961990793955,70.15434125409966],[-148.1958646468165,70.15407370803646],[-148.19553467333853,70.15380616197325],[-148.19520024075953,70.15353861591005],[-148.19502633581845,70.15327106984684],[-148.1946963623405,70.15300352378362],[-148.19452245739942,70.15273597772043],[-148.1945046209952,70.15246843165721],[-148.19449124369203,70.15220088559401],[-148.19431733875095,70.1519333395308],[-148.19414343380987,70.1516657934676],[-148.19412559740564,70.15139378830334],[-148.1942727477404,70.15117975145277],[-148.19457596661204,70.15096125550116],[-148.19503971312162,70.15074275954953],[-148.19565952816802,70.15052426359792],[-148.1961232746776,70.1503057676463],[-148.1965825620861,70.15003376248204],[-148.19672525331984,70.14976175731778],[-148.19702401309038,70.14949421125458],[-148.1971667043241,70.14922220609031],[-148.1973093955578,70.14895020092605],[-148.19745208679154,70.14868265486284],[-148.19791137420003,70.14841064969858],[-148.19821459307167,70.14813864453433],[-148.19851335284224,70.14786663937006],[-148.19865604407596,70.14759909330685],[-148.19879873530965,70.14732708814259],[-148.19894142654337,70.14705954207939],[-148.1990841177771,70.14678753691513],[-148.19938733664873,70.14651553175086],[-148.19984662405722,70.1462435265866],[-148.19998931529094,70.1459759805234],[-148.20013200652463,70.14570397535914],[-148.20027469775835,70.14543642929593],[-148.20041738899207,70.14516442413168],[-148.20071614876264,70.14489241896742],[-148.2013359638091,70.14462041380315],[-148.20195131975444,70.14434840863889],[-148.20273612153986,70.14417896279886],[-148.20352092332527,70.14406748527253],[-148.20430572511066,70.14400951695883],[-148.20509944509817,70.14400505785778],[-148.20588870598465,70.14399613965567],[-148.20667350777003,70.14388466212934],[-148.20745830955545,70.14377318460299],[-148.20824311134086,70.14360373876296],[-148.2090234540252,70.143438752024],[-148.20980379670956,70.14327376528502],[-148.21058859849498,70.14310431944499],[-148.21136448207827,70.14288582349336],[-148.21214482476265,70.1426628684407],[-148.21292070834593,70.14239086327643],[-148.21369659192922,70.14216790822375],[-148.21448139371464,70.14200292148477],[-148.215261736399,70.14183793474581],[-148.2160465381844,70.14172199811841],[-148.21683579907085,70.14166402980473],[-148.21762060085626,70.14155255227838],[-148.21840540264165,70.14143661565099],[-148.21919020442706,70.1413786473373],[-148.21997946531351,70.14132067902361],[-148.2207687262,70.14131621992254],[-148.22156690528854,70.14136081093308],[-148.22236062527605,70.14146337025731],[-148.2231543452636,70.1415124203689],[-148.22395252435214,70.14156147048048],[-148.22473732613756,70.1415035021668],[-148.225526587024,70.14144107475205],[-148.22630692970836,70.14127608801307],[-148.22709173149377,70.14111110127409],[-148.22786761507706,70.14088814622141],[-148.22864795776144,70.14072315948245],[-148.2300481154922,70.14028170847816],[-148.23066793053863,70.14006321252653],[-148.23113167704818,70.13984471657491],[-148.23143043681878,70.13957271141066],[-148.23157312805247,70.13930516534747],[-148.23171581928622,70.13903316018319],[-148.23169798288197,70.13876561411998],[-148.23168460557883,70.13849360895571],[-148.2316667691746,70.13822606289251],[-148.23149286423353,70.1379585168293],[-148.23131895929245,70.1376909707661],[-148.23098452671343,70.13742342470289],[-148.23065455323547,70.13715587863969],[-148.23032012065647,70.13688833257648],[-148.2299901471785,70.13662524561433],[-148.22949964606264,70.13635769955111]]},"id":"00120000000000000eba","properties":{"dist_out":105693.14069557338,"edit_flag":"3","facc":12676.767578125,"grod_id":0,"hfalls_id":0,"lakeflag":0,"max_width":2064.0,"n_chan_max":6,"n_chan_mod":1,"n_nodes":57,"n_rch_dn":1,"n_rch_up":1,"obstr_type":0,"rch_id_dn":"81390500011","rch_id_up":"81390500071","reach_id":81390500091,"reach_len":11485.667633286015,"river_name":"Sagavanirktok River","slope":0.622847467272765,"swot_obs":4,"swot_orbit":"15  24 293 571","trib_flag":0,"type":1,"width":84.0,"width_var":4709.991043898341,"wse":7.5,"wse_var":4.483135569096674,"x":-148.15062247644806,"y":70.17026520348455}},{"type":"Feature","geometry":{"type":"LineString","coordinates":[[-148.66266118149542,69.74562005154081],[-148.66248727655434,69.74535250547761],[-148.6623089125122,69.7450849594144],[-148.66213500757112,69.7448174133512],[-148.661956643529,69.74454986728799],[-148.6617827385879,69.74428232122479],[-148.66160437454576,69.74401477516157],[-148.66142601050362,69.74374722909837],[-148.6614081740994,69.74347522393411],[-148.66122981005725,69.74321213697195],[-148.66105590511617,69.74294459090875],[-148.66087754107403,69.74267704484554],[-148.6605475675961,69.74240949878234],[-148.66021313501707,69.74214195271912],[-148.6598831615391,69.74187886575697],[-148.65955318806118,69.74161131969377],[-148.65921875548216,69.74134377363056],[-148.65904485054108,69.74107622756735],[-148.65902255503582,69.74080868150415],[-148.6591563280674,69.74053667633989],[-148.659290101099,69.74026913027669],[-148.65942387413062,69.73999712511242],[-148.65955764716222,69.73972511994816],[-148.65953981075802,69.73945757388495],[-148.65951751525273,69.73919002782175],[-148.65949521974747,69.73892248175854],[-148.6594729242422,69.73865047659429],[-148.65945508783798,69.73838293053109],[-148.65943279233272,69.73811538446786],[-148.65941049682746,69.73784337930361],[-148.65923659188638,69.7375758332404],[-148.65905822784427,69.7373082871772],[-148.65888432290316,69.73704074111399],[-148.65854989032414,69.73677765415184],[-148.65821991684618,69.73651010808862],[-148.65788994336825,69.73624256202542],[-148.6574039013534,69.73597947506326],[-148.6569178593386,69.73571638810111],[-148.65642735822271,69.73544884203791],[-148.65594131620787,69.73518575507575],[-148.65545527419306,69.7349226681136],[-148.65496923217822,69.73465958115145],[-148.65463925870026,69.73439203508823],[-148.65446089465814,69.73412448902504],[-148.65428698971704,69.73385694296182],[-148.65426469421178,69.73358939689862],[-148.6543984672434,69.73331739173436],[-148.6543761717381,69.73304984567115],[-148.6543583353339,69.73277784050691],[-148.65433603982865,69.73251029444368],[-148.65431374432336,69.73224274838047],[-148.65429590791916,69.73197074321622],[-148.65427361241387,69.73170319715301],[-148.6542513169086,69.73143565108981],[-148.65422902140335,69.7311681050266],[-148.65421118499913,69.73089609986233],[-148.6541888894939,69.73062855379914],[-148.6540149845528,69.73036100773592],[-148.65383662051065,69.73009346167272],[-148.65366271556957,69.72982591560951],[-148.65348435152742,69.72955836954631],[-148.65331044658635,69.72929082348311],[-148.65344421961794,69.72901881831883],[-148.65357799264956,69.72875127225564],[-148.65371176568115,69.72847926709137],[-148.65384553871274,69.72820726192711],[-148.65413538028122,69.7279397158639],[-148.65426915331284,69.72766771069965],[-148.6545589948813,69.72739570553539],[-148.65484437734872,69.72712370037112],[-148.65529028745408,69.72685169520688],[-148.65558012902255,69.7265796900426],[-148.65586997059103,69.72630768487834],[-148.65600374362262,69.72603567971409],[-148.65613751665424,69.72576367454982],[-148.65611522114895,69.72549612848661],[-148.65609738474475,69.72522858242341],[-148.6559190207026,69.7249610363602],[-148.65574511576153,69.724693490297],[-148.65556675171942,69.72442594423379],[-148.6553928467783,69.72415839817059],[-148.65521448273617,69.72389085210737],[-148.6551921872309,69.72362330604416],[-148.6551743508267,69.72335130087991],[-148.65515205532142,69.7230837548167],[-148.65512975981616,69.7228162087535],[-148.65510746431087,69.72254420358924],[-148.65508962790668,69.72227665752602],[-148.65506733240142,69.72200911146282],[-148.655201105433,69.72173710629856],[-148.6553348784646,69.72146956023535],[-148.65546865149622,69.72119755507109],[-148.6556024245278,69.72092554990684],[-148.6557361975594,69.72065800384362],[-148.6557183611552,69.72038599867936],[-148.65553999711307,69.72011845261616],[-148.65536609217202,69.71985090655295],[-148.65518772812985,69.71958336048975],[-148.65501382318877,69.71931581442654],[-148.65483545914662,69.71904826836334],[-148.6548176227424,69.71878072230012],[-148.65495139577402,69.71851317623693],[-148.6550851688056,69.71824117107266],[-148.6552189418372,69.7179691659084],[-148.6555087834057,69.71769716074414],[-148.65579416587312,69.71742515557987],[-148.6559279389047,69.71715760951668],[-148.65606171193633,69.71688560435241],[-148.65619548496792,69.71661359918815],[-148.6561776485637,69.71634605312494],[-148.65615535305844,69.71607850706174],[-148.65598144811736,69.71581096099852],[-148.65580308407522,69.71554341493533],[-148.65562917913414,69.71527586887211],[-148.655450815092,69.71500832280891],[-148.65542851958674,69.7147407767457],[-148.65556229261833,69.71446877158145],[-148.65570052475098,69.71419676641719],[-148.65567822924572,69.71392922035398],[-148.65565593374046,69.71366167429078],[-148.65548202879938,69.71339412822756],[-148.65530366475724,69.71312658216435],[-148.65512975981616,69.71285903610115],[-148.65510746431087,69.71258703093689],[-148.6550851688056,69.71231948487369],[-148.65506733240142,69.71205193881048],[-148.65504503689613,69.71178439274726],[-148.65502274139087,69.71151238758301],[-148.6550004458856,69.7112448415198],[-148.65498260948138,69.7109772954566],[-148.65496031397612,69.71070529029234],[-148.65493801847086,69.71043774422913],[-148.65492018206663,69.71017019816593],[-148.65505395509825,69.70989819300166],[-148.65518772812985,69.7096261878374],[-148.65547311059726,69.70935418267314],[-148.65576295216573,69.70908663660994],[-148.6560527937342,69.70881463144568],[-148.65634263530268,69.70854262628141],[-148.65663247687115,69.70827062111715],[-148.65676624990277,69.70799861595289],[-148.65690002293437,69.70772661078863],[-148.65703379596596,69.70745906472543],[-148.6570115004607,69.70718705956116],[-148.65714527349235,69.70691951349797],[-148.65727904652394,69.7066475083337],[-148.65725675101865,69.70637996227049],[-148.65723891461442,69.70611241620729],[-148.65721661910916,69.70584041104303],[-148.65704271416809,69.70557286497983],[-148.65686435012594,69.70530531891663],[-148.65669044518486,69.7050377728534],[-148.65651208114272,69.7047702267902],[-148.65618210766476,69.70450713982804],[-148.6558521341868,69.70423959376484],[-148.65552216070884,69.70397204770163],[-148.65518772812985,69.70370896073948],[-148.65485775465189,69.70344141467628],[-148.65452778117393,69.70317386861306],[-148.654197807696,69.70291078165091],[-148.65371176568115,69.7026432355877],[-148.6533817922032,69.70238014862555],[-148.65289575018838,69.70211260256235],[-148.65256577671042,69.70184951560019],[-148.6520797346956,69.70158196953699],[-148.65174530211658,69.70131888257482],[-148.65141532863862,69.70105133651163],[-148.65108535516066,69.70078379044841],[-148.65059931314585,69.70052070348626],[-148.65042540820477,69.70025315742306],[-148.6504031126995,69.69998561135985],[-148.65038081719422,69.69971806529665],[-148.65051459022584,69.69944606013239],[-148.65096050033117,69.69917405496813],[-148.65125034189964,69.69890204980386],[-148.65138411493126,69.6986300446396],[-148.65167395649974,69.69835803947534],[-148.65195933896715,69.69808603431109],[-148.65209311199877,69.69781848824788],[-148.65222688503036,69.69754648308361],[-148.65236065806195,69.69727447791935],[-148.65234282165775,69.69700693185615],[-148.65232052615247,69.69673938579294],[-148.6522982306472,69.69646738062868],[-148.65212432570613,69.69619983456548],[-148.65194596166398,69.69593228850226],[-148.6517720567229,69.69566474243906],[-148.65159815178183,69.69539719637585],[-148.65141978773968,69.69512965031265],[-148.6512458827986,69.69486210424944],[-148.65106751875646,69.69459455818624],[-148.65089361381538,69.69432701212303],[-148.65071524977324,69.69406392516088],[-148.65038527629528,69.69379637909766],[-148.6502113713542,69.69352883303446],[-148.65003300731206,69.69326128697125],[-148.64985910237098,69.69299374090805],[-148.6496851974299,69.69272619484484],[-148.64950683338776,69.69245864878164],[-148.64933292844668,69.69219110271844],[-148.64915456440454,69.69192355665523],[-148.64882459092658,69.69165601059201],[-148.64849461744862,69.69139292362986],[-148.64832071250754,69.69112537756665],[-148.6479907390296,69.69085783150345],[-148.6476563064506,69.69059028544024],[-148.64732633297263,69.69032719847809],[-148.64684475005885,69.69005965241487],[-148.64635870804403,69.68979656545272],[-148.6458726660292,69.68953347849057],[-148.6452305554775,69.68927039152842],[-148.64459290402687,69.68900730456626],[-148.64395079347517,69.68874421760411],[-148.64315707348766,69.68848113064196],[-148.64236335350014,69.68821804367981],[-148.64156517441157,69.68795941581871],[-148.64077145442405,69.68769632885656],[-148.63997773443654,69.6874332418944],[-148.63918401444903,69.6871746140333],[-148.63839029446152,69.6869650362838],[-148.63760103357507,69.68675545853426],[-148.6368117726886,69.68655033988581],[-148.63601805270108,69.68634076213631],[-148.63522879181463,69.6861311843868],[-148.6344350718271,69.6858725565257],[-148.63379296127542,69.68560946956354],[-148.63315530982476,69.6853463826014],[-148.63266926780994,69.6850788365382],[-148.63233929433198,69.68481574957603],[-148.6321653893909,69.68454820351282],[-148.63198702534876,69.68428065744962],[-148.63196918894454,69.68400865228536],[-148.63194689343928,69.68374110622213],[-148.63192459793402,69.68347356015894],[-148.6319067615298,69.68320601409573],[-148.63188446602453,69.68293400893147],[-148.63171056108345,69.68266646286827],[-148.63153665614237,69.68239891680506],[-148.63135829210023,69.68213137074186],[-148.63118438715918,69.68186382467864],[-148.631006023117,69.68159627861544],[-148.63098818671278,69.68132873255223],[-148.63096589120752,69.68106118648903],[-148.63094805480333,69.68078918132477],[-148.63076969076118,69.68052163526156],[-148.63059578582008,69.68025408919836],[-148.630421880879,69.67998654313514],[-148.63024351683686,69.67971899707194],[-148.62991354335892,69.67945591010978],[-148.62973963841782,69.67918836404658],[-148.62956573347674,69.67892081798337],[-148.6293873694346,69.67865327192017],[-148.62905739595666,69.67838572585696],[-148.6287274224787,69.67811817979376],[-148.62824138046386,69.67785509283159],[-148.62760372901323,69.67759200586944],[-148.62681000902572,69.67732891890729],[-148.6260162890382,69.67707029104619],[-148.6252225690507,69.67680720408404],[-148.62442438996212,69.67654411712189],[-148.6236306699746,69.67628548926079],[-148.62299301852397,69.67602240229863],[-148.62250697650913,69.67575485623543],[-148.6221770030312,69.67549176927328],[-148.6220030980901,69.67522422321007],[-148.62198080258483,69.6749522180458],[-148.62196296618063,69.6746846719826],[-148.62194067067534,69.67441712591939],[-148.62176676573426,69.67414957985619],[-148.62159286079319,69.67388203379298],[-148.62141449675104,69.67361448772978],[-148.62124059180996,69.67334694166657],[-148.6210666868689,69.67307939560335],[-148.6210443913636,69.6728073904391],[-148.62102209585834,69.67253984437589],[-148.62100425945414,69.67227229831269],[-148.62113803248573,69.67200029314843],[-148.62127180551732,69.67173274708522],[-148.62140557854894,69.67146074192095],[-148.62169542011742,69.6711887367567],[-148.6221368711217,69.67091673159244],[-148.62258278122704,69.67064026732713],[-148.6231803007682,69.67036826216287],[-148.62393388884624,69.67009179789756],[-148.6245314083874,69.66981533363223],[-148.62512892792856,69.66954332846798],[-148.62572644746973,69.66926686420267],[-148.62617235757506,69.6689948590384],[-148.62661380857935,69.66872285387414],[-148.62721132812052,69.66844638960883],[-148.6278088476617,69.66816992534352],[-148.62840636720284,69.66789792017926],[-148.62915995528087,69.66762145591395],[-148.62991354335892,69.66734499164863],[-148.630671590538,69.66712203659596],[-148.63142517861604,69.66689908154328],[-148.63218768489617,69.66672963570325],[-148.63295019117632,69.66656464896427],[-148.63370823835538,69.66639520312424],[-148.6344752037366,69.66627926649686],[-148.6352421691178,69.66616332986946],[-148.63600021629688,69.66599834313048],[-148.636762722577,69.66582889729045],[-148.6375207697561,69.66565945145042],[-148.63827435783412,69.66538298718511],[-148.63902794591215,69.6651065229198],[-148.63962546545332,69.66483451775554],[-148.6402229849945,69.66455805349023],[-148.64066443599876,69.66428604832596],[-148.64095427756723,69.6640140431617],[-148.6412441191357,69.66374203799744],[-148.64168557014,69.66346557373213],[-148.64181934317162,69.66319802766893],[-148.6419531162032,69.66292602250466],[-148.64224295777169,69.66265401734039],[-148.6423767308033,69.6623864712772],[-148.64235443529802,69.66211446611294],[-148.64248820832964,69.66184692004973],[-148.64262198136123,69.66157491488546],[-148.64244807642015,69.66130736882226],[-148.6421181029422,69.66103982275905],[-148.64163206092738,69.6607767357969],[-148.64099440947672,69.66051364883475],[-148.6402006894892,69.6602505618726],[-148.6394069695017,69.6599919340115],[-148.63876931805106,69.65972884704934],[-148.63812720749937,69.65946576008719],[-148.6376456245856,69.65919821402399],[-148.63715958257077,69.65893512706182],[-148.6368296090928,69.65866758099862],[-148.63649963561485,69.65840449403646],[-148.6361696621369,69.65813694797326],[-148.63583968865893,69.65786940191005]]},"id":"00120000000000000ed1","properties":{"dist_out":85646.65241468808,"edit_flag":"NaN","facc":11922.650898972603,"grod_id":0,"hfalls_id":0,"lakeflag":0,"max_width":1897.0,"n_chan_max":6,"n_chan_mod":2,"n_nodes":54,"n_rch_dn":1,"n_rch_up":1,"obstr_type":0,"rch_id_dn":"81390400021","rch_id_up":"81390400041","reach_id":81390400031,"reach_len":10729.26730492693,"river_name":"Sagavanirktok River","slope":1.8427231928029,"swot_obs":4,"swot_orbit":"15 302 330 571","trib_flag":0,"type":1,"width":270.0,"width_var":5819.703434616333,"wse":109.1500015258789,"wse_var":33.46582983476721,"x":-148.64658774490763,"y":69.701294494762}},{"type":"Feature","geometry":{"type":"LineString","coordinates":[[-148.73676252280157,69.27942549550411],[-148.73751165177856,69.27930955887672],[-148.73810471221867,69.27914457213775],[-148.73870223175985,69.27897512629771],[-148.73913922366307,69.27875663034608],[-148.73957175646527,69.27848016608077],[-148.7400087483685,69.2782081609165],[-148.7405928906065,69.2779316966512],[-148.74118149194555,69.27765969148693],[-148.74192170272042,69.27743673643427],[-148.74266191349528,69.27721378138159],[-148.74341104247227,69.27704433554156],[-148.7441557123482,69.27687488970153],[-148.74490484132517,69.2767054438615],[-148.74549344266424,69.27648694790989],[-148.74593043456747,69.27626399285721],[-148.74636296736966,69.27599198769295],[-148.74664834983707,69.27571998252868],[-148.74677766376763,69.27544797736444],[-148.74690697769816,69.27518043130122],[-148.74703629162872,69.27490842613696],[-148.74701399612346,69.27464088007376],[-148.74699615971923,69.2743688749095],[-148.74697386421397,69.27410132884629],[-148.7469515687087,69.27383378278309],[-148.74692927320345,69.27356177761882],[-148.74690697769816,69.27329423155561],[-148.74703629162872,69.27302668549241],[-148.74717006466034,69.27275468032816],[-148.74729937859087,69.27248267516389],[-148.74758030195724,69.27221066999962],[-148.74786122532362,69.27193866483536],[-148.74814214868996,69.27166665967111],[-148.7484275311574,69.27139465450685],[-148.74855684508796,69.27112710844364],[-148.74853454958267,69.27085510327937],[-148.7485122540774,69.27058755721617],[-148.74833834913633,69.27032001115298],[-148.74816444419525,69.27005246508978],[-148.74814660779103,69.26978491902655],[-148.74797270284995,69.26951737296335],[-148.74779879790887,69.26924982690014],[-148.74762489296776,69.26898228083694],[-148.74745098802669,69.26871473477372],[-148.7472770830856,69.26844718871052],[-148.74725478758035,69.26817964264731],[-148.74723249207509,69.26790763748305],[-148.7472101965698,69.26764009141985],[-148.7471923601656,69.26737254535664],[-148.74717006466034,69.26710054019237],[-148.74714776915505,69.26683299412917],[-148.7471254736498,69.26656544806596],[-148.74710317814453,69.2662934429017],[-148.74692927320345,69.2660258968385],[-148.74675536826234,69.26576280987635],[-148.74658146332126,69.26549526381314],[-148.74626040804543,69.26522771774994],[-148.74593489366853,69.26496017168672],[-148.74576098872743,69.26469262562352],[-148.74558708378635,69.26442507956031],[-148.74541317884527,69.2641575334971],[-148.74539088334,69.2638899874339],[-148.74536858783478,69.26362244137069],[-148.74534629232946,69.26335489530749],[-148.74548006536108,69.26308289014322],[-148.7456093792916,69.26281088497896],[-148.74573869322217,69.26254333891576],[-148.74586800715272,69.2622713337515],[-148.74599732108328,69.26199932858724],[-148.745975025578,69.26173178252402],[-148.7459571891738,69.26146423646082],[-148.74593489366853,69.26119223129656],[-148.74606420759906,69.26092468523336],[-148.74619352152962,69.2606526800691],[-148.74632283546018,69.26038067490484],[-148.7466082179276,69.26010866974057],[-148.746889141294,69.25983666457631],[-148.74701845522452,69.25956911851311],[-148.74714776915505,69.25929711334885],[-148.7472770830856,69.25902510818459],[-148.74725478758035,69.25875756212137],[-148.74738856061194,69.25848555695713],[-148.7475178745425,69.25821801089391],[-148.74764718847305,69.25794600572965],[-148.74777650240358,69.25767845966645],[-148.74790581633414,69.25740645450219],[-148.74788352082888,69.25713890843898],[-148.74786568442465,69.25686690327473],[-148.74769177948357,69.25659935721151],[-148.7475178745425,69.2563318111483],[-148.7471923601656,69.25606872418615],[-148.7468668457887,69.25580117812295],[-148.74638972197596,69.25553809116079],[-148.74606420759906,69.25527054509759],[-148.74558708378635,69.25500745813544],[-148.74526156940945,69.25473991207222],[-148.74493605503255,69.25447682511007],[-148.7447666091925,69.25420927904686],[-148.74459270425143,69.25394173298366],[-148.74457040874617,69.2536697278194],[-148.7443965038051,69.25340664085725],[-148.74422259886398,69.25313909479404],[-148.74420030335872,69.25286708962977],[-148.74417800785346,69.25259954356657],[-148.74416017144924,69.25233199750338],[-148.74413787594398,69.2520599923391],[-148.74411558043872,69.2517924462759],[-148.74394167549764,69.25152490021269],[-148.74361616112074,69.25125735414949],[-148.74329064674382,69.25099426718734],[-148.74311674180274,69.25072672112412],[-148.7427956865269,69.25045917506093],[-148.74262178158583,69.25019162899771],[-148.74259948608054,69.2499240829345],[-148.74257719057528,69.2496565368713],[-148.74270650450583,69.24938453170704],[-148.74313903730803,69.24911252654277],[-148.74342441977544,69.24884052137853],[-148.7438569525776,69.2485640571132],[-148.7442894853798,69.24829205194894],[-148.744722018182,69.24802004678469],[-148.74500294154836,69.24774804162043],[-148.7454399334516,69.24747157735511],[-148.74572085681797,69.24719957219085],[-148.74600178018432,69.2469275670266],[-148.7462827035507,69.24665556186233],[-148.74671523635288,69.24638355669806],[-148.74699615971923,69.24611155153382],[-148.7472815421867,69.24583954636955],[-148.74756246555302,69.24556754120529],[-148.74769177948357,69.24529553604103],[-148.74782109341413,69.24502798997783],[-148.7479504073447,69.24475598481357],[-148.74807972127522,69.2444839796493],[-148.74821349430684,69.24421643358609],[-148.7483428082374,69.24394442842184],[-148.7483205127321,69.24367688235863],[-148.74844982666266,69.24340487719437],[-148.74857914059322,69.24313733113117],[-148.74870845452375,69.2428653259669],[-148.7488377684543,69.24259332080264],[-148.74912315092175,69.24232131563838],[-148.74925246485228,69.24205376957518],[-148.74953338821865,69.24178176441092],[-148.74981431158503,69.24150975924665],[-148.7502468443872,69.24123329498134],[-148.75052776775357,69.24096128981708],[-148.75080869111994,69.24068928465282],[-148.75109407358735,69.24041727948855],[-148.75137499695373,69.24014527432429],[-148.7515043108843,69.23987772826109],[-148.75178523425063,69.23960572309683],[-148.752066157617,69.23933371793257],[-148.75234708098338,69.2390617127683],[-148.75262800434976,69.23878970760406],[-148.753064996253,69.23851324333874],[-148.75334591961933,69.23824123817448],[-148.7536268429857,69.23796923301022],[-148.75375615691627,69.237701686947],[-148.75388547084683,69.23742968178274],[-148.75386317534154,69.23716213571954],[-148.75384087983628,69.23689013055528],[-148.75397019376683,69.23662258449208],[-148.75410396679843,69.23635057932782],[-148.7543848901648,69.23607857416356],[-148.754817422967,69.2358065689993],[-148.75524995576916,69.23553010473398],[-148.75568248857135,69.23525809956972],[-148.75611502137355,69.23498609440546],[-148.7563959447399,69.2347140892412],[-148.75652525867045,69.23444208407695],[-148.75680618203683,69.23417007891268],[-148.7567883456326,69.23390253284947],[-148.75676605012734,69.23363052768521],[-148.75659214518626,69.23336298162201],[-148.75641824024518,69.2330954355588],[-148.75609272586829,69.23283234859665],[-148.7559188209272,69.23256480253345],[-148.7557449159861,69.23229725647023],[-148.7557270795819,69.23202971040703],[-148.7557047840766,69.23175770524277],[-148.75583409800717,69.23149015917956],[-148.75596341193773,69.2312181540153],[-148.75609272586829,69.23094614885103],[-148.7562220397988,69.23067860278783],[-148.7565029631652,69.23040659762357],[-148.75663227709575,69.23013459245931],[-148.75676159102628,69.22986258729505],[-148.75704697349371,69.2295905821308],[-148.75732789686006,69.22931857696653],[-148.75760882022644,69.22904657180227],[-148.75788974359284,69.22877456663801],[-148.758322276395,69.22850256147375],[-148.75875480919717,69.22823055630948],[-148.75933895143518,69.22795409204419],[-148.75977148423738,69.22768208687992],[-148.76035562647536,69.2274056226146],[-148.76093976871337,69.22712915834929],[-148.76137230151556,69.22685715318502],[-148.76180483431773,69.22658514802077],[-148.76223736711992,69.22630868375546],[-148.7625182904863,69.22603667859121],[-148.76264760441683,69.22576913252799],[-148.76262976801263,69.22549712736372],[-148.76245586307155,69.22522958130052],[-148.76228195813044,69.22496203523731],[-148.7621080531894,69.22469448917411],[-148.76178253881247,69.22443140221195],[-148.7616086338714,69.22416385614875],[-148.7614347289303,69.22389631008554],[-148.76126528309027,69.22362876402234],[-148.7610913781492,69.22336121795912],[-148.7609174732081,69.22309367189592],[-148.760743568267,69.22282612583271],[-148.76056966332592,69.22255857976951],[-148.76039575838487,69.2222910337063],[-148.76022185344377,69.2220234876431],[-148.76020401703957,69.22175594157989],[-148.7603333309701,69.22148393641562],[-148.76046264490066,69.22121639035242],[-148.760743568267,69.22094438518816],[-148.76102449163338,69.2206723800239],[-148.76145702443557,69.22039591575859],[-148.76173794780195,69.22012391059432],[-148.7621704806041,69.21985190543006],[-148.7626030134063,69.2195799002658],[-148.76318715564432,69.21930343600049],[-148.76361968844648,69.21902697173518]]},"id":"00120000000000000ed2","properties":{"dist_out":143629.4740493129,"edit_flag":"NaN","facc":5856.039784329172,"grod_id":0,"hfalls_id":0,"lakeflag":0,"max_width":1110.0,"n_chan_max":6,"n_chan_mod":3,"n_nodes":36,"n_rch_dn":1,"n_rch_up":1,"obstr_type":0,"rch_id_dn":"81390400071","rch_id_up":"81390400091","reach_id":81390400081,"reach_len":7140.768477903234,"river_name":"Sagavanirktok River","slope":3.246611276652384,"swot_obs":4,"swot_orbit":"24  52 265 293","trib_flag":0,"type":1,"width":217.5,"width_var":10689.938542564023,"wse":248.90000915527344,"wse_var":45.26533635851565,"x":-148.7501460088105,"y":69.24968451043658}},{"type":"Feature","geometry":{"type":"LineString","coordinates":[[-148.76318715564432,69.21930343600049],[-148.76361968844648,69.21902697173518],[-148.7642038306845,69.21875496657091],[-148.7646363634867,69.2184785023056],[-148.76506889628885,69.21820649714134],[-148.76550142909105,69.21793449197709],[-148.76608557132906,69.21765802771176],[-148.76651810413122,69.21738602254752],[-148.76710224636923,69.2171095582822],[-148.76753477917143,69.21683755311794],[-148.7679673119736,69.21656108885263],[-148.76824823533997,69.21628908368837],[-148.76852915870634,69.2160170785241],[-148.76865847263687,69.21574953246089],[-148.76878778656743,69.21547752729664],[-148.768917100498,69.21520552213238],[-148.76904641442854,69.21493797606917],[-148.7693273377949,69.2146659709049],[-148.76975987059708,69.21438950663959],[-148.7703440128351,69.21411750147534],[-148.77092815507308,69.21384103721002],[-148.7715122973111,69.2135645729447],[-148.7720964395491,69.21329256778044],[-148.77252897235127,69.21301610351513],[-148.77296150515346,69.21274409835087],[-148.77324242851984,69.21247209318662],[-148.77352335188618,69.21220008802236],[-148.77365266581674,69.2119280828581],[-148.7737819797473,69.21165607769383],[-148.77375968424204,69.21138853163063],[-148.77373738873675,69.21112098556742],[-148.77356348379567,69.2108534395042],[-148.7735411882904,69.210585893441],[-148.77351889278515,69.21031388827674],[-148.77349659727986,69.21004634221354],[-148.77362591121042,69.20977433704928],[-148.7739068345768,69.20950233188503],[-148.77403614850735,69.2092347858218],[-148.77416546243788,69.20896278065756],[-148.77429477636844,69.2086907754933],[-148.7742769399642,69.20842322943008],[-148.77425464445895,69.20815568336688],[-148.7742323489537,69.20788367820262],[-148.77421005344843,69.2076161321394],[-148.77418775794317,69.2073485860762],[-148.7743170718737,69.20707658091195],[-148.77444638580425,69.20680903484873],[-148.77472730917063,69.20653702968448],[-148.77500823253698,69.20626502452022],[-148.77544076533917,69.20598856025491],[-148.77572168870554,69.20571655509065],[-148.77615422150774,69.20544454992638],[-148.77643514487409,69.20517254476212],[-148.7768676776763,69.20489608049681],[-148.77730021047847,69.20462407533255],[-148.7777282841796,69.20435207016828],[-148.77816081698177,69.20407560590297],[-148.77874495921978,69.20380360073871],[-148.77917749202197,69.2035271364734],[-148.77961002482414,69.20325513130913],[-148.78019416706215,69.20297866704382],[-148.78062669986434,69.20270666187956],[-148.7809076232307,69.20243465671531],[-148.78118854659706,69.20216265155105],[-148.78146946996344,69.20189064638679],[-148.7817503933298,69.20167215043517],[-148.78218738523304,69.20145365448354],[-148.78278044567315,69.20128420864351],[-148.78352511554908,69.20111476280348],[-148.78427424452605,69.20099882617612],[-148.7850144553009,69.20082938033606],[-148.78575912517684,69.20065993449603],[-148.78649933595173,69.20043697944337],[-148.78723508762553,69.2002140243907],[-148.78781922986354,69.19994201922643],[-148.78840337210156,69.19966555496111],[-148.78883590490372,69.19939354979685],[-148.7891168282701,69.19912154463259],[-148.78939775163647,69.19884953946834],[-148.78967867500282,69.19857753430408],[-148.78980798893338,69.19830552913982],[-148.79008891229975,69.19803352397555],[-148.79036537656506,69.19776151881129],[-148.7906462999314,69.19748951364703],[-148.79092722329779,69.19721750848278],[-148.7913597561,69.19694104421747],[-148.79164067946635,69.1966690390532],[-148.7919216028327,69.19639703388894],[-148.79220252619908,69.19612502872468],[-148.79248344956545,69.19585302356042],[-148.7927643729318,69.19558101839615],[-148.7930408371971,69.1953090132319],[-148.79347336999933,69.19503700806764],[-148.79375429336568,69.19476500290338],[-148.79418682616787,69.19449299773912],[-148.79446774953422,69.19422099257486],[-148.7947486729006,69.1939489874106],[-148.79502959626697,69.19367698224634],[-148.79531051963332,69.19340497708208],[-148.79558698389866,69.19313297191782],[-148.795867907265,69.19286096675356],[-148.7963004400672,69.19258450248824],[-148.79658136343355,69.19231249732398],[-148.79701389623574,69.19204049215972],[-148.79744642903793,69.19176402789441],[-148.79802611217488,69.19149202273015],[-148.79845864497707,69.19121555846483],[-148.79904278721506,69.19094355330057],[-148.79947532001725,69.19066708903526],[-148.79975178428256,69.190395083871],[-148.80003270764894,69.19012307870675],[-148.80031363101529,69.18985107354248],[-148.80044294494584,69.18958352747927],[-148.8005722588764,69.18931152231501],[-148.80070157280696,69.18903951715077],[-148.80067927730167,69.18877197108755],[-148.8006569817964,69.18850442502435],[-148.80063468629115,69.18823241986009],[-148.8006123907859,69.18796487379687],[-148.80059009528063,69.18769732773367],[-148.80071940921115,69.18742532256941],[-148.80084872314174,69.18715331740515],[-148.8011296465081,69.18688131224089],[-148.80155772020922,69.18660930707662],[-148.80199025301138,69.18633730191236],[-148.80227117637776,69.18606529674811],[-148.80270370917995,69.1857888324828],[-148.8029846325463,69.18551682731855],[-148.80311394647686,69.18524928125532],[-148.8032432604074,69.18497727609106],[-148.8033681152369,69.18470527092681],[-148.80334581973165,69.1844377248636],[-148.80332352422636,69.18417017880039],[-148.8033012287211,69.18389817363614],[-148.80327893321584,69.18363062757292],[-148.8034082471464,69.18335862240866],[-148.80353756107692,69.18309107634546],[-148.80366687500748,69.1828190711812],[-148.80379618893804,69.18254706601694],[-148.8039255028686,69.18227951995372],[-148.8039032073633,69.18200751478948],[-148.80388091185804,69.18173996872626],[-148.80385861635278,69.18147242266306],[-148.80398793028334,69.1812004174988],[-148.80396563477805,69.18093287143559],[-148.80379172983697,69.18066532537239],[-148.8036178248959,69.18039777930917],[-148.80344391995482,69.18013023324598],[-148.80312286467895,69.17986268718276],[-148.80294895973788,69.17959514111956],[-148.8027750547968,69.1793320541574],[-148.80260114985572,69.1790645080942],[-148.80242724491467,69.17879696203099],[-148.80225333997353,69.17852941596779],[-148.80207943503245,69.17826186990457],[-148.802208748963,69.17798986474031],[-148.80233806289357,69.17771785957605],[-148.80261898625992,69.1774458544118],[-148.8028999096263,69.17717384924754],[-148.8031763738916,69.17690184408328],[-148.80345729725798,69.17662983891901],[-148.80373822062435,69.17635783375475],[-148.80386753455488,69.17609028769155],[-148.80414845792126,69.1758182825273],[-148.80442938128763,69.17554627736303],[-148.80455869521816,69.17527427219876],[-148.80468355004768,69.1750022670345],[-148.8046612545424,69.1747347209713],[-148.80463895903713,69.17446717490809],[-148.80461666353187,69.17419516974385],[-148.8045943680266,69.17392762368063],[-148.80457207252132,69.17366007761743],[-148.80470138645188,69.17338807245315],[-148.80467909094662,69.17312052638995],[-148.80480840487718,69.17284852122569],[-148.8049377188077,69.17257651606143],[-148.8050670327383,69.17230896999823],[-148.80519634666882,69.17203696483396],[-148.8053256605994,69.1717649596697],[-148.8053033650941,69.1714974136065],[-148.80543267902465,69.17122986754329],[-148.8055619929552,69.17095786237903],[-148.80583845722052,69.17068585721478],[-148.8061193805869,69.17041385205053],[-148.80655191338906,69.1701373877852],[-148.80698444619125,69.16986538262094],[-148.80741251989238,69.16959337745668],[-148.80769344325876,69.16932137229242],[-148.80812597606092,69.1690449080271],[-148.8084068994273,69.16877290286284],[-148.8086833636926,69.16850089769858],[-148.80896428705898,69.16822889253433],[-148.80924521042536,69.16795688737007],[-148.8095261337917,69.1676848822058],[-148.80980259805702,69.16741287704154],[-148.80993191198758,69.16714533097833],[-148.81006122591813,69.16687332581408],[-148.81034214928448,69.16660132064982],[-148.81047146321507,69.16632931548556],[-148.8106007771456,69.16606176942234],[-148.81073009107618,69.1657897642581],[-148.81085494590565,69.16551775909383],[-148.81083265040039,69.16525021303062],[-148.8108103548951,69.16498266696742],[-148.81078805938984,69.16471066180316],[-148.81076576388458,69.16444311573994],[-148.81074346837931,69.16417556967674],[-148.81072117287403,69.16390356451248],[-148.81069887736876,69.16363601844927],[-148.8106765818635,69.16336847238607],[-148.81050267692243,69.16310092632285],[-148.81033323108238,69.16283338025966],[-148.8101593261413,69.16256583419644],[-148.80998542120022,69.16229828813324],[-148.80981151625915,69.16203074207003],[-148.80963761131804,69.16176319600683],[-148.80946370637696,69.16149564994362],[-148.80928980143588,69.16122810388042],[-148.8091158964948,69.1609605578172],[-148.80894645065476,69.160693011754],[-148.80877254571368,69.16042546569079],[-148.8085986407726,69.16015791962758],[-148.80842473583155,69.15989037356438],[-148.80825083089042,69.15962728660223],[-148.80807692594934,69.15935974053902],[-148.8082062398799,69.15908773537475],[-148.80833555381045,69.15881573021049],[-148.80846486774098,69.15854818414729],[-148.80859418167154,69.15827617898303],[-148.8087234956021,69.15800417381877],[-148.80870120009683,69.15773662775557],[-148.80867890459155,69.15746908169235],[-148.80865660908628,69.15719707652809],[-148.80878146391578,69.1569295304649],[-148.80891077784634,69.15665752530063],[-148.8090400917769,69.15638552013637],[-148.80916940570745,69.15611797407317],[-148.80929871963798,69.1558459689089],[-148.80927642413272,69.1555784228457],[-148.80925412862746,69.15530641768143],[-148.8092318331222,69.15503887161823],[-148.80936114705273,69.15476686645397],[-148.80949046098328,69.15449932039077],[-148.80961977491384,69.1542273152265],[-148.80974462974336,69.15395531006224],[-148.8100255531097,69.15368330489798],[-148.81015486704024,69.15341575883478],[-148.81043579040661,69.15314375367052],[-148.81086386410777,69.15286728940521],[-148.81129639690994,69.15259528424095],[-148.81172447061107,69.15232327907668],[-148.81215700341323,69.15204681481138],[-148.81258953621543,69.15177480964711],[-148.81286600048074,69.15150280448285],[-148.81329853328293,69.15122634021753],[-148.81372660698406,69.15095433505327],[-148.81431074922207,69.15067787078796],[-148.81489043235902,69.1504058656237],[-148.81562618403282,69.15012940135838],[-148.81620586716977,69.14985293709307],[-148.81678555030672,69.14957647282776],[-148.81736969254473,69.14930000856245],[-148.81794937568168,69.14902800339819],[-148.81853351791966,69.14875153913289],[-148.81926481049243,69.14847507486756],[-148.81984449362938,69.14819861060225],[-148.82027702643157,69.14792660543799],[-148.8207051001327,69.14765014117268],[-148.82098602349907,69.14737813600841],[-148.82111533742963,69.1471105899452],[-148.82124465136016,69.14683858478094],[-148.82137396529072,69.14656657961669],[-148.8214988201202,69.14629903355348],[-148.82162813405077,69.14602702838921],[-148.82175744798133,69.14575502322495],[-148.82203837134767,69.1454830180607],[-148.82231483561299,69.14521101289644],[-148.82244414954354,69.14494346683323],[-148.82272507290995,69.14467146166898],[-148.82315314661105,69.14439499740365],[-148.82343406997742,69.14412299223939],[-148.82371499334377,69.14385098707514],[-148.82399145760908,69.14357898191088],[-148.82412077153964,69.14330697674662],[-148.8242500854702,69.1430394306834],[-148.82437939940075,69.14276742551915],[-148.82450871333128,69.14249542035489],[-148.8247851775966,69.14222341519063],[-148.82506610096297,69.14195141002637],[-148.8250438054577,69.14168386396317],[-148.82517311938827,69.1414118587989],[-148.82544958365358,69.14113985363464],[-148.8255788975841,69.14087230757143],[-148.82570821151467,69.14060030240718],[-148.8261362852158,69.14032829724292],[-148.826568818018,69.1400518329776],[-148.8268452822833,69.13977982781334],[-148.8272778150855,69.13950782264908],[-148.82770588878662,69.13923581748482],[-148.8281384215888,69.1389593532195],[-148.82841934495517,69.13868734805524],[-148.82869580922048,69.13841534289098],[-148.82897673258685,69.13814333772672],[-148.82925319685216,69.13787133256247],[-148.82938251078272,69.1375993273982],[-148.82951182471325,69.13733178133499],[-148.82964113864384,69.13705977617073],[-148.82961884313855,69.13679223010753],[-148.8295965476333,69.13652022494327],[-148.82972586156382,69.13625267888007],[-148.8298507163933,69.1359806737158],[-148.82998003032387,69.13570866855154],[-148.83026095369024,69.1354366633873],[-148.83053741795555,69.13516465822302],[-148.8306667318861,69.13489711215982],[-148.83079604581664,69.13462510699556],[-148.8309253597472,69.1343531018313],[-148.83090306424194,69.13408555576808],[-148.83088076873668,69.13381800970488],[-148.83070686379557,69.13355046364167],[-148.8305329588545,69.13328291757847],[-148.8303590539134,69.13301537151526],[-148.83018514897233,69.13274782545206],[-148.83001124403125,69.13248027938884],[-148.82983733909015,69.13221273332564],[-148.82966343414907,69.13194518726245],[-148.82949398830905,69.13167764119923],[-148.82916847393213,69.13141455423707],[-148.82884295955523,69.13114700817387],[-148.82866905461415,69.13087946211067],[-148.82834799933832,69.1306163751485],[-148.8278708755256,69.1303488290853],[-148.82739375171286,69.13008574212314],[-148.8267694775654,69.129822655161],[-148.8261452034179,69.12955956819884],[-148.82566807960518,69.1292964812367],[-148.82534702432935,69.12903339427453],[-148.82517311938827,69.12876584821133],[-148.82515082388298,69.12849384304707],[-148.82512852837772,69.12822629698385],[-148.82510623287246,69.12795875092066],[-148.82493232793138,69.12769120485744],[-148.82475842299027,69.12742365879424],[-148.8245845180492,69.12715611273103],[-148.82456222254393,69.12688856666783],[-148.82453992703867,69.12661656150357],[-148.82466924096923,69.12634901544035],[-148.82479855489976,69.1260770102761],[-148.82492340972925,69.12580500511184],[-148.824901114224,69.12553745904863],[-148.82503042815458,69.12526545388437],[-148.8251597420851,69.12499790782117],[-148.82528905601563,69.1247259026569],[-148.82541391084513,69.12445389749264],[-148.82554322477569,69.12418635142944],[-148.8253693198346,69.12391880536623],[-148.82519987399456,69.12365125930303],[-148.82502596905348,69.12338371323982],[-148.8248520641124,69.1231161671766],[-148.82482976860717,69.1228486211134],[-148.8249590825377,69.12257661594914],[-148.82523554680301,69.12230461078488],[-148.82551647016936,69.12203260562062],[-148.82579293443467,69.12176060045637],[-148.82607385780105,69.1214885952921],[-148.82635478116742,69.12121659012784],[-148.82647963599692,69.12094458496358],[-148.8266089499275,69.12067257979933],[-148.826738263858,69.12040503373612],[-148.82671596835274,69.12013302857186],[-148.82669367284748,69.11986548250864],[-148.82667137734222,69.11959793644544],[-148.82664908183693,69.11933039038223],[-148.82662678633167,69.11905838521797],[-148.8266044908264,69.11879083915477],[-148.82643058588533,69.11852329309156],[-148.82610507150844,69.11825574702836],[-148.8257795571315,69.11799266006621],[-148.82530689241986,69.11772957310404],[-148.82468261827236,69.1174664861419],[-148.82420549445965,69.1171989400787],[-148.823732829748,69.11693585311653],[-148.82325570593528,69.11667276615438],[-148.8227830412236,69.11640967919223],[-148.8224575268467,69.11614213312903],[-148.82198486213505,69.11587904616687],[-148.82165934775813,69.11561150010367],[-148.82118668304648,69.1153484131415],[-148.82070955923376,69.11508532617937],[-148.82023689452208,69.1148222392172],[-148.81976422981043,69.11455469315399],[-148.8191354965619,69.1142960652929],[-148.81866283185022,69.1140285192297],[-148.8181857080375,69.11376543226756],[-148.81771304332588,69.11350234530538],[-148.81738752894893,69.11323479924218],[-148.8170664736731,69.11297171228003],[-148.81658934986038,69.11270416621682],[-148.8161166851487,69.11244107925467],[-148.81564402043705,69.1121779922925],[-148.81501528718852,69.11191490533035],[-148.81439101304102,69.11165181836822],[-148.81391834832937,69.11138873140605],[-148.81344122451665,69.1111256444439],[-148.81281695036915,69.11086255748174],[-148.8123442856575,69.11059947051959],[-148.81186716184476,69.11033192445637],[-148.8113944971331,69.11006883749423],[-148.8110689827562,69.10980575053208],[-148.81074792748035,69.10953820446886],[-148.81042241310345,69.10927065840566],[-148.81025296726344,69.10900311234245],[-148.81007906232236,69.10873556627925],[-148.80990515738125,69.1084724793171],[-148.809882861876,69.10820047415284],[-148.81001217580655,69.10793292808964],[-148.81014148973708,69.10766092292536],[-148.81026634456657,69.10738891776111],[-148.81039565849713,69.1071213716979],[-148.8105249724277,69.10684936653364],[-148.81050267692243,69.10658182047044],[-148.81048038141716,69.10630981530618],[-148.81045808591188,69.10604226924296],[-148.81043579040661,69.10577472317976],[-148.81041349490135,69.1055027180155],[-148.8103911993961,69.10523517195229],[-148.81052051332662,69.10496316678804],[-148.81064982725718,69.10469562072483],[-148.81077468208667,69.10442361556056],[-148.81105560545305,69.10415161039631],[-148.8111849193836,69.10387960523205],[-148.8110110144425,69.10361205916884],[-148.81068995916667,69.10334897220669],[-148.81021283535395,69.10308588524454],[-148.80943695177064,69.10282279828238],[-148.80866106818735,69.10256417042127],[-148.80788518460403,69.10230108345912],[-148.80726091045656,69.10203799649699],[-148.8066366363091,69.10177490953483],[-148.8061639715974,69.10151182257266],[-148.80569130688576,69.10124873561053],[-148.80536579250884,69.10098118954733],[-148.8048931277972,69.10071810258515],[-148.8045676134203,69.10045055652195],[-148.80424655814443,69.1001874695598],[-148.80392104376753,69.09991992349659]]},"id":"001200000000000010eb","properties":{"dist_out":157974.43918586342,"edit_flag":"NaN","facc":5698.362990925189,"grod_id":0,"hfalls_id":0,"lakeflag":0,"max_width":1110.0,"n_chan_max":6,"n_chan_mod":2,"n_nodes":72,"n_rch_dn":1,"n_rch_up":1,"obstr_type":0,"rch_id_dn":"81390400081","rch_id_up":"81390400101","reach_id":81390400091,"reach_len":14348.084845019801,"river_name":"Sagavanirktok River","slope":3.034178530361825,"swot_obs":5,"swot_orbit":"24  52 265 293 330","trib_flag":0,"type":1,"width":243.0,"width_var":8429.859082055027,"wse":285.8000183105469,"wse_var":157.66471851203247,"x":-148.80639573078997,"y":69.15965429036807}},{"type":"Feature","geometry":{"type":"LineString","coordinates":[[-148.50817116639777,69.50024463877179],[-148.50738636461236,69.49998155180964],[-148.5073685282081,69.49971400574644],[-148.5073506918039,69.49944645968323],[-148.50732839629865,69.49917445451896],[-148.50731055989442,69.49890690845577],[-148.5072927234902,69.49863936239255],[-148.50742649652182,69.49836735722829],[-148.5075602695534,69.49809535206404],[-148.507694042585,69.49782780600084],[-148.50782781561662,69.49755580083658],[-148.50796604774928,69.49728825477337],[-148.50794375224402,69.4970162496091],[-148.5079259158398,69.49674870354589],[-148.50805968887138,69.49647669838163],[-148.50819792100407,69.49620915231843],[-148.50833169403566,69.49593714715417],[-148.50846546706725,69.49566960109097],[-148.5087508495347,69.4953975959267],[-148.50888908166735,69.49512559076246],[-148.50902285469894,69.49485358559818],[-148.50930823716635,69.49458603953498],[-148.50959807873483,69.49431403437072],[-148.50973185176645,69.49404202920645],[-148.51002169333492,69.49377002404219],[-148.51030707580233,69.49349801887793],[-148.51044084883395,69.49323047281474],[-148.51057462186554,69.49295846765047],[-148.5107128539982,69.4926864624862],[-148.51069055849294,69.49241891642302],[-148.5108287906256,69.49214691125874],[-148.5109625636572,69.49187936519553],[-148.51109633668878,69.49160736003127],[-148.51138171915622,69.491335354867],[-148.5116715607247,69.49106334970276],[-148.5118053337563,69.49079580363954],[-148.5119391067879,69.49052379847528],[-148.5120728798195,69.49025625241208],[-148.51205504341527,69.48998424724783],[-148.51203720701108,69.4897167011846],[-148.51217098004267,69.48944469602036],[-148.51246082161114,69.4891726908561],[-148.51274620407858,69.48890514479288],[-148.51318765508287,69.48862868052757],[-148.51378071552296,69.4883566753633],[-148.51437823506413,69.488080211098],[-148.51497129550424,69.48780820593373],[-148.51572042448123,69.48753174166842],[-148.51646509435713,69.48725527740311],[-148.5170626138983,69.48698327223885],[-148.5176556743384,69.48670680797353],[-148.5180971253427,69.48643480280927],[-148.518538576347,69.48616279764501],[-148.5188239588144,69.48589079248076],[-148.5192654098187,69.4856187873165],[-148.51955525138717,69.48534678215223],[-148.51999670239147,69.48507477698797],[-148.5202820848589,69.48480277182371],[-148.5207235358632,69.4845263075584],[-148.52116498686746,69.48425430239413],[-148.52175804730757,69.48398229722989],[-148.52235556684874,69.48370583296456],[-148.52310469582574,69.4834828779119],[-148.5238582839038,69.48326438196027],[-148.5246118719818,69.48309493612024],[-148.52536546005982,69.48292549028021],[-148.52612796633997,69.48281401275388],[-148.526881554418,69.48264456691385],[-148.5276396015971,69.48252863028645],[-148.52839764877618,69.48241715276012],[-148.5291601550563,69.48235472534537],[-148.5299271204375,69.48229675703168],[-148.53068962671765,69.48223432961693],[-148.53145213299777,69.48217190220218],[-148.53221463927792,69.48211393388848],[-148.532972686457,69.48199799726109],[-148.53373073363608,69.48188651973476],[-148.53448878081517,69.48177058310738],[-148.53524682799426,69.48160113726733],[-148.53584434753546,69.48138264131572],[-148.53644186707658,69.48115968626306],[-148.53688331808087,69.48088768109879],[-148.53732476908516,69.48061567593453],[-148.53761015155257,69.48034367077027],[-148.53789553402,69.480071665606],[-148.5380293070516,69.47979966044174],[-148.53816753918426,69.47953211437854],[-148.538145243679,69.47926010921428],[-148.5382790167106,69.47899256315107],[-148.53856885827906,69.47872055798682],[-148.5388542407465,69.47844855282256],[-148.5392956917508,69.4781765476583],[-148.5397371427551,69.47790454249403],[-148.54017859375938,69.47762807822872],[-148.54046397622682,69.47735607306444],[-148.5407493586942,69.47708852700126],[-148.54088313172582,69.476816521837],[-148.54102136385848,69.47654451667275],[-148.54099906835322,69.47627697060952],[-148.5411328413848,69.47600496544527],[-148.5412666144164,69.47573741938206],[-148.54155645598487,69.4754654142178],[-148.54184183845234,69.47519340905353],[-148.5421316800208,69.47492140388928],[-148.5424170624882,69.47464939872502],[-148.5427024449556,69.47437739356076],[-148.54283621798723,69.47410984749756],[-148.54296999101885,69.4738378423333],[-148.54310376405044,69.47356583716903],[-148.54308592764622,69.47329829110582],[-148.543068091242,69.47303074504262],[-148.54304579573673,69.47275873987836],[-148.54302795933256,69.47249119381515],[-148.5430101229283,69.47222364775195],[-148.54298782742305,69.47195164258768],[-148.542818381583,69.47168409652447],[-148.5424928672061,69.47142100956232],[-148.5421673528292,69.47115346349912],[-148.54184183845234,69.47088591743591],[-148.54151186497435,69.47062283047376],[-148.5413424191343,69.47035528441054],[-148.54132012362905,69.47008327924628],[-148.54130228722482,69.46981573318308],[-148.54128445082063,69.46954818711987],[-148.54126215531537,69.46927618195562],[-148.54124431891114,69.46900863589241],[-148.54122648250691,69.4687410898292],[-148.54120418700165,69.46846908466495],[-148.54103474116164,69.46820153860173],[-148.54086083622053,69.46793399253853],[-148.54068693127945,69.46766644647532],[-148.54051748543944,69.4673989004121],[-148.54019197106254,69.46713581344996],[-148.54001806612143,69.46686826738676],[-148.53969255174454,69.46660072132354],[-148.53921542793182,69.4663376343614],[-148.5388854544539,69.46607008829818],[-148.53871600861385,69.46580254223498],[-148.5385421036728,69.46553499617177],[-148.53852426726854,69.46526745010857],[-148.53850197176328,69.46499544494431],[-148.53833252592324,69.4647278988811],[-148.5381586209822,69.4644603528179],[-148.53814078457793,69.46419280675468],[-148.53811848907267,69.46392526069148],[-148.53840833064115,69.46365325552722],[-148.5386937131086,69.46338125036296],[-148.53898355467703,69.4631092451987],[-148.53911732770865,69.46283724003443],[-148.5390950322034,69.46256969397123],[-148.53892558636335,69.46230214790802],[-148.5389032908581,69.46203460184482],[-148.5388854544539,69.46176259668056],[-148.53886761804966,69.46149505061736],[-148.53900139108126,69.4612230454531],[-148.53913516411285,69.46095549938988],[-148.53896125917177,69.46068795332668],[-148.5387873542307,69.46042040726347],[-148.53861790839065,69.46015286120027],[-148.53829239401378,69.45988531513706],[-148.53811848907267,69.45961776907384],[-148.53810065266848,69.45935022301065],[-148.5380783571632,69.45907821784638],[-148.538060520759,69.45881067178318],[-148.53819429379058,69.45853866661892],[-148.53817645738638,69.45827112055571],[-148.5381586209822,69.45800357449251],[-148.53829239401378,69.45773156932825],[-148.53842616704537,69.45746402326503],[-148.53871154951278,69.45719201810077],[-148.5389969319802,69.45692001293652],[-148.53928677354867,69.45664800777226],[-148.5394205465803,69.456376002608],[-148.5397059290477,69.45610399744373],[-148.53983970207932,69.45583645138053],[-148.5398218656751,69.45556444621627],[-148.53979957016983,69.45529690015306],[-148.5397817337656,69.45502935408986],[-148.5397638973614,69.45475734892561],[-148.53974160185612,69.45448980286238],[-148.53987983398878,69.45422225679918],[-148.5400136070204,69.45395025163492],[-148.540147380052,69.45367824647066],[-148.54012508454673,69.45341070040746],[-148.5401072481425,69.45314315434425],[-148.5400894117383,69.45287114917998],[-148.53991550679723,69.45260360311678],[-148.53974160185612,69.45233605705357],[-148.5395721560161,69.45206851099037],[-148.5392466416392,69.45180542402821],[-148.5390727366981,69.45153787796501],[-148.53889883175702,69.4512703319018],[-148.538729385917,69.4510027858386],[-148.53840387154008,69.45073523977538],[-148.538229966599,69.45046769371218],[-148.5377528427863,69.45020014764897],[-148.5372712598725,69.44993706068682],[-148.53664252662398,69.44967397372467],[-148.5361609437102,69.44941088676251],[-148.53568381989749,69.44914334069931],[-148.53520669608477,69.44888025373716],[-148.53488118170787,69.44861270767395],[-148.5347072767668,69.44834516161075],[-148.5343817623899,69.44807761554753],[-148.53405624801297,69.44781452858538],[-148.53388680217296,69.44754698252217],[-148.53371289723188,69.44727943645897],[-148.53353899229083,69.44701189039576],[-148.53336954645076,69.44674434433256],[-148.53319564150968,69.44647679826934],[-148.53317780510545,69.44620479310508],[-148.53300390016437,69.44593724704188],[-148.53267838578748,69.44567416007972],[-148.53250893994743,69.44540661401652],[-148.53233503500635,69.4451390679533],[-148.53185791119364,69.44487152189011],[-148.53137632827986,69.44460843492796],[-148.53089920446715,69.44434088886474],[-148.53026601211755,69.4440778019026],[-148.5294856694332,69.44381471494044],[-148.52870086764779,69.44355608707934],[-148.5279160658624,69.44329300011718],[-148.52713126407698,69.44302991315503],[-148.52635092139263,69.44282033540551],[-148.5255705787083,69.44261521675706],[-148.52479023602393,69.44240563900755],[-148.52400989333958,69.44219606125804],[-148.52322955065523,69.44198648350853],[-148.52244474886982,69.44172339654638],[-148.52181155652022,69.44146030958422],[-148.5211828232717,69.44119722262207],[-148.52070124035794,69.4409341356599],[-148.52038018508208,69.4406665895967],[-148.52005467070518,69.4403990435335],[-148.51972915632825,69.44013595657134],[-148.51955525138717,69.43986841050814],[-148.51938580554716,69.43960086444493],[-148.51921190060605,69.43933331838173],[-148.51919406420186,69.43906131321746],[-148.5191717686966,69.43879376715425],[-148.51931000082925,69.43852176199],[-148.51944377386084,69.43825421592679],[-148.51972915632825,69.43798221076253],[-148.52017060733255,69.43771020559826],[-148.52076366777266,69.43743374133295],[-148.52135672821277,69.4371617361687],[-148.5221013980887,69.43688527190338],[-148.52285052706569,69.43666231685071],[-148.52359965604268,69.43643936179804],[-148.52434878501964,69.43622086584644],[-148.52510237309767,69.43599791079374],[-148.52585150207466,69.43577495574108],[-148.52659617195056,69.43549849147576],[-148.5273408418265,69.43522202721044],[-148.52808551170241,69.4349500220462],[-148.5288346406794,69.43467355778087],[-148.52957931055533,69.43439709351556],[-148.53032398043126,69.43412062925024],[-148.53107310940823,69.43389767419758],[-148.53182223838522,69.43367917824595],[-148.53257582646324,69.43345622319329],[-148.53332495544024,69.43323326814061],[-148.53407408441723,69.43301031308793],[-148.53481875429313,69.43273830792369],[-148.53541181473324,69.43246184365836],[-148.53600487517335,69.43218537939305],[-148.53659793561346,69.43191337422878],[-148.53719099605357,69.43163690996347],[-148.53778405649368,69.43136490479922],[-148.5383771169338,69.4310884405339],[-148.53896571827283,69.43081643536966],[-148.53955877871294,69.43053997110432],[-148.54000022971724,69.43026796594008],[-148.54044168072153,69.42999596077581],[-148.54103028206058,69.4297194965105],[-148.54147173306487,69.42944749134624],[-148.54191318406916,69.42917548618198],[-148.5423501759724,69.42890348101771],[-148.54279162697668,69.4286270167524],[-148.54307700944412,69.4283594706892],[-148.54336239191156,69.42808746552494],[-148.54349616494312,69.42781546036068],[-148.54362993797474,69.42754345519641],[-148.54376371100633,69.42727590913321],[-148.54389748403796,69.42700390396895],[-148.54403125706955,69.42673635790574],[-148.54416503010114,69.42646435274148],[-148.54429880313276,69.42619234757721],[-148.54428096672854,69.42592480151401],[-148.54441473976013,69.42565279634975],[-148.54454851279178,69.42538525028655],[-148.54468228582337,69.42511324512229],[-148.54481605885496,69.42484569905908],[-148.54494983188656,69.42457369389481],[-148.5449275363813,69.42430614783162],[-148.54475809054125,69.4240386017684],[-148.54458418560017,69.4237710557052],[-148.54425867122328,69.42350350964199],[-148.54378154741056,69.42324042267984],[-148.54330442359785,69.42297287661663],[-148.54297890922092,69.42270533055343],[-148.54265339484402,69.42244224359128],[-148.54247948990295,69.42217469752806],[-148.54246165349872,69.4219026923638],[-148.54259542653034,69.4216351463006],[-148.54272919956193,69.42136314113634],[-148.54286297259355,69.42109559507313],[-148.54299674562515,69.42082358990888],[-148.54313051865674,69.42055158474462],[-148.54310822315148,69.4202840386814],[-148.54309038674728,69.4200164926182],[-148.54322415977887,69.41974448745394]]},"id":"00120000000000001207","properties":{"dist_out":115081.6251152951,"edit_flag":"NaN","facc":6524.421943979683,"grod_id":0,"hfalls_id":0,"lakeflag":0,"max_width":1200.0,"n_chan_max":6,"n_chan_mod":2,"n_nodes":51,"n_rch_dn":1,"n_rch_up":1,"obstr_type":0,"rch_id_dn":"81390400041","rch_id_up":"81390400061","reach_id":81390400051,"reach_len":10139.44978236964,"river_name":"Sagavanirktok River","slope":1.967869440144646,"swot_obs":7,"swot_orbit":"24  52 265 293 302 330 571","trib_flag":0,"type":1,"width":156.0,"width_var":5019.697573339199,"wse":171.89999389648438,"wse_var":35.07092901486497,"x":-148.53160719127504,"y":69.46032087009705}},{"type":"Feature","geometry":{"type":"LineString","coordinates":[[-148.48037313043056,70.09705964196709],[-148.47956157403883,70.09679655500494],[-148.48033299852108,70.09652009073963],[-148.48094389536539,70.09624362647432],[-148.48139872367284,70.09597162131006],[-148.4818535519803,70.0956996161458],[-148.48215231175087,70.09542761098155],[-148.48229054388352,70.09516006491833],[-148.48242877601618,70.09488805975407],[-148.48256700814883,70.0946160545898],[-148.48270524028152,70.09434850852661],[-148.48284347241417,70.09407650336234],[-148.48298170454683,70.09380895729913],[-148.4832804643174,70.09353695213488],[-148.48373529262486,70.09326048786956],[-148.48419012093234,70.09298848270531],[-148.4846404901387,70.09271647754105],[-148.48525584608407,70.09244447237678],[-148.48571067439156,70.09216800811147],[-148.48616104359792,70.09189600294721],[-148.48645980336852,70.09162399778295],[-148.48675410403803,70.09135199261868],[-148.4870528638086,70.09108444655548],[-148.48734716447814,70.09081244139122],[-148.4874853966108,70.09054043622696],[-148.48762362874348,70.0902684310627],[-148.48792238851402,70.0900008849995],[-148.4880606206467,70.08972887983523],[-148.48835492131622,70.08945687467097],[-148.48881420872473,70.08923837871936],[-148.4894295646701,70.08901542366668],[-148.49004492061547,70.08879692771507],[-148.49082080419876,70.08857397266239],[-148.49159668778208,70.08840898592341],[-148.49237257136537,70.08818603087074],[-148.49314399584762,70.08796307581807],[-148.49391987943093,70.0877401207654],[-148.4945352353763,70.08752162481377],[-148.4951461322206,70.08724961964951],[-148.49575702906495,70.0869731553842],[-148.49636792590925,70.08670115021995],[-148.49698328185463,70.08642468595463],[-148.49759417869896,70.08615268079038],[-148.49820507554327,70.08587621652507],[-148.4988159723876,70.0856042113608],[-148.49942686923194,70.08532774709548],[-148.49988169753937,70.08505574193123],[-148.50033652584682,70.08478373676697],[-148.50079135415427,70.08450727250165],[-148.5012417233607,70.08423526733739],[-148.50137995549335,70.08396772127418],[-148.50136211908912,70.08369571610994],[-148.50150035122178,70.08342817004672],[-148.5016430424555,70.0832096740951],[-148.5017857336892,70.08299563724454],[-148.50301644557996,70.08255418624024],[-148.50378787006218,70.08233123118757],[-148.50455929454444,70.08205476692225],[-148.50517019138877,70.08178276175799],[-148.50578108823308,70.08150629749268],[-148.50623591654053,70.08123429232842],[-148.506690744848,70.08096228716416],[-148.50714111405438,70.0806902819999],[-148.50775646999978,70.08041381773458],[-148.50837182594518,70.08019532178297],[-148.50914325042737,70.07997236673029],[-148.5099191340107,70.07980292089026],[-148.51069501759397,70.0796379341513],[-148.5114798193794,70.07957550673653],[-148.5122646211648,70.07951753842285],[-148.51304942295022,70.0794551110081],[-148.51382976563457,70.0793391743807],[-148.51461902652102,70.07933471527966],[-148.51539936920537,70.07921877865228],[-148.51617971188972,70.07905379191328],[-148.51695559547304,70.07888434607325],[-148.51773147905632,70.07871490023322],[-148.51850290353858,70.07843843596791],[-148.51927432802083,70.0782199400163],[-148.52004575250305,70.07799698496362],[-148.52082163608637,70.07782753912359],[-148.52160197877072,70.07771606159726],[-148.52238678055613,70.07760012496986],[-148.52316712324048,70.07748418834247],[-148.52394746592483,70.07737271081614],[-148.52473226771022,70.07731028340139],[-148.5255215285967,70.07730582430035],[-148.52631078948315,70.07735041531087],[-148.52710896857172,70.0774529746351],[-148.52791160676134,70.07765809328356],[-148.52871424495095,70.07781416182043],[-148.52951242403952,70.0779702303573],[-148.53031506222914,70.07812183979311],[-148.53110878221665,70.0781708899047],[-148.531889124901,70.07810846248995],[-148.5325133990485,70.07799698496362],[-148.53312875499387,70.077778489012],[-148.5337396518382,70.0775020247467],[-148.53419448014566,70.07723001958243],[-148.53464484935205,70.07695801441817],[-148.5350996776595,70.07668155015286],[-148.53555450596696,70.07640954498859],[-148.53600487517335,70.07613753982433],[-148.53661577201765,70.07586107555902],[-148.53723112796305,70.0756425796074],[-148.53800701154634,70.07541962455473],[-148.5387784360286,70.07519666950205],[-148.53954986051085,70.07497817355043],[-148.54032128499307,70.07475521849776],[-148.54109270947532,70.07447875423246],[-148.54170360631966,70.07420674906821],[-148.54215397552605,70.07393028480287],[-148.5426088038335,70.07365827963862],[-148.542903104503,70.07338627447436],[-148.54319740517255,70.0731142693101],[-148.54365223348,70.07284226414583],[-148.54410706178746,70.07257025898157],[-148.54455743099385,70.07229825381731],[-148.54516832783818,70.072021789552],[-148.5457792246825,70.07174978438773],[-148.54639012152683,70.07147332012242],[-148.54715708690802,70.07119685585711],[-148.54792851139027,70.0709203915918],[-148.54853940823457,70.07064838642754],[-148.54898977744097,70.07037638126327],[-148.5492840781105,70.07010437609902],[-148.54942231024316,70.06983237093476],[-148.54940447383896,70.06956482487155],[-148.54938217833367,70.06929281970729],[-148.54920381429153,70.06902527364409],[-148.54902990935045,70.06875772758087],[-148.5488515453083,70.06849018151767],[-148.5486731812662,70.06822263545446],[-148.54849481722405,70.06795508939126],[-148.5483164531819,70.06768754332805],[-148.54813808913977,70.06741999726485],[-148.54795972509763,70.06715245120164],[-148.54778582015655,70.06688490513844],[-148.5476074561144,70.06661735907522],[-148.54774568824706,70.06634981301202],[-148.54788392037972,70.06607780784776],[-148.54817822104926,70.0658058026835],[-148.54847252171876,70.06553379751924],[-148.54876682238833,70.06526179235497],[-148.54890505452096,70.06499424629177],[-148.5491993551905,70.06472224112753],[-148.54933758732315,70.06445023596325],[-148.5494758194558,70.06418268990004],[-148.54961405158846,70.06391068473579],[-148.54975228372115,70.06363867957153],[-148.5498860567527,70.06337113350831],[-148.55002428888537,70.06309912834406],[-148.55016252101802,70.06283158228085],[-148.55030075315068,70.06255957711659],[-148.55043898528334,70.06228757195234],[-148.55041668977807,70.06202002588914],[-148.55039885337388,70.06175247982591],[-148.5503765578686,70.06148047466165],[-148.5503587214644,70.06121292859845],[-148.55033642595916,70.06094538253524],[-148.55016252101802,70.06067783647204],[-148.55014022551276,70.06041029040883],[-148.55012238910857,70.06013828524456],[-148.55010009360328,70.05987073918136],[-148.55008225719908,70.05960319311815],[-148.5503765578686,70.05933118795389],[-148.55051479000124,70.05905918278964],[-148.55080909067078,70.05878717762538],[-148.55110339134032,70.05851517246111],[-148.55139769200983,70.05824316729685],[-148.55169199267937,70.05797116213259],[-148.5519862933489,70.05770361606939],[-148.55212452548156,70.05743161090513],[-148.55241882615107,70.05715960574086],[-148.55287365445852,70.0568876005766],[-148.55316795512806,70.05661559541234],[-148.55346225579757,70.05634359024809],[-148.5537565564671,70.05607158508383],[-148.55405531623768,70.05579957991957],[-148.5541890892693,70.0555275747553],[-148.55448784903987,70.0552600286921],[-148.55462162207147,70.05498802352784],[-148.55492038184207,70.05471601836358],[-148.55505415487366,70.05444401319932],[-148.55519238700631,70.05417646713612],[-148.55501402296417,70.0539089210729],[-148.55515225509683,70.05363691590864],[-148.55513441869263,70.05336936984544],[-148.55511212318737,70.05310182378223],[-148.55525035532003,70.05282981861797],[-148.55570072452642,70.0525578134537],[-148.55615555283387,70.05228134918839],[-148.55676644967818,70.05200934402414],[-148.55753341505937,70.05173287975882],[-148.55830038044058,70.0514564154935],[-148.5589112772849,70.05118441032924],[-148.55952217412923,70.05090794606393],[-148.56012861187247,70.05063594089968],[-148.5607395087168,70.05035947663436],[-148.56119433702426,70.0500874714701],[-148.56180077476753,70.04981100720478],[-148.562255603075,70.04953900204053],[-148.56270597228138,70.04926699687627],[-148.56300027295092,70.04899499171201],[-148.56345510125837,70.04872298654774],[-148.5639099295658,70.04850003149507],[-148.5645252855112,70.04828153554345],[-148.5651361823555,70.04805858049079],[-148.56575153830087,70.04784008453916],[-148.56636689424624,70.04762158858755],[-148.56666119491578,70.04734958342328],[-148.56695549558532,70.04707757825902],[-148.56724979625483,70.04680557309477],[-148.56770016546125,70.04652910882945],[-148.5681549937687,70.04625710366518],[-148.56892195914992,70.04598063939987],[-148.56937232835628,70.04570863423562],[-148.56982715666373,70.04543662907136],[-148.57012145733324,70.0451646239071],[-148.57025523036486,70.04489261874285],[-148.57023739396064,70.04462507267965],[-148.57053169463018,70.04435306751537],[-148.5708259952997,70.04408106235111],[-148.5712763645061,70.04380905718685],[-148.5718872613504,70.04353259292154],[-148.5726542267316,70.04326058775727],[-148.57342119211282,70.04298412349196],[-148.57403208895713,70.04270765922665],[-148.5743263896267,70.04243565406239],[-148.57446462175932,70.04216810799917],[-148.57444232625406,70.04189610283493],[-148.57442003074877,70.04162855677171],[-148.57440219434457,70.04136101070851],[-148.57469649501408,70.04108900554425],[-148.5751468642205,70.04081700037999],[-148.57544116489,70.04054499521573],[-148.57557939702266,70.04027299005146],[-148.5758736976922,70.0400009848872],[-148.57601192982486,70.03972897972295],[-148.5759896343196,70.03946143365974],[-148.57612786645225,70.03918942849548],[-148.5762660985849,70.03892188243228],[-148.57624380307965,70.03865433636906],[-148.57622596667542,70.0383823312048],[-148.57620367117016,70.0381147851416],[-148.57634190330282,70.03784277997734],[-148.57648013543547,70.03757523391413],[-148.576774436105,70.03730322874988],[-148.57722480531143,70.03703122358561],[-148.5778357021557,70.0367547593203],[-148.57844213989898,70.03647829505498],[-148.57920910528017,70.03620628989073],[-148.57997607066136,70.03592982562542],[-148.5807474951436,70.03570687057274],[-148.58151891962586,70.03548391552006],[-148.58228588500705,70.0352609604674],[-148.58306176859037,70.03509597372842],[-148.58383765217366,70.03492652788839],[-148.58461353575694,70.03475708204836],[-148.5853849602392,70.03458763620833],[-148.5861608438225,70.0344181903683],[-148.5869367274058,70.03425320362932],[-148.58771261098912,70.03408375778929],[-148.58848403547134,70.03391431194925],[-148.58925991905465,70.03374486610922],[-148.59003580263794,70.03357987937025],[-148.5908072271202,70.03341043353021],[-148.59158311070348,70.03324098769018],[-148.5923589942868,70.03307154185015],[-148.59313487787009,70.03296006432382],[-148.59391522055444,70.03284412769642],[-148.5946955632388,70.03272819106904],[-148.59547590592314,70.03267022275534],[-148.59626070770855,70.0326077953406],[-148.59703659129187,70.0324918587132],[-148.59782139307725,70.0324338903995],[-148.59859727666057,70.03231795377212],[-148.59937761934492,70.03220201714473],[-148.6001535029282,70.03203703040575],[-148.60092938651152,70.03192109377837],[-148.6017052700948,70.03175164793834],[-148.60248115367813,70.0315822020983],[-148.60324811905932,70.03135924704563],[-148.60401954354154,70.03114075109401],[-148.60463044038588,70.0308642868287],[-148.60523687812915,70.03058782256338],[-148.60584777497345,70.03031581739913],[-148.60629814417987,70.03004381223487],[-148.60674851338626,70.02976734796955],[-148.60719888259266,70.02949534280529],[-148.6076537109001,70.02922333764103],[-148.6081040801065,70.02895133247677],[-148.60871051784977,70.02867486821145],[-148.60916088705616,70.02840286304719],[-148.60961571536362,70.02813085788293],[-148.60974948839524,70.02785885271868],[-148.609731651991,70.02759130665547],[-148.60955328794887,70.02732376059225],[-148.60937492390673,70.02705621452905],[-148.6091965598646,70.02678866846584],[-148.60917426435932,70.02651666330159],[-148.60915196885406,70.0262491172384],[-148.60913413244987,70.02598157117517],[-148.60911183694458,70.02570956601092],[-148.60908954143932,70.0254420199477],[-148.60907170503512,70.0251744738845],[-148.60904940952983,70.02490246872024],[-148.60902711402457,70.02463492265703],[-148.60916534615723,70.02436737659383],[-148.60945964682676,70.02409537142957],[-148.60991001603318,70.02381890716426],[-148.61036038523955,70.02354690199999],[-148.61097128208388,70.02327489683573],[-148.6114216512903,70.02299843257042],[-148.6117159519598,70.02272642740616],[-148.6118497249914,70.02245888134296],[-148.61198795712406,70.0221868761787],[-148.6121261892567,70.02191487101443],[-148.61225996228833,70.02164732495122],[-148.612398194421,70.02137531978697],[-148.61253642655365,70.02110777372376],[-148.61267019958524,70.0208357685595],[-148.61264790407998,70.0205682224963],[-148.61278613621263,70.02029621733203],[-148.6129243683453,70.02002421216777],[-148.6132186690148,70.0197522070035],[-148.61366903822122,70.01948020183924],[-148.6142754759645,70.01920819667498],[-148.61488191370773,70.01893173240967],[-148.61564887908895,70.01865526814436],[-148.61625977593326,70.0183832629801],[-148.61686621367653,70.01810679871478],[-148.6174726514198,70.01783033444947],[-148.6180835482641,70.01755832928521],[-148.61853391747053,70.0172818650199],[-148.61898428667692,70.01700985985563],[-148.61927858734646,70.01673785469139],[-148.61941236037805,70.01647030862817],[-148.6195505925107,70.01619830346391],[-148.61968882464336,70.01592629829965],[-148.61997866621184,70.0156542931354],[-148.62027296688137,70.01538674707218],[-148.62072333608776,70.01511028280689],[-148.6210176367573,70.01483827764261],[-148.6214680059637,70.01456627247835],[-148.6217623066332,70.01429426731409],[-148.62205660730274,70.01402226214984],[-148.62219038033433,70.01375025698557],[-148.62232861246702,70.01348271092236],[-148.62230631696173,70.01321516485916],[-148.62244454909438,70.0129431596949],[-148.622578322126,70.01267115453065],[-148.62271655425866,70.01240360846742],[-148.62285478639131,70.01213160330317],[-148.6229885594229,70.01185959813891],[-148.62296626391765,70.0115920520757],[-148.62294842751342,70.0113245060125],[-148.62292613200816,70.01105695994929],[-148.6229038365029,70.01078495478502],[-148.62304206863556,70.01051740872182],[-148.6231803007682,70.01024540355756],[-148.6233140737998,70.00997339839331],[-148.62345230593246,70.00970585233011],[-148.62374214750093,70.00943384716584],[-148.62403644817047,70.00916184200157],[-148.62448681737686,70.00888983683731],[-148.6250977142212,70.008613372572],[-148.62570415196447,70.00833690830669],[-148.62631058970774,70.00806490314243],[-148.62692148655205,70.00784194808975],[-148.62753684249742,70.00762345213813],[-148.62814773934176,70.00740049708547],[-148.62891470472294,70.00717754203279],[-148.6296861292052,70.00695458698011],[-148.63044863548532,70.00668258181585],[-148.6312156008665,70.00640611755054],[-148.6319781071467,70.00612965328523],[-148.63274507252785,70.00585318901992],[-148.63350757880798,70.0055767247546],[-148.6342745441892,70.00530026048929],[-148.63503705046932,70.00502379622398],[-148.63580401585054,70.00474733195867],[-148.63656652213066,70.00447086769334],[-148.63733348751185,70.00419440342803],[-148.63810045289304,70.00397144837537],[-148.6388718773753,70.00375295242374],[-148.63963884275648,70.00352999737107],[-148.6402497396008,70.0033070423184],[-148.6408650955462,70.00308854636678],[-148.64115493711466,70.00281654120252],[-148.64129316924732,70.00254453603826],[-148.64127087374203,70.00227698997506],[-148.64124857823677,70.0020049848108],[-148.64107021419463,70.0017374387476],[-148.64105237779043,70.0014698926844],[-148.64103008228514,70.00120234662117],[-148.6410077867799,70.00093034145691],[-148.64098549127462,70.0006627953937],[-148.6409676548704,70.0003952493305],[-148.64094535936513,70.0001277032673],[-148.64092306385987,69.99985569810303],[-148.6409007683546,69.99958815203982],[-148.6408829319504,69.99932060597662],[-148.64086063644513,69.99904860081236],[-148.64083834093987,69.99878105474916],[-148.6408160454346,69.99851350868595],[-148.64079820903038,69.99824150352168],[-148.64077591352512,69.99797395745848]]},"id":"00120000000000001208","properties":{"dist_out":74027.25365365372,"edit_flag":"NaN","facc":38.44501876831055,"grod_id":0,"hfalls_id":0,"lakeflag":0,"max_width":1626.0,"n_chan_max":6,"n_chan_mod":2,"n_nodes":69,"n_rch_dn":1,"n_rch_up":1,"obstr_type":0,"rch_id_dn":"81390400395","rch_id_up":"81390400331","reach_id":81390400321,"reach_len":13711.513228096226,"river_name":"Sagavanirktok River","slope":1.597344316387642,"swot_obs":7,"swot_orbit":"15  24 293 302 321 330 571","trib_flag":0,"type":1,"width":167.0,"width_var":12015.494400811354,"wse":34.29999923706055,"wse_var":41.019573013427625,"x":-148.56623806593552,"y":70.04893745656798}},{"type":"Feature","geometry":{"type":"LineString","coordinates":[[-153.4845502375486,68.94216584642778],[-153.48439416901172,68.94189830036457],[-153.4842425595759,68.94162629520031],[-153.4842336413738,68.94135874913711],[-153.48407757283692,68.9410912030739],[-153.48392150430007,68.9408236570107],[-153.48376989486425,68.94055165184643],[-153.48361382632737,68.94028410578322],[-153.4833061483547,68.94001655972002],[-153.48300292948306,68.93974901365681],[-153.48284686094618,68.93948146759361],[-153.4826907924093,68.93920946242935],[-153.48283348364302,68.93894191636613],[-153.48312778431256,68.93866991120187],[-153.48342208498207,68.93840236513867],[-153.4837163856516,68.93813035997441],[-153.48385907688532,68.9378628139112],[-153.48370300834844,68.937595267848],[-153.4833997894768,68.93732326268373],[-153.48294496116935,68.93705571662053],[-153.48219137309133,68.93679262965837],[-153.48158493534805,68.93652508359517],[-153.48098295670584,68.93625753753196],[-153.48067527873314,68.93598999146876],[-153.4803720598615,68.9357179863045],[-153.48006438188884,68.93545044024128],[-153.4797611630172,68.93518289417808],[-153.47960509448032,68.93491534811487],[-153.47930187560868,68.93464780205167],[-153.478994197636,68.93438025598846],[-153.4788425882002,68.93410825082421],[-153.4786865196633,68.933840704761],[-153.47853045112646,68.93357315869778],[-153.47837438258958,68.93330561263458],[-153.4782183140527,68.93303360747032],[-153.47806224551584,68.93276606140711],[-153.47790617697896,68.93249851534391],[-153.47760295810733,68.9322309692807],[-153.4772997392357,68.9319634232175],[-153.47714367069884,68.93169141805323],[-153.47683599272614,68.93142387199002],[-153.47668438329032,68.93115632592682],[-153.47667546508822,68.93088877986361],[-153.47651939655134,68.93061677469936],[-153.4768092381198,68.93013519178558],[-153.47710353878935,68.92991669583397],[-153.4773978394589,68.9297026589834],[-153.47784374956422,68.92948416303177],[-153.4782852005685,68.92927012618121],[-153.47857950123804,68.92899812101695],[-153.47872219247174,68.92873057495375],[-153.4787177333707,68.92845856978948],[-153.47871327426964,68.92819102372628],[-153.47870435606754,68.92792347766307],[-153.47855274663172,68.92765147249881],[-153.47839667809484,68.92738392643561],[-153.47838775989274,68.9271163803724],[-153.47838330079168,68.92684437520813],[-153.47822723225482,68.92657682914493],[-153.47822277315376,68.92630928308172],[-153.4782183140527,68.92604173701852],[-153.4782093958506,68.92576973185426],[-153.47820493674953,68.92550218579105],[-153.4782004776485,68.92523463972785],[-153.4781915594464,68.92496263456358],[-153.47818710034534,68.92469508850037],[-153.47818264124427,68.92442754243717],[-153.478325332478,68.92415553727291],[-153.4784680237117,68.9238879912097],[-153.47861517404647,68.92361598604545],[-153.4787578652802,68.92334843998223],[-153.47890055651388,68.92307643481797],[-153.47889609741284,68.92280888875477],[-153.47903878864653,68.92254134269156],[-153.47918147988025,68.9222693375273],[-153.4794757805498,68.9220017914641],[-153.4797700812193,68.92172978629984],[-153.4800599227878,68.92146224023662],[-153.48020707312256,68.92119023507237],[-153.48049691469103,68.92092268900916],[-153.48049245558997,68.9206506838449],[-153.4803363870531,68.9203831377817],[-153.48003316818145,68.92011559171848],[-153.479578339874,68.91990155486792],[-153.47882921089703,68.91968751801735],[-153.478075622819,68.91947348116679],[-153.47747364417677,68.91925944431622],[-153.47687166553456,68.91904986656671],[-153.4762652277913,68.91878232050351],[-153.47566324914908,68.9185147744403],[-153.47520842084162,68.9182472283771],[-153.47460644219942,68.91797968231388],[-153.47400000445614,68.91771213625069],[-153.4735451761487,68.91744459018747],[-153.47324195727705,68.91717258502321],[-153.47293873840542,68.91690503896001],[-153.47263106043275,68.9166374928968],[-153.47262660133168,68.9163699468336],[-153.47262214223062,68.91610240077038],[-153.47276483346434,68.91583039560612],[-153.47305913413388,68.91556284954292],[-153.47335343480339,68.91529084437866],[-153.4733445166013,68.91502329831545],[-153.47334005750025,68.9147512931512],[-153.47318398896337,68.91448374708798],[-153.47288077009173,68.91421620102477],[-153.4725775512201,68.91394865496157],[-153.47242148268322,68.91368110889836],[-153.47226541414636,68.91340910373411],[-153.47196219527473,68.91314155767091],[-153.47165451730203,68.9128740116077],[-153.4715029078662,68.91260646554447],[-153.47134683932936,68.91233891948127],[-153.47119077079248,68.91206691431702],[-153.4713334620262,68.91179936825381],[-153.47147615325989,68.91152736308955],[-153.47177045392942,68.91125981702635],[-153.47206475459896,68.91098781186209],[-153.47250620560325,68.91072026579887],[-153.47280050627276,68.91044826063462],[-153.47324195727705,68.91018071457141],[-153.47353625794662,68.90990870940715],[-153.47382609951507,68.90964116334395],[-153.47397324984982,68.90936915817969],[-153.47396433164772,68.90910161211647],[-153.4738127222119,68.90883406605327],[-153.47365665367502,68.90856206088901],[-153.47350058513817,68.9082945148258],[-153.4733445166013,68.9080269687626],[-153.47334005750025,68.90775942269939],[-153.47318398896337,68.90748741753512],[-153.4730279204265,68.90721987147192],[-153.47287631099067,68.90695232540871],[-153.47272024245382,68.90668477934551],[-153.47256417391694,68.90641277418125],[-153.47255971481587,68.90614522811804],[-153.4725507966138,68.90587768205484],[-153.47239918717796,68.90560567689057],[-153.4722431186411,68.90533813082737],[-153.47208705010422,68.90507058476416],[-153.47193098156734,68.90480303870095],[-153.4717749130305,68.9045310335367],[-153.47177045392942,68.90426348747349],[-153.47176599482836,68.90399594141029],[-153.47176153572732,68.90372393624602],[-153.47160546719044,68.90345639018282],[-153.4713022483188,68.90318884411963],[-153.47084742001135,68.9029212980564],[-153.47024544136914,68.9026537519932],[-153.46949185329112,68.90238620592999],[-153.4687382652131,68.90211865986679],[-153.46798467713504,68.90185111380357],[-153.46723554815807,68.90164153605406],[-153.46648196008005,68.90142749920349],[-153.46573283110305,68.90121346235293],[-153.46513085246085,68.90099942550236],[-153.4646760241534,68.9007853886518],[-153.46437280528176,68.9005178425886],[-153.4642167367449,68.90025029652539],[-153.46421227764384,68.89997829136112],[-153.46420781854277,68.89971074529792],[-153.46405175000592,68.89944319923471],[-153.46389568146904,68.89917565317151],[-153.46374407203322,68.89890364800725],[-153.46358800349634,68.89863610194404],[-153.4634319349595,68.89836855588084],[-153.46342747585842,68.89809655071657],[-153.46327140732157,68.89782900465336],[-153.4631153387847,68.89756145859016],[-153.46281211991305,68.89729391252695],[-153.46250890104142,68.89702636646375],[-153.46220568216978,68.89675882040054],[-153.4618980041971,68.89648681523627],[-153.46159478532547,68.89621926917307],[-153.46129156645384,68.89595172310986],[-153.46083673814638,68.89568417704666],[-153.46053351927475,68.89541663098346],[-153.46037745073787,68.89514908492026],[-153.46022138220104,68.89487707975599],[-153.46036853253577,68.89460953369277],[-153.4605112237695,68.89433752852851],[-153.46035515523263,68.89406998246531],[-153.46005193636097,68.8938024364021],[-153.45959710805352,68.8935348903389],[-153.45884797907655,68.89326734427569],[-153.4583931507691,68.89299979821249],[-153.45808993189746,68.89273225214927],[-153.45793386336058,68.89246470608607],[-153.45792940425952,68.89219270092181],[-153.45792048605742,68.8919251548586],[-153.45791602695638,68.8916576087954],[-153.45791156785532,68.89138560363114],[-153.45790710875426,68.89111805756792],[-153.45789819055216,68.89085051150472],[-153.4580453408869,68.89057850634046],[-153.45788927235006,68.89031096027726],[-153.45758605347842,68.89004341421405],[-153.45713122517097,68.88977586815083],[-153.4565292465288,68.88950832208764],[-153.45592726788652,68.88924077602442],[-153.4553252892443,68.88897322996122],[-153.4547233106021,68.88870568389801],[-153.45411687285883,68.88843813783481],[-153.45366650365244,68.88817059177161],[-153.452462546368,68.88774251807047],[-153.45186056772582,68.88758199043255],[-153.45051391920765,68.88731890347039],[-153.44976479023066,68.8872118850451],[-153.4490156612537,68.88699784819454],[-153.44826207317567,68.88678381134397],[-153.44751294419868,68.88656977449341],[-153.44675935612065,68.88630668753126],[-153.44601022714366,68.88603914146806],[-153.44525663906563,68.88577159540485],[-153.44450751008867,68.88550404934163],[-153.44375392201061,68.88523650327843],[-153.44300479303365,68.88496895721522],[-153.44225120495562,68.88470141115202],[-153.44150207597863,68.88443386508881],[-153.44090009733642,68.88416631902561],[-153.44029365959315,68.8838987729624],[-153.43969168095094,68.8836312268992],[-153.43924131174452,68.88336368083598],[-153.43818450479486,68.88288209792222],[-153.43758698525372,68.88266806107166],[-153.4369850066115,68.88245402422109],[-153.43623587763452,68.88224444647157],[-153.4354822895565,68.88203040962101],[-153.4350319203501,68.8817628635578],[-153.43487585181322,68.88149085839353],[-153.43471978327634,68.88122331233033],[-153.4347153241753,68.88095576626712],[-153.43471086507424,68.88068376110287],[-153.43455479653736,68.88041621503966],[-153.43410442733096,68.88014866897645],[-153.43394835879408,68.87988112291325],[-153.43364513992248,68.87961357685003],[-153.4336406808214,68.87934157168579],[-153.43348461228453,68.87907402562257],[-153.4333330028487,68.87880647955936],[-153.43317693431186,68.87853893349616],[-153.4331724752108,68.8782669283319],[-153.43301640667391,68.8779993822687],[-153.43301194757288,68.87773183620548],[-153.43300748847182,68.87745983104122],[-153.43270426960018,68.87719228497802],[-153.43224944129273,68.87692473891481],[-153.43164746265052,68.87665719285161],[-153.4310454840083,68.8763896467884],[-153.4304435053661,68.87612210072518],[-153.42984152672386,68.87585455466198],[-153.4293911575175,68.87558700859879],[-153.42908793864584,68.87531946253559],[-153.42863311033838,68.87505191647236],[-153.42817828203093,68.87478437040916],[-153.42772791282454,68.87451682434595],[-153.42712593418233,68.87424927828275],[-153.42637680520534,68.87398173221953],[-153.4256232171273,68.87371418615633],[-153.42487408815035,68.87344664009312],[-153.4241205000723,68.87317909402992],[-153.42351852143008,68.87291154796671],[-153.42291654278787,68.87264400190351],[-153.4224661735815,68.8723764558403],[-153.42201134527403,68.87210890977708],[-153.4217081264024,68.87184136371388],[-153.421257757196,68.87156935854962],[-153.42080292888855,68.87130181248642],[-153.42035255968213,68.87103426642321],[-153.41989773137468,68.87076672036],[-153.41944736216828,68.8704991742968],[-153.41914414329665,68.87023162823358],[-153.4189880747598,68.86996408217038],[-153.41883646532398,68.86969207700612],[-153.4188320062229,68.86942453094291],[-153.41882308802082,68.86915698487971],[-153.41881862891975,68.86888497971545],[-153.41866701948393,68.86861743365225],[-153.41851095094708,68.86834988758903],[-153.41820773207544,68.86808234152583],[-153.4179045132038,68.86781479546262],[-153.417752903768,68.86754279029836],[-153.41774398556586,68.86727524423516],[-153.41773952646483,68.86700769817195],[-153.41788667679958,68.86673569300768],[-153.41817651836806,68.86646814694448],[-153.418172059267,68.86619614178022],[-153.41816760016596,68.86592859571701],[-153.41801153162908,68.86566104965381],[-153.41785992219326,68.8653935035906],[-153.41755670332162,68.86512149842633],[-153.41725348445,68.86485395236313],[-153.41695026557835,68.86458640629992],[-153.4167941970415,68.86431886023672],[-153.41664258760568,68.86405131417351],[-153.41633936873404,68.86377930900925],[-153.41618330019716,68.86351176294605],[-153.41588008132553,68.86324421688283],[-153.4155768624539,68.86297667081965],[-153.41527364358225,68.86270912475642],[-153.41497042471065,68.86243711959216],[-153.414667205839,68.86216957352896],[-153.4143639869674,68.86190202746575],[-153.41406076809574,68.86163448140255],[-153.41361039888932,68.86136693533933],[-153.41345433035247,68.86109938927613],[-153.41315111148083,68.86082738411187],[-153.4128478926092,68.86055983804866],[-153.4123975234028,68.86029229198546],[-153.41194269509535,68.86002474592225],[-153.41134517555417,68.85975719985905],[-153.41074319691197,68.85948965379583],[-153.4102883686045,68.85922210773263],[-153.40998514973288,68.85895456166942],[-153.40983354029706,68.85868255650516],[-153.4096774717602,68.85841501044196],[-153.4095258623244,68.85814746437875],[-153.4093697937875,68.85787991831555],[-153.40936533468644,68.85760791315128],[-153.4093608755854,68.85734036708807],[-153.40935641648434,68.85707282102487],[-153.40935195738328,68.85680081586061],[-153.40934749828224,68.8565332697974],[-153.40919142974536,68.8562657237342],[-153.4090353612085,68.85599817767098],[-153.4088837517727,68.85572617250673],[-153.40887929267163,68.85545862644352],[-153.40887483357056,68.85519108038032],[-153.40887037446953,68.85491907521606],[-153.40901306570322,68.85465152915285],[-153.40930736637276,68.85437952398858],[-153.40974881737705,68.85411197792538],[-153.4103374187161,68.85383997276114],[-153.41107762949096,68.85356796759686],[-153.41167068993107,68.85330042153366],[-153.41225929127015,68.8530284163694],[-153.41285235171026,68.85275641120514],[-153.41344541215037,68.85254237435457],[-153.41403847259045,68.85237738761559],[-153.41477868336534,68.85221685997767],[-153.41552335324127,68.85210538245133],[-153.41626802311723,68.85199836402606],[-153.41700823389206,68.85188688649971],[-153.417752903768,68.85172189976073],[-153.41849311454285,68.85156137212282],[-153.41908617498297,68.85134287617119],[-153.419674776322,68.85112883932062],[-153.42026783676212,68.85085683415636],[-153.4207092877664,68.85058482899211],[-153.4211507387707,68.85031728292891],[-153.421592189775,68.85004527776464],[-153.4220336407793,68.84977773170144],[-153.42232794144883,68.84950572653717],[-153.42276939245312,68.84923818047396],[-153.42306369312263,68.8489661753097],[-153.42335799379217,68.8486986292465],[-153.42364783536064,68.84842662408224],[-153.42408928636493,68.84815461891797],[-153.42453073736922,68.84788707285477],[-153.42512379780933,68.84761506769051],[-153.42556524881365,68.8473475216273],[-153.42585954948314,68.84707551646305],[-153.42600224071685,68.84680797039984],[-153.42614493195057,68.84653596523557],[-153.4261404728495,68.84626841917238],[-153.42628316408323,68.84599641400811],[-153.42642585531692,68.8457288679449],[-153.42672015598646,68.8454613218817],[-153.42686284722018,68.84518931671744],[-153.42700999755493,68.84492177065422],[-153.42700107935283,68.84464976548998],[-153.42684946991702,68.84438221942676],[-153.42654625104538,68.84411467336355],[-153.42624303217374,68.84384712730035],[-153.4259398133021,68.84357958123714],[-153.42578374476523,68.84330757607289],[-153.4256321353294,68.84304003000967],[-153.42547606679256,68.84277248394646],[-153.42517284792095,68.84250493788326],[-153.42472247871453,68.84223739182005],[-153.4242721095081,68.84196984575685],[-153.42396889063647,68.84169784059259],[-153.42351406232905,68.84143029452939],[-153.4232108434574,68.84116274846618],[-153.42290762458578,68.84089520240296],[-153.42245725537936,68.84062765633976],[-153.42215403650772,68.84036011027655],[-153.4218508176361,68.8400881051123],[-153.42154759876448,68.83982055904909],[-153.4215431396634,68.83955301298587],[-153.42168583089713,68.83928546692268],[-153.4216813717961,68.83901346175841],[-153.421676912695,68.83874591569521],[-153.42152084415815,68.838478369632],[-153.42107047495173,68.83821082356879],[-153.42062010574534,68.83793881840454],[-153.4201652774379,68.83767127234132],[-153.41986205856625,68.83740372627813],[-153.41971044913046,68.83713618021491],[-153.4197059900294,68.83686863415171],[-153.41970153092834,68.83659662898745],[-153.41954546239145,68.83632908292424],[-153.41954100329042,68.83606153686104],[-153.4196836945241,68.83578953169678],[-153.41997799519365,68.83552198563356],[-153.42041944619794,68.8352499804693],[-153.421008047537,68.8349824344061],[-153.42144949854128,68.83471042924184],[-153.42174379921082,68.83443842407758],[-153.42188649044454,68.83417087801438],[-153.42173488100872,68.83390333195116],[-153.42157881247184,68.83363578588796],[-153.4212755936002,68.8333637807237],[-153.42097237472856,68.83309623466049],[-153.42066915585693,68.83282868859729],[-153.4206646967559,68.83256114253409],[-153.42066023765483,68.83228913736981],[-153.42095453832437,68.83202159130661],[-153.42139598932866,68.83174958614235],[-153.4219845906677,68.83153554929179],[-153.42257765110782,68.83131705334017],[-153.42331786188268,68.83109855738854],[-153.42405807265754,68.83088452053798],[-153.42480274253347,68.83077304301165],[-153.42554295330837,68.830719533799],[-153.42628762318427,68.83071507469796],[-153.4270322930602,68.8307685839106],[-153.42778142203719,68.83087560233588],[-153.4285260919131,68.83092465244746],[-153.42927076178904,68.83087114323482],[-153.4300109725639,68.83075966570848],[-153.43075564243983,68.8306526472832],[-153.4314958532147,68.83048766054422],[-153.43223606398956,68.83026916459261],[-153.43297627476446,68.83005512774206],[-153.43371648553932,68.82983663179043],[-153.43430508687837,68.82956462662617],[-153.43489368821741,68.82929708056295],[-153.43548674865752,68.82902507539869],[-153.43592819966182,68.82875307023444],[-153.4363696506661,68.82848552417123],[-153.4369582520052,68.82821351900697],[-153.43755131244532,68.82799502305535],[-153.43814437288543,68.82788800463007],[-153.43888458366027,68.82783003631637],[-153.4396292535362,68.82783003631637],[-153.44037392341212,68.82783003631637],[-153.44111859328802,68.82777206800267],[-153.44156004429232,68.82761154036476],[-153.44200595439767,68.82739304441313],[-153.4424429463009,68.82712103924888],[-153.4428843973052,68.82685349318567],[-153.44317869797473,68.8265814880214],[-153.44376729931378,68.8263139419582],[-153.44420875031807,68.82604193679394],[-153.4445030509876,68.82577439073074],[-153.44464574222133,68.82550238556647],[-153.44464128312026,68.82523483950327],[-153.4444852145834,68.82496729344005],[-153.44433360514756,68.8246952882758],[-153.4441775366107,68.82442774221259],[-153.44417307750965,68.82416019614938],[-153.44446291907812,68.82388819098513],[-153.44475721974766,68.82362064492192],[-153.44504706131613,68.82334863975765],[-153.44534136198564,68.82308109369446],[-153.44563120355411,68.82280908853019],[-153.44592550422365,68.82254154246698],[-153.4462198048932,68.82226953730273],[-153.44636249612688,68.82200199123952],[-153.44665233769535,68.82172998607525],[-153.4469466383649,68.82151594922469],[-153.44724093903446,68.82135096248571],[-153.44783399947457,68.82129745327309],[-153.44842705991465,68.82118597574674],[-153.44917172979055,68.82118597574674],[-153.44991639966648,68.82118597574674],[-153.4506610695424,68.82112800743305],[-153.4514012803173,68.82102098900776],[-153.4519943407574,68.82085600226878],[-153.45258294209646,68.82063750631717],[-153.45287724276596,68.82036996025397],[-153.45301993399968,68.8200979550897],[-153.4531626252334,68.8198304090265],[-153.4533053164671,68.81956286296328],[-153.4534480077008,68.81929085779902],[-153.4538894587051,68.81902331173582],[-153.45447806004415,68.81875130657156],[-153.45507112048426,68.8184793014073],[-153.4558068721581,68.81820729624303],[-153.45654708293296,68.81799325939247],[-153.4578758950469,68.81755626748924],[-153.458468955487,68.81734223063867],[-153.45965061726616,68.81685172952278],[-153.4602392186052,68.81658418345958],[-153.46097497027904,68.81631217829532],[-153.4617151810539,68.81604017313106],[-153.46245093272773,68.8157681679668],[-153.4631911435026,68.81549616280255]]},"id":"001200000000000011ac","properties":{"dist_out":358813.49623988033,"edit_flag":"NaN","facc":4690.192208973004,"grod_id":0,"hfalls_id":0,"lakeflag":0,"max_width":1018.0,"n_chan_max":7,"n_chan_mod":1,"n_nodes":82,"n_rch_dn":1,"n_rch_up":1,"obstr_type":0,"rch_id_dn":"81380600021","rch_id_up":"81380600041","reach_id":81380600031,"reach_len":16488.214163920213,"river_name":"Killik River","slope":3.902036512198429,"swot_obs":6,"swot_orbit":"15  43  80 108 321 386","trib_flag":1,"type":1,"width":97.0,"width_var":15217.53323399563,"wse":275.70001220703125,"wse_var":351.8764999677993,"x":-153.44671474452267,"y":68.87669802619648}},{"type":"Feature","geometry":{"type":"LineString","coordinates":[[-148.720277226207,69.36668118491794],[-148.72071421811023,69.36640472065262],[-148.7209951414766,69.36613717458941],[-148.72128052394402,69.36586516942515],[-148.7215614473104,69.3655931642609],[-148.7218468297778,69.36532115909664],[-148.7221322122452,69.36504915393238],[-148.7225647450474,69.36477268966706],[-148.72315334638645,69.3645006845028],[-148.7235903382897,69.36422422023749],[-148.72417893962876,69.36395221507323],[-148.72461593153199,69.36367575080793],[-148.72505292343524,69.36340374564365],[-148.72518223736577,69.36313174047939],[-148.72546316073215,69.36285973531513],[-148.7255969337638,69.36259218925193],[-148.7257262476943,69.36232018408766],[-148.72586002072592,69.3620481789234],[-148.7261409440923,69.36177617375914],[-148.72627471712389,69.36150862769594],[-148.72655564049023,69.36123662253168],[-148.72684102295767,69.36096461736742],[-148.72697033688823,69.36069261220315],[-148.72709965081876,69.36042060703889],[-148.7273850332862,69.36014860187463],[-148.72751434721673,69.35988105581143],[-148.72764812024835,69.35960905064717],[-148.7277774341789,69.35934150458397],[-148.72790674810943,69.3590694994197],[-148.72788891170524,69.35880195335649],[-148.72786661619995,69.35852994819223],[-148.7278443206947,69.35826240212903],[-148.72782202518943,69.35799485606582],[-148.72764812024835,69.35772731000262],[-148.72747421530727,69.3574597639394],[-148.72730031036616,69.3571922178762],[-148.7271264054251,69.35692467181299],[-148.726952500484,69.35665712574979],[-148.72677859554292,69.35638957968658],[-148.72645308116603,69.35612203362338],[-148.72627917622492,69.35585448756017],[-148.72610527128384,69.35558694149695],[-148.72593136634276,69.35531939543375],[-148.72575746140168,69.35505184937055],[-148.72588677533224,69.35478430330735],[-148.72602054836383,69.35451229814308],[-148.7259982528586,69.35424475207986],[-148.72582434791747,69.35397720601667],[-148.7258020524122,69.3537052008524],[-148.72562814747113,69.35344211389025],[-148.72530263309423,69.35317456782704],[-148.72512872815315,69.35290702176384],[-148.72510643264786,69.35263947570063],[-148.7250841371426,69.35236747053636],[-148.72506184163734,69.35209992447317],[-148.72504400523312,69.35183237840995],[-148.72502170972786,69.3515603732457],[-148.7249994142226,69.3512928271825],[-148.72497711871733,69.35102528111928],[-148.72495482321207,69.35075327595503],[-148.72493252770678,69.35048572989182],[-148.7249146913026,69.35021818382862],[-148.7248923957973,69.3499506377654],[-148.72487010029204,69.34967863260114],[-148.72469619535096,69.34941108653794],[-148.72452229040988,69.34914354047473],[-148.7243483854688,69.34887599441153],[-148.7241744805277,69.34860844834832],[-148.72400057558662,69.3483409022851],[-148.72382667064556,69.3480733562219],[-148.72365276570446,69.34780581015869],[-148.72332725132756,69.34754272319654],[-148.72300173695064,69.34727517713334],[-148.72252461313792,69.34701209017119],[-148.72204303022417,69.34674900320903],[-148.72156590641143,69.34648145714583],[-148.72139200147035,69.34621391108261],[-148.72121809652927,69.34594636501942],[-148.721195801024,69.3456788189562],[-148.72117350551875,69.34541127289299],[-148.72115566911452,69.34513926772874],[-148.72098176417344,69.34487618076658],[-148.72080785923237,69.34460863470338],[-148.72063395429126,69.34434108864016],[-148.720611658786,69.3440690834759],[-148.72058936328074,69.3438015374127],[-148.72041545833966,69.34353399134949],[-148.72024155339858,69.34326644528629],[-148.72006764845747,69.34299889922308],[-148.71974213408058,69.34273135315988],[-148.71941661970368,69.34246826619773],[-148.71909110532678,69.34220072013453],[-148.7187655909499,69.34193763317236],[-148.71844007657296,69.34167008710915],[-148.71811010309503,69.34140254104595],[-148.7176329792823,69.34113945408379],[-148.71715585546957,69.34087636712164],[-148.71652266312,69.34061328015949],[-148.71574232043565,69.34035019319734],[-148.71495751865024,69.34009156533624],[-148.7141771759659,69.33982847837409],[-148.71339683328154,69.33961890062457],[-148.71262094969822,69.3394137819761],[-148.71184506611493,69.33925771343924],[-148.71106918253162,69.33910610400342],[-148.71030221715043,69.33900354467919],[-148.70952633356717,69.33885193524338],[-148.70875044998382,69.3386958667065],[-148.7079790255016,69.33854425727068],[-148.70720760101935,69.33844169794648],[-148.70643171743603,69.33829008851065],[-148.70566475205484,69.33818752918641],[-148.7048933275726,69.33808942896324],[-148.7041174439893,69.33793781952743],[-148.70334601950705,69.33778175099054],[-148.70257013592376,69.33763014155473],[-148.7017987114415,69.33747407301786],[-148.70102282785825,69.33731800448099],[-148.7002469442749,69.33716639504517],[-148.69947106069162,69.33695681729566],[-148.6988423274431,69.3367516986472],[-148.69836520363037,69.33648415258399],[-148.69819129868927,69.3362166065208],[-148.69832507172092,69.33594906045758],[-148.69860599508723,69.33567705529332],[-148.69889137755467,69.33540505012907],[-148.69917230092102,69.3351330449648],[-148.69915446451682,69.33486103980054],[-148.69898055957574,69.33459349373733],[-148.69865504519885,69.33433040677518],[-148.69848114025774,69.33406286071198],[-148.69830723531666,69.33379531464877],[-148.6982849398114,69.3335233094845],[-148.69826264430614,69.3332557634213],[-148.69839641733773,69.33298821735809],[-148.69837412183247,69.33271621219383],[-148.6983518263272,69.33244866613063],[-148.69818238048717,69.33218112006742],[-148.6981600849819,69.33191357400422],[-148.69798618004083,69.331646027941],[-148.6976606656639,69.3313784818778],[-148.69748676072282,69.33111093581459],[-148.69746446521756,69.3308433897514],[-148.69744662881334,69.33057138458713],[-148.6975759427439,69.33030383852392],[-148.69785686611027,69.33003183335966],[-148.69799063914186,69.3297598281954],[-148.69811995307242,69.3294922821322],[-148.6981021166682,69.32922027696794],[-148.69792821172712,69.32895273090475],[-148.69775430678604,69.32868518484152],[-148.69742879240914,69.32842209787937],[-148.69710327803224,69.32815455181616],[-148.69692937309114,69.32788700575296],[-148.6967554681501,69.32761945968974],[-148.69642995377316,69.32735191362654],[-148.69610443939627,69.32708882666438],[-148.69562731558358,69.32682128060118],[-148.69499858233502,69.32655819363903],[-148.69436538998542,69.32629956577793],[-148.6937366567369,69.32603647881577],[-148.69310792348836,69.32577339185362],[-148.69247919023982,69.32551030489147],[-148.69184599789023,69.32524721792932],[-148.6912172646417,69.32498413096715],[-148.69058853139316,69.324721044005],[-148.68995979814463,69.32445795704285],[-148.68947821523085,69.32419041097964],[-148.68900109141813,69.32392732401749],[-148.6888316455781,69.32365977795429],[-148.68896095950865,69.32338777279003],[-148.68924634197606,69.32311576762577],[-148.68967887477825,69.3228437624615],[-148.69011586668148,69.32257175729724],[-148.69055285858474,69.322299752133],[-148.69083378195108,69.32202774696873],[-148.69111916441852,69.32175574180447],[-148.69140008778487,69.3214837366402],[-148.6916854702523,69.32121173147594],[-148.69181478418284,69.32093972631168],[-148.69194855721446,69.32066772114743],[-148.69207787114502,69.32040017508422],[-148.69205557563973,69.32012816991997],[-148.69203773923553,69.31986062385677],[-148.69201544373024,69.31959307779354],[-148.69199314822498,69.31932553173034],[-148.69197085271972,69.31905352656608],[-148.6919530163155,69.31878598050287],[-148.69177911137442,69.31851843443967],[-148.69175681586916,69.31825088837645],[-148.69189058890075,69.31797888321219],[-148.6920199028313,69.31770687804793],[-148.69230082619768,69.31743487288368],[-148.69288942753673,69.31716286771942],[-148.69332641943996,69.3168864034541],[-148.6937634113432,69.31661439828984],[-148.6943475535812,69.31633793402453],[-148.69478454548445,69.31606592886027],[-148.69522153738768,69.31579392369599],[-148.69565407018987,69.31552191853174],[-148.69593945265729,69.31524991336748],[-148.69622037602366,69.31497790820323],[-148.69650575849107,69.31470590303897],[-148.69678668185745,69.31443389787471],[-148.69707206432486,69.31416189271044],[-148.69750459712705,69.31388542844513],[-148.69778997959446,69.31361342328087],[-148.69822251239665,69.31334141811661],[-148.6986595042999,69.31306941295236],[-148.69924810563893,69.31279294868703],[-148.699836706978,69.31251648442172],[-148.7005724586518,69.31224002015641],[-148.7013126694267,69.3119635558911],[-148.70205288020156,69.31168709162579],[-148.7026414815406,69.31141508646152],[-148.70322562377862,69.31113862219621],[-148.70381422511767,69.31086661703195],[-148.7042512170209,69.31059015276664],[-148.7046837498231,69.31031814760237],[-148.70512074172632,69.31004614243811],[-148.7055532745285,69.3097696781728],[-148.70583865699592,69.30949767300854],[-148.7061195803623,69.30922566784429],[-148.70625335339392,69.30895812178107],[-148.70638266732445,69.30868611661681],[-148.7063603718192,69.30841857055361],[-148.70649414485078,69.30814656538935],[-148.70662345878134,69.30787456022509],[-148.7067527727119,69.30760701416187],[-148.7068865457435,69.30733500899763],[-148.70716746910986,69.30706300383336],[-148.70730124214145,69.30679545777015],[-148.70758216550783,69.30652345260589],[-148.70801915741106,69.30624698834058],[-148.70860329964907,69.30597498317631],[-148.7090402915523,69.305698518911],[-148.7094728243545,69.30542651374675],[-148.70990981625772,69.30515450858249],[-148.7101907396241,69.30488250341823],[-148.7103245126557,69.30461049825396],[-148.71060543602206,69.3043384930897],[-148.7108908184895,69.30406648792544],[-148.71102013242003,69.30379448276119],[-148.7111494463506,69.30352693669798],[-148.71128321938218,69.30325493153371],[-148.71126092387692,69.30298738547052],[-148.71123862837166,69.30271538030625],[-148.7112163328664,69.30244783424304],[-148.7111940373611,69.30218028817984],[-148.7111762009569,69.30191274211663],[-148.71115390545165,69.30164073695236],[-148.71113160994636,69.30137319088917],[-148.7111093144411,69.30110564482595],[-148.7110914780369,69.30083363966169],[-148.71106918253162,69.30056609359849],[-148.71104688702638,69.30029854753529],[-148.7110245915211,69.30002654237103],[-148.7111583645527,69.29975899630782],[-148.71128767848325,69.29948699114355],[-148.7114169924138,69.29921498597929],[-148.7115507654454,69.29894743991609],[-148.71183168881177,69.29867543475183],[-148.71196100274233,69.29840342958757],[-148.71209477577392,69.29813588352437],[-148.71207248026866,69.2978638783601],[-148.7120501847634,69.2975963322969],[-148.7118762798223,69.2973287862337],[-148.71170683398228,69.29706124017048],[-148.71138131960538,69.29679369410728],[-148.71120741466427,69.29652614804407],[-148.7110335097232,69.29625860198087],[-148.71085960478212,69.29599105591765],[-148.71083730927685,69.29572350985445],[-148.71097108230845,69.29545150469019],[-148.711100396239,69.29518395862698],[-148.71122971016956,69.29491195346272],[-148.71151509263697,69.29463994829845],[-148.71164440656753,69.29437240223525],[-148.71177372049806,69.29410039707099],[-148.71190749352968,69.29382839190673],[-148.71218841689605,69.29355638674247],[-148.71231773082658,69.29328884067927],[-148.7124515038582,69.293016835515],[-148.71273242722455,69.29274483035074],[-148.71301335059093,69.29247282518648],[-148.71314712362255,69.29220082002223],[-148.7134280469889,69.29192881485797],[-148.71371342945633,69.2916568096937],[-148.71399435282268,69.29138480452944],[-148.71427527618906,69.29111279936518],[-148.71456065865647,69.29084079420092],[-148.71484158202284,69.29057324813772],[-148.71512250538922,69.29030124297346],[-148.71540788785663,69.2900292378092],[-148.71553720178719,69.28975723264494],[-148.71551490628192,69.28948968658175],[-148.715189391905,69.28922214051852],[-148.71486833662917,69.28895459445532],[-148.71454282225227,69.28869150749317],[-148.714520526747,69.2884195023289],[-148.71480145011336,69.28814749716464],[-148.7152384420166,69.28787549200038],[-148.71567097481878,69.28760348683613],[-148.71595635728622,69.28733148167186],[-148.71608567121675,69.28705947650761],[-148.7162149851473,69.28678747134336],[-148.71634429907786,69.28651992528013],[-148.71647807210945,69.28624792011587],[-148.71660738604,69.28598037405267],[-148.71673669997057,69.28570836888841],[-148.71687047300216,69.28543636372414],[-148.71699978693272,69.28516881766095],[-148.71712910086327,69.28489681249668],[-148.7172584147938,69.28462480733242],[-148.71754379726124,69.28435280216817],[-148.7178247206276,69.2840807970039],[-148.71826171253085,69.28380879183965],[-148.7188503138699,69.28358583678697],[-148.71959498374582,69.28336288173429],[-148.72033519452071,69.28314438578268],[-148.72107986439661,69.28292143073],[-148.72182007517148,69.28269847567734],[-148.72256028594637,69.28242201141202],[-148.72329603762017,69.28214554714671],[-148.72403624839504,69.28186908288139],[-148.72477200006887,69.28159261861607],[-148.72551221084373,69.28131615435076],[-148.72624796251756,69.28103969008545],[-148.72698817329243,69.28076322582014],[-148.7277283840673,69.28054027076746],[-148.72847305394322,69.2803173157148],[-148.7290616552823,69.28009436066212],[-148.73025223526355,69.27975992808311],[-148.73085421390576,69.27970195976941],[-148.73223653523235,69.27984911010418],[-148.73300350061353,69.27994721032735],[-148.73376154779262,69.27993829212527],[-148.7345195949717,69.27988032381155],[-148.73526426484761,69.27971087797152],[-148.73600893472354,69.2795414321315],[-148.73676252280157,69.27942549550411],[-148.73751165177856,69.27930955887672]]},"id":"001200000000000011d6","properties":{"dist_out":136456.15795839278,"edit_flag":"NaN","facc":6094.648029214845,"grod_id":0,"hfalls_id":0,"lakeflag":0,"max_width":1224.0,"n_chan_max":7,"n_chan_mod":2,"n_nodes":56,"n_rch_dn":1,"n_rch_up":1,"obstr_type":0,"rch_id_dn":"81390400061","rch_id_up":"81390400081","reach_id":81390400071,"reach_len":11127.101380038286,"river_name":"Sagavanirktok River","slope":2.97237618491542,"swot_obs":6,"swot_orbit":"24  52 265 293 330 571","trib_flag":0,"type":1,"width":147.0,"width_var":16501.725112000273,"wse":222.20001220703125,"wse_var":93.0100749095535,"x":-148.71160225738885,"y":69.32214194919446}},{"type":"Feature","geometry":{"type":"LineString","coordinates":[[-148.6361696621369,69.65813694797326],[-148.63583968865893,69.65786940191005],[-148.63566578371785,69.65760185584685],[-148.6354874196757,69.65733430978364],[-148.63531351473463,69.65706676372044],[-148.63513960979355,69.65679921765722],[-148.6349612457514,69.65653167159402],[-148.63478734081033,69.65626412553081],[-148.63445736733237,69.65600103856866],[-148.6341273938544,69.65573349250545],[-148.63395348891333,69.65546594644225],[-148.63362351543537,69.65519840037904],[-148.6332935419574,69.65493531341689],[-148.63311963701634,69.65466776735369],[-148.63278966353838,69.65440022129047],[-148.63230362152356,69.65413713432832],[-148.63181757950875,69.65386958826511],[-148.6311799280581,69.65360650130296],[-148.63054227660746,69.65334341434081],[-148.6299046251568,69.65308032737866],[-148.62941858314198,69.6528172404165],[-148.62893254112714,69.65255415345435],[-148.6284509582134,69.65228660739115],[-148.62796491619855,69.65202352042898],[-148.62748333328477,69.65176043346683],[-148.62699729126996,69.65149288740362],[-148.62651124925515,69.65122980044147],[-148.62602966634137,69.65096671347932],[-148.6253920148907,69.65070362651717],[-148.6249059728759,69.65043608045394],[-148.62457599939793,69.65017299349181],[-148.62440209445688,69.6499054474286],[-148.6243797989516,69.64963344226435],[-148.6245135719832,69.64936589620113],[-148.6246473450148,69.64909389103687],[-148.62462950861058,69.64882634497367],[-148.62460721310532,69.64855433980941],[-148.6245893767011,69.6482867937462],[-148.62456708119583,69.648019247683],[-148.62454478569057,69.64775170161978],[-148.62452694928635,69.64747969645552],[-148.6245046537811,69.64721215039232],[-148.62448235827583,69.64694460432911],[-148.6244645218716,69.64667259916486],[-148.62444222636634,69.64640505310165],[-148.62457599939793,69.64613304793738],[-148.62470977242955,69.64586550187418],[-148.62484354546115,69.64559349670992],[-148.62497731849274,69.64532149154566],[-148.6252671600612,69.64505394548245],[-148.62540093309283,69.6447819403182],[-148.6256907746613,69.64450993515393],[-148.6259806162298,69.64423792998967],[-148.62642206723407,69.64396592482542],[-148.62655584026567,69.64369391966115],[-148.62668961329726,69.64342191449688],[-148.626667317792,69.6431543684337],[-148.6266494813878,69.64288682237047],[-148.62631950790984,69.64261927630727],[-148.62614560296876,69.64235173024406],[-148.6261233074635,69.64208418418086],[-148.6261010119582,69.64181663811765],[-148.62608317555402,69.64154463295338],[-148.6262169485856,69.64127708689018],[-148.6263507216172,69.64100508172592],[-148.62632842611194,69.64073753566271],[-148.62631058970774,69.64046553049846],[-148.62628829420245,69.64019798443525],[-148.62642206723407,69.63992597927098],[-148.62655584026567,69.63965843320779],[-148.62668961329726,69.63938642804352],[-148.62682338632888,69.63911888198031],[-148.62695715936047,69.63884687681606],[-148.6269348638552,69.63857933075285],[-148.626917027451,69.63830732558858],[-148.62689473194573,69.63803977952539],[-148.62687689554153,69.63777223346219],[-148.62685460003624,69.63750022829791],[-148.62668069509516,69.63723268223471],[-148.62650679015408,69.6369651361715],[-148.62632842611194,69.6366975901083],[-148.62615452117086,69.63643004404508],[-148.6259806162298,69.63616249798189],[-148.6259583207245,69.63589495191867],[-148.62578441578341,69.63562740585547],[-148.62561051084234,69.63535985979226],[-148.6254321468002,69.63509231372905],[-148.62525824185911,69.63482476766585],[-148.62508433691804,69.63455722160263],[-148.62506204141278,69.63428967553943],[-148.62504420500855,69.63402212947622],[-148.6250219095033,69.63375012431196],[-148.62500407309906,69.63348257824876],[-148.62482570905692,69.63321503218555],[-148.62465180411584,69.63294748612235],[-148.62447789917476,69.63267994005913],[-148.62430399423368,69.63241239399593],[-148.62397402075572,69.63214484793272],[-148.62364404727776,69.63188176097057],[-148.62347014233669,69.63161421490736],[-148.62344784683143,69.63134220974311],[-148.6234300104272,69.6310746636799],[-148.6237153928946,69.63080265851563],[-148.62431291243578,69.63053065335137],[-148.62475436344008,69.63025418908606],[-148.62520027354543,69.62998218392181],[-148.62564172454972,69.62971017875755],[-148.62608317555402,69.62943817359329],[-148.6265246265583,69.62916170932797],[-148.62697053666363,69.62888970416371],[-148.62741198766793,69.62861769899945],[-148.62785343867222,69.62834123473414],[-148.6282948896765,69.62806922956987],[-148.62842866270813,69.62780168350668],[-148.62856243573972,69.62752967834241],[-148.6285445993355,69.6272621322792],[-148.62837069439442,69.626994586216],[-148.62804072091646,69.62672704015279],[-148.62786235687432,69.62645949408959],[-148.62768845193324,69.62619194802637],[-148.62735847845528,69.62592440196318],[-148.6271845735142,69.62565685589996],[-148.62701066857312,69.62538930983676],[-148.62668069509516,69.6251262228746],[-148.6263507216172,69.6248586768114],[-148.62617681667612,69.62459113074819],[-148.62584684319816,69.62432358468499],[-148.62551686972023,69.62406049772282],[-148.62534296477912,69.62379295165962],[-148.62516905983804,69.62352540559641],[-148.62483908636008,69.62325785953321],[-148.624665181419,69.62299031347],[-148.62464288591374,69.6227227674068],[-148.62462504950952,69.62245076224254],[-148.6246027540043,69.62218321617932],[-148.62473652703585,69.62191121101506],[-148.62487030006747,69.62164366495186],[-148.62485246366325,69.62137611888865],[-148.62498623669487,69.6211041137244],[-148.62512000972646,69.62083210856014],[-148.62525378275805,69.62056456249692],[-148.6253875557897,69.62029255733266],[-148.62567293825708,69.62002055216841],[-148.6258067112887,69.61974854700415],[-148.6257888748845,69.61948100094094],[-148.62576657937922,69.61921345487774],[-148.62574428387393,69.61894590881452],[-148.62557037893285,69.61867836275133],[-148.62539647399177,69.61841081668811],[-148.6253741784865,69.61813881152386],[-148.6255079515181,69.61787126546066],[-148.62564172454972,69.61759926029639],[-148.62577549758132,69.61732725513212],[-148.6259092706129,69.61705970906891],[-148.62604304364453,69.61678770390466],[-148.6260252072403,69.61652015784145],[-148.62600291173504,69.61624815267719],[-148.62582900679396,69.61598506571504],[-148.62565510185289,69.61571751965182],[-148.62548119691178,69.61544997358862],[-148.62530283286964,69.61518242752541],[-148.62512892792856,69.61491488146221],[-148.62511109152436,69.61464287629795],[-148.62508879601907,69.61437533023475],[-148.6250665005138,69.61410778417154],[-148.6250486641096,69.61383577900727],[-148.62502636860432,69.61356823294408],[-148.62516014163594,69.6132962277798],[-148.62529391466754,69.6130286817166],[-148.62542768769916,69.61275667655234],[-148.62556146073075,69.61248467138809],[-148.62569523376234,69.61221712532488],[-148.62582900679396,69.61194512016063],[-148.6258067112887,69.61167757409743],[-148.6256328063476,69.6114100280342],[-148.6253072919707,69.611142481971],[-148.6248212499559,69.61087939500884],[-148.6240319890694,69.61061630804669],[-148.6232382690819,69.61035768018559],[-148.62244454909438,69.61009459322344],[-148.62181135674481,69.60983150626129],[-148.62117370529415,69.60956841929912],[-148.62068766327934,69.60930087323592],[-148.62035768980138,69.60903778627377],[-148.62003217542448,69.60877024021056],[-148.61970220194652,69.60850269414736],[-148.61952829700544,69.60823514808415],[-148.6191983235275,69.607972061122],[-148.61886835004952,69.60770451505878],[-148.61869444510845,69.60743696899559],[-148.61836447163049,69.60716942293237],[-148.6180389572536,69.60690633597022],[-148.61786059321145,69.60663878990701],[-148.61768668827037,69.60637124384381],[-148.6175127833293,69.6061036977806],[-148.617490487824,69.60583169261633],[-148.6174726514198,69.60556414655314],[-148.61729874647872,69.60529660048992],[-148.61712484153762,69.60502905442672],[-148.6169464774955,69.60476150836351],[-148.6167725725544,69.60449396230031],[-148.61659866761332,69.6042264162371],[-148.61658083120912,69.6039588701739],[-148.61640246716698,69.60369132411068],[-148.6162285622259,69.60342377804749],[-148.61590304784897,69.60315623198427],[-148.61557307437104,69.60289314502212],[-148.61524310089308,69.60262559895891],[-148.615069195952,69.60235805289571],[-148.61473922247404,69.6020905068325],[-148.61456531753296,69.6018229607693],[-148.61439141259186,69.60155541470608],[-148.61421750765078,69.60128786864288],[-148.6140436027097,69.60102032257967],[-148.61386523866756,69.60075277651647],[-148.61369133372648,69.60048523045326],[-148.6135174287854,69.60021768439005],[-148.61334352384432,69.59995013832683],[-148.6131696189032,69.59968259226363],[-148.61299571396214,69.59941504620043],[-148.61282180902106,69.59914750013722],[-148.61264344497891,69.59887995407402],[-148.61231793060202,69.59861686711187],[-148.61183634768824,69.59834932104866],[-148.61135030567343,69.59808623408651],[-148.61071265422277,69.59782314712436],[-148.60992339333632,69.5975600601622],[-148.60928574188569,69.59729697320005],[-148.60864809043503,69.5970338862379],[-148.60816650752125,69.59677079927575],[-148.60783653404332,69.59650325321253],[-148.6076626291022,69.59623570714932],[-148.60748872416113,69.59596816108612],[-148.60731481922005,69.5957006150229],[-148.60714091427897,69.59543306895971],[-148.6069670093379,69.5951655228965],[-148.6067931043968,69.5948979768333],[-148.60646313091885,69.59463488987114],[-148.60628922597775,69.59436734380793],[-148.60611532103667,69.59409979774472],[-148.6057853475587,69.59383225168152],[-148.60545537408078,69.59356470561832],[-148.60528146913967,69.59329715955512],[-148.60495595476277,69.59303407259296],[-148.6046259812848,69.59276652652974],[-148.60445207634373,69.59249898046654],[-148.60427817140265,69.59223143440333],[-148.6039481979247,69.59196388834012],[-148.60377429298362,69.59169634227692],[-148.60360038804254,69.5914287962137],[-148.60342648310146,69.5911612501505],[-148.6030965096235,69.59089816318836],[-148.60292260468242,69.59063061712514],[-148.6025926312045,69.59036307106194],[-148.60211104829068,69.59009552499873],[-148.60147339684005,69.58983243803658],[-148.60084020449045,69.58956935107443],[-148.60004648450294,69.58931072321333],[-148.59925722361646,69.58904763625117],[-148.59846796273,69.58878454928902],[-148.5976742427425,69.58852146232687],[-148.59688498185605,69.58826283446577],[-148.59609572096957,69.58799974750362],[-148.59530646008312,69.58773666054145],[-148.59466880863246,69.5874735735793],[-148.5941872257187,69.58721048661715],[-148.59370564280493,69.58694294055394],[-148.59322405989116,69.58673336280444],[-148.59274693607844,69.58652378505492],[-148.59211374372885,69.58631420730542],[-148.59132894194346,69.58610462955589],[-148.590539681057,69.58589951090744],[-148.58975042017053,69.58563642394529],[-148.58896115928408,69.58537333698312],[-148.5881718983976,69.58511025002097],[-148.58753424694697,69.58484716305883],[-148.5868965954963,69.58458407609668],[-148.58641501258253,69.58432098913453],[-148.58608949820564,69.58405344307131],[-148.5857595247277,69.5837858970081],[-148.58542955124975,69.58352281004595],[-148.58510403687285,69.58325526398275],[-148.5847740633949,69.58298771791954],[-148.5842924804811,69.58272463095739],[-148.58381089756733,69.58246154399524],[-148.5831732461167,69.58219845703307],[-148.5825400537671,69.58193537007092],[-148.58175079288065,69.58167228310877],[-148.58095707289314,69.58140919614662],[-148.58032388054357,69.58114610918446],[-148.57968622909289,69.58088302222231],[-148.57920464617914,69.58061993526016],[-148.57887467270118,69.58035238919695],[-148.57854915832428,69.58008484313375],[-148.5780675754105,69.5798217561716],[-148.57773760193254,69.57955421010838],[-148.57725601901876,69.57929112314623],[-148.576774436105,69.57902357708302],[-148.57629285319123,69.57876049012087],[-148.57596287971327,69.57849294405766],[-148.57563736533638,69.57822985709551],[-148.5754634603953,69.57796231103231],[-148.57513348691734,69.5776947649691],[-148.57495958197626,69.5774272189059],[-148.57478567703515,69.57715967284268],[-148.57446016265826,69.57689212677948],[-148.5741301891803,69.57662903981732],[-148.57395628423922,69.57636149375412],[-148.57363076986232,69.57609394769091],[-148.57330079638436,69.57582640162771],[-148.57312689144328,69.5755588555645],[-148.5729529865022,69.5752913095013],[-148.5726274721253,69.57502376343808],[-148.5724535671842,69.57475621737488],[-148.57227966224312,69.57448867131167],[-148.57210575730204,69.57422112524846],[-148.57193185236096,69.57395357918526],[-148.57175794741988,69.57368603312204],[-148.57158404247878,69.57341848705885],[-148.57125852810188,69.5731554000967],[-148.57092855462392,69.57288785403348],[-148.57044697171017,69.57262476707133],[-148.57012145733324,69.57235722100812],[-148.56963541531843,69.57209413404597],[-148.56930990094153,69.57182658798277],[-148.56882831802776,69.5715635010206],[-148.5684983445498,69.5712959549574],[-148.56801676163604,69.57103286799526],[-148.56769124725912,69.57076532193204],[-148.56720966434537,69.57049777586883],[-148.5668796908674,69.57023468890668],[-148.5665541764905,69.56996714284348],[-148.5662286621136,69.56969959678027],[-148.56589868863566,69.56943650981812],[-148.56572478369455,69.5691689637549],[-148.56539926931765,69.5689014176917],[-148.5650692958397,69.56863387162849],[-148.5648953908986,69.5683663255653],[-148.56472148595753,69.56809877950208],[-148.56454758101646,69.56783123343888],[-148.56452974461223,69.56756368737567],[-148.56450744910697,69.56729614131247],[-148.56448961270274,69.5670241361482],[-148.56447177629855,69.56675659008499],[-148.56429787135747,69.5664890440218],[-148.56412396641636,69.56622149795858],[-148.56395006147528,69.56595395189538],[-148.5637761565342,69.56568640583217],[-148.56344618305624,69.56541885976897],[-148.56327673721623,69.56515131370575],[-148.56310283227512,69.56488376764254],[-148.56292892733404,69.56461622157934],[-148.56275502239296,69.56434867551613],[-148.56258111745188,69.56408112945293],[-148.5624072125108,69.56381358338972],[-148.5622333075697,69.56354603732652],[-148.5622154711655,69.5632784912633],[-148.56204156622442,69.5630109452001],[-148.56186766128332,69.56274339913689],[-148.56184536577805,69.56247585307369],[-148.56167146083698,69.56220830701048],[-148.5611898779232,69.56194076094728],[-148.5608643635463,69.56167767398512],[-148.56069045860522,69.56141012792192],[-148.56020887569144,69.5611425818587],[-148.55972729277767,69.56087949489655],[-148.55924570986392,69.56061194883335],[-148.55861251751432,69.56034886187119],[-148.55797486606366,69.56008577490904],[-148.5573416737141,69.55982268794689],[-148.55670402226343,69.55955960098473],[-148.55622689845072,69.55929651402258],[-148.55589692497276,69.55902896795938],[-148.555415342059,69.55876588099721],[-148.55493375914523,69.55849833493401],[-148.55445217623145,69.55823524797187],[-148.5539705933177,69.55796770190865],[-148.55333740096808,69.5577046149465],[-148.55285581805433,69.55744152798435],[-148.5525303036774,69.55717398192114],[-148.55220033019947,69.55691089495899],[-148.55187481582254,69.55664334889578],[-148.55170091088146,69.55637580283258],[-148.55137539650457,69.55610825676936],[-148.5510454230266,69.55584516980721],[-148.55087151808556,69.555577623744],[-148.5507020722455,69.5553100776808],[-148.55037209876755,69.55504253161759],[-148.55019819382647,69.55477498555439],[-148.55002428888537,69.55450743949118],[-148.54969877450847,69.55423989342798],[-148.54937326013157,69.55397234736476],[-148.5491993551905,69.55370480130156],[-148.54902545024942,69.55343725523836],[-148.5486999358725,69.5531741682762],[-148.54836996239456,69.55290662221299],[-148.54788837948078,69.55264353525084],[-148.54725518713119,69.5523804482887],[-148.54646592624474,69.55211736132654],[-148.54567666535826,69.55185427436437],[-148.5448874044718,69.55159118740224],[-148.54409814358536,69.55132810044007],[-148.54331334179994,69.55106947257897],[-148.5425240809135,69.55080638561682],[-148.54173482002702,69.55054329865466],[-148.54094555914057,69.55028021169251],[-148.54031236679097,69.55001712473036],[-148.5396791744414,69.54975403776821],[-148.53904152299074,69.54949095080605],[-148.53855994007696,69.5492278638439],[-148.53808281626425,69.5489603177807],[-148.53760123335047,69.54869723081853],[-148.5371196504367,69.54842968475533],[-148.5367941360598,69.54816659779318],[-148.53631255314602,69.54789905172997],[-148.5359825796681,69.54763596476784],[-148.53565706529116,69.54736841870461],[-148.53548316035008,69.54710087264141],[-148.535309255409,69.5468333265782],[-148.53513980956896,69.546565780515],[-148.53496590462788,69.54629823445178],[-148.5347919996868,69.54603068838858],[-148.53461809474572,69.54576314232537],[-148.53429258036883,69.54549559626217],[-148.53411867542775,69.54522805019896],[-148.53394477048664,69.54496050413576],[-148.53361925610974,69.54469295807255],[-148.53329374173285,69.5444298711104],[-148.53311983679177,69.54416232504718],[-148.53294593185072,69.54389477898398],[-148.53277202690958,69.54362723292077],[-148.5327541905054,69.5433552277565],[-148.53273635410116,69.54308768169331],[-148.5327140585959,69.5428201356301],[-148.5326962221917,69.54254813046583],[-148.53267838578748,69.54228058440263],[-148.53265609028222,69.54201303833942],[-148.53248664444217,69.54174549227622],[-148.5323127395011,69.541477946213],[-148.53213883456002,69.54121040014981],[-148.5319649296189,69.5409428540866],[-148.53179102467783,69.5406753080234],[-148.53177318827363,69.54040330285913],[-148.5317553518694,69.54013575679592],[-148.53173305636415,69.53986821073272],[-148.53171521995992,69.53959620556846],[-148.53169738355572,69.53932865950524],[-148.53167508805043,69.53906111344205],[-148.53165725164624,69.53879356737883],[-148.531639415242,69.53852156221457],[-148.53161711973675,69.53825401615137],[-148.53159928333253,69.53798647008816],[-148.53158144692833,69.53771446492391],[-148.53140754198725,69.5374469188607],[-148.53123363704614,69.53717937279748],[-148.53090812266925,69.53691628583533],[-148.5304265397555,69.53664873977213],[-148.52994495684172,69.53638565280997],[-148.52961944246482,69.53611810674677],[-148.5292939280879,69.53585056068356],[-148.52912002314682,69.53558301462036],[-148.52910218674262,69.53531546855714],[-148.5290843503384,69.53504792249394],[-148.52906205483316,69.53477591732968],[-148.5290442184289,69.53450837126647],[-148.5290263820247,69.53424082520327],[-148.52900408651945,69.53396882003901],[-148.52913785955104,69.5337012739758],[-148.5292760916837,69.53342926881155],[-148.5294098647153,69.53316172274833],[-148.5295436377469,69.53288971758407],[-148.5296774107785,69.53261771241982],[-148.52965957437428,69.53235016635662],[-148.52963727886902,69.5320826202934],[-148.52961944246482,69.53181061512915],[-148.5296016060606,69.53154306906593],[-148.52958376965637,69.53127552300272],[-148.5295614741511,69.53100351783847],[-148.5295436377469,69.53073597177526],[-148.5295258013427,69.53046842571206],[-148.52950350583743,69.53020087964885],[-148.5294856694332,69.52992887448458],[-148.529467833029,69.52966132842138],[-148.5294455375237,69.52939378235817],[-148.52942770111952,69.52912177719391],[-148.5294098647153,69.52885423113071],[-148.52938756921003,69.5285866850675],[-148.5293697328058,69.52831467990323],[-148.5293518964016,69.52804713384003],[-148.52933405999738,69.5277795877768],[-148.52931176449212,69.52750758261256],[-148.5294455375237,69.52724003654936],[-148.52958376965637,69.5269680313851],[-148.529717542688,69.5267004853219],[-148.52985131571958,69.52642848015763],[-148.5299850887512,69.52615647499337],[-148.5301188617828,69.52588892893016],[-148.5302526348144,69.52561692376591],[-148.530386407846,69.5253493777027],[-148.53052463997867,69.52507737253843],[-148.53081002244608,69.52480536737417],[-148.53094379547767,69.52453336220992],[-148.5310775685093,69.52426581614671],[-148.5313674100778,69.52399381098245],[-148.53165725164624,69.52372180581818],[-148.53179102467783,69.52344980065394],[-148.53207640714527,69.52317779548967],[-148.53236624871374,69.52291024942646],[-148.53250002174534,69.5226382442622],[-148.53263379477693,69.52236623909793],[-148.53276756780855,69.52209869303474],[-148.53290134084014,69.52182668787047],[-148.5330395729728,69.52155468270621],[-148.53301727746754,69.52128713664301],[-148.53284337252646,69.52101959057981],[-148.53251785814956,69.52075204451661],[-148.53188466579996,69.52048895755443],[-148.53109986401455,69.52023032969333],[-148.5303106031281,69.5199672427312],[-148.5295258013427,69.51970415576903],[-148.52873654045624,69.51944106880688],[-148.52794727956976,69.51917798184473],[-148.5273140872202,69.51891489488257],[-148.5266808948706,69.51865180792042],[-148.526047702521,69.51838872095827],[-148.5254145101714,69.51812563399612],[-148.52478131782183,69.51786254703396],[-148.52414812547224,69.5175994600718],[-148.52382261109534,69.51733191400861],[-148.52364870615423,69.5170643679454],[-148.52363086975004,69.51679682188218],[-148.52376464278163,69.51652481671793],[-148.52389841581325,69.51625281155367],[-148.52388057940902,69.51598526549046],[-148.5238627430048,69.51571771942726],[-148.52384044749954,69.515445714263],[-148.52382261109534,69.51517816819978],[-148.52380477469111,69.51491062213658],[-148.52363086975004,69.51464307607337],[-148.523456964809,69.51437553001017],[-148.52328305986785,69.51410798394696],[-148.52311361402784,69.51384043788376],[-148.52293970908676,69.51357289182054],[-148.52292187268253,69.51330088665628],[-148.52274796774145,69.51303334059308],[-148.52257406280037,69.51276579452987],[-148.52240461696033,69.51249824846667],[-148.52223071201925,69.51223070240346],[-148.52205680707817,69.51196315634026],[-148.5218829021371,69.51169561027704],[-148.52171345629705,69.51142806421385],[-148.52153955135597,69.51116051815063],[-148.52121403697907,69.51089743118848],[-148.52088852260215,69.51062988512527],[-148.52071461766107,69.51036233906207],[-148.52054071272,69.51009479299886],[-148.5202151983431,69.50982724693566],[-148.52004129340202,69.50955970087244],[-148.51987184756197,69.50929215480924],[-148.51954633318508,69.50902460874603],[-148.51921635970712,69.5087615217839],[-148.5190469138671,69.50849397572067],[-148.518873008926,69.50822642965747],[-148.51869910398491,69.50795888359426],[-148.51883287701654,69.50768687843],[-148.5189711091492,69.5074193323668],[-148.51910488218078,69.50714732720253],[-148.5193902646482,69.50687532203827],[-148.51968010621667,69.506603316874],[-148.5198138792483,69.50633131170974],[-148.51994765227988,69.50606376564654],[-148.52008142531147,69.50579176048228],[-148.52006358890728,69.50552421441908],[-148.5198896839662,69.50525666835587],[-148.51972023812615,69.50498912229266],[-148.51954633318508,69.50472157622946],[-148.51937242824403,69.50445403016624],[-148.5190469138671,69.50418648410304],[-148.51872139949018,69.50391893803983],[-148.5183958851133,69.50365585107768],[-148.5179143021995,69.50338830501448],[-148.51728110984993,69.50312521805232],[-148.51664791750034,69.50286213109017],[-148.51617079368762,69.50259904412802],[-148.51553760133802,69.50233595716587],[-148.51490440898846,69.50206841110266],[-148.51427121663886,69.5018053241405],[-148.51363802428926,69.50154223717836],[-148.51285322250385,69.50127915021619],[-148.51206842071844,69.50107403156774],[-148.51128807803408,69.50086445381822],[-148.51050773534973,69.50070838528136],[-148.50973185176645,69.50055231674449],[-148.5089604272842,69.50050772573395],[-148.50817116639777,69.50024463877179],[-148.50738636461236,69.49998155180964]]},"id":"00120000000000001206","properties":{"dist_out":104915.78520580207,"edit_flag":"NaN","facc":11849.473443296947,"grod_id":0,"hfalls_id":0,"lakeflag":0,"max_width":2150.0,"n_chan_max":7,"n_chan_mod":2,"n_nodes":96,"n_rch_dn":1,"n_rch_up":1,"obstr_type":0,"rch_id_dn":"81390400031","rch_id_up":"81390400051","reach_id":81390400041,"reach_len":19275.952318952877,"river_name":"Sagavanirktok River","slope":2.065927567054974,"swot_obs":7,"swot_orbit":"15  24 265 293 302 330 571","trib_flag":0,"type":1,"width":262.0,"width_var":5991.370078450045,"wse":141.4499969482422,"wse_var":134.515698235908,"x":-148.57848301360835,"y":69.5787523505991}},{"type":"Feature","geometry":{"type":"LineString","coordinates":[[-148.67641304914426,69.96212278498878],[-148.67715771902016,69.9615743155592],[-148.67717555542438,69.96184632072347],[-148.6779603572098,69.96183740252135],[-148.67874069989415,69.96177497510661],[-148.6795210425785,69.96171254769186],[-148.68030138526285,69.96165457937816],[-148.6810817279472,69.96159215196342],[-148.68186207063158,69.96152972454867],[-148.6826424133159,69.96147175623497],[-148.68341829689922,69.96140932882022],[-148.68419863958357,69.96134690140548],[-148.68497898226792,69.96128447399073],[-148.68575932495227,69.96122650567703],[-148.68653966763662,69.96116407826229],[-148.68732001032097,69.96110165084754],[-148.68810035300532,69.96103922343279],[-148.68888069568968,69.9609812551191],[-148.68965212017193,69.9608653184917],[-148.69043246285628,69.96080289107695],[-148.69121280554063,69.9607404636622],[-148.69199314822498,69.96068249534851],[-148.69277349090933,69.96062006793376],[-148.69355829269475,69.96061114973166],[-148.69434309448016,69.9606066906306],[-148.6951234371645,69.96054426321585],[-148.69589486164676,69.96042832658847],[-148.69651021759213,69.96026333984949],[-148.69712111443644,69.96004038479681],[-148.69757148364286,69.95976837963256],[-148.69786132521133,69.95949637446829],[-148.69799509824293,69.95922436930404],[-148.69812887127452,69.95895236413978],[-148.6982671034072,69.95868481807656],[-148.6984008764388,69.9584128129123],[-148.6985346494704,69.9581452668491],[-148.69867288160304,69.95787326168484],[-148.69880665463467,69.95760125652058],[-148.69878435912938,69.95733371045738],[-148.69876206362412,69.95706616439416],[-148.6988958366557,69.9567941592299],[-148.69903406878836,69.95652215406565],[-148.69932391035684,69.95625014890139],[-148.6996137519253,69.95597814373713],[-148.69990805259485,69.95570613857286],[-148.70019789416332,69.9554341334086],[-148.70033166719492,69.9551665873454],[-148.70031383079072,69.95489904128219],[-148.70029153528546,69.95462703611794],[-148.70026923978017,69.95435949005474],[-148.70009087573806,69.95409194399151],[-148.70006858023277,69.95382439792832],[-148.69989021619065,69.9535568518651],[-148.6997118521485,69.9532893058019],[-148.69953348810637,69.95302175973869],[-148.69935512406423,69.95275421367549],[-148.69901623238417,69.95248666761228],[-148.69883786834203,69.95221912154906],[-148.6986595042999,69.95195157548586],[-148.69848114025774,69.95168402942265],[-148.6983027762156,69.95141648335945],[-148.69828048071034,69.95114893729624],[-148.69825818520508,69.95088139123304],[-148.69823588969982,69.95060938606878],[-148.6982180532956,69.95034184000556],[-148.69819575779033,69.95007429394238],[-148.69817346228507,69.9498022887781],[-148.6981511667798,69.9495347427149],[-148.69812887127452,69.94926719665169],[-148.69810657576926,69.94899965058848],[-148.698084280264,69.94872764542423],[-148.69806198475874,69.94846009936101],[-148.69803968925345,69.94819255329782],[-148.6981779213861,69.94792054813355],[-148.69831169441773,69.94764854296929],[-148.69844546744932,69.94738099690609],[-148.69857924048094,69.94710899174183],[-148.69871747261362,69.94683698657757],[-148.6988512456452,69.94656944051435],[-148.69898501867678,69.94629743535009],[-148.69911879170843,69.94602988928689],[-148.69925702384106,69.94575788412263],[-148.69939079687265,69.94548587895837],[-148.6993685013674,69.94521833289517],[-148.69934620586213,69.94495078683195],[-148.69932391035684,69.9446787816677],[-148.69930161485158,69.9444112356045],[-148.69927931934632,69.94414368954128],[-148.6992614829421,69.94387168437702],[-148.69923918743683,69.94360413831382],[-148.69921689193157,69.9433365922506],[-148.69903852788943,69.9430690461874],[-148.6988601638473,69.94280150012419],[-148.69868179980514,69.94253395406099],[-148.69834290812508,69.94226640799778],[-148.6980084755461,69.94200332103563],[-148.6976740429671,69.94173577497241],[-148.6973396103881,69.94146822890922],[-148.69700517780905,69.94120514194707],[-148.69682681376693,69.94093759588385],[-148.6964923811879,69.94067004982064],[-148.69615348950788,69.94040696285849],[-148.69581905692888,69.94013941679529],[-148.69532855581298,69.93987632983313],[-148.69483805469707,69.93960878376993],[-148.69434309448016,69.93934569680778],[-148.69400866190114,69.93907815074458],[-148.69351816078526,69.93881506378241],[-148.69318372820626,69.9385475177192],[-148.6926932270904,69.93828443075705],[-148.69235879451136,69.93801688469385],[-148.69186383429442,69.93775379773169],[-148.69152940171543,69.93749071076954],[-148.6913510376733,69.93722316470634],[-148.6914848107049,69.93695115954208],[-148.69162304283756,69.93667915437781],[-148.6920689529429,69.93640714921355],[-148.69251932214928,69.93613514404929],[-148.69296523225464,69.93585867978398],[-148.69341560146103,69.93558667461973],[-148.69386151156638,69.93531466945545],[-148.69431188077277,69.93503820519014],[-148.69475779087813,69.93476620002588],[-148.69520816008452,69.93449419486163],[-148.695498001653,69.93422218969737],[-148.69594837085938,69.9339501845331],[-148.69623821242786,69.93367817936884],[-148.6966841225332,69.93340171510353],[-148.69697842320275,69.93312970993927],[-148.69742433330808,69.932857704775],[-148.69771863397762,69.93258569961075],[-148.6980084755461,69.93231369444649],[-148.69814224857768,69.93204168928223],[-148.6982760216093,69.93177414321902],[-148.698253726104,69.93150213805477],[-148.69839195823667,69.93123459199157],[-148.69852573126832,69.93096258682729],[-148.6986595042999,69.93069504076409],[-148.6987932773315,69.93042303559983],[-148.69893150946416,69.93015103043557],[-148.69890921395887,69.92988348437235],[-148.6988869184536,69.92961593830915],[-148.69902069148523,69.92934393314489],[-148.69915446451682,69.92907192798063],[-148.69944876518636,69.92879992281638],[-148.6998946752917,69.92852791765212],[-148.70050111303496,69.92825145338679],[-148.70110309167717,69.92797944822254],[-148.70186559795732,69.92770298395722],[-148.70246757659953,69.9274265196919],[-148.7030740143428,69.9271500554266],[-148.70368045208608,69.92687805026233],[-148.7041263621914,69.92660604509808],[-148.70457227229676,69.92632958083276],[-148.70518316914107,69.92611108488114],[-148.70578960688434,69.92588812982848],[-148.7062444351918,69.92566963387685],[-148.70685087293506,69.92544667882419],[-148.70730570124252,69.92522818287256],[-148.70775161134787,69.9249561777083],[-148.70820198055426,69.92467971344298],[-148.70849182212274,69.92440770827872],[-148.7087816636912,69.92413570311447],[-148.7090715052597,69.92386369795021],[-148.70904920975443,69.923596151887],[-148.7090313733502,69.9233286058238],[-148.70932121491867,69.92305660065954],[-148.7094549879503,69.92278459549527],[-148.70974482951874,69.92251259033101],[-148.71003913018828,69.92224058516675],[-148.71032897175675,69.9219685800025],[-148.71046274478837,69.92170103393929],[-148.71075258635685,69.92142902877502],[-148.71104688702638,69.92115702361077],[-148.7114927971317,69.92088055934545],[-148.71178263870019,69.92060855418119],[-148.7122330079066,69.92033654901694],[-148.71252284947505,69.92006454385267],[-148.71265662250664,69.91979253868841],[-148.71294646407512,69.91952053352415],[-148.71324076474465,69.91924852835989],[-148.71353060631313,69.91897652319562],[-148.7138204478816,69.91870451803138],[-148.71411028945008,69.91843251286711],[-148.71440459011964,69.91816050770285],[-148.7146944316881,69.91788850253859],[-148.71498427325656,69.91761649737433],[-148.71527857392607,69.91734895131113],[-148.71572448403145,69.91707248704581],[-148.7160143255999,69.91680048188155],[-148.71630416716837,69.91652847671729],[-148.71644239930103,69.91626093065408],[-148.7167322408695,69.91598892548983],[-148.7168660139011,69.91571692032556],[-148.71699978693272,69.9154449151613],[-148.7171335599643,69.91517736909809],[-148.71726733299593,69.91490536393384],[-148.7174055651286,69.91463335876958],[-148.7173832696233,69.91436581270636],[-148.71720490558116,69.91409826664317],[-148.7168660139011,69.91383072057995],[-148.7165315813221,69.9135676336178],[-148.71604108020622,69.91330454665565],[-148.71555057909035,69.91303700059244],[-148.71521614651132,69.91277391363029],[-148.71488171393233,69.91250636756708],[-148.7145472813533,69.91223882150388],[-148.71420838967325,69.91197573454173],[-148.7140300256311,69.91170818847851],[-148.7136955930521,69.91144064241531],[-148.71351722900997,69.9111730963521],[-148.71333886496782,69.91090555028889],[-148.71300443238883,69.91064246332674],[-148.7126699998098,69.91037491726354],[-148.7124916357677,69.91010737120033],[-148.71215720318867,69.90983982513713],[-148.7116667020728,69.90957673817496],[-148.71148833803065,69.90930919211176],[-148.7114660425254,69.90904164604855],[-148.71144374702013,69.90877409998535],[-148.7117335885886,69.90850209482109],[-148.71234002633187,69.90822563055578],[-148.7127859364372,69.90795362539151],[-148.71323184654256,69.90767716112619],[-148.71383828428583,69.90740515596194],[-148.71428419439115,69.90712869169663],[-148.7147301044965,69.90685668653238],[-148.71533654223978,69.90658022226705],[-148.7157824523451,69.90630821710279],[-148.71622836245047,69.90603621193853],[-148.71683480019374,69.90575974767322],[-148.71743677883597,69.9054832834079],[-148.7178826889413,69.90521127824366],[-148.7183330581477,69.90493927307938],[-148.7186228997162,69.90466726791513],[-148.71891274128464,69.90439526275087],[-148.71904651431623,69.9041232575866],[-148.71918028734785,69.90385125242234],[-148.71947012891633,69.90358370635914],[-148.71976442958584,69.90331170119488],[-148.7200542711543,69.90303969603062],[-148.72050018125967,69.9027632317653],[-148.72110215990187,69.90249122660104],[-148.72155252910827,69.90221476233573],[-148.7221545077505,69.90194275717147],[-148.72260041785583,69.90166629290616],[-148.72289471852537,69.9013942877419],[-148.72318456009384,69.90112228257763],[-148.72347440166232,69.90085027741337],[-148.7236081746939,69.90058273135017],[-148.72389801626238,69.90031072618591],[-148.72418785783086,69.90003872102164],[-148.7244821585004,69.89976671585738],[-148.72477200006887,69.89949471069313],[-148.72506184163734,69.89922270552887],[-148.72535168320582,69.89895070036461],[-148.7256415247743,69.89867869520035],[-148.72593136634276,69.89840669003608],[-148.7262256670123,69.89813468487182],[-148.72667157711763,69.89785822060651],[-148.7269614186861,69.89758621544225],[-148.72725126025458,69.897314210278],[-148.72754110182305,69.89704220511373],[-148.72783094339152,69.89677019994947],[-148.72796917552418,69.89650265388626],[-148.72825901709265,69.89623064872201],[-148.72854885866113,69.89595864355775],[-148.72868263169275,69.89568663839349],[-148.72881640472434,69.89541909233027],[-148.72895017775593,69.89514708716602],[-148.72892788225067,69.89487954110281],[-148.7289055867454,69.89460753593855],[-148.72872722270327,69.89433998987535],[-148.72854885866113,69.89407244381214],[-148.72837049461899,69.89380489774894],[-148.72819213057687,69.89353735168572],[-148.72801376653473,69.89327426472357],[-148.72799147102947,69.89300225955931],[-148.72812524406106,69.8927347134961],[-148.72825901709265,69.89246270833185],[-148.72839279012427,69.89219070316759],[-148.72852656315587,69.89192315710437],[-148.72866479528852,69.89165115194012],[-148.72864249978326,69.89138360587691],[-148.728620204278,69.89111160071265],[-148.7287539773096,69.89084405464943],[-148.7288877503412,69.89057204948519],[-148.72917759190966,69.89030004432092],[-148.72962350201504,69.89002803915666],[-148.73006941212037,69.88975157489135],[-148.7305153222257,69.88947956972709],[-148.73112175996897,69.88920310546177],[-148.73156767007433,69.88893110029751],[-148.73201358017965,69.88865909513325],[-148.7326155588219,69.88838263086794],[-148.73306146892722,69.88811062570367],[-148.7335118381336,69.88783416143836],[-148.73395774823896,69.8875621562741],[-148.73440365834432,69.88729015110985],[-148.73484956844965,69.88701368684453],[-148.735295478555,69.88674168168028],[-148.73574138866036,69.88646967651601],[-148.73618729876569,69.8861932122507],[-148.73648159943522,69.88592120708644],[-148.73661537246684,69.88565366102323],[-148.73674914549844,69.88538165585898],[-148.7365707814563,69.88511410979578],[-148.73639241741415,69.88484656373255],[-148.73605798483513,69.8845834767704],[-148.73571909315507,69.8843159307072],[-148.73538466057607,69.88404838464399],[-148.73505022799705,69.88378529768184],[-148.73471579541805,69.88351775161863],[-148.7345374313759,69.88325020555543],[-148.73420299879692,69.88298711859326],[-148.7338685662179,69.88271957253006],[-148.7335341336389,69.88245202646685],[-148.73319970105987,69.8821889395047],[-148.732709199944,69.8819213934415],[-148.73221869882812,69.88165830647934],[-148.73172819771224,69.88139521951719],[-148.73139376513325,69.88112767345399],[-148.73105933255422,69.88086458649182],[-148.73088096851208,69.88059704042863],[-148.73085867300682,69.88032503526436],[-148.73083637750156,69.88005748920115],[-148.7308140819963,69.87978994313795],[-148.730791786491,69.87952239707474],[-148.73076949098575,69.87925039191049],[-148.7307471954805,69.87898284584728],[-148.73072489997523,69.87871529978406],[-148.73070260446994,69.87844329461981],[-148.73052424042783,69.8781757485566],[-148.73034587638568,69.8779082024934],[-148.73016751234354,69.87764065643019],[-148.7299891483014,69.87737311036697],[-148.72981078425926,69.87711002340482],[-148.729788488754,69.87683801824056],[-148.72976619324874,69.87657047217736],[-148.72974389774345,69.87630292611415],[-148.72956553370133,69.87603538005095],[-148.72923110112234,69.87576783398774],[-148.72889666854334,69.87550028792454],[-148.72840616742744,69.87523720096237],[-148.72791566631156,69.87497411400022],[-148.72742516519565,69.87471102703807],[-148.72693466407978,69.87444348097488],[-148.72660023150078,69.87418039401271],[-148.72642186745864,69.87391284794951],[-148.7262435034165,69.8736453018863],[-148.72622120791124,69.87337329672204],[-148.72635498094283,69.87310575065884],[-148.7263326854376,69.87283374549457],[-148.72615432139543,69.87257065853242],[-148.72597595735328,69.87230311246921],[-148.7257975933112,69.87203556640601],[-148.72577529780588,69.87176356124175],[-148.7255969337638,69.87149601517854],[-148.72557463825848,69.87122846911534],[-148.72555234275322,69.87096092305212],[-148.72553004724796,69.87068891788786],[-148.72519561466893,69.87042583092571],[-148.72501725062682,69.87015828486251],[-148.72483888658468,69.8698907387993],[-148.72466052254254,69.86962319273609],[-148.7243260899635,69.86935564667289],[-148.72430825355931,69.86908810060967],[-148.7244420265909,69.86881609544542],[-148.72441973108567,69.86854854938221],[-148.7242413670435,69.86828100331901],[-148.72406300300136,69.8680134572558],[-148.72357250188549,69.86775037029365],[-148.72276986369587,69.86748728333149],[-148.72196722550626,69.8672286554704],[-148.72116458731662,69.86696556850823],[-148.720361949127,69.86670248154608],[-148.71971537947425,69.86644385368498],[-148.71906880982152,69.86618076672283],[-148.7184222401688,69.86591767976068],[-148.7179317390529,69.86565013369747],[-148.71759730647386,69.86538704673532],[-148.717106805358,69.86511950067211],[-148.71692844131584,69.86485195460891],[-148.71690614581058,69.8645844085457],[-148.71688385030532,69.8643168624825],[-148.71686155480006,69.86404931641928],[-148.71715139636854,69.86377731125502],[-148.71728516940013,69.86350530609077],[-148.7175750109686,69.86323330092651],[-148.718025380175,69.86296129576225],[-148.71847129028035,69.86268483149694],[-148.7189172003857,69.86241282633267],[-148.71936311049103,69.86214082116841],[-148.71980902059641,69.8618643569031],[-148.7202549307017,69.86159235173885],[-148.72070084080707,69.86132034657457],[-148.72083461383866,69.86104834141031],[-148.72112445540714,69.86077633624606],[-148.7214142969756,69.8605043310818],[-148.72154807000723,69.86023232591754],[-148.72168184303882,69.85996477985432],[-148.7219716846073,69.85969277469007],[-148.72210545763892,69.85942076952581],[-148.72224368977157,69.8591532234626],[-148.72237746280317,69.85888121829834],[-148.72251123583476,69.85860921313409],[-148.72280107740323,69.85833720796983],[-148.7230909189717,69.85806520280556],[-148.72306862346645,69.85779765674235],[-148.72320239649807,69.8575256515781],[-148.72349223806657,69.85725364641384],[-148.72346994256125,69.85698610035062],[-148.72360371559287,69.85671409518636],[-148.72389355716135,69.8564420900221],[-148.72402733019297,69.8561745439589],[-148.72400503468768,69.85590253879464],[-148.72413880771927,69.85563499273144],[-148.7242725807509,69.85536298756718],[-148.7242502852456,69.85509544150396],[-148.72422798974037,69.85482789544076],[-148.72420569423508,69.8545558902765],[-148.72418339872982,69.85428834421329],[-148.72400949378874,69.85402079815009],[-148.72398719828345,69.85375325208689],[-148.7239649027782,69.85348124692261],[-148.72394260727293,69.85321370085941],[-148.72407638030452,69.85294169569515],[-148.72421015333614,69.85267414963195],[-148.72434392636774,69.85240214446769],[-148.72447769939933,69.85213013930343],[-148.72461147243095,69.85186259324021],[-148.7245891769257,69.85159504717701],[-148.72441081288355,69.8513275011138],[-148.7242324488414,69.8510599550506],[-148.72405408479926,69.85079240898739],[-148.72387572075712,69.85052486292419],[-148.72354128817813,69.85025731686098],[-148.72351899267284,69.84998977079778],[-148.72349669716758,69.84971776563351],[-148.72347886076338,69.8494502195703],[-148.7234565652581,69.8491826735071],[-148.7235903382897,69.84891066834284],[-148.72356804278445,69.84864312227963],[-148.72354574727916,69.84837557621643],[-148.72367952031078,69.84810357105216],[-148.72381329334237,69.8478315658879],[-148.72394706637397,69.8475640198247],[-148.7240808394056,69.84729201466045],[-148.72421461243718,69.84702000949618],[-148.72419231693192,69.84675246343296],[-148.72417002142666,69.84648491736976],[-148.7241477259214,69.8462129122055],[-148.7241254304161,69.84594536614229],[-148.72410313491085,69.84567782007909],[-148.7240808394056,69.84541027401588],[-148.72405854390033,69.84513826885163],[-148.72403624839504,69.84487072278841],[-148.72401395288978,69.8446031767252],[-148.72399611648558,69.84433117156095],[-148.7239738209803,69.84406362549774],[-148.7241075940119,69.84379162033348],[-148.7242413670435,69.84352407427028],[-148.7243751400751,69.84325206910601],[-148.72466498164357,69.84298006394175],[-148.72495482321207,69.84270805877749],[-148.72524466478052,69.84243605361323],[-148.725534506349,69.84216404844898],[-148.72582434791747,69.84189204328472],[-148.7259581209491,69.8416244972215],[-148.72609189398068,69.84135249205724],[-148.72606959847542,69.84108494599404],[-148.72604730297016,69.84081294082978],[-148.7260250074649,69.84054539476655],[-148.7260027119596,69.84027784870337],[-148.72598041645435,69.8400058435391],[-148.7259581209491,69.8397382974759],[-148.72593582544383,69.83947075141269],[-148.72591352993854,69.83919874624843],[-148.72589123443328,69.83893120018523],[-148.72586893892802,69.83866365412203],[-148.72584664342276,69.83839610805883],[-148.72598041645435,69.83812410289455],[-148.72611418948594,69.83785209773029],[-148.72624796251756,69.83758455166708],[-148.72638173554915,69.83731254650283],[-148.72667157711763,69.83704054133857],[-148.72680535014925,69.8367685361743],[-148.72693912318084,69.83650099011109],[-148.72707289621243,69.83622898494684],[-148.7273627377809,69.83595697978258],[-148.72749651081253,69.83568497461832],[-148.72763028384412,69.8354174285551],[-148.72776405687574,69.83514542339086],[-148.72789782990733,69.83487341822659],[-148.72803160293893,69.83460587216338],[-148.72816537597055,69.83433386699912],[-148.72829914900214,69.83406632093592],[-148.72858899057061,69.83379431577166]]},"id":"001200000000000011d5","properties":{"dist_out":64103.768680994894,"edit_flag":"3","facc":12105.705078125,"grod_id":0,"hfalls_id":0,"lakeflag":0,"max_width":2971.0,"n_chan_max":8,"n_chan_mod":3,"n_nodes":79,"n_rch_dn":2,"n_rch_up":1,"obstr_type":0,"rch_id_dn":"81390500051 81390400331","rch_id_up":"81390400021","reach_id":81390400011,"reach_len":15777.672953768348,"river_name":"Sagavanirktok River","slope":1.623315575197086,"swot_obs":6,"swot_orbit":"15  24 293 302 330 571","trib_flag":0,"type":1,"width":251.0,"width_var":11463.772570145904,"wse":64.70000457763672,"wse_var":57.30103491015796,"x":-148.71472708545912,"y":69.90044348400583}},{"type":"Feature","geometry":{"type":"LineString","coordinates":[[-148.50738636461236,69.49998155180964],[-148.50661939923114,69.49999047001175],[-148.50585243384995,69.4999949291128],[-148.50508546846874,69.50000384731491],[-148.50431850308755,69.50000830641596],[-148.50354707860532,69.49996371540543],[-148.502771195022,69.49986115608121],[-148.50199531143872,69.49975859675698],[-148.5012194278554,69.49960698732116],[-148.50043462607002,69.49939740957164],[-148.49965428338564,69.49918783182213],[-148.49886948160025,69.49897825407261],[-148.49808467981484,69.49871516711046],[-148.49745148746524,69.49845208014831],[-148.49681829511567,69.49818899318616],[-148.4961851027661,69.497925906224],[-148.49570797895336,69.49766281926185],[-148.49523085514065,69.49739527319865],[-148.49459766279105,69.49713218623648],[-148.49396447044145,69.49686909927433],[-148.49363895606456,69.49660155321114],[-148.49315737315078,69.49633846624897],[-148.49283185877388,69.49607092018577],[-148.492506344397,69.49580337412256],[-148.4921808300201,69.49554028716041],[-148.49170370620735,69.49527274109721],[-148.49137819183045,69.495005195034],[-148.49089660891667,69.49474210807185],[-148.49041948510396,69.4944790211097],[-148.48994236129124,69.49421147504648],[-148.48946077837746,69.49394838808433],[-148.48898365456475,69.49368084202112],[-148.48850207165097,69.49341775505897],[-148.48817655727407,69.49315020899576],[-148.48785104289718,69.49288266293256],[-148.48737391908446,69.49261957597042],[-148.48674072673487,69.49235648900824],[-148.4861075343853,69.4920934020461],[-148.48532273259988,69.49183031508396],[-148.48453793081447,69.4915672281218],[-148.48375312902905,69.49130414115963],[-148.48296832724367,69.4910410541975],[-148.48218352545825,69.49077796723533],[-148.48155033310866,69.49051488027318],[-148.48091714075906,69.49025179331102],[-148.4802839484095,69.48998870634888],[-148.4796507560599,69.48972561938672],[-148.47917363224718,69.4894580733235],[-148.47869650843447,69.48919498636135],[-148.4782149255207,69.48893189939922],[-148.4778894111438,69.48866435333599],[-148.47771996530375,69.48839680727279],[-148.47754606036267,69.48812926120958],[-148.47737661452263,69.48786171514638],[-148.47735877811843,69.48758970998212],[-148.47733648261317,69.4873221639189],[-148.47747471474582,69.4870546178557],[-148.47760848777742,69.48678261269144],[-148.4775906513732,69.48651506662824],[-148.477572814969,69.48624306146398],[-148.47739891002792,69.48597551540077],[-148.477073395651,69.48571242843862],[-148.47690394981097,69.4854448823754],[-148.4768816543057,69.48517287721117],[-148.47701988643837,69.48490533114794],[-148.47730526890578,69.48463332598368],[-148.47744350103844,69.48436132081942],[-148.47757727407003,69.48409377475622],[-148.47755943766583,69.48382176959196],[-148.47723392328894,69.48355422352874],[-148.47675234037516,69.48329113656659],[-148.47642682599826,69.4830235905034],[-148.47594970218555,69.48276050354123],[-148.47562418780862,69.48249295747803],[-148.4754547419686,69.48222541141482],[-148.4754369055644,69.48195786535162],[-148.47541461005912,69.4816903192884],[-148.4753967736549,69.48141831412414],[-148.4753789372507,69.48115076806094],[-148.47536110084647,69.48088322199773],[-148.47534326444227,69.48061121683348],[-148.47547703747387,69.48034367077027],[-148.47561081050546,69.480071665606],[-148.47574904263814,69.47979966044174],[-148.47588281566973,69.47953211437854],[-148.47601658870133,69.47926010921428],[-148.47615036173295,69.47899256315107],[-148.47628413476454,69.47872055798682],[-148.47642236689722,69.47844855282256],[-148.47655613992882,69.47818100675934],[-148.4766899129604,69.47790900159508],[-148.47667207655618,69.47764145553188],[-148.476654240152,69.47737390946867],[-148.47663640374776,69.47710190430442],[-148.47661856734356,69.4768343582412],[-148.47644466240246,69.47656681217799],[-148.47642682599826,69.4762992661148],[-148.47625292105718,69.47603172005158],[-148.47592740668026,69.47576417398837],[-148.47575796084024,69.47549662792517],[-148.47574012443602,69.47522908186197],[-148.47541461005912,69.47496153579876],[-148.47524070511804,69.47469398973556],[-148.475071259278,69.47442644367234],[-148.47459413546528,69.47415889760914],[-148.47396094311569,69.47389581064698],[-148.47332775076612,69.47363272368483],[-148.47269901751758,69.47336963672268],[-148.472065825168,69.47310654976053],[-148.47158870135527,69.47283900369732],[-148.47111157754256,69.47257591673517],[-148.47062999462878,69.47230837067195],[-148.47000126138025,69.4720452837098],[-148.46936806903065,69.47178219674765],[-148.46858326724524,69.4715191097855],[-148.46779846545982,69.47125602282334],[-148.46701366367444,69.47099293586119],[-148.46622886188902,69.47073430800009],[-148.4656001286405,69.47046676193689],[-148.4649669362909,69.47020367497473],[-148.4643337439413,69.46994058801258],[-148.46370501069276,69.46967750105043],[-148.4630718183432,69.46941441408828],[-148.46228701655778,69.46915132712611],[-148.46150221477237,69.46888824016396],[-148.46072187208802,69.46867866241445],[-148.45994152940366,69.46846908466495],[-148.4591611867193,69.46826396601648],[-148.458385303136,69.46810789747961],[-148.45760496045165,69.46795182894274],[-148.4568246177673,69.46774225119323],[-148.45620034361983,69.46753267344371],[-148.4555716103713,69.46732309569421],[-148.45509448655858,69.46706000873206],[-148.45476897218165,69.46679246266886],[-148.45444345780476,69.46652491660564],[-148.45396633399204,69.46626182964349],[-148.45348921017933,69.46599428358027],[-148.45285601782973,69.46573119661812],[-148.45207121604435,69.46546810965597],[-148.45128641425893,69.46520502269382],[-148.45050607157458,69.46494193573166],[-148.44972126978917,69.46468330787056],[-148.44893646800375,69.46442022090841],[-148.44815166621837,69.46415713394627],[-148.44736686443295,69.46389404698411],[-148.44658206264754,69.46363096002196],[-148.44579726086212,69.4633678730598],[-148.4451685276136,69.46310478609766],[-148.44453533526402,69.4628416991355],[-148.44390660201546,69.46257861217335],[-148.44342947820275,69.46231106611013],[-148.44310396382585,69.46204352004692],[-148.44293451798583,69.46177597398372],[-148.44276061304473,69.4615084279205],[-148.4425911672047,69.46124088185731],[-148.4422656528278,69.46097779489516],[-148.4417885290151,69.46071024883194],[-148.44100372722968,69.4604471618698],[-148.44021892544427,69.46018407490764],[-148.43943858275992,69.45992098794548],[-148.4386537809745,69.45966236008438],[-148.43786897918912,69.45939927312223],[-148.4370841774037,69.45913618616008],[-148.4362993756183,69.45887309919793],[-148.43551903293394,69.45866352144841],[-148.4347476084517,69.45856096212418],[-148.43397618396943,69.45846286190101],[-148.4332047594872,69.45841381178943],[-148.43243779410602,69.45836476167783],[-148.43166636962377,69.45832017066729],[-148.43089494514152,69.45821761134307],[-148.43011906155823,69.45811505201884],[-148.4293431779749,69.45795898348197],[-148.42857175349266,69.45786088325879],[-148.42779586990937,69.45770481472192],[-148.42701552722502,69.4574952369724],[-148.42623518454067,69.4572856592229],[-148.42545484185632,69.45707608147339],[-148.4246700400709,69.45681299451124],[-148.42388969738656,69.45660787586277],[-148.4231093547022,69.45639829811326],[-148.4223334711189,69.45624222957639],[-148.4215575875356,69.45608616103952],[-148.42078170395231,69.45593009250265],[-148.42000136126794,69.45572497385419],[-148.41922101858358,69.45551539610469],[-148.41859228533505,69.45525230914252],[-148.41811516152234,69.45498476307932],[-148.41763803770962,69.45472167611717],[-148.41731252333273,69.45445413005396],[-148.41714307749268,69.45418658399075],[-148.41681756311579,69.45391903792755],[-148.4164920487389,69.45365149186433],[-148.41632260289884,69.45338394580114],[-148.41615315705883,69.45311639973792],[-148.41597925211775,69.45284885367472],[-148.41596141571353,69.45258130761151],[-148.41579196987348,69.45231376154831],[-148.41562252403347,69.4520462154851],[-148.4154486190924,69.4517786694219],[-148.41512756381653,69.45151112335869],[-148.41480204943963,69.45124357729549],[-148.41447653506273,69.45097603123227],[-148.41415547978687,69.45071294427012],[-148.41382996540997,69.45044539820691],[-148.41366051956996,69.45017785214371],[-148.41349107372992,69.44991030608051],[-148.4134732373257,69.4496427600173],[-148.4134554009215,69.44937075485304],[-148.41343756451727,69.44910320878982],[-148.41341972811307,69.44883566272662],[-148.41340189170884,69.44856365756236],[-148.41338405530465,69.44829611149915],[-148.41336621890045,69.44802856543595],[-148.4133483824962,69.44775656027169],[-148.413330546092,69.44748901420847],[-148.41316110025195,69.44722146814527],[-148.41298719531088,69.44695392208206],[-148.41281774947086,69.44668637601886],[-148.41264830363082,69.44641882995565],[-148.41232278925392,69.44615128389245],[-148.41199727487702,69.44588373782923],[-148.41152461016534,69.44562065086708],[-148.41089141781575,69.44535756390493],[-148.4101110751314,69.44509447694277],[-148.409326273346,69.44483138998062],[-148.40869754009748,69.44456830301847],[-148.40806880684892,69.44430075695526],[-148.40743561449935,69.44403766999311],[-148.4069584906866,69.44377458303096],[-148.40663743541077,69.44350703696774],[-148.40616031159806,69.4432439500056],[-148.40583479722116,69.4429764039424],[-148.4055137419453,69.44270885787918],[-148.4051882275684,69.44244131181598],[-148.4047111037557,69.44217822485382],[-148.40423397994297,69.44191067879062],[-148.40360524669444,69.44164759182847],[-148.40297651344588,69.4413845048663],[-148.4021917116605,69.44112141790416],[-148.40141136897614,69.440858330942],[-148.40062656719073,69.44059524397986],[-148.39984622450638,69.44033215701769],[-148.39906142272096,69.44006907005554],[-148.39828108003664,69.43985949230603],[-148.39750519645332,69.43964991455653],[-148.39672931287,69.43949830512071],[-148.39595342928672,69.43934223658383],[-148.3951775457034,69.43918616804696],[-148.39439720301908,69.43897659029744],[-148.3936168603347,69.43876701254794],[-148.39283651765035,69.43850392558578],[-148.39205171586494,69.43824083862363],[-148.3912713731806,69.43797775166148],[-148.3904865713952,69.43771466469933],[-148.38970622871085,69.43745603683823],[-148.38892142692544,69.43719294987608],[-148.38814108424108,69.43692986291391],[-148.38735628245567,69.43666677595176],[-148.38657593977132,69.43640368898961],[-148.3857911379859,69.43614060202746],[-148.38501079530155,69.4358775150653],[-148.3842304526172,69.43561442810315],[-148.3834456508318,69.435351341141],[-148.38266530814744,69.43508825417885],[-148.38188050636205,69.43482516721669],[-148.3811001636777,69.43456208025454],[-148.3803153618923,69.43429899329239],[-148.37953947830897,69.43408941554287],[-148.37875913562462,69.43387983779336],[-148.37798325204136,69.43372376925649],[-148.37721182755908,69.43362566903332],[-148.37644040307683,69.43352310970909],[-148.37566897859463,69.43342055038485],[-148.37489755411235,69.43337150027327],[-148.3741261296301,69.4332734000501],[-148.37335470514785,69.43317084072586],[-148.3725832806656,69.43306828140163],[-148.37181185618337,69.4329657220774],[-148.37104043170112,69.43286762185423],[-148.37026900721887,69.43276506253],[-148.3694975827366,69.43266250320578],[-148.36873061735542,69.43261345309418],[-148.36795473377214,69.43251535287101],[-148.36718330928989,69.43241279354677],[-148.3664163439087,69.43236374343519],[-148.36564491942644,69.43226118411096],[-148.36486903584316,69.43210511557409],[-148.36409315225984,69.43195350613827],[-148.36331726867655,69.43174392838877],[-148.36253246689114,69.4314808414266],[-148.3617521242068,69.43121775446446],[-148.36097178152244,69.4309546675023],[-148.36018697973702,69.43069158054014],[-148.3594066370527,69.43042849357799],[-148.35862629436832,69.43016540661584],[-148.3578414925829,69.42990231965369],[-148.35706114989856,69.42963923269153],[-148.3562808072142,69.42937614572938],[-148.3554960054288,69.42911305876723],[-148.35471566274444,69.42884997180508],[-148.35393532006012,69.42858688484291],[-148.3531505182747,69.42832379788076],[-148.3523746346914,69.42811422013125],[-148.35159429200704,69.42790464238175],[-148.35081840842375,69.42769506463223],[-148.35004252484043,69.42753899609536],[-148.34926664125715,69.4273829275585],[-148.34849075767383,69.42723131812268],[-148.34771933319158,69.4270752495858],[-148.34694790870935,69.42697269026158],[-148.34617202512604,69.4268166217247],[-148.34539614154275,69.42666055318783],[-148.34462025795943,69.42645097543831],[-148.34384437437615,69.42629490690145],[-148.3430640316918,69.426089788253],[-148.34228814810848,69.42588021050348],[-148.34150780542413,69.42567063275396],[-148.34073192184084,69.42546105500446],[-148.3399515791565,69.4251979680423],[-148.33916677737108,69.42493488108015],[-148.33838643468673,69.424671794118],[-148.33761055110344,69.42446221636848],[-148.3368302084191,69.42425263861897],[-148.33605432483577,69.42404306086947],[-148.33527398215142,69.42383348311996],[-148.33449809856813,69.42367741458308],[-148.33372221498482,69.42346783683357],[-148.33294187230047,69.42325825908405],[-148.33216598871718,69.42304868133455],[-148.33139010513386,69.42283910358503],[-148.3306097624495,69.42262952583552],[-148.32983387886622,69.422419948086],[-148.3290579952829,69.42226833865018],[-148.32828211169962,69.42211227011332],[-148.32751068721737,69.42195620157645],[-148.32673034453302,69.42174662382693],[-148.32595446094973,69.42153704607742],[-148.32517411826538,69.42132746832793],[-148.32439823468206,69.4211178905784],[-148.3236223510988,69.42096182204153],[-148.32284646751546,69.42080575350465],[-148.32207504303324,69.42070319418043],[-148.32130361855098,69.42055158474462],[-148.32053219406873,69.42044902542038],[-148.31976076958648,69.42034646609615],[-148.31898934510423,69.42024390677193],[-148.31821792062203,69.4201413474477],[-148.31744649613975,69.42003878812346],[-148.3166750716575,69.4199406879003],[-148.31590364717525,69.41978461936341],[-148.315132222693,69.41968206003921],[-148.3143563391097,69.41952599150233],[-148.31358491462746,69.41942343217809],[-148.31280903104417,69.41926736364123],[-148.31203760656192,69.41916480431699],[-148.31127064118073,69.41906670409381],[-148.31049921669847,69.41896414476959],[-148.30972779221622,69.41886158544537],[-148.308956367734,69.41875902612112],[-148.30818494325175,69.4186564667969],[-148.30740905966843,69.41850039826004],[-148.3066376351862,69.41840229803685],[-148.30586621070395,69.41829973871262],[-148.30509924532277,69.41825068860103],[-148.3043278208405,69.4181481292768],[-148.30356085545932,69.41809907916522],[-148.30278943097707,69.41799651984098],[-148.30201800649482,69.41789841961781],[-148.30124658201257,69.41774235108095],[-148.30047515753034,69.41763979175673],[-148.29969927394703,69.41748372321985],[-148.29892784946477,69.41738116389561],[-148.29815642498255,69.41722509535875],[-148.2973850005003,69.41712253603451],[-148.29660911691698,69.41696646749764],[-148.29583769243476,69.41681039896078],[-148.29506180885144,69.41665878952496],[-148.29428592526816,69.41650272098808],[-148.29351004168484,69.41629314323858],[-148.29273861720262,69.4161370747017],[-148.2919627336193,69.41598100616483],[-148.291186850036,69.41577142841531],[-148.29040650735166,69.41556185066581],[-148.2896350828694,69.41540578212894],[-148.2888591992861,69.41524971359206],[-148.28808777480387,69.41514715426783],[-148.28732080942265,69.41509810415624],[-148.28655384404146,69.41505351314571],[-148.28578687866028,69.41500446303412],[-148.2850199132791,69.41495541292254],[-148.28424848879683,69.4148528535983],[-148.2834770643146,69.41475029427407],[-148.28270563983236,69.41464773494985],[-148.2819342153501,69.41454963472667],[-148.28116279086785,69.4143935661898],[-148.2803913663856,69.41429100686557],[-148.2796154828023,69.4141349383287],[-148.27884405832006,69.41397886979183],[-148.27806817473677,69.41376929204232],[-148.27728783205242,69.41355971429282],[-148.27650748936807,69.41329662733065],[-148.27572714668372,69.4130335403685]]},"id":"001200000000000011db","properties":{"dist_out":129353.66125762397,"edit_flag":"NaN","facc":5193.16455078125,"grod_id":0,"hfalls_id":0,"lakeflag":0,"max_width":1425.0,"n_chan_max":8,"n_chan_mod":1,"n_nodes":71,"n_rch_dn":1,"n_rch_up":1,"obstr_type":0,"rch_id_dn":"81390400181","rch_id_up":"81390400201","reach_id":81390400191,"reach_len":14246.60959548204,"river_name":"Sagavanirktok River","slope":2.210393175080159,"swot_obs":6,"swot_orbit":"24 265 293 302 330 571","trib_flag":0,"type":1,"width":193.0,"width_var":14607.316065826883,"wse":175.20000457763672,"wse_var":85.49226365419337,"x":-148.40879762293198,"y":69.45283854617364}}]}