{"type": "FeatureCollection", "columns": {"dist_out": "Float", "edit_flag": "String", "facc": "Float", "grod_id": "Long", "hfalls_id": "Long", "lakeflag": "Long", "manual_add": "Long", "max_width": "Float", "meand_len": "Float", "n_chan_max": "Long", "n_chan_mod": "Long", "node_id": "Long", "node_len": "Float", "obstr_type": "Long", "reach_id": "Long", "river_name": "String", "sinuosity": "Float", "system:index": "String", "trib_flag": "Long", "type": "Long", "width": "Float", "width_var": "Float", "wse": "Float", "wse_var": "Float", "x": "Float", "y": "Float"}, "version": 1712899964201020.0, "id": "projects/sat-io/open-datasets/SWORD/nodes_merged", "properties": {"system:asset_size": 1008088564}, "features": [{"type": "Feature", "geometry": {"type": "Point", "coordinates": [-149.136271222584, 64.5282845367649]}, "id": "001800000000000175f7", "properties": {"dist_out": 1688751, "edit_flag": "NaN", "facc": 7064.32275390625, "grod_id": 0, "hfalls_id": 0, "lakeflag": 0, "manual_add": 0, "max_width": 1620, "meand_len": 800.510638827763, "n_chan_max": 3, "n_chan_mod": 2, "node_id": 81246000020011, "node_len": 211.7823523335981, "obstr_type": 0, "reach_id": 81246000021, "river_name": "Nenana River", "sinuosity": 1.075535342795283, "trib_flag": 0, "type": 1, "width": 295, "width_var": 1297.142857142857, "wse": 107.5, "wse_var": 0.030612244897959, "x": -149.1362708803707, "y": 64.52828581847072}}, {"type": "Feature", "geometry": {"type": "Point", "coordinates": [-149.13517428372487, 64.52668371948671]}, "id": "001800000000000175f8", "properties": {"dist_out": 1688927, "edit_flag": "NaN", "facc": 7060.606035089817, "grod_id": 0, "hfalls_id": 0, "lakeflag": 0, "manual_add": 0, "max_width": 129, "meand_len": 782.1366598634704, "n_chan_max": 1, "n_chan_mod": 1, "node_id": 81246000020021, "node_len": 175.68687618660203, "obstr_type": 0, "reach_id": 81246000021, "river_name": "Nenana River", "sinuosity": 1.069728208439628, "trib_flag": 0, "type": 1, "width": 129, "width_var": 2273.04, "wse": 108.10000610351562, "wse_var": 0.042000244148076, "x": -149.13517369208213, "y": 64.52668581050246}}, {"type": "Feature", "geometry": {"type": "Point", "coordinates": [-149.13264597342757, 64.52523897074539]}, "id": "001800000000000175f9", "properties": {"dist_out": 1689150, "edit_flag": "NaN", "facc": 7057.951235935222, "grod_id": 0, "hfalls_id": 0, "lakeflag": 0, "manual_add": 0, "max_width": 138.5, "meand_len": 736.2017124527388, "n_chan_max": 1, "n_chan_mod": 1, "node_id": 81246000020031, "node_len": 223.64641677409355, "obstr_type": 0, "reach_id": 81246000021, "river_name": "Nenana River", "sinuosity": 1.05521037255049, "trib_flag": 0, "type": 1, "width": 138.5, "width_var": 4772, "wse": 109.5999984741211, "wse_var": 0, "x": -149.1326468292947, "y": 64.52524115977711}}, {"type": "Feature", "geometry": {"type": "Point", "coordinates": [-149.1306482961556, 64.52365598987141]}, "id": "001800000000000175fa", "properties": {"dist_out": 1689334, "edit_flag": "NaN", "facc": 7054.7654769497085, "grod_id": 0, "hfalls_id": 0, "lakeflag": 0, "manual_add": 0, "max_width": 284, "meand_len": 1156.3662457844125, "n_chan_max": 2, "n_chan_mod": 1, "node_id": 81246000020041, "node_len": 184.093341660517, "obstr_type": 0, "reach_id": 81246000021, "river_name": "Nenana River", "sinuosity": 1.070376099962373, "trib_flag": 0, "type": 1, "width": 284, "width_var": 1328.6666666666667, "wse": 109.5999984741211, "wse_var": 0.058680831061793, "x": -149.13064691762148, "y": 64.52365419136537}}, {"type": "Feature", "geometry": {"type": "Point", "coordinates": [-149.13096043322935, 64.52203287708797]}, "id": "001800000000000175fb", "properties": {"dist_out": 1689522, "edit_flag": "NaN", "facc": 7051.579717964194, "grod_id": 0, "hfalls_id": 0, "lakeflag": 0, "manual_add": 0, "max_width": 228.5, "meand_len": 2837.0243791111066, "n_chan_max": 2, "n_chan_mod": 1, "node_id": 81246000020051, "node_len": 188.12120161930102, "obstr_type": 0, "reach_id": 81246000021, "river_name": "Nenana River", "sinuosity": 1.131039009609903, "trib_flag": 0, "type": 1, "width": 228.5, "width_var": 618.138888888889, "wse": 110.9000015258789, "wse_var": 0.071459045413778, "x": -149.13095826112044, "y": 64.52203377562184}}, {"type": "Feature", "geometry": {"type": "Point", "coordinates": [-149.13059032784193, 64.52028936857606]}, "id": "001800000000000175fc", "properties": {"dist_out": 1689756, "edit_flag": "NaN", "facc": 7048.3939589786805, "grod_id": 0, "hfalls_id": 0, "lakeflag": 0, "manual_add": 0, "max_width": 202, "meand_len": 2837.0243791111066, "n_chan_max": 1, "n_chan_mod": 1, "node_id": 81246000020061, "node_len": 233.2425368036935, "obstr_type": 0, "reach_id": 81246000021, "river_name": "Nenana River", "sinuosity": 1.131039009609903, "trib_flag": 0, "type": 1, "width": 202, "width_var": 730.8163265306123, "wse": 111.30000305175781, "wse_var": 0.005612151478702, "x": -149.13058993279282, "y": 64.52028853252774}}, {"type": "Feature", "geometry": {"type": "Point", "coordinates": [-149.1285614368626, 64.51856815556944]}, "id": "001800000000000175fd", "properties": {"dist_out": 1689948, "edit_flag": "NaN", "facc": 7044.6772401622475, "grod_id": 0, "hfalls_id": 0, "lakeflag": 0, "manual_add": 0, "max_width": 153, "meand_len": 2837.0243791111066, "n_chan_max": 1, "n_chan_mod": 1, "node_id": 81246000020071, "node_len": 192.51279939683104, "obstr_type": 0, "reach_id": 81246000021, "river_name": "Nenana River", "sinuosity": 1.131039009609903, "trib_flag": 0, "type": 1, "width": 153, "width_var": 198.80555555555557, "wse": 111.4000015258789, "wse_var": 0.000347158646845, "x": -149.12856219340935, "y": 64.51856728191875}}, {"type": "Feature", "geometry": {"type": "Point", "coordinates": [-149.1271657382329, 64.5169717973923]}, "id": "001800000000000175fe", "properties": {"dist_out": 1690151, "edit_flag": "NaN", "facc": 7041.491481176734, "grod_id": 0, "hfalls_id": 0, "lakeflag": 0, "manual_add": 0, "max_width": 108, "meand_len": 2837.0243791111066, "n_chan_max": 1, "n_chan_mod": 1, "node_id": 81246000020081, "node_len": 202.84795867964226, "obstr_type": 0, "reach_id": 81246000021, "river_name": "Nenana River", "sinuosity": 1.131039009609903, "trib_flag": 0, "type": 1, "width": 108, "width_var": 425.13888888888886, "wse": 111.4000015258789, "wse_var": 0.000347158646845, "x": -149.1271666953234, "y": 64.51697153348407}}, {"type": "Feature", "geometry": {"type": "Point", "coordinates": [-149.12499861512092, 64.51552258954993]}, "id": "001800000000000175ff", "properties": {"dist_out": 1690340, "edit_flag": "NaN", "facc": 7038.30572219122, "grod_id": 0, "hfalls_id": 0, "lakeflag": 0, "manual_add": 0, "max_width": 129, "meand_len": 2837.0243791111066, "n_chan_max": 1, "n_chan_mod": 1, "node_id": 81246000020091, "node_len": 189.23533119367903, "obstr_type": 0, "reach_id": 81246000021, "river_name": "Nenana River", "sinuosity": 1.131039009609903, "trib_flag": 0, "type": 1, "width": 129, "width_var": 358.96, "wse": 111.5, "wse_var": 0.000400048829615, "x": -149.12499917296975, "y": 64.51552157478368}}, {"type": "Feature", "geometry": {"type": "Point", "coordinates": [-149.12252381403624, 64.51407784080861]}, "id": "00180000000000017600", "properties": {"dist_out": 1690542, "edit_flag": "NaN", "facc": 7035.6509230366255, "grod_id": 0, "hfalls_id": 0, "lakeflag": 0, "manual_add": 0, "max_width": 160.5, "meand_len": 2837.024379111107, "n_chan_max": 1, "n_chan_mod": 1, "node_id": 81246000020101, "node_len": 201.89010770478762, "obstr_type": 0, "reach_id": 81246000021, "river_name": "Nenana River", "sinuosity": 1.131039009609903, "trib_flag": 0, "type": 1, "width": 160.5, "width_var": 1189.4722222222222, "wse": 111.5, "wse_var": 0, "x": -149.12252383455322, "y": 64.51407602427452}}, {"type": "Feature", "geometry": {"type": "Point", "coordinates": [-149.12050384125902, 64.51249040083358]}, "id": "00180000000000017601", "properties": {"dist_out": 1690753, "edit_flag": "NaN", "facc": 7032.465164051111, "grod_id": 0, "hfalls_id": 0, "lakeflag": 0, "manual_add": 0, "max_width": 264, "meand_len": 2837.024379111107, "n_chan_max": 1, "n_chan_mod": 1, "node_id": 81246000020111, "node_len": 210.67258891669985, "obstr_type": 0, "reach_id": 81246000021, "river_name": "Nenana River", "sinuosity": 1.131039009609903, "trib_flag": 0, "type": 1, "width": 264, "width_var": 1252.2222222222224, "wse": 111.5, "wse_var": 0, "x": -149.12050453562722, "y": 64.51248920868387}}, {"type": "Feature", "geometry": {"type": "Point", "coordinates": [-149.1179487763554, 64.51104565209228]}, "id": "00180000000000017602", "properties": {"dist_out": 1690949, "edit_flag": "NaN", "facc": 7029.2794050655975, "grod_id": 0, "hfalls_id": 0, "lakeflag": 0, "manual_add": 0, "max_width": 190, "meand_len": 2578.137635345629, "n_chan_max": 1, "n_chan_mod": 1, "node_id": 81246000020121, "node_len": 196.10140073840194, "obstr_type": 0, "reach_id": 81246000021, "river_name": "Nenana River", "sinuosity": 1.126625607515702, "trib_flag": 0, "type": 1, "width": 190, "width_var": 176.4, "wse": 111.5, "wse_var": 0, "x": -149.11795062569934, "y": 64.51104471693876}}, {"type": "Feature", "geometry": {"type": "Point", "coordinates": [-149.1153223658349, 64.50973467638256]}, "id": "00180000000000017603", "properties": {"dist_out": 1691131, "edit_flag": "NaN", "facc": 7026.624605911003, "grod_id": 0, "hfalls_id": 0, "lakeflag": 0, "manual_add": 0, "max_width": 175, "meand_len": 1283.7039165182412, "n_chan_max": 2, "n_chan_mod": 1, "node_id": 81246000020131, "node_len": 181.79463400006853, "obstr_type": 0, "reach_id": 81246000021, "river_name": "Nenana River", "sinuosity": 1.104558597044701, "trib_flag": 0, "type": 1, "width": 175, "width_var": 271.44, "wse": 111.5, "wse_var": 0, "x": -149.1153241495803, "y": 64.50973588601067}}, {"type": "Feature", "geometry": {"type": "Point", "coordinates": [-149.1135922346262, 64.50814277730647]}, "id": "00180000000000017604", "properties": {"dist_out": 1691352, "edit_flag": "NaN", "facc": 7023.969806756408, "grod_id": 0, "hfalls_id": 0, "lakeflag": 0, "manual_add": 0, "max_width": 1620, "meand_len": 1283.7039165182412, "n_chan_max": 2, "n_chan_mod": 2, "node_id": 81246000020141, "node_len": 221.3900444095225, "obstr_type": 0, "reach_id": 81246000021, "river_name": "Nenana River", "sinuosity": 1.104558597044701, "trib_flag": 0, "type": 1, "width": 189, "width_var": 539.1428571428571, "wse": 111.5, "wse_var": 0, "x": -149.11359038186427, "y": 64.50814488195725}}, {"type": "Feature", "geometry": {"type": "Point", "coordinates": [-149.11205384476276, 64.50641710519879]}, "id": "00180000000000017605", "properties": {"dist_out": 1691541, "edit_flag": "NaN", "facc": 7020.253087939975, "grod_id": 0, "hfalls_id": 0, "lakeflag": 0, "manual_add": 0, "max_width": 230, "meand_len": 1283.7039165182412, "n_chan_max": 1, "n_chan_mod": 1, "node_id": 81246000020151, "node_len": 188.71532117617016, "obstr_type": 0, "reach_id": 81246000021, "river_name": "Nenana River", "sinuosity": 1.104558597044701, "trib_flag": 0, "type": 1, "width": 230, "width_var": 382.9166666666667, "wse": 111.5, "wse_var": 0, "x": -149.1120551092902, "y": 64.50641635228702}}, {"type": "Feature", "geometry": {"type": "Point", "coordinates": [-149.1115142935353, 64.5048073697185]}, "id": "00180000000000017606", "properties": {"dist_out": 1691729, "edit_flag": "NaN", "facc": 7017.067328954461, "grod_id": 0, "hfalls_id": 0, "lakeflag": 0, "manual_add": 0, "max_width": 293.5, "meand_len": 1332.6186355527436, "n_chan_max": 2, "n_chan_mod": 1, "node_id": 81246000020161, "node_len": 188.4849355264937, "obstr_type": 0, "reach_id": 81246000021, "river_name": "Nenana River", "sinuosity": 1.126777772648986, "trib_flag": 0, "type": 1, "width": 293.5, "width_var": 348.4722222222222, "wse": 111.5, "wse_var": 0, "x": -149.1115142854497, "y": 64.50480820791718}}, {"type": "Feature", "geometry": {"type": "Point", "coordinates": [-149.11350305260513, 64.50334478457297]}, "id": "00180000000000017607", "properties": {"dist_out": 1691930, "edit_flag": "NaN", "facc": 7013.881569968948, "grod_id": 0, "hfalls_id": 0, "lakeflag": 0, "manual_add": 0, "max_width": 256, "meand_len": 1369.30467482862, "n_chan_max": 2, "n_chan_mod": 1, "node_id": 81246000020171, "node_len": 200.84482079483678, "obstr_type": 0, "reach_id": 81246000021, "river_name": "Nenana River", "sinuosity": 1.143442154352199, "trib_flag": 0, "type": 1, "width": 256, "width_var": 861.4722222222223, "wse": 111.5, "wse_var": 0, "x": -149.11350489935128, "y": 64.50334328214349}}, {"type": "Feature", "geometry": {"type": "Point", "coordinates": [-149.11744935703743, 64.50261795110126]}, "id": "00180000000000017608", "properties": {"dist_out": 1692147, "edit_flag": "NaN", "facc": 7010.695810983433, "grod_id": 0, "hfalls_id": 0, "lakeflag": 0, "manual_add": 0, "max_width": 1620, "meand_len": 1369.30467482862, "n_chan_max": 2, "n_chan_mod": 2, "node_id": 81246000020181, "node_len": 217.26502661555105, "obstr_type": 0, "reach_id": 81246000021, "river_name": "Nenana River", "sinuosity": 1.143442154352199, "trib_flag": 0, "type": 1, "width": 214, "width_var": 697.3877551020411, "wse": 111.6500015258789, "wse_var": 0.009183860312653, "x": -149.1174479606457, "y": 64.50261845387892}}, {"type": "Feature", "geometry": {"type": "Point", "coordinates": [-149.1207936828275, 64.50171275358741]}, "id": "00180000000000017609", "properties": {"dist_out": 1692351, "edit_flag": "NaN", "facc": 7006.979092167001, "grod_id": 0, "hfalls_id": 0, "lakeflag": 0, "manual_add": 0, "max_width": 177, "meand_len": 1369.30467482862, "n_chan_max": 1, "n_chan_mod": 1, "node_id": 81246000020191, "node_len": 203.36766617066496, "obstr_type": 0, "reach_id": 81246000021, "river_name": "Nenana River", "sinuosity": 1.143442154352199, "trib_flag": 0, "type": 1, "width": 177, "width_var": 1553.25, "wse": 111.80000305175781, "wse_var": 0, "x": -149.1207935714944, "y": 64.50171232628848}}, {"type": "Feature", "geometry": {"type": "Point", "coordinates": [-149.1227289326847, 64.50006734529869]}, "id": "0018000000000001760a", "properties": {"dist_out": 1692541, "edit_flag": "NaN", "facc": 7003.793333181487, "grod_id": 0, "hfalls_id": 0, "lakeflag": 0, "manual_add": 0, "max_width": 143.5, "meand_len": 1391.1488537259918, "n_chan_max": 1, "n_chan_mod": 1, "node_id": 81246000020201, "node_len": 189.83807365765188, "obstr_type": 0, "reach_id": 81246000021, "river_name": "Nenana River", "sinuosity": 1.285463644199436, "trib_flag": 0, "type": 1, "width": 143.5, "width_var": 275.5833333333333, "wse": 111.80000305175781, "wse_var": 0, "x": -149.12272795094688, "y": 64.50006853638367}}, {"type": "Feature", "geometry": {"type": "Point", "coordinates": [-149.12367426210804, 64.49842193700997]}, "id": "0018000000000001760b", "properties": {"dist_out": 1692736, "edit_flag": "NaN", "facc": 7000.607574195973, "grod_id": 0, "hfalls_id": 0, "lakeflag": 0, "manual_add": 0, "max_width": 156, "meand_len": 1407.5319878990206, "n_chan_max": 1, "n_chan_mod": 1, "node_id": 81246000020211, "node_len": 194.97500456844864, "obstr_type": 0, "reach_id": 81246000021, "river_name": "Nenana River", "sinuosity": 1.391979761584864, "trib_flag": 0, "type": 1, "width": 156, "width_var": 105.83673469387755, "wse": 112.4000015258789, "wse_var": 0, "x": -149.123673987265, "y": 64.49841974248089}}, {"type": "Feature", "geometry": {"type": "Point", "coordinates": [-149.12534642500307, 64.49679882422652]}, "id": "0018000000000001760c", "properties": {"dist_out": 1692947, "edit_flag": "NaN", "facc": 6996.89085537954, "grod_id": 0, "hfalls_id": 0, "lakeflag": 0, "manual_add": 0, "max_width": 154.5, "meand_len": 1407.5319878990206, "n_chan_max": 1, "n_chan_mod": 1, "node_id": 81246000020221, "node_len": 211.43089610055358, "obstr_type": 0, "reach_id": 81246000021, "river_name": "Nenana River", "sinuosity": 1.391979761584864, "trib_flag": 0, "type": 1, "width": 154.5, "width_var": 107.13888888888887, "wse": 112.4000015258789, "wse_var": 0, "x": -149.12534795053327, "y": 64.4967989049219}}, {"type": "Feature", "geometry": {"type": "Point", "coordinates": [-149.1273753159824, 64.4952871889694]}, "id": "0018000000000001760d", "properties": {"dist_out": 1693118, "edit_flag": "NaN", "facc": 6993.705096394026, "grod_id": 0, "hfalls_id": 0, "lakeflag": 0, "manual_add": 0, "max_width": 258, "meand_len": 1407.5319878990208, "n_chan_max": 2, "n_chan_mod": 1, "node_id": 81246000020231, "node_len": 170.53696561837114, "obstr_type": 0, "reach_id": 81246000021, "river_name": "Nenana River", "sinuosity": 1.391979761584864, "trib_flag": 0, "type": 1, "width": 258, "width_var": 678.96, "wse": 112.85000610351562, "wse_var": 0.113400109866634, "x": -149.1273753696051, "y": 64.4952883612003}}, {"type": "Feature", "geometry": {"type": "Point", "coordinates": [-149.12783906249194, 64.49368191259015]}, "id": "0018000000000001760e", "properties": {"dist_out": 1693350, "edit_flag": "NaN", "facc": 6991.0502972394315, "grod_id": 0, "hfalls_id": 0, "lakeflag": 0, "manual_add": 0, "max_width": 1620, "meand_len": 1407.5319878990206, "n_chan_max": 2, "n_chan_mod": 2, "node_id": 81246000020241, "node_len": 232.7758731359272, "obstr_type": 0, "reach_id": 81246000021, "river_name": "Nenana River", "sinuosity": 1.391979761584864, "trib_flag": 0, "type": 1, "width": 248, "width_var": 241.55102040816323, "wse": 113.30000305175781, "wse_var": 0.002040754046234, "x": -149.1278393625596, "y": 64.49368112916254}}, {"type": "Feature", "geometry": {"type": "Point", "coordinates": [-149.1288111465216, 64.4921836546362]}, "id": "0018000000000001760f", "properties": {"dist_out": 1693526, "edit_flag": "NaN", "facc": 6987.3335784229985, "grod_id": 0, "hfalls_id": 0, "lakeflag": 0, "manual_add": 0, "max_width": 205, "meand_len": 1194.7539646658513, "n_chan_max": 1, "n_chan_mod": 1, "node_id": 81246000020251, "node_len": 175.65121729874863, "obstr_type": 0, "reach_id": 81246000021, "river_name": "Nenana River", "sinuosity": 1.583240026336637, "trib_flag": 0, "type": 1, "width": 205, "width_var": 2844.2040816326526, "wse": 113.5, "wse_var": 0, "x": -149.1288113855499, "y": 64.49218196885498}}, {"type": "Feature", "geometry": {"type": "Point", "coordinates": [-149.12790594900775, 64.49043122792219]}, "id": "00180000000000017610", "properties": {"dist_out": 1693742, "edit_flag": "NaN", "facc": 6983.616859606565, "grod_id": 0, "hfalls_id": 0, "lakeflag": 0, "manual_add": 0, "max_width": 90, "meand_len": 1088.364953049267, "n_chan_max": 1, "n_chan_mod": 1, "node_id": 81246000020261, "node_len": 215.8102139736875, "obstr_type": 0, "reach_id": 81246000021, "river_name": "Nenana River", "sinuosity": 1.678870158712524, "trib_flag": 0, "type": 1, "width": 90, "width_var": 782, "wse": 113.5, "wse_var": 0, "x": -149.1279079699623, "y": 64.49043291677657}}, {"type": "Feature", "geometry": {"type": "Point", "coordinates": [-149.1279014899067, 64.48868326030924]}, "id": "00180000000000017611", "properties": {"dist_out": 1693924, "edit_flag": "NaN", "facc": 6979.900140790133, "grod_id": 0, "hfalls_id": 0, "lakeflag": 0, "manual_add": 0, "max_width": 137, "meand_len": 1088.364953049267, "n_chan_max": 1, "n_chan_mod": 1, "node_id": 81246000020271, "node_len": 182.37646848308032, "obstr_type": 0, "reach_id": 81246000021, "river_name": "Nenana River", "sinuosity": 1.678870158712524, "trib_flag": 0, "type": 1, "width": 137, "width_var": 119.80555555555554, "wse": 113.69999694824219, "wse_var": 0.005555809871617, "x": -149.12790269588797, "y": 64.48868241760856}}, {"type": "Feature", "geometry": {"type": "Point", "coordinates": [-149.12915003820166, 64.48704677022262]}, "id": "00180000000000017612", "properties": {"dist_out": 1694149, "edit_flag": "NaN", "facc": 6976.714381804619, "grod_id": 0, "hfalls_id": 0, "lakeflag": 0, "manual_add": 0, "max_width": 140, "meand_len": 1088.364953049267, "n_chan_max": 1, "n_chan_mod": 1, "node_id": 81246000020281, "node_len": 224.40472310986115, "obstr_type": 0, "reach_id": 81246000021, "river_name": "Nenana River", "sinuosity": 1.678870158712524, "trib_flag": 0, "type": 1, "width": 140, "width_var": 326.25, "wse": 113.9000015258789, "wse_var": 0, "x": -149.129149540712, "y": 64.48704846320773}}, {"type": "Feature", "geometry": {"type": "Point", "coordinates": [-149.13189684445058, 64.48562431698657]}, "id": "00180000000000017613", "properties": {"dist_out": 1694312, "edit_flag": "NaN", "facc": 6973.528622819105, "grod_id": 0, "hfalls_id": 0, "lakeflag": 0, "manual_add": 0, "max_width": 150, "meand_len": 1088.364953049267, "n_chan_max": 1, "n_chan_mod": 1, "node_id": 81246000020291, "node_len": 163.31867845017769, "obstr_type": 0, "reach_id": 81246000021, "river_name": "Nenana River", "sinuosity": 1.678870158712524, "trib_flag": 0, "type": 1, "width": 150, "width_var": 21.759999999999998, "wse": 113.9000015258789, "wse_var": 0.038400292969309, "x": -149.13189467401273, "y": 64.48562441204834}}, {"type": "Feature", "geometry": {"type": "Point", "coordinates": [-149.13480417833742, 64.4846165601485]}, "id": "00180000000000017614", "properties": {"dist_out": 1694528, "edit_flag": "NaN", "facc": 6970.342863833592, "grod_id": 0, "hfalls_id": 0, "lakeflag": 0, "manual_add": 0, "max_width": 162, "meand_len": 1015.4610023645747, "n_chan_max": 1, "n_chan_mod": 1, "node_id": 81246000020301, "node_len": 216.1698763823033, "obstr_type": 0, "reach_id": 81246000021, "river_name": "Nenana River", "sinuosity": 1.26423660573461, "trib_flag": 0, "type": 1, "width": 162, "width_var": 815.1428571428571, "wse": 114.4000015258789, "wse_var": 0, "x": -149.13480631764028, "y": 64.48461571962928}}, {"type": "Feature", "geometry": {"type": "Point", "coordinates": [-149.13804594480328, 64.48340814376301]}, "id": "00180000000000017615", "properties": {"dist_out": 1694733, "edit_flag": "NaN", "facc": 6967.157104848077, "grod_id": 0, "hfalls_id": 0, "lakeflag": 0, "manual_add": 0, "max_width": 1620, "meand_len": 1015.4610023645747, "n_chan_max": 2, "n_chan_mod": 2, "node_id": 81246000020311, "node_len": 205.23640445123692, "obstr_type": 0, "reach_id": 81246000021, "river_name": "Nenana River", "sinuosity": 1.264236605734611, "trib_flag": 0, "type": 1, "width": 286, "width_var": 313.22222222222223, "wse": 114.4000015258789, "wse_var": 0, "x": -149.13804545469057, "y": 64.48340932887638}}, {"type": "Feature", "geometry": {"type": "Point", "coordinates": [-149.13854536412128, 64.48179394918166]}, "id": "00180000000000017616", "properties": {"dist_out": 1694925, "edit_flag": "NaN", "facc": 6963.971345862564, "grod_id": 0, "hfalls_id": 0, "lakeflag": 0, "manual_add": 0, "max_width": 343.5, "meand_len": 1015.4610023645747, "n_chan_max": 2, "n_chan_mod": 1, "node_id": 81246000020321, "node_len": 191.39004456221573, "obstr_type": 0, "reach_id": 81246000021, "river_name": "Nenana River", "sinuosity": 1.26423660573461, "trib_flag": 0, "type": 1, "width": 343.5, "width_var": 167.2222222222222, "wse": 114.4000015258789, "wse_var": 0.005555809871617, "x": -149.13854377403894, "y": 64.48179514090472}}, {"type": "Feature", "geometry": {"type": "Point", "coordinates": [-149.13648525943458, 64.48021096830769]}, "id": "00180000000000017617", "properties": {"dist_out": 1695141, "edit_flag": "NaN", "facc": 6960.785586877049, "grod_id": 0, "hfalls_id": 0, "lakeflag": 0, "manual_add": 0, "max_width": 234, "meand_len": 657.1080424484995, "n_chan_max": 1, "n_chan_mod": 1, "node_id": 81246000020331, "node_len": 216.78034721657514, "obstr_type": 0, "reach_id": 81246000021, "river_name": "Nenana River", "sinuosity": 1.816652517279551, "trib_flag": 0, "type": 1, "width": 234, "width_var": 535.2222222222222, "wse": 115.2750015258789, "wse_var": 0.184512930980418, "x": -149.13648439360918, "y": 64.4802091362421}}, {"type": "Feature", "geometry": {"type": "Point", "coordinates": [-149.1343582682321, 64.47875730136427]}, "id": "00180000000000017618", "properties": {"dist_out": 1695314, "edit_flag": "NaN", "facc": 6957.599827891536, "grod_id": 0, "hfalls_id": 0, "lakeflag": 0, "manual_add": 0, "max_width": 237, "meand_len": 477.93156249046194, "n_chan_max": 3, "n_chan_mod": 1, "node_id": 81246000020341, "node_len": 173.01215299322848, "obstr_type": 0, "reach_id": 81246000021, "river_name": "Nenana River", "sinuosity": 2.092860473052021, "trib_flag": 0, "type": 1, "width": 237, "width_var": 90, "wse": 116.19999694824219, "wse_var": 0.050399926761165, "x": -149.13435673662394, "y": 64.47875875856542}}, {"type": "Feature", "geometry": {"type": "Point", "coordinates": [-149.13210642220008, 64.47744632565455]}, "id": "00180000000000017619", "properties": {"dist_out": 1695511, "edit_flag": "NaN", "facc": 6954.945028736941, "grod_id": 0, "hfalls_id": 0, "lakeflag": 0, "manual_add": 0, "max_width": 275, "meand_len": 477.9315624904619, "n_chan_max": 3, "n_chan_mod": 1, "node_id": 81246000020351, "node_len": 196.10140101081015, "obstr_type": 0, "reach_id": 81246000021, "river_name": "Nenana River", "sinuosity": 2.092860473052021, "trib_flag": 0, "type": 1, "width": 275, "width_var": 67.83999999999999, "wse": 116.5, "wse_var": 0.01, "x": -149.13210675963222, "y": 64.47744478337631}}, {"type": "Feature", "geometry": {"type": "Point", "coordinates": [-149.12947109347752, 64.47586780388164]}, "id": "0018000000000001761a", "properties": {"dist_out": 1695737, "edit_flag": "NaN", "facc": 6952.290229582346, "grod_id": 0, "hfalls_id": 0, "lakeflag": 0, "manual_add": 0, "max_width": 256, "meand_len": 1545.7864072731643, "n_chan_max": 1, "n_chan_mod": 1, "node_id": 81246000020361, "node_len": 226.3095678362779, "obstr_type": 0, "reach_id": 81246000021, "river_name": "Nenana River", "sinuosity": 1.104997650175293, "trib_flag": 0, "type": 1, "width": 256, "width_var": 387.42857142857144, "wse": 117, "wse_var": 0, "x": -149.12946906638476, "y": 64.4758670711948}}, {"type": "Feature", "geometry": {"type": "Point", "coordinates": [-149.12891370584583, 64.47412429536973]}, "id": "0018000000000001761b", "properties": {"dist_out": 1695919, "edit_flag": "NaN", "facc": 6948.573510765913, "grod_id": 0, "hfalls_id": 0, "lakeflag": 0, "manual_add": 0, "max_width": 284, "meand_len": 1545.7864072731643, "n_chan_max": 1, "n_chan_mod": 1, "node_id": 81246000020371, "node_len": 181.78235170144035, "obstr_type": 0, "reach_id": 81246000021, "river_name": "Nenana River", "sinuosity": 1.104997650175293, "trib_flag": 0, "type": 1, "width": 284, "width_var": 236.33333333333334, "wse": 117, "wse_var": 0, "x": -149.12891442987015, "y": 64.47412452064883}}, {"type": "Feature", "geometry": {"type": "Point", "coordinates": [-149.12953352089227, 64.47236295045363]}, "id": "0018000000000001761c", "properties": {"dist_out": 1696142, "edit_flag": "NaN", "facc": 6945.387751780399, "grod_id": 0, "hfalls_id": 0, "lakeflag": 0, "manual_add": 0, "max_width": 298, "meand_len": 1545.7864072731643, "n_chan_max": 2, "n_chan_mod": 1, "node_id": 81246000020381, "node_len": 223.7010308501185, "obstr_type": 0, "reach_id": 81246000021, "river_name": "Nenana River", "sinuosity": 1.104997650175293, "trib_flag": 0, "type": 1, "width": 298, "width_var": 124.12244897959182, "wse": 117, "wse_var": 0.01530612244898, "x": -149.12953554811764, "y": 64.47236494915654}}, {"type": "Feature", "geometry": {"type": "Point", "coordinates": [-149.13113433817045, 64.47072646036702]}, "id": "0018000000000001761d", "properties": {"dist_out": 1696321, "edit_flag": "NaN", "facc": 6941.671032963966, "grod_id": 0, "hfalls_id": 0, "lakeflag": 0, "manual_add": 0, "max_width": 291, "meand_len": 1545.7864072731643, "n_chan_max": 1, "n_chan_mod": 1, "node_id": 81246000020391, "node_len": 178.36159533131104, "obstr_type": 0, "reach_id": 81246000021, "river_name": "Nenana River", "sinuosity": 1.104997650175293, "trib_flag": 0, "type": 1, "width": 291, "width_var": 382, "wse": 117.5, "wse_var": 0, "x": -149.13113426272076, "y": 64.47072587161466}}, {"type": "Feature", "geometry": {"type": "Point", "coordinates": [-149.13296256960237, 64.46921928421095]}, "id": "0018000000000001761e", "properties": {"dist_out": 1696523, "edit_flag": "NaN", "facc": 6939.016233809372, "grod_id": 0, "hfalls_id": 0, "lakeflag": 0, "manual_add": 0, "max_width": 345, "meand_len": 1799.3965182254967, "n_chan_max": 1, "n_chan_mod": 1, "node_id": 81246000020401, "node_len": 201.89010379743377, "obstr_type": 0, "reach_id": 81246000021, "river_name": "Nenana River", "sinuosity": 1.201712884474227, "trib_flag": 0, "type": 1, "width": 345, "width_var": 1940.5555555555557, "wse": 117.7750015258789, "wse_var": 0.008124720259932, "x": -149.13296412260127, "y": 64.4692180833219}}, {"type": "Feature", "geometry": {"type": "Point", "coordinates": [-149.13456338688053, 64.46757833502328]}, "id": "0018000000000001761f", "properties": {"dist_out": 1696713, "edit_flag": "NaN", "facc": 6935.830474823858, "grod_id": 0, "hfalls_id": 0, "lakeflag": 0, "manual_add": 0, "max_width": 315.5, "meand_len": 1926.201573701663, "n_chan_max": 1, "n_chan_mod": 1, "node_id": 81246000020411, "node_len": 190.43219073284945, "obstr_type": 0, "reach_id": 81246000021, "river_name": "Nenana River", "sinuosity": 1.250070501623694, "trib_flag": 0, "type": 1, "width": 315.5, "width_var": 6.25, "wse": 117.9000015258789, "wse_var": 0.002222154405899, "x": -149.13456304865085, "y": 64.46757896158034}}, {"type": "Feature", "geometry": {"type": "Point", "coordinates": [-149.1350003787838, 64.46582144920822]}, "id": "00180000000000017620", "properties": {"dist_out": 1696927, "edit_flag": "NaN", "facc": 6932.644715838344, "grod_id": 0, "hfalls_id": 0, "lakeflag": 0, "manual_add": 0, "max_width": 342, "meand_len": 1926.201573701663, "n_chan_max": 1, "n_chan_mod": 1, "node_id": 81246000020421, "node_len": 213.5647041655684, "obstr_type": 0, "reach_id": 81246000021, "river_name": "Nenana River", "sinuosity": 1.250070501623694, "trib_flag": 0, "type": 1, "width": 342, "width_var": 467.265306122449, "wse": 118, "wse_var": 0, "x": -149.13499965315964, "y": 64.46582203886352}}, {"type": "Feature", "geometry": {"type": "Point", "coordinates": [-149.13422895430153, 64.46394862676577]}, "id": "00180000000000017621", "properties": {"dist_out": 1697143, "edit_flag": "NaN", "facc": 6928.927997021911, "grod_id": 0, "hfalls_id": 0, "lakeflag": 0, "manual_add": 0, "max_width": 298, "meand_len": 1926.2015737016632, "n_chan_max": 2, "n_chan_mod": 1, "node_id": 81246000020431, "node_len": 216.40433167300944, "obstr_type": 0, "reach_id": 81246000021, "river_name": "Nenana River", "sinuosity": 1.250070501623694, "trib_flag": 0, "type": 1, "width": 298, "width_var": 1246.4897959183675, "wse": 118.9000015258789, "wse_var": 0.073877663135396, "x": -149.13422961854803, "y": 64.46394797064217}}, {"type": "Feature", "geometry": {"type": "Point", "coordinates": [-149.1332078201603, 64.46221403645599]}, "id": "00180000000000017622", "properties": {"dist_out": 1697325, "edit_flag": "NaN", "facc": 6925.211278205478, "grod_id": 0, "hfalls_id": 0, "lakeflag": 0, "manual_add": 0, "max_width": 288, "meand_len": 1926.201573701663, "n_chan_max": 2, "n_chan_mod": 1, "node_id": 81246000020441, "node_len": 182.3764696788803, "obstr_type": 0, "reach_id": 81246000021, "river_name": "Nenana River", "sinuosity": 1.250070501623694, "trib_flag": 0, "type": 1, "width": 288, "width_var": 144.88888888888889, "wse": 119, "wse_var": 0.023333384197839, "x": -149.13320899760149, "y": 64.46221219532742}}, {"type": "Feature", "geometry": {"type": "Point", "coordinates": [-149.1323739682633, 64.46047498704515]}, "id": "00180000000000017623", "properties": {"dist_out": 1697540, "edit_flag": "NaN", "facc": 6922.025519219965, "grod_id": 0, "hfalls_id": 0, "lakeflag": 0, "manual_add": 0, "max_width": 214, "meand_len": 1926.201573701663, "n_chan_max": 1, "n_chan_mod": 1, "node_id": 81246000020451, "node_len": 214.68745907351513, "obstr_type": 0, "reach_id": 81246000021, "river_name": "Nenana River", "sinuosity": 1.250070501623694, "trib_flag": 0, "type": 1, "width": 214, "width_var": 907.265306122449, "wse": 119.4000015258789, "wse_var": 0.000510110664752, "x": -149.13237250401303, "y": 64.46047374355027}}, {"type": "Feature", "geometry": {"type": "Point", "coordinates": [-149.13258354601282, 64.45871810123009]}, "id": "00180000000000017624", "properties": {"dist_out": 1697726, "edit_flag": "NaN", "facc": 6918.308800403532, "grod_id": 0, "hfalls_id": 0, "lakeflag": 0, "manual_add": 0, "max_width": 313, "meand_len": 1405.8726275662095, "n_chan_max": 1, "n_chan_mod": 1, "node_id": 81246000020461, "node_len": 186.40432961177612, "obstr_type": 0, "reach_id": 81246000021, "river_name": "Nenana River", "sinuosity": 2.014077931589426, "trib_flag": 0, "type": 1, "width": 313, "width_var": 208.55555555555554, "wse": 119.57500076293945, "wse_var": 0.002847251897846, "x": -149.13258360130462, "y": 64.45872009673444}}, {"type": "Feature", "geometry": {"type": "Point", "coordinates": [-149.1327574509539, 64.45696567451608]}, "id": "00180000000000017625", "properties": {"dist_out": 1697938, "edit_flag": "NaN", "facc": 6915.123041418018, "grod_id": 0, "hfalls_id": 0, "lakeflag": 0, "manual_add": 0, "max_width": 336, "meand_len": 712.1006993856049, "n_chan_max": 3, "n_chan_mod": 1, "node_id": 81246000020471, "node_len": 211.78235203564873, "obstr_type": 0, "reach_id": 81246000021, "river_name": "Nenana River", "sinuosity": 3.032754504877069, "trib_flag": 0, "type": 1, "width": 336, "width_var": 354.12244897959187, "wse": 119.5999984741211, "wse_var": 0.007755425905961, "x": -149.13275908437024, "y": 64.45696696595355}}, {"type": "Feature", "geometry": {"type": "Point", "coordinates": [-149.13272623724652, 64.45521770690313]}, "id": "00180000000000017626", "properties": {"dist_out": 1698119, "edit_flag": "NaN", "facc": 6911.406322601585, "grod_id": 0, "hfalls_id": 0, "lakeflag": 0, "manual_add": 0, "max_width": 1620, "meand_len": 712.1006993856049, "n_chan_max": 3, "n_chan_mod": 2, "node_id": 81246000020481, "node_len": 181.1882343324669, "obstr_type": 0, "reach_id": 81246000021, "river_name": "Nenana River", "sinuosity": 3.032754504877069, "trib_flag": 0, "type": 1, "width": 396.5, "width_var": 2959.1388888888887, "wse": 119.94999694824219, "wse_var": 0.013888549809862, "x": -149.13272684462098, "y": 64.45521684772852}}, {"type": "Feature", "geometry": {"type": "Point", "coordinates": [-149.13341293880876, 64.45359013501862]}, "id": "00180000000000017627", "properties": {"dist_out": 1698313, "edit_flag": "NaN", "facc": 6908.220563616072, "grod_id": 0, "hfalls_id": 0, "lakeflag": 0, "manual_add": 0, "max_width": 1620, "meand_len": 712.1006993856049, "n_chan_max": 3, "n_chan_mod": 2, "node_id": 81246000020491, "node_len": 193.10691374427006, "obstr_type": 0, "reach_id": 81246000021, "river_name": "Nenana River", "sinuosity": 3.032754504877069, "trib_flag": 0, "type": 1, "width": 417.5, "width_var": 1997.1388888888887, "wse": 120.80000305175781, "wse_var": 0.020833841964809, "x": -149.13341118420144, "y": 64.45359099145536}}, {"type": "Feature", "geometry": {"type": "Point", "coordinates": [-149.13449204126368, 64.45195810403305]}, "id": "00180000000000017628", "properties": {"dist_out": 1698508, "edit_flag": "NaN", "facc": 6905.034804630557, "grod_id": 0, "hfalls_id": 0, "lakeflag": 0, "manual_add": 0, "max_width": 496.5, "meand_len": 712.100699385605, "n_chan_max": 2, "n_chan_mod": 1, "node_id": 81246000020501, "node_len": 195.78163675108954, "obstr_type": 0, "reach_id": 81246000021, "river_name": "Nenana River", "sinuosity": 3.032754504877069, "trib_flag": 0, "type": 1, "width": 496.5, "width_var": 2321.5833333333335, "wse": 121, "wse_var": 0.018889160160648, "x": -149.13449002056333, "y": 64.45195940398887}}, {"type": "Feature", "geometry": {"type": "Point", "coordinates": [-149.13635594550402, 64.4503171548454]}, "id": "00180000000000017629", "properties": {"dist_out": 1698719, "edit_flag": "NaN", "facc": 6901.849045645044, "grod_id": 0, "hfalls_id": 0, "lakeflag": 0, "manual_add": 0, "max_width": 1620, "meand_len": 712.1006993856049, "n_chan_max": 4, "n_chan_mod": 3, "node_id": 81246000020511, "node_len": 210.67258449128894, "obstr_type": 0, "reach_id": 81246000021, "river_name": "Nenana River", "sinuosity": 3.032754504877069, "trib_flag": 0, "type": 1, "width": 509.5, "width_var": 1869.8055555555554, "wse": 122, "wse_var": 0.426665852868205, "x": -149.13635781007918, "y": 64.45031634123855}}, {"type": "Feature", "geometry": {"type": "Point", "coordinates": [-149.13818417693594, 64.44867174655667]}, "id": "0018000000000001762a", "properties": {"dist_out": 1698916, "edit_flag": "NaN", "facc": 6898.66328665953, "grod_id": 0, "hfalls_id": 0, "lakeflag": 0, "manual_add": 0, "max_width": 1620, "meand_len": 1759.2979776383634, "n_chan_max": 5, "n_chan_mod": 5, "node_id": 81246000020521, "node_len": 196.54065780140445, "obstr_type": 0, "reach_id": 81246000021, "river_name": "Nenana River", "sinuosity": 1.453572702892046, "trib_flag": 0, "type": 1, "width": 398.5, "width_var": 123.55555555555554, "wse": 122.80000305175781, "wse_var": 0, "x": -149.13818385717636, "y": 64.44867386087638}}, {"type": "Feature", "geometry": {"type": "Point", "coordinates": [-149.13967797578886, 64.44703525647006]}, "id": "0018000000000001762b", "properties": {"dist_out": 1699117, "edit_flag": "NaN", "facc": 6895.477527674016, "grod_id": 0, "hfalls_id": 0, "lakeflag": 0, "manual_add": 0, "max_width": 1620, "meand_len": 1968.7374332889153, "n_chan_max": 5, "n_chan_mod": 3, "node_id": 81246000020531, "node_len": 201.89010381250955, "obstr_type": 0, "reach_id": 81246000021, "river_name": "Nenana River", "sinuosity": 1.137736342495041, "trib_flag": 0, "type": 1, "width": 478.5, "width_var": 355.1388888888889, "wse": 122.80000305175781, "wse_var": 0, "x": -149.1396774766101, "y": 64.44703619399473}}, {"type": "Feature", "geometry": {"type": "Point", "coordinates": [-149.1416266029492, 64.44538984818134]}, "id": "0018000000000001762c", "properties": {"dist_out": 1699325, "edit_flag": "NaN", "facc": 6892.291768688502, "grod_id": 0, "hfalls_id": 0, "lakeflag": 0, "manual_add": 0, "max_width": 1620, "meand_len": 1968.737433288915, "n_chan_max": 4, "n_chan_mod": 3, "node_id": 81246000020541, "node_len": 207.23954982557734, "obstr_type": 0, "reach_id": 81246000021, "river_name": "Nenana River", "sinuosity": 1.137736342495041, "trib_flag": 0, "type": 1, "width": 491, "width_var": 439.47222222222223, "wse": 123.02499771118164, "wse_var": 0.012499745691053, "x": -149.1416276741755, "y": 64.4453918569733}}, {"type": "Feature", "geometry": {"type": "Point", "coordinates": [-149.14345483438112, 64.44374889899366]}, "id": "0018000000000001762d", "properties": {"dist_out": 1699527, "edit_flag": "NaN", "facc": 6889.106009702989, "grod_id": 0, "hfalls_id": 0, "lakeflag": 0, "manual_add": 0, "max_width": 1620, "meand_len": 1968.7374332889153, "n_chan_max": 4, "n_chan_mod": 3, "node_id": 81246000020551, "node_len": 201.89010381408116, "obstr_type": 0, "reach_id": 81246000021, "river_name": "Nenana River", "sinuosity": 1.137736342495041, "trib_flag": 0, "type": 1, "width": 597.5, "width_var": 2983.3333333333335, "wse": 123.20000457763672, "wse_var": 0, "x": -149.1434530801486, "y": 64.44374931192492}}, {"type": "Feature", "geometry": {"type": "Point", "coordinates": [-149.14519388379196, 64.442107949806]}, "id": "0018000000000001762e", "properties": {"dist_out": 1699728, "edit_flag": "NaN", "facc": 6885.920250717474, "grod_id": 0, "hfalls_id": 0, "lakeflag": 0, "manual_add": 0, "max_width": 1620, "meand_len": 1968.737433288915, "n_chan_max": 3, "n_chan_mod": 3, "node_id": 81246000020561, "node_len": 201.8901038103504, "obstr_type": 0, "reach_id": 81246000021, "river_name": "Nenana River", "sinuosity": 1.137736342495041, "trib_flag": 0, "type": 1, "width": 601.5, "width_var": 2088.888888888889, "wse": 123.20000457763672, "wse_var": 0.019999389653094, "x": -149.1451952309455, "y": 64.44210795642583}}, {"type": "Feature", "geometry": {"type": "Point", "coordinates": [-149.1468749648891, 64.44046700061833]}, "id": "0018000000000001762f", "properties": {"dist_out": 1699922, "edit_flag": "NaN", "facc": 6882.734491731961, "grod_id": 0, "hfalls_id": 0, "lakeflag": 0, "manual_add": 0, "max_width": 1620, "meand_len": 1685.1027303662138, "n_chan_max": 4, "n_chan_mod": 3, "node_id": 81246000020571, "node_len": 193.10691374410453, "obstr_type": 0, "reach_id": 81246000021, "river_name": "Nenana River", "sinuosity": 1.115457621451739, "trib_flag": 0, "type": 1, "width": 644.5, "width_var": 484.8888888888889, "wse": 123.80000305175781, "wse_var": 0.012500254314445, "x": -149.14687490247744, "y": 64.44046749065409}}, {"type": "Feature", "geometry": {"type": "Point", "coordinates": [-149.14760179836082, 64.43870565570222]}, "id": "00180000000000017630", "properties": {"dist_out": 1700136, "edit_flag": "NaN", "facc": 6879.548732746447, "grod_id": 0, "hfalls_id": 0, "lakeflag": 0, "manual_add": 0, "max_width": 640, "meand_len": 567.9789770300232, "n_chan_max": 2, "n_chan_mod": 1, "node_id": 81246000020581, "node_len": 214.68745760565434, "obstr_type": 0, "reach_id": 81246000021, "river_name": "Nenana River", "sinuosity": 1.079075545011414, "trib_flag": 0, "type": 1, "width": 640, "width_var": 3912.4897959183677, "wse": 123.80000305175781, "wse_var": 0.004897809710962, "x": -149.14760090247242, "y": 64.43870628291023}}, {"type": "Feature", "geometry": {"type": "Point", "coordinates": [-149.1485515868852, 64.43693985168507]}, "id": "00180000000000017631", "properties": {"dist_out": 1700328, "edit_flag": "NaN", "facc": 6875.832013930014, "grod_id": 0, "hfalls_id": 0, "lakeflag": 0, "manual_add": 0, "max_width": 1620, "meand_len": 869.0287383073393, "n_chan_max": 2, "n_chan_mod": 2, "node_id": 81246000020591, "node_len": 192.14906276334295, "obstr_type": 0, "reach_id": 81246000021, "river_name": "Nenana River", "sinuosity": 1.154087073787598, "trib_flag": 0, "type": 1, "width": 390.5, "width_var": 6166.88888888889, "wse": 124.80000305175781, "wse_var": 0.141389194073983, "x": -149.14855214512656, "y": 64.43694177581423}}, {"type": "Feature", "geometry": {"type": "Point", "coordinates": [-149.14979567607912, 64.43530782069949]}, "id": "00180000000000017632", "properties": {"dist_out": 1700523, "edit_flag": "NaN", "facc": 6872.6462549445005, "grod_id": 0, "hfalls_id": 0, "lakeflag": 0, "manual_add": 0, "max_width": 1620, "meand_len": 869.0287383073393, "n_chan_max": 3, "n_chan_mod": 2, "node_id": 81246000020601, "node_len": 194.8237857694112, "obstr_type": 0, "reach_id": 81246000021, "river_name": "Nenana River", "sinuosity": 1.154087073787598, "trib_flag": 0, "type": 1, "width": 289, "width_var": 833.4722222222221, "wse": 125.70000457763672, "wse_var": 0.202221645779597, "x": -149.14979547141695, "y": 64.43530764961088}}, {"type": "Feature", "geometry": {"type": "Point", "coordinates": [-149.15149459358048, 64.43366687151183]}, "id": "00180000000000017633", "properties": {"dist_out": 1700725, "edit_flag": "NaN", "facc": 6869.460495958986, "grod_id": 0, "hfalls_id": 0, "lakeflag": 0, "manual_add": 0, "max_width": 1620, "meand_len": 1055.4871901835643, "n_chan_max": 2, "n_chan_mod": 2, "node_id": 81246000020611, "node_len": 201.89010381913977, "obstr_type": 0, "reach_id": 81246000021, "river_name": "Nenana River", "sinuosity": 1.258215401716168, "trib_flag": 0, "type": 1, "width": 310, "width_var": 1133.2222222222222, "wse": 126.20000457763672, "wse_var": 0, "x": -149.15149520645048, "y": 64.43366682758477}}, {"type": "Feature", "geometry": {"type": "Point", "coordinates": [-149.15331836591133, 64.43202592232414]}, "id": "00180000000000017634", "properties": {"dist_out": 1700932, "edit_flag": "NaN", "facc": 6866.2747369734725, "grod_id": 0, "hfalls_id": 0, "lakeflag": 0, "manual_add": 0, "max_width": 1620, "meand_len": 1055.4871901835643, "n_chan_max": 3, "n_chan_mod": 2, "node_id": 81246000020621, "node_len": 207.23954984007105, "obstr_type": 0, "reach_id": 81246000021, "river_name": "Nenana River", "sinuosity": 1.258215401716168, "trib_flag": 0, "type": 1, "width": 262.5, "width_var": 459, "wse": 126.20000457763672, "wse_var": 0, "x": -149.1533192490531, "y": 64.4320241615444}}, {"type": "Feature", "geometry": {"type": "Point", "coordinates": [-149.15503957891798, 64.43038497313648]}, "id": "00180000000000017635", "properties": {"dist_out": 1701124, "edit_flag": "NaN", "facc": 6863.088977987958, "grod_id": 0, "hfalls_id": 0, "lakeflag": 0, "manual_add": 0, "max_width": 1620, "meand_len": 1055.4871901835643, "n_chan_max": 4, "n_chan_mod": 3, "node_id": 81246000020631, "node_len": 191.39004171025408, "obstr_type": 0, "reach_id": 81246000021, "river_name": "Nenana River", "sinuosity": 1.258215401716168, "trib_flag": 0, "type": 1, "width": 260, "width_var": 1188.5555555555554, "wse": 126.20000457763672, "wse_var": 0, "x": -149.15503933013872, "y": 64.43038299634509}}, {"type": "Feature", "geometry": {"type": "Point", "coordinates": [-149.15580654429917, 64.42875740125199]}, "id": "00180000000000017636", "properties": {"dist_out": 1701307, "edit_flag": "NaN", "facc": 6859.9032190024445, "grod_id": 0, "hfalls_id": 0, "lakeflag": 0, "manual_add": 0, "max_width": 1620, "meand_len": 969.802058667651, "n_chan_max": 3, "n_chan_mod": 2, "node_id": 81246000020641, "node_len": 183.56470260944297, "obstr_type": 0, "reach_id": 81246000021, "river_name": "Nenana River", "sinuosity": 1.676346021991711, "trib_flag": 0, "type": 1, "width": 262, "width_var": 675.4722222222223, "wse": 126.20000457763672, "wse_var": 0, "x": -149.15580475815352, "y": 64.42875582058521}}, {"type": "Feature", "geometry": {"type": "Point", "coordinates": [-149.15642190024454, 64.42699605633587]}, "id": "00180000000000017637", "properties": {"dist_out": 1701521, "edit_flag": "NaN", "facc": 6856.717460016931, "grod_id": 0, "hfalls_id": 0, "lakeflag": 0, "manual_add": 0, "max_width": 1620, "meand_len": 905.538210030716, "n_chan_max": 2, "n_chan_mod": 2, "node_id": 81246000020651, "node_len": 213.56470264223026, "obstr_type": 0, "reach_id": 81246000021, "river_name": "Nenana River", "sinuosity": 1.989943987198368, "trib_flag": 0, "type": 1, "width": 289, "width_var": 629.3877551020408, "wse": 126.70000457763672, "wse_var": 0.214285714285714, "x": -149.1564231821165, "y": 64.42699613503707}}, {"type": "Feature", "geometry": {"type": "Point", "coordinates": [-149.1567206600151, 64.4251053974892]}, "id": "00180000000000017638", "properties": {"dist_out": 1701735, "edit_flag": "NaN", "facc": 6853.000741200498, "grod_id": 0, "hfalls_id": 0, "lakeflag": 0, "manual_add": 0, "max_width": 1620, "meand_len": 905.5382100307158, "n_chan_max": 3, "n_chan_mod": 3, "node_id": 81246000020661, "node_len": 214.15882130497448, "obstr_type": 0, "reach_id": 81246000021, "river_name": "Nenana River", "sinuosity": 1.989943987198368, "trib_flag": 0, "type": 1, "width": 392, "width_var": 1776.2448979591838, "wse": 128.1999969482422, "wse_var": 0.059898669194734, "x": -149.15671977072859, "y": 64.4251065091597}}, {"type": "Feature", "geometry": {"type": "Point", "coordinates": [-149.15619002698975, 64.42336188897731]}, "id": "00180000000000017639", "properties": {"dist_out": 1701915, "edit_flag": "NaN", "facc": 6849.284022384065, "grod_id": 0, "hfalls_id": 0, "lakeflag": 0, "manual_add": 0, "max_width": 1620, "meand_len": 905.538210030716, "n_chan_max": 3, "n_chan_mod": 3, "node_id": 81246000020671, "node_len": 180.00000019278377, "obstr_type": 0, "reach_id": 81246000021, "river_name": "Nenana River", "sinuosity": 1.989943987198368, "trib_flag": 0, "type": 1, "width": 360, "width_var": 1835, "wse": 128.75, "wse_var": 0.055555216476528, "x": -149.15619116645587, "y": 64.4233636603211}}, {"type": "Feature", "geometry": {"type": "Point", "coordinates": [-149.15614543597923, 64.42174769439596]}, "id": "0018000000000001763a", "properties": {"dist_out": 1702103, "edit_flag": "NaN", "facc": 6846.098263398551, "grod_id": 0, "hfalls_id": 0, "lakeflag": 0, "manual_add": 0, "max_width": 1620, "meand_len": 905.538210030716, "n_chan_max": 6, "n_chan_mod": 3, "node_id": 81246000020681, "node_len": 187.8908184703032, "obstr_type": 0, "reach_id": 81246000021, "river_name": "Nenana River", "sinuosity": 1.989943987198368, "trib_flag": 0, "type": 1, "width": 737.5, "width_var": 4487.472222222222, "wse": 129.10000610351562, "wse_var": 0.036458460491202, "x": -149.1561473347472, "y": 64.4217483562733}}, {"type": "Feature", "geometry": {"type": "Point", "coordinates": [-149.15783989437952, 64.42025389554306]}, "id": "0018000000000001763b", "properties": {"dist_out": 1702303, "edit_flag": "NaN", "facc": 6842.912504413038, "grod_id": 0, "hfalls_id": 0, "lakeflag": 0, "manual_add": 0, "max_width": 1620, "meand_len": 1598.6613330804787, "n_chan_max": 6, "n_chan_mod": 4, "node_id": 81246000020691, "node_len": 200.10906057599095, "obstr_type": 0, "reach_id": 81246000021, "river_name": "Nenana River", "sinuosity": 1.560657968615901, "trib_flag": 0, "type": 1, "width": 699, "width_var": 4560.96, "wse": 130.14999389648438, "wse_var": 0.085397363305092, "x": -149.1578406828597, "y": 64.4202529717491}}, {"type": "Feature", "geometry": {"type": "Point", "coordinates": [-149.16109503814855, 64.4189295425302]}, "id": "0018000000000001763c", "properties": {"dist_out": 1702528, "edit_flag": "NaN", "facc": 6840.257705258443, "grod_id": 0, "hfalls_id": 0, "lakeflag": 0, "manual_add": 0, "max_width": 1620, "meand_len": 1598.661333080479, "n_chan_max": 4, "n_chan_mod": 4, "node_id": 81246000020701, "node_len": 224.97935392751424, "obstr_type": 0, "reach_id": 81246000021, "river_name": "Nenana River", "sinuosity": 1.560657968615901, "trib_flag": 0, "type": 1, "width": 461, "width_var": 7687.13888888889, "wse": 130.60000610351562, "wse_var": 0.005556233744654, "x": -149.16109639935289, "y": 64.41892849842701}}, {"type": "Feature", "geometry": {"type": "Point", "coordinates": [-149.16261113250673, 64.41734210255515]}, "id": "0018000000000001763d", "properties": {"dist_out": 1702709, "edit_flag": "NaN", "facc": 6837.0719462729285, "grod_id": 0, "hfalls_id": 0, "lakeflag": 0, "manual_add": 0, "max_width": 1620, "meand_len": 1598.6613330804787, "n_chan_max": 6, "n_chan_mod": 4, "node_id": 81246000020711, "node_len": 181.18823465774403, "obstr_type": 0, "reach_id": 81246000021, "river_name": "Nenana River", "sinuosity": 1.560657968615901, "trib_flag": 0, "type": 1, "width": 615, "width_var": 7088.472222222222, "wse": 130.60000610351562, "wse_var": 0, "x": -149.16261205629107, "y": 64.41734410319675}}, {"type": "Feature", "geometry": {"type": "Point", "coordinates": [-149.16275382374042, 64.41558967584116]}, "id": "0018000000000001763e", "properties": {"dist_out": 1702926, "edit_flag": "NaN", "facc": 6833.886187287415, "grod_id": 0, "hfalls_id": 0, "lakeflag": 0, "manual_add": 0, "max_width": 1620, "meand_len": 1598.6613330804787, "n_chan_max": 5, "n_chan_mod": 4, "node_id": 81246000020721, "node_len": 216.99844669622325, "obstr_type": 0, "reach_id": 81246000021, "river_name": "Nenana River", "sinuosity": 1.560657968615901, "trib_flag": 0, "type": 1, "width": 458, "width_var": 2844.979591836735, "wse": 130.60000610351562, "wse_var": 0, "x": -149.1627528009887, "y": 64.41559141445464}}, {"type": "Feature", "geometry": {"type": "Point", "coordinates": [-149.16378833518482, 64.413823871824]}, "id": "0018000000000001763f", "properties": {"dist_out": 1703113, "edit_flag": "NaN", "facc": 6830.169468470982, "grod_id": 0, "hfalls_id": 0, "lakeflag": 0, "manual_add": 0, "max_width": 1620, "meand_len": 1598.6613330804787, "n_chan_max": 3, "n_chan_mod": 2, "node_id": 81246000020731, "node_len": 186.99844666055833, "obstr_type": 0, "reach_id": 81246000021, "river_name": "Nenana River", "sinuosity": 1.560657968615901, "trib_flag": 0, "type": 1, "width": 483.5, "width_var": 3345.5833333333335, "wse": 131, "wse_var": 0.159995117224753, "x": -149.16378821060914, "y": 64.41382554451741}}, {"type": "Feature", "geometry": {"type": "Point", "coordinates": [-149.16451962775758, 64.41206252690787]}, "id": "00180000000000017640", "properties": {"dist_out": 1703327, "edit_flag": "NaN", "facc": 6826.983709485468, "grod_id": 0, "hfalls_id": 0, "lakeflag": 0, "manual_add": 0, "max_width": 1620, "meand_len": 1598.6613330804787, "n_chan_max": 2, "n_chan_mod": 2, "node_id": 81246000020741, "node_len": 214.1588197069359, "obstr_type": 0, "reach_id": 81246000021, "river_name": "Nenana River", "sinuosity": 1.560657968615901, "trib_flag": 0, "type": 1, "width": 376, "width_var": 1780.4897959183675, "wse": 132.1999969482422, "wse_var": 0, "x": -149.164521333615, "y": 64.41206412191978}}, {"type": "Feature", "geometry": {"type": "Point", "coordinates": [-149.1652732158356, 64.41030118199177]}, "id": "00180000000000017641", "properties": {"dist_out": 1703514, "edit_flag": "NaN", "facc": 6823.266990669035, "grod_id": 0, "hfalls_id": 0, "lakeflag": 0, "manual_add": 0, "max_width": 1620, "meand_len": 1298.354758908555, "n_chan_max": 4, "n_chan_mod": 2, "node_id": 81246000020751, "node_len": 186.9984466637943, "obstr_type": 0, "reach_id": 81246000021, "river_name": "Nenana River", "sinuosity": 1.479665499988885, "trib_flag": 0, "type": 1, "width": 316, "width_var": 2460.25, "wse": 132.2249984741211, "wse_var": 0.000625076296274, "x": -149.16527509934198, "y": 64.41030238969697}}, {"type": "Feature", "geometry": {"type": "Point", "coordinates": [-149.16558535290937, 64.40868252830937]}, "id": "00180000000000017642", "properties": {"dist_out": 1703706, "edit_flag": "NaN", "facc": 6820.081231683522, "grod_id": 0, "hfalls_id": 0, "lakeflag": 0, "manual_add": 0, "max_width": 317, "meand_len": 1073.124828279612, "n_chan_max": 3, "n_chan_mod": 1, "node_id": 81246000020761, "node_len": 191.15966092212147, "obstr_type": 0, "reach_id": 81246000021, "river_name": "Nenana River", "sinuosity": 1.418921148518622, "trib_flag": 0, "type": 1, "width": 317, "width_var": 988.8055555555555, "wse": 133.42501068115234, "wse_var": 0.056181013325436, "x": -149.1655832482986, "y": 64.40868188882438}}, {"type": "Feature", "geometry": {"type": "Point", "coordinates": [-149.1638373852964, 64.4070906292333]}, "id": "00180000000000017643", "properties": {"dist_out": 1703903, "edit_flag": "NaN", "facc": 6816.895472698007, "grod_id": 0, "hfalls_id": 0, "lakeflag": 0, "manual_add": 0, "max_width": 283.5, "meand_len": 1073.124828279612, "n_chan_max": 1, "n_chan_mod": 1, "node_id": 81246000020771, "node_len": 197.49851265211873, "obstr_type": 0, "reach_id": 81246000021, "river_name": "Nenana River", "sinuosity": 1.418921148518622, "trib_flag": 0, "type": 1, "width": 283.5, "width_var": 247.58333333333334, "wse": 133.79999542236328, "wse_var": 0.009999694826547, "x": -149.1638388560745, "y": 64.40709165228672}}, {"type": "Feature", "geometry": {"type": "Point", "coordinates": [-149.16212509049188, 64.4053649571256]}, "id": "00180000000000017644", "properties": {"dist_out": 1704126, "edit_flag": "NaN", "facc": 6813.709713712494, "grod_id": 0, "hfalls_id": 0, "lakeflag": 0, "manual_add": 0, "max_width": 393, "meand_len": 1073.124828279612, "n_chan_max": 1, "n_chan_mod": 1, "node_id": 81246000020781, "node_len": 223.10691710360152, "obstr_type": 0, "reach_id": 81246000021, "river_name": "Nenana River", "sinuosity": 1.418921148518622, "trib_flag": 0, "type": 1, "width": 393, "width_var": 2648.204081632653, "wse": 134.10000610351562, "wse_var": 0, "x": -149.16212553704713, "y": 64.40536627734512}}, {"type": "Feature", "geometry": {"type": "Point", "coordinates": [-149.161799576115, 64.4036214486137]}, "id": "00180000000000017645", "properties": {"dist_out": 1704313, "edit_flag": "NaN", "facc": 6809.992994896061, "grod_id": 0, "hfalls_id": 0, "lakeflag": 0, "manual_add": 0, "max_width": 291, "meand_len": 520.9202478103996, "n_chan_max": 1, "n_chan_mod": 1, "node_id": 81246000020791, "node_len": 186.9984466697024, "obstr_type": 0, "reach_id": 81246000021, "river_name": "Nenana River", "sinuosity": 1.136709339865097, "trib_flag": 0, "type": 1, "width": 291, "width_var": 970.8055555555555, "wse": 134.10000610351562, "wse_var": 0, "x": -149.16180131759734, "y": 64.40362043508351}}, {"type": "Feature", "geometry": {"type": "Point", "coordinates": [-149.1625085731825, 64.4018601036976]}, "id": "00180000000000017646", "properties": {"dist_out": 1704526, "edit_flag": "NaN", "facc": 6806.807235910547, "grod_id": 0, "hfalls_id": 0, "lakeflag": 0, "manual_add": 0, "max_width": 327, "meand_len": 1050.8081585996108, "n_chan_max": 1, "n_chan_mod": 1, "node_id": 81246000020801, "node_len": 212.9705855721968, "obstr_type": 0, "reach_id": 81246000021, "river_name": "Nenana River", "sinuosity": 1.015055882399557, "trib_flag": 0, "type": 1, "width": 327, "width_var": 151.83673469387756, "wse": 134.10000610351562, "wse_var": 0, "x": -149.1625076584184, "y": 64.40185941327898}}, {"type": "Feature", "geometry": {"type": "Point", "coordinates": [-149.16303920620786, 64.40009875878148]}, "id": "00180000000000017647", "properties": {"dist_out": 1704716, "edit_flag": "NaN", "facc": 6803.090517094114, "grod_id": 0, "hfalls_id": 0, "lakeflag": 0, "manual_add": 0, "max_width": 315.5, "meand_len": 1050.8081585996108, "n_chan_max": 2, "n_chan_mod": 1, "node_id": 81246000020811, "node_len": 189.6731696858933, "obstr_type": 0, "reach_id": 81246000021, "river_name": "Nenana River", "sinuosity": 1.015055882399557, "trib_flag": 0, "type": 1, "width": 315.5, "width_var": 1974.2222222222224, "wse": 134.47500610351562, "wse_var": 0.3125, "x": -149.16303920736615, "y": 64.40010096229679}}, {"type": "Feature", "geometry": {"type": "Point", "coordinates": [-149.16485851943764, 64.39862725543385]}, "id": "00180000000000017648", "properties": {"dist_out": 1704912, "edit_flag": "NaN", "facc": 6799.904758108601, "grod_id": 0, "hfalls_id": 0, "lakeflag": 0, "manual_add": 0, "max_width": 1620, "meand_len": 1182.999822108821, "n_chan_max": 2, "n_chan_mod": 2, "node_id": 81246000020821, "node_len": 196.10139955204977, "obstr_type": 0, "reach_id": 81246000021, "river_name": "Nenana River", "sinuosity": 1.114653406213195, "trib_flag": 0, "type": 1, "width": 381, "width_var": 1834.64, "wse": 135.60000610351562, "wse_var": 0.014398828148842, "x": -149.16485692069574, "y": 64.39862518706359}}, {"type": "Feature", "geometry": {"type": "Point", "coordinates": [-149.16815825421722, 64.39740546174521]}, "id": "00180000000000017649", "properties": {"dist_out": 1705129, "edit_flag": "NaN", "facc": 6797.249958954006, "grod_id": 0, "hfalls_id": 0, "lakeflag": 0, "manual_add": 0, "max_width": 1620, "meand_len": 1447.3831491272415, "n_chan_max": 3, "n_chan_mod": 2, "node_id": 81246000020831, "node_len": 217.53866427774483, "obstr_type": 0, "reach_id": 81246000021, "river_name": "Nenana River", "sinuosity": 1.31384845384047, "trib_flag": 0, "type": 1, "width": 395.5, "width_var": 1189.2222222222222, "wse": 136.1999969482422, "wse_var": 0.042500864669111, "x": -149.16815941141246, "y": 64.39740397011388}}, {"type": "Feature", "geometry": {"type": "Point", "coordinates": [-149.17182809438418, 64.39658498715137]}, "id": "0018000000000001764a", "properties": {"dist_out": 1705316, "edit_flag": "NaN", "facc": 6794.064199968492, "grod_id": 0, "hfalls_id": 0, "lakeflag": 0, "manual_add": 0, "max_width": 1620, "meand_len": 1447.3831491272415, "n_chan_max": 4, "n_chan_mod": 2, "node_id": 81246000020841, "node_len": 186.99846693909058, "obstr_type": 0, "reach_id": 81246000021, "river_name": "Nenana River", "sinuosity": 1.31384845384047, "trib_flag": 0, "type": 1, "width": 413.5, "width_var": 3249.1388888888887, "wse": 136.8000030517578, "wse_var": 0, "x": -149.17182966848736, "y": 64.39658661227851}}, {"type": "Feature", "geometry": {"type": "Point", "coordinates": [-149.17551131185434, 64.39592949929651]}, "id": "0018000000000001764b", "properties": {"dist_out": 1705535, "edit_flag": "NaN", "facc": 6790.878440982978, "grod_id": 0, "hfalls_id": 0, "lakeflag": 0, "manual_add": 0, "max_width": 1620, "meand_len": 1447.3831491272415, "n_chan_max": 4, "n_chan_mod": 2, "node_id": 81246000020851, "node_len": 218.8716033181663, "obstr_type": 0, "reach_id": 81246000021, "river_name": "Nenana River", "sinuosity": 1.31384845384047, "trib_flag": 0, "type": 1, "width": 370.5, "width_var": 1746.5555555555554, "wse": 137.10000610351562, "wse_var": 0.042500864669111, "x": -149.17551247020637, "y": 64.39593057072757}}, {"type": "Feature", "geometry": {"type": "Point", "coordinates": [-149.1788378012402, 64.39468986920366]}, "id": "0018000000000001764c", "properties": {"dist_out": 1705725, "edit_flag": "NaN", "facc": 6787.692681997464, "grod_id": 0, "hfalls_id": 0, "lakeflag": 0, "manual_add": 0, "max_width": 350, "meand_len": 1447.3831491272415, "n_chan_max": 2, "n_chan_mod": 1, "node_id": 81246000020861, "node_len": 189.23533337616027, "obstr_type": 0, "reach_id": 81246000021, "river_name": "Nenana River", "sinuosity": 1.31384845384047, "trib_flag": 0, "type": 1, "width": 350, "width_var": 7096.959999999999, "wse": 137.40000915527344, "wse_var": 0, "x": -149.17883761070468, "y": 64.39469081566895}}, {"type": "Feature", "geometry": {"type": "Point", "coordinates": [-149.18186998995654, 64.39368657146663]}, "id": "0018000000000001764d", "properties": {"dist_out": 1705917, "edit_flag": "NaN", "facc": 6785.037882842869, "grod_id": 0, "hfalls_id": 0, "lakeflag": 0, "manual_add": 0, "max_width": 254, "meand_len": 1223.4681950061183, "n_chan_max": 1, "n_chan_mod": 1, "node_id": 81246000020871, "node_len": 192.6683670689563, "obstr_type": 0, "reach_id": 81246000021, "river_name": "Nenana River", "sinuosity": 1.160530498815966, "trib_flag": 0, "type": 1, "width": 254, "width_var": 1778, "wse": 137.40000915527344, "wse_var": 0.02559921875596, "x": -149.18186999010564, "y": 64.39368695576124}}, {"type": "Feature", "geometry": {"type": "Point", "coordinates": [-149.18551753461827, 64.3925985508096]}, "id": "0018000000000001764e", "properties": {"dist_out": 1706115, "edit_flag": "NaN", "facc": 6782.383083688274, "grod_id": 0, "hfalls_id": 0, "lakeflag": 0, "manual_add": 0, "max_width": 235, "meand_len": 999.5532408849946, "n_chan_max": 1, "n_chan_mod": 1, "node_id": 81246000020881, "node_len": 197.49852566910704, "obstr_type": 0, "reach_id": 81246000021, "river_name": "Nenana River", "sinuosity": 1.007212543791463, "trib_flag": 0, "type": 1, "width": 235, "width_var": 758.6938775510204, "wse": 139.35000610351562, "wse_var": 0.318884464246886, "x": -149.18551791586287, "y": 64.39259998899892}}, {"type": "Feature", "geometry": {"type": "Point", "coordinates": [-149.18900901074312, 64.39135892071673]}, "id": "0018000000000001764f", "properties": {"dist_out": 1706322, "edit_flag": "NaN", "facc": 6778.666364871841, "grod_id": 0, "hfalls_id": 0, "lakeflag": 0, "manual_add": 0, "max_width": 245.5, "meand_len": 999.5532408849947, "n_chan_max": 1, "n_chan_mod": 1, "node_id": 81246000030011, "node_len": 206.95327662998054, "obstr_type": 0, "reach_id": 81246000031, "river_name": "Nenana River", "sinuosity": 1.007212543791463, "trib_flag": 0, "type": 1, "width": 245.5, "width_var": 189.33333333333334, "wse": 139.62500762939453, "wse_var": 0.011389431446635, "x": -149.18900798124966, "y": 64.39135779580009}}, {"type": "Feature", "geometry": {"type": "Point", "coordinates": [-149.19080602846765, 64.38972243063012]}, "id": "00180000000000017650", "properties": {"dist_out": 1706533, "edit_flag": "NaN", "facc": 6775.480605886328, "grod_id": 0, "hfalls_id": 0, "lakeflag": 0, "manual_add": 0, "max_width": 252, "meand_len": 429.7876954270901, "n_chan_max": 2, "n_chan_mod": 1, "node_id": 81246000030021, "node_len": 211.43089626271367, "obstr_type": 0, "reach_id": 81246000031, "river_name": "Nenana River", "sinuosity": 1.000999019464992, "trib_flag": 0, "type": 1, "width": 252, "width_var": 913.138888888889, "wse": 139.8000030517578, "wse_var": 0, "x": -149.19080701014366, "y": 64.38972394982927}}, {"type": "Feature", "geometry": {"type": "Point", "coordinates": [-149.19322732033967, 64.38806364503823]}, "id": "00180000000000017651", "properties": {"dist_out": 1706728, "edit_flag": "NaN", "facc": 6772.294846900813, "grod_id": 0, "hfalls_id": 0, "lakeflag": 0, "manual_add": 0, "max_width": 209, "meand_len": 1509.8976705588027, "n_chan_max": 2, "n_chan_mod": 1, "node_id": 81246000030031, "node_len": 195.13720087783088, "obstr_type": 0, "reach_id": 81246000031, "river_name": "Nenana River", "sinuosity": 1.189516826188108, "trib_flag": 0, "type": 1, "width": 209, "width_var": 1251.472222222222, "wse": 140.3000030517578, "wse_var": 0.055555555555556, "x": -149.19322592218208, "y": 64.38806285854479}}, {"type": "Feature", "geometry": {"type": "Point", "coordinates": [-149.19531417963273, 64.38666794640851]}, "id": "00180000000000017652", "properties": {"dist_out": 1706939, "edit_flag": "NaN", "facc": 6769.1090879153, "grod_id": 0, "hfalls_id": 0, "lakeflag": 0, "manual_add": 0, "max_width": 201.5, "meand_len": 1509.8976705588027, "n_chan_max": 2, "n_chan_mod": 1, "node_id": 81246000030041, "node_len": 210.7500462530486, "obstr_type": 0, "reach_id": 81246000031, "river_name": "Nenana River", "sinuosity": 1.189516826188108, "trib_flag": 0, "type": 1, "width": 201.5, "width_var": 167.13888888888889, "wse": 141.1999969482422, "wse_var": 0.008888617623597, "x": -149.19531313432688, "y": 64.3866670399532}}, {"type": "Feature", "geometry": {"type": "Point", "coordinates": [-149.19789599914264, 64.3851741475556]}, "id": "00180000000000017653", "properties": {"dist_out": 1707132, "edit_flag": "NaN", "facc": 6765.923328929786, "grod_id": 0, "hfalls_id": 0, "lakeflag": 0, "manual_add": 0, "max_width": 296, "meand_len": 1509.8976705588027, "n_chan_max": 1, "n_chan_mod": 1, "node_id": 81246000030051, "node_len": 193.2429892421818, "obstr_type": 0, "reach_id": 81246000031, "river_name": "Nenana River", "sinuosity": 1.189516826188108, "trib_flag": 0, "type": 1, "width": 296, "width_var": 359.36, "wse": 141.1999969482422, "wse_var": 0.02160043945536, "x": -149.19789428025618, "y": 64.38517401345418}}, {"type": "Feature", "geometry": {"type": "Point", "coordinates": [-149.19990705371774, 64.38366251229849]}, "id": "00180000000000017654", "properties": {"dist_out": 1707337, "edit_flag": "NaN", "facc": 6763.268529775191, "grod_id": 0, "hfalls_id": 0, "lakeflag": 0, "manual_add": 0, "max_width": 997, "meand_len": 1509.8976705588027, "n_chan_max": 3, "n_chan_mod": 2, "node_id": 81246000030061, "node_len": 204.5648268607539, "obstr_type": 0, "reach_id": 81246000031, "river_name": "Nenana River", "sinuosity": 1.189516826188108, "trib_flag": 0, "type": 1, "width": 325.5, "width_var": 6505.222222222222, "wse": 142.30001068115234, "wse_var": 0.108682378149954, "x": -149.19990542547114, "y": 64.38366255432678}}, {"type": "Feature", "geometry": {"type": "Point", "coordinates": [-149.20170407144226, 64.38202156311081]}, "id": "00180000000000017655", "properties": {"dist_out": 1707531, "edit_flag": "NaN", "facc": 6760.082770789677, "grod_id": 0, "hfalls_id": 0, "lakeflag": 0, "manual_add": 0, "max_width": 997, "meand_len": 1345.1987001505934, "n_chan_max": 3, "n_chan_mod": 2, "node_id": 81246000030071, "node_len": 194.5926936290648, "obstr_type": 0, "reach_id": 81246000031, "river_name": "Nenana River", "sinuosity": 1.276212770560387, "trib_flag": 0, "type": 1, "width": 446.5, "width_var": 1617.888888888889, "wse": 142.40000915527344, "wse_var": 0, "x": -149.2017025935023, "y": 64.38201961027396}}, {"type": "Feature", "geometry": {"type": "Point", "coordinates": [-149.2019894539097, 64.38039845032736]}, "id": "00180000000000017656", "properties": {"dist_out": 1707716, "edit_flag": "NaN", "facc": 6756.897011804163, "grod_id": 0, "hfalls_id": 0, "lakeflag": 0, "manual_add": 0, "max_width": 433.5, "meand_len": 1125.6000729396474, "n_chan_max": 3, "n_chan_mod": 1, "node_id": 81246000030081, "node_len": 184.68745753274584, "obstr_type": 0, "reach_id": 81246000031, "river_name": "Nenana River", "sinuosity": 1.391807363056759, "trib_flag": 0, "type": 1, "width": 433.5, "width_var": 14003.88888888889, "wse": 143.22500610351562, "wse_var": 0.243676266167313, "x": -149.20198758998762, "y": 64.38039934701271}}, {"type": "Feature", "geometry": {"type": "Point", "coordinates": [-149.20225254087185, 64.37864602361336]}, "id": "00180000000000017657", "properties": {"dist_out": 1707930, "edit_flag": "NaN", "facc": 6753.71125281865, "grod_id": 0, "hfalls_id": 0, "lakeflag": 0, "manual_add": 0, "max_width": 256, "meand_len": 1125.6000729396474, "n_chan_max": 2, "n_chan_mod": 1, "node_id": 81246000030091, "node_len": 213.56470438937777, "obstr_type": 0, "reach_id": 81246000031, "river_name": "Nenana River", "sinuosity": 1.391807363056759, "trib_flag": 0, "type": 1, "width": 256, "width_var": 955.1428571428571, "wse": 143.5, "wse_var": 0, "x": -149.20225291257412, "y": 64.37864471210784}}, {"type": "Feature", "geometry": {"type": "Point", "coordinates": [-149.20182000806966, 64.37676428296881]}, "id": "00180000000000017658", "properties": {"dist_out": 1708141, "edit_flag": "NaN", "facc": 6749.994534002217, "grod_id": 0, "hfalls_id": 0, "lakeflag": 0, "manual_add": 0, "max_width": 295, "meand_len": 1125.6000729396474, "n_chan_max": 2, "n_chan_mod": 1, "node_id": 81246000030101, "node_len": 211.78235142563926, "obstr_type": 0, "reach_id": 81246000031, "river_name": "Nenana River", "sinuosity": 1.391807363056759, "trib_flag": 0, "type": 1, "width": 295, "width_var": 1328.4897959183672, "wse": 143.5, "wse_var": 0, "x": -149.20181810571688, "y": 64.37676592142843}}, {"type": "Feature", "geometry": {"type": "Point", "coordinates": [-149.2021990316592, 64.37500739715375]}, "id": "00180000000000017659", "properties": {"dist_out": 1708342, "edit_flag": "NaN", "facc": 6746.277815185784, "grod_id": 0, "hfalls_id": 0, "lakeflag": 0, "manual_add": 0, "max_width": 997, "meand_len": 1107.092252070643, "n_chan_max": 4, "n_chan_mod": 3, "node_id": 81246000030111, "node_len": 200.9113445567075, "obstr_type": 0, "reach_id": 81246000031, "river_name": "Nenana River", "sinuosity": 1.437560490764926, "trib_flag": 0, "type": 1, "width": 210, "width_var": 838.4722222222222, "wse": 143.5, "wse_var": 0, "x": -149.20219876880955, "y": 64.37500955377055}}, {"type": "Feature", "geometry": {"type": "Point", "coordinates": [-149.2040763132027, 64.37336644796608]}, "id": "0018000000000001765a", "properties": {"dist_out": 1708538, "edit_flag": "NaN", "facc": 6743.09205620027, "grod_id": 0, "hfalls_id": 0, "lakeflag": 0, "manual_add": 0, "max_width": 219.5, "meand_len": 1079.3305207671362, "n_chan_max": 1, "n_chan_mod": 1, "node_id": 81246000030121, "node_len": 195.94583136860138, "obstr_type": 0, "reach_id": 81246000031, "river_name": "Nenana River", "sinuosity": 1.506190182327178, "trib_flag": 0, "type": 1, "width": 219.5, "width_var": 4033, "wse": 144.0500030517578, "wse_var": 0.201668904628605, "x": -149.20407806286025, "y": 64.373365336812}}, {"type": "Feature", "geometry": {"type": "Point", "coordinates": [-149.20446425499435, 64.37174333518263]}, "id": "0018000000000001765b", "properties": {"dist_out": 1708722, "edit_flag": "NaN", "facc": 6739.906297214757, "grod_id": 0, "hfalls_id": 0, "lakeflag": 0, "manual_add": 0, "max_width": 78, "meand_len": 1079.3305207671362, "n_chan_max": 1, "n_chan_mod": 1, "node_id": 81246000030131, "node_len": 184.09334152035308, "obstr_type": 0, "reach_id": 81246000031, "river_name": "Nenana River", "sinuosity": 1.506190182327178, "trib_flag": 0, "type": 1, "width": 78, "width_var": 104.66666666666667, "wse": 144.95001220703125, "wse_var": 0.537218797486275, "x": -149.20446637334786, "y": 64.37174351213972}}, {"type": "Feature", "geometry": {"type": "Point", "coordinates": [-149.20459802802597, 64.36999090846862]}, "id": "0018000000000001765c", "properties": {"dist_out": 1708941, "edit_flag": "NaN", "facc": 6736.720538229242, "grod_id": 0, "hfalls_id": 0, "lakeflag": 0, "manual_add": 0, "max_width": 189, "meand_len": 1079.330520767136, "n_chan_max": 2, "n_chan_mod": 1, "node_id": 81246000030141, "node_len": 218.48493625908532, "obstr_type": 0, "reach_id": 81246000031, "river_name": "Nenana River", "sinuosity": 1.506190182327178, "trib_flag": 0, "type": 1, "width": 189, "width_var": 3865.1020408163267, "wse": 146.3000030517578, "wse_var": 0, "x": -149.20459835415895, "y": 64.36999087245819}}, {"type": "Feature", "geometry": {"type": "Point", "coordinates": [-149.2047585556639, 64.36823402265357]}, "id": "0018000000000001765d", "properties": {"dist_out": 1709125, "edit_flag": "NaN", "facc": 6733.00381941281, "grod_id": 0, "hfalls_id": 0, "lakeflag": 0, "manual_add": 0, "max_width": 212, "meand_len": 1228.858156031283, "n_chan_max": 2, "n_chan_mod": 1, "node_id": 81246000030151, "node_len": 183.69107974691633, "obstr_type": 0, "reach_id": 81246000031, "river_name": "Nenana River", "sinuosity": 1.410726321470107, "trib_flag": 0, "type": 1, "width": 212, "width_var": 627.1020408163266, "wse": 146.3000030517578, "wse_var": 0, "x": -149.20475959233428, "y": 64.36823394413449}}, {"type": "Feature", "geometry": {"type": "Point", "coordinates": [-149.20604723586834, 64.36688291503437]}, "id": "0018000000000001765e", "properties": {"dist_out": 1709346, "edit_flag": "NaN", "facc": 6729.287100596377, "grod_id": 0, "hfalls_id": 0, "lakeflag": 0, "manual_add": 0, "max_width": 171.5, "meand_len": 1602.6772441916503, "n_chan_max": 2, "n_chan_mod": 1, "node_id": 81246000030161, "node_len": 221.3814788589948, "obstr_type": 0, "reach_id": 81246000031, "river_name": "Nenana River", "sinuosity": 1.172066669327429, "trib_flag": 0, "type": 1, "width": 171.5, "width_var": 119.55555555555559, "wse": 146.4250030517578, "wse_var": 0.015625, "x": -149.20604575433669, "y": 64.36688076836747}}, {"type": "Feature", "geometry": {"type": "Point", "coordinates": [-149.20848636414456, 64.36533114786776]}, "id": "0018000000000001765f", "properties": {"dist_out": 1709557, "edit_flag": "NaN", "facc": 6725.570381779944, "grod_id": 0, "hfalls_id": 0, "lakeflag": 0, "manual_add": 0, "max_width": 136, "meand_len": 1602.6772441916503, "n_chan_max": 2, "n_chan_mod": 1, "node_id": 81246000030171, "node_len": 210.86156534707288, "obstr_type": 0, "reach_id": 81246000031, "river_name": "Nenana River", "sinuosity": 1.172066669327429, "trib_flag": 0, "type": 1, "width": 136, "width_var": 192.24489795918365, "wse": 146.8000030517578, "wse_var": 0.193877551020408, "x": -149.2084884383965, "y": 64.36533060773284}}, {"type": "Feature", "geometry": {"type": "Point", "coordinates": [-149.21219187711998, 64.3644170321518]}, "id": "00180000000000017660", "properties": {"dist_out": 1709741, "edit_flag": "NaN", "facc": 6722.3846227944305, "grod_id": 0, "hfalls_id": 0, "lakeflag": 0, "manual_add": 0, "max_width": 155.5, "meand_len": 1602.6772441916503, "n_chan_max": 1, "n_chan_mod": 1, "node_id": 81246000030181, "node_len": 184.6874799037396, "obstr_type": 0, "reach_id": 81246000031, "river_name": "Nenana River", "sinuosity": 1.172066669327429, "trib_flag": 0, "type": 1, "width": 155.5, "width_var": 239.22222222222226, "wse": 148.14999389648438, "wse_var": 0.027220798087203, "x": -149.21219006087532, "y": 64.36441807563905}}, {"type": "Feature", "geometry": {"type": "Point", "coordinates": [-149.2155629575164, 64.36384626721697]}, "id": "00180000000000017661", "properties": {"dist_out": 1709935, "edit_flag": "NaN", "facc": 6719.198863808916, "grod_id": 0, "hfalls_id": 0, "lakeflag": 0, "manual_add": 0, "max_width": 317, "meand_len": 1602.6772441916505, "n_chan_max": 2, "n_chan_mod": 1, "node_id": 81246000030191, "node_len": 194.00130522747395, "obstr_type": 0, "reach_id": 81246000031, "river_name": "Nenana River", "sinuosity": 1.172066669327429, "trib_flag": 0, "type": 1, "width": 317, "width_var": 2494.16, "wse": 148.5, "wse_var": 0.01960068359971, "x": -149.21556360037906, "y": 64.36384643202196}}, {"type": "Feature", "geometry": {"type": "Point", "coordinates": [-149.21805559500527, 64.36237922297039]}, "id": "00180000000000017662", "properties": {"dist_out": 1710135, "edit_flag": "NaN", "facc": 6716.544064654321, "grod_id": 0, "hfalls_id": 0, "lakeflag": 0, "manual_add": 0, "max_width": 997, "meand_len": 1307.7924861097113, "n_chan_max": 3, "n_chan_mod": 3, "node_id": 81246000030201, "node_len": 199.2146714510709, "obstr_type": 0, "reach_id": 81246000031, "river_name": "Nenana River", "sinuosity": 1.236488464554577, "trib_flag": 0, "type": 1, "width": 324, "width_var": 1156.9166666666667, "wse": 148.5, "wse_var": 0, "x": -149.21805676292377, "y": 64.36238127403493}}, {"type": "Feature", "geometry": {"type": "Point", "coordinates": [-149.21937102981602, 64.36060895985217]}, "id": "00180000000000017663", "properties": {"dist_out": 1710360, "edit_flag": "NaN", "facc": 6713.358305668808, "grod_id": 0, "hfalls_id": 0, "lakeflag": 0, "manual_add": 0, "max_width": 997, "meand_len": 1111.2026473884182, "n_chan_max": 4, "n_chan_mod": 3, "node_id": 81246000030211, "node_len": 225.41790282458578, "obstr_type": 0, "reach_id": 81246000031, "river_name": "Nenana River", "sinuosity": 1.279436328039342, "trib_flag": 0, "type": 1, "width": 417, "width_var": 13418.489795918367, "wse": 148.5, "wse_var": 0.044592609020824, "x": -149.21937051392084, "y": 64.36061072570773}}, {"type": "Feature", "geometry": {"type": "Point", "coordinates": [-149.2204858050794, 64.358843155835]}, "id": "00180000000000017664", "properties": {"dist_out": 1710559, "edit_flag": "NaN", "facc": 6709.6415868523745, "grod_id": 0, "hfalls_id": 0, "lakeflag": 0, "manual_add": 0, "max_width": 540, "meand_len": 1111.2026473884182, "n_chan_max": 6, "n_chan_mod": 1, "node_id": 81246000030221, "node_len": 198.62055440297627, "obstr_type": 0, "reach_id": 81246000031, "river_name": "Nenana River", "sinuosity": 1.279436328039342, "trib_flag": 0, "type": 1, "width": 540, "width_var": 1952.8888888888887, "wse": 149.1500015258789, "wse_var": 0.603678207411172, "x": -149.22048602070458, "y": 64.35884316652164}}, {"type": "Feature", "geometry": {"type": "Point", "coordinates": [-149.22230065920814, 64.35733597967894]}, "id": "00180000000000017665", "properties": {"dist_out": 1710737, "edit_flag": "NaN", "facc": 6706.455827866861, "grod_id": 0, "hfalls_id": 0, "lakeflag": 0, "manual_add": 0, "max_width": 399, "meand_len": 1111.2026473884182, "n_chan_max": 1, "n_chan_mod": 1, "node_id": 81246000030231, "node_len": 178.36159549694275, "obstr_type": 0, "reach_id": 81246000031, "river_name": "Nenana River", "sinuosity": 1.279436328039342, "trib_flag": 0, "type": 1, "width": 399, "width_var": 6432.24, "wse": 152.8000030517578, "wse_var": 0.576602270510048, "x": -149.22229949351055, "y": 64.3573343510851}}, {"type": "Feature", "geometry": {"type": "Point", "coordinates": [-149.22455250524013, 64.35581988532077]}, "id": "00180000000000017666", "properties": {"dist_out": 1710961, "edit_flag": "NaN", "facc": 6703.801028712266, "grod_id": 0, "hfalls_id": 0, "lakeflag": 0, "manual_add": 0, "max_width": 393.5, "meand_len": 1580.6237413597357, "n_chan_max": 2, "n_chan_mod": 1, "node_id": 81246000030241, "node_len": 223.64641181671504, "obstr_type": 0, "reach_id": 81246000031, "river_name": "Nenana River", "sinuosity": 1.074050773456689, "trib_flag": 0, "type": 1, "width": 393.5, "width_var": 886.9166666666666, "wse": 153, "wse_var": 0.004722205281723, "x": -149.22455145658557, "y": 64.3558188570456}}, {"type": "Feature", "geometry": {"type": "Point", "coordinates": [-149.22672854655423, 64.35430379096259]}, "id": "00180000000000017667", "properties": {"dist_out": 1711139, "edit_flag": "NaN", "facc": 6700.615269726753, "grod_id": 0, "hfalls_id": 0, "lakeflag": 0, "manual_add": 0, "max_width": 277, "meand_len": 1580.6237413597357, "n_chan_max": 1, "n_chan_mod": 1, "node_id": 81246000030251, "node_len": 178.3615955045534, "obstr_type": 0, "reach_id": 81246000031, "river_name": "Nenana River", "sinuosity": 1.074050773456689, "trib_flag": 0, "type": 1, "width": 277, "width_var": 366.6400000000001, "wse": 153.10000610351562, "wse_var": 0, "x": -149.22672869342796, "y": 64.35430446254996}}, {"type": "Feature", "geometry": {"type": "Point", "coordinates": [-149.22931036606417, 64.35293484693919]}, "id": "00180000000000017668", "properties": {"dist_out": 1711349, "edit_flag": "NaN", "facc": 6697.960470572158, "grod_id": 0, "hfalls_id": 0, "lakeflag": 0, "manual_add": 0, "max_width": 297, "meand_len": 1580.6237413597357, "n_chan_max": 1, "n_chan_mod": 1, "node_id": 81246000030261, "node_len": 209.71403679793457, "obstr_type": 0, "reach_id": 81246000031, "river_name": "Nenana River", "sinuosity": 1.074050773456689, "trib_flag": 0, "type": 1, "width": 297, "width_var": 271.5833333333333, "wse": 153.10000610351562, "wse_var": 0, "x": -149.22931114598694, "y": 64.35293648982768}}, {"type": "Feature", "geometry": {"type": "Point", "coordinates": [-149.23309614285853, 64.35203856762745]}, "id": "00180000000000017669", "properties": {"dist_out": 1711568, "edit_flag": "NaN", "facc": 6694.774711586643, "grod_id": 0, "hfalls_id": 0, "lakeflag": 0, "manual_add": 0, "max_width": 360, "meand_len": 1580.6237413597357, "n_chan_max": 1, "n_chan_mod": 1, "node_id": 81246000030271, "node_len": 219.24397014944952, "obstr_type": 0, "reach_id": 81246000031, "river_name": "Nenana River", "sinuosity": 1.074050773456689, "trib_flag": 0, "type": 1, "width": 360, "width_var": 203.6326530612245, "wse": 153.10000610351562, "wse_var": 0, "x": -149.2330973598229, "y": 64.35203750570847}}, {"type": "Feature", "geometry": {"type": "Point", "coordinates": [-149.23508490192836, 64.35054030967349]}, "id": "0018000000000001766a", "properties": {"dist_out": 1711755, "edit_flag": "NaN", "facc": 6691.057992770211, "grod_id": 0, "hfalls_id": 0, "lakeflag": 0, "manual_add": 0, "max_width": 270, "meand_len": 982.5623658009821, "n_chan_max": 1, "n_chan_mod": 1, "node_id": 81246000030281, "node_len": 186.99844658369693, "obstr_type": 0, "reach_id": 81246000031, "river_name": "Nenana River", "sinuosity": 1.023685425460072, "trib_flag": 0, "type": 1, "width": 270, "width_var": 269.4722222222222, "wse": 153.25, "wse_var": 0.022498168982565, "x": -149.23508296760767, "y": 64.35054128969017}}, {"type": "Feature", "geometry": {"type": "Point", "coordinates": [-149.23574484888428, 64.34877896475737]}, "id": "0018000000000001766b", "properties": {"dist_out": 1711969, "edit_flag": "NaN", "facc": 6687.872233784697, "grod_id": 0, "hfalls_id": 0, "lakeflag": 0, "manual_add": 0, "max_width": 284, "meand_len": 743.3378155774808, "n_chan_max": 1, "n_chan_mod": 1, "node_id": 81246000030291, "node_len": 213.56470255574095, "obstr_type": 0, "reach_id": 81246000031, "river_name": "Nenana River", "sinuosity": 1.003539286261425, "trib_flag": 0, "type": 1, "width": 284, "width_var": 638.4081632653061, "wse": 153.6999969482422, "wse_var": 0, "x": -149.23574489530247, "y": 64.34878051161284}}, {"type": "Feature", "geometry": {"type": "Point", "coordinates": [-149.23647614145705, 64.34701761984127]}, "id": "0018000000000001766c", "properties": {"dist_out": 1712153, "edit_flag": "NaN", "facc": 6684.1555149682645, "grod_id": 0, "hfalls_id": 0, "lakeflag": 0, "manual_add": 0, "max_width": 403, "meand_len": 486.29274868944276, "n_chan_max": 2, "n_chan_mod": 1, "node_id": 81246000030301, "node_len": 184.68745789433615, "obstr_type": 0, "reach_id": 81246000031, "river_name": "Nenana River", "sinuosity": 1.003516235207041, "trib_flag": 0, "type": 1, "width": 403, "width_var": 1310.25, "wse": 154.6750030517578, "wse_var": 1.90202651132131, "x": -149.23647470857557, "y": 64.34701869312342}}, {"type": "Feature", "geometry": {"type": "Point", "coordinates": [-149.23702461088664, 64.3453945070578]}, "id": "0018000000000001766d", "properties": {"dist_out": 1712353, "edit_flag": "NaN", "facc": 6680.96975598275, "grod_id": 0, "hfalls_id": 0, "lakeflag": 0, "manual_add": 0, "max_width": 388.5, "meand_len": 1348.2633219258419, "n_chan_max": 3, "n_chan_mod": 1, "node_id": 81246000030311, "node_len": 200.17323179531832, "obstr_type": 0, "reach_id": 81246000031, "river_name": "Nenana River", "sinuosity": 1.157426790782843, "trib_flag": 0, "type": 1, "width": 388.5, "width_var": 226.25, "wse": 157.40000915527344, "wse_var": 0, "x": -149.23702623251492, "y": 64.345394258587}}, {"type": "Feature", "geometry": {"type": "Point", "coordinates": [-149.23887959692485, 64.3437490987691]}, "id": "0018000000000001766e", "properties": {"dist_out": 1712564, "edit_flag": "NaN", "facc": 6677.7839969972365, "grod_id": 0, "hfalls_id": 0, "lakeflag": 0, "manual_add": 0, "max_width": 997, "meand_len": 1713.6151565714445, "n_chan_max": 4, "n_chan_mod": 3, "node_id": 81246000030321, "node_len": 210.6725846340887, "obstr_type": 0, "reach_id": 81246000031, "river_name": "Nenana River", "sinuosity": 1.218992857097515, "trib_flag": 0, "type": 1, "width": 311, "width_var": 939.25, "wse": 157.40000915527344, "wse_var": 0, "x": -149.23888076807575, "y": 64.34374991984197}}, {"type": "Feature", "geometry": {"type": "Point", "coordinates": [-149.24093970161155, 64.34210369048037]}, "id": "0018000000000001766f", "properties": {"dist_out": 1712761, "edit_flag": "NaN", "facc": 6674.598238011722, "grod_id": 0, "hfalls_id": 0, "lakeflag": 0, "manual_add": 0, "max_width": 997, "meand_len": 1713.6151565714445, "n_chan_max": 4, "n_chan_mod": 2, "node_id": 81246000030331, "node_len": 196.90439269255148, "obstr_type": 0, "reach_id": 81246000031, "river_name": "Nenana River", "sinuosity": 1.218992857097515, "trib_flag": 0, "type": 1, "width": 447, "width_var": 2730.472222222222, "wse": 158.25, "wse_var": 0.42249206546694, "x": -149.24094191178472, "y": 64.34210239613415}}, {"type": "Feature", "geometry": {"type": "Point", "coordinates": [-149.24299088809613, 64.34051179140428]}, "id": "00180000000000017670", "properties": {"dist_out": 1712975, "edit_flag": "NaN", "facc": 6671.4124790262085, "grod_id": 0, "hfalls_id": 0, "lakeflag": 0, "manual_add": 0, "max_width": 997, "meand_len": 1713.6151565714445, "n_chan_max": 2, "n_chan_mod": 2, "node_id": 81246000030341, "node_len": 214.27316875978522, "obstr_type": 0, "reach_id": 81246000031, "river_name": "Nenana River", "sinuosity": 1.218992857097515, "trib_flag": 0, "type": 1, "width": 414, "width_var": 921.5510204081633, "wse": 160.1999969482422, "wse_var": 0.002448531190808, "x": -149.2429897738312, "y": 64.34051275776237}}, {"type": "Feature", "geometry": {"type": "Point", "coordinates": [-149.24423497729003, 64.33882179210504]}, "id": "00180000000000017671", "properties": {"dist_out": 1713162, "edit_flag": "NaN", "facc": 6667.6957602097755, "grod_id": 0, "hfalls_id": 0, "lakeflag": 0, "manual_add": 0, "max_width": 322, "meand_len": 1713.6151565714445, "n_chan_max": 1, "n_chan_mod": 1, "node_id": 81246000030351, "node_len": 186.40432952865376, "obstr_type": 0, "reach_id": 81246000031, "river_name": "Nenana River", "sinuosity": 1.218992857097515, "trib_flag": 0, "type": 1, "width": 322, "width_var": 377.80555555555566, "wse": 160.1999969482422, "wse_var": 0, "x": -149.24423626833476, "y": 64.33881993518953}}, {"type": "Feature", "geometry": {"type": "Point", "coordinates": [-149.2445560325659, 64.33706490628997]}, "id": "00180000000000017672", "properties": {"dist_out": 1713379, "edit_flag": "NaN", "facc": 6664.510001224262, "grod_id": 0, "hfalls_id": 0, "lakeflag": 0, "manual_add": 0, "max_width": 396, "meand_len": 2192.709147957346, "n_chan_max": 1, "n_chan_mod": 1, "node_id": 81246000030361, "node_len": 216.99844701052734, "obstr_type": 0, "reach_id": 81246000031, "river_name": "Nenana River", "sinuosity": 1.435342677209558, "trib_flag": 0, "type": 1, "width": 396, "width_var": 805.5510204081633, "wse": 160.1999969482422, "wse_var": 0, "x": -149.24455466970812, "y": 64.33706436613313}}, {"type": "Feature", "geometry": {"type": "Point", "coordinates": [-149.24558608490923, 64.33529910227281]}, "id": "00180000000000017673", "properties": {"dist_out": 1713571, "edit_flag": "NaN", "facc": 6660.793282407829, "grod_id": 0, "hfalls_id": 0, "lakeflag": 0, "manual_add": 0, "max_width": 997, "meand_len": 2552.029641496773, "n_chan_max": 2, "n_chan_mod": 2, "node_id": 81246000030371, "node_len": 192.14906267141214, "obstr_type": 0, "reach_id": 81246000031, "river_name": "Nenana River", "sinuosity": 1.59760504229359, "trib_flag": 0, "type": 1, "width": 473.5, "width_var": 10805.583333333334, "wse": 160.1999969482422, "wse_var": 0, "x": -149.24558491570443, "y": 64.33529788624072}}, {"type": "Feature", "geometry": {"type": "Point", "coordinates": [-149.24675436938523, 64.33366261218619]}, "id": "00180000000000017674", "properties": {"dist_out": 1713767, "edit_flag": "NaN", "facc": 6657.607523422315, "grod_id": 0, "hfalls_id": 0, "lakeflag": 0, "manual_add": 0, "max_width": 670, "meand_len": 2552.029641496773, "n_chan_max": 2, "n_chan_mod": 1, "node_id": 81246000030381, "node_len": 195.7816367190826, "obstr_type": 0, "reach_id": 81246000031, "river_name": "Nenana River", "sinuosity": 1.597605042293589, "trib_flag": 0, "type": 1, "width": 670, "width_var": 1260.138888888889, "wse": 161.1750030517578, "wse_var": 0.105623016366735, "x": -149.24675596536224, "y": 64.33366390712345}}, {"type": "Feature", "geometry": {"type": "Point", "coordinates": [-149.24852463250346, 64.33202166299853]}, "id": "00180000000000017675", "properties": {"dist_out": 1713966, "edit_flag": "NaN", "facc": 6654.421764436802, "grod_id": 0, "hfalls_id": 0, "lakeflag": 0, "manual_add": 0, "max_width": 997, "meand_len": 2552.029641496773, "n_chan_max": 2, "n_chan_mod": 2, "node_id": 81246000030391, "node_len": 199.21467144988765, "obstr_type": 0, "reach_id": 81246000031, "river_name": "Nenana River", "sinuosity": 1.59760504229359, "trib_flag": 0, "type": 1, "width": 578, "width_var": 766.9166666666666, "wse": 161.5, "wse_var": 0, "x": -149.2485264433677, "y": 64.33202071716455}}, {"type": "Feature", "geometry": {"type": "Point", "coordinates": [-149.24959035765522, 64.33025585898136]}, "id": "00180000000000017676", "properties": {"dist_out": 1714185, "edit_flag": "NaN", "facc": 6651.236005451287, "grod_id": 0, "hfalls_id": 0, "lakeflag": 0, "manual_add": 0, "max_width": 997, "meand_len": 2552.029641496773, "n_chan_max": 3, "n_chan_mod": 2, "node_id": 81246000030401, "node_len": 219.3094356803549, "obstr_type": 0, "reach_id": 81246000031, "river_name": "Nenana River", "sinuosity": 1.59760504229359, "trib_flag": 0, "type": 1, "width": 532, "width_var": 1134.530612244898, "wse": 161.60000610351562, "wse_var": 0.000306159818583, "x": -149.24958874407181, "y": 64.33025371165868}}, {"type": "Feature", "geometry": {"type": "Point", "coordinates": [-149.25053568707855, 64.32849005496419]}, "id": "00180000000000017677", "properties": {"dist_out": 1714369, "edit_flag": "NaN", "facc": 6647.519286634855, "grod_id": 0, "hfalls_id": 0, "lakeflag": 0, "manual_add": 0, "max_width": 429, "meand_len": 2552.029641496773, "n_chan_max": 2, "n_chan_mod": 1, "node_id": 81246000030411, "node_len": 183.56470249911217, "obstr_type": 0, "reach_id": 81246000031, "river_name": "Nenana River", "sinuosity": 1.59760504229359, "trib_flag": 0, "type": 1, "width": 429, "width_var": 9056.333333333334, "wse": 161.82500457763672, "wse_var": 0.005625686666463, "x": -149.25053573828242, "y": 64.32848846782639}}, {"type": "Feature", "geometry": {"type": "Point", "coordinates": [-149.2510217290934, 64.32672871004809]}, "id": "00180000000000017678", "properties": {"dist_out": 1714581, "edit_flag": "NaN", "facc": 6644.333527649341, "grod_id": 0, "hfalls_id": 0, "lakeflag": 0, "manual_add": 0, "max_width": 997, "meand_len": 2552.029641496773, "n_chan_max": 3, "n_chan_mod": 2, "node_id": 81246000030421, "node_len": 211.7823514145348, "obstr_type": 0, "reach_id": 81246000031, "river_name": "Nenana River", "sinuosity": 1.59760504229359, "trib_flag": 0, "type": 1, "width": 315, "width_var": 1326.2448979591838, "wse": 161.90000915527344, "wse_var": 0, "x": -149.2510219509433, "y": 64.3267302979717}}, {"type": "Feature", "geometry": {"type": "Point", "coordinates": [-149.25154344391663, 64.32483805120143]}, "id": "00180000000000017679", "properties": {"dist_out": 1714798, "edit_flag": "NaN", "facc": 6640.616808832908, "grod_id": 0, "hfalls_id": 0, "lakeflag": 0, "manual_add": 0, "max_width": 997, "meand_len": 2552.029641496773, "n_chan_max": 3, "n_chan_mod": 2, "node_id": 81246000030431, "node_len": 217.59256364716384, "obstr_type": 0, "reach_id": 81246000031, "river_name": "Nenana River", "sinuosity": 1.59760504229359, "trib_flag": 0, "type": 1, "width": 460, "width_var": 2401.387755102041, "wse": 163.39999389648438, "wse_var": 1.327647592995924, "x": -149.25154140091732, "y": 64.32483694474784}}, {"type": "Feature", "geometry": {"type": "Point", "coordinates": [-149.25202056772937, 64.32307670628533]}, "id": "0018000000000001767a", "properties": {"dist_out": 1714978, "edit_flag": "NaN", "facc": 6636.900090016476, "grod_id": 0, "hfalls_id": 0, "lakeflag": 0, "manual_add": 0, "max_width": 997, "meand_len": 2552.029641496773, "n_chan_max": 3, "n_chan_mod": 2, "node_id": 81246000030441, "node_len": 180.0000002477318, "obstr_type": 0, "reach_id": 81246000031, "river_name": "Nenana River", "sinuosity": 1.59760504229359, "trib_flag": 0, "type": 1, "width": 450, "width_var": 5883.138888888888, "wse": 165.4250030517578, "wse_var": 2.09117926703766, "x": -149.2520186359781, "y": 64.3230789076308}}, {"type": "Feature", "geometry": {"type": "Point", "coordinates": [-149.2518065308788, 64.32133319777341]}, "id": "0018000000000001767b", "properties": {"dist_out": 1715195, "edit_flag": "NaN", "facc": 6633.714331030961, "grod_id": 0, "hfalls_id": 0, "lakeflag": 0, "manual_add": 0, "max_width": 997, "meand_len": 2552.029641496773, "n_chan_max": 3, "n_chan_mod": 3, "node_id": 81246000030451, "node_len": 216.998447422975, "obstr_type": 0, "reach_id": 81246000031, "river_name": "Nenana River", "sinuosity": 1.59760504229359, "trib_flag": 0, "type": 1, "width": 569, "width_var": 752.8571428571429, "wse": 168.6999969482422, "wse_var": 0.059999476842658, "x": -149.25180494685532, "y": 64.3213314924016}}, {"type": "Feature", "geometry": {"type": "Point", "coordinates": [-149.25266267828107, 64.31956739375626]}, "id": "0018000000000001767c", "properties": {"dist_out": 1715382, "edit_flag": "NaN", "facc": 6629.997612214529, "grod_id": 0, "hfalls_id": 0, "lakeflag": 0, "manual_add": 0, "max_width": 997, "meand_len": 2300.8866723441697, "n_chan_max": 2, "n_chan_mod": 2, "node_id": 81246000030461, "node_len": 186.9984465627913, "obstr_type": 0, "reach_id": 81246000031, "river_name": "Nenana River", "sinuosity": 1.564293436468292, "trib_flag": 0, "type": 1, "width": 560, "width_var": 1454.6666666666667, "wse": 169.5500030517578, "wse_var": 0.341185455339857, "x": -149.2526629316213, "y": 64.31956759592913}}, {"type": "Feature", "geometry": {"type": "Point", "coordinates": [-149.25339842995487, 64.31780604884014]}, "id": "0018000000000001767d", "properties": {"dist_out": 1715596, "edit_flag": "NaN", "facc": 6626.811853229015, "grod_id": 0, "hfalls_id": 0, "lakeflag": 0, "manual_add": 0, "max_width": 284, "meand_len": 1045.1718265811544, "n_chan_max": 2, "n_chan_mod": 1, "node_id": 81246000030471, "node_len": 213.56470253588122, "obstr_type": 0, "reach_id": 81246000031, "river_name": "Nenana River", "sinuosity": 1.397735407341802, "trib_flag": 0, "type": 1, "width": 284, "width_var": 3896.408163265306, "wse": 170.40000915527344, "wse_var": 0, "x": -149.25339682884965, "y": 64.31780560255949}}, {"type": "Feature", "geometry": {"type": "Point", "coordinates": [-149.25429916836768, 64.31604024482297]}, "id": "0018000000000001767e", "properties": {"dist_out": 1715790, "edit_flag": "NaN", "facc": 6623.095134412582, "grod_id": 0, "hfalls_id": 0, "lakeflag": 0, "manual_add": 0, "max_width": 284.5, "meand_len": 1045.1718265811544, "n_chan_max": 1, "n_chan_mod": 1, "node_id": 81246000030481, "node_len": 193.8659346986915, "obstr_type": 0, "reach_id": 81246000031, "river_name": "Nenana River", "sinuosity": 1.397735407341802, "trib_flag": 0, "type": 1, "width": 284.5, "width_var": 935.1388888888888, "wse": 170.40000915527344, "wse_var": 0, "x": -149.25429888306383, "y": 64.31604101478392}}, {"type": "Feature", "geometry": {"type": "Point", "coordinates": [-149.25553879846052, 64.31426998170475]}, "id": "0018000000000001767f", "properties": {"dist_out": 1716006, "edit_flag": "NaN", "facc": 6619.909375427068, "grod_id": 0, "hfalls_id": 0, "lakeflag": 0, "manual_add": 0, "max_width": 516, "meand_len": 1045.1718265811544, "n_chan_max": 4, "n_chan_mod": 1, "node_id": 81246000030491, "node_len": 216.40432997251446, "obstr_type": 0, "reach_id": 81246000031, "river_name": "Nenana River", "sinuosity": 1.397735407341802, "trib_flag": 0, "type": 1, "width": 516, "width_var": 11969.346938775512, "wse": 171.10000610351562, "wse_var": 0.279997558599072, "x": -149.25553731480025, "y": 64.31427123930999}}, {"type": "Feature", "geometry": {"type": "Point", "coordinates": [-149.2555610939658, 64.31252201409181]}, "id": "00180000000000017680", "properties": {"dist_out": 1716189, "edit_flag": "NaN", "facc": 6616.192656610635, "grod_id": 0, "hfalls_id": 0, "lakeflag": 0, "manual_add": 0, "max_width": 997, "meand_len": 883.7361018750504, "n_chan_max": 4, "n_chan_mod": 3, "node_id": 81246000030501, "node_len": 183.49922340643388, "obstr_type": 0, "reach_id": 81246000031, "river_name": "Nenana River", "sinuosity": 1.212707504250921, "trib_flag": 0, "type": 1, "width": 582, "width_var": 5028.472222222222, "wse": 171.8000030517578, "wse_var": 0.000347264609041, "x": -149.25556255235455, "y": 64.31252014538941}}, {"type": "Feature", "geometry": {"type": "Point", "coordinates": [-149.25706827012186, 64.31097024692521]}, "id": "00180000000000017681", "properties": {"dist_out": 1716408, "edit_flag": "NaN", "facc": 6613.006897625121, "grod_id": 0, "hfalls_id": 0, "lakeflag": 0, "manual_add": 0, "max_width": 997, "meand_len": 722.3003771689463, "n_chan_max": 4, "n_chan_mod": 2, "node_id": 81246000030511, "node_len": 218.12421099203493, "obstr_type": 0, "reach_id": 81246000031, "river_name": "Nenana River", "sinuosity": 1.02767960116004, "trib_flag": 0, "type": 1, "width": 562, "width_var": 1532.8888888888887, "wse": 171.90000915527344, "wse_var": 0, "x": -149.25706993413573, "y": 64.31097065630549}}, {"type": "Feature", "geometry": {"type": "Point", "coordinates": [-149.26022531366772, 64.30961913930601]}, "id": "00180000000000017682", "properties": {"dist_out": 1716616, "edit_flag": "NaN", "facc": 6609.821138639608, "grod_id": 0, "hfalls_id": 0, "lakeflag": 0, "manual_add": 0, "max_width": 997, "meand_len": 849.442248823305, "n_chan_max": 5, "n_chan_mod": 3, "node_id": 81246000030521, "node_len": 208.12438344150723, "obstr_type": 0, "reach_id": 81246000031, "river_name": "Nenana River", "sinuosity": 1.062332172970917, "trib_flag": 0, "type": 1, "width": 584, "width_var": 10623.44, "wse": 171.90000915527344, "wse_var": 0.576602270510048, "x": -149.26022748237745, "y": 64.30962013566598}}, {"type": "Feature", "geometry": {"type": "Point", "coordinates": [-149.26258417812497, 64.30810304494784]}, "id": "00180000000000017683", "properties": {"dist_out": 1716810, "edit_flag": "NaN", "facc": 6607.166339485013, "grod_id": 0, "hfalls_id": 0, "lakeflag": 0, "manual_add": 0, "max_width": 997, "meand_len": 913.0131846504843, "n_chan_max": 5, "n_chan_mod": 3, "node_id": 81246000030531, "node_len": 194.06476467564244, "obstr_type": 0, "reach_id": 81246000031, "river_name": "Nenana River", "sinuosity": 1.079658458876355, "trib_flag": 0, "type": 1, "width": 588, "width_var": 3232.888888888889, "wse": 175, "wse_var": 0.03555447049439, "x": -149.2625850611335, "y": 64.3081023503724}}, {"type": "Feature", "geometry": {"type": "Point", "coordinates": [-149.26313264755456, 64.3064799321644]}, "id": "00180000000000017684", "properties": {"dist_out": 1716992, "edit_flag": "NaN", "facc": 6603.9805804994985, "grod_id": 0, "hfalls_id": 0, "lakeflag": 0, "manual_add": 0, "max_width": 997, "meand_len": 921.016739693866, "n_chan_max": 4, "n_chan_mod": 3, "node_id": 81246000030541, "node_len": 181.78235137103184, "obstr_type": 0, "reach_id": 81246000031, "river_name": "Nenana River", "sinuosity": 1.119021430348174, "trib_flag": 0, "type": 1, "width": 403.5, "width_var": 1418.6666666666667, "wse": 176.3249969482422, "wse_var": 0.042500610359841, "x": -149.26313432131275, "y": 64.3064778189753}}, {"type": "Feature", "geometry": {"type": "Point", "coordinates": [-149.2635116711441, 64.30472304634934]}, "id": "00180000000000017685", "properties": {"dist_out": 1717173, "edit_flag": "NaN", "facc": 6600.794821513985, "grod_id": 0, "hfalls_id": 0, "lakeflag": 0, "manual_add": 0, "max_width": 997, "meand_len": 961.0345149107756, "n_chan_max": 3, "n_chan_mod": 2, "node_id": 81246000030551, "node_len": 181.78235137184856, "obstr_type": 0, "reach_id": 81246000031, "river_name": "Nenana River", "sinuosity": 1.31583628770727, "trib_flag": 0, "type": 1, "width": 342, "width_var": 1643.387755102041, "wse": 177.40000915527344, "wse_var": 0.250006975501548, "x": -149.26351314538076, "y": 64.30472124910959}}, {"type": "Feature", "geometry": {"type": "Point", "coordinates": [-149.26390853113787, 64.30282792840161]}, "id": "00180000000000017686", "properties": {"dist_out": 1717416, "edit_flag": "NaN", "facc": 6597.078102697552, "grod_id": 0, "hfalls_id": 0, "lakeflag": 0, "manual_add": 0, "max_width": 933, "meand_len": 961.0345149107754, "n_chan_max": 4, "n_chan_mod": 4, "node_id": 81246000040011, "node_len": 211.78235141348597, "obstr_type": 0, "reach_id": 81246000041, "river_name": "Nenana River", "sinuosity": 1.31583628770727, "trib_flag": 0, "type": 1, "width": 428, "width_var": 7614.408163265306, "wse": 178.89999389648438, "wse_var": 0.196222191676497, "x": -149.26390744088113, "y": 64.3028297677429}}, {"type": "Feature", "geometry": {"type": "Point", "coordinates": [-149.2638282673189, 64.30107996078867]}, "id": "00180000000000017687", "properties": {"dist_out": 1717597, "edit_flag": "NaN", "facc": 6593.36138388112, "grod_id": 0, "hfalls_id": 0, "lakeflag": 0, "manual_add": 0, "max_width": 933, "meand_len": 961.0345149107756, "n_chan_max": 5, "n_chan_mod": 5, "node_id": 81246000040021, "node_len": 181.78235179059237, "obstr_type": 0, "reach_id": 81246000041, "river_name": "Nenana River", "sinuosity": 1.31583628770727, "trib_flag": 0, "type": 1, "width": 552, "width_var": 544.8055555555555, "wse": 179.39999389648438, "wse_var": 0.004721950972453, "x": -149.26382889314718, "y": 64.3010802687004}}, {"type": "Feature", "geometry": {"type": "Point", "coordinates": [-149.2640467632705, 64.29932753407466]}, "id": "00180000000000017688", "properties": {"dist_out": 1717809, "edit_flag": "NaN", "facc": 6590.175624895605, "grod_id": 0, "hfalls_id": 0, "lakeflag": 0, "manual_add": 0, "max_width": 933, "meand_len": 1284.263640865996, "n_chan_max": 5, "n_chan_mod": 3, "node_id": 81246000040031, "node_len": 211.7823514118669, "obstr_type": 0, "reach_id": 81246000041, "river_name": "Nenana River", "sinuosity": 1.181389501850627, "trib_flag": 0, "type": 1, "width": 523, "width_var": 1023.6326530612245, "wse": 179.5, "wse_var": 0, "x": -149.264045353962, "y": 64.29932620618236}}, {"type": "Feature", "geometry": {"type": "Point", "coordinates": [-149.2644391641632, 64.297436875228]}, "id": "00180000000000017689", "properties": {"dist_out": 1718023, "edit_flag": "NaN", "facc": 6586.458906079173, "grod_id": 0, "hfalls_id": 0, "lakeflag": 0, "manual_add": 0, "max_width": 933, "meand_len": 1338.1351618585325, "n_chan_max": 2, "n_chan_mod": 2, "node_id": 81246000040041, "node_len": 214.15881997915972, "obstr_type": 0, "reach_id": 81246000041, "river_name": "Nenana River", "sinuosity": 1.158981704207853, "trib_flag": 0, "type": 1, "width": 418, "width_var": 3433.3469387755104, "wse": 179.5, "wse_var": 0, "x": -149.26443953997074, "y": 64.29743472239241}}, {"type": "Feature", "geometry": {"type": "Point", "coordinates": [-149.26479143314643, 64.29567998941295]}, "id": "0018000000000001768a", "properties": {"dist_out": 1718211, "edit_flag": "NaN", "facc": 6582.74218726274, "grod_id": 0, "hfalls_id": 0, "lakeflag": 0, "manual_add": 0, "max_width": 340.5, "meand_len": 1338.1351618585325, "n_chan_max": 2, "n_chan_mod": 1, "node_id": 81246000040051, "node_len": 187.3621805284199, "obstr_type": 0, "reach_id": 81246000041, "river_name": "Nenana River", "sinuosity": 1.158981704207853, "trib_flag": 0, "type": 1, "width": 340.5, "width_var": 332.8055555555556, "wse": 179.5, "wse_var": 0, "x": -149.26479162210168, "y": 64.29567855867872}}, {"type": "Feature", "geometry": {"type": "Point", "coordinates": [-149.26512586572545, 64.29392310359789]}, "id": "0018000000000001768b", "properties": {"dist_out": 1718424, "edit_flag": "NaN", "facc": 6579.556428277226, "grod_id": 0, "hfalls_id": 0, "lakeflag": 0, "manual_add": 0, "max_width": 933, "meand_len": 1338.1351618585325, "n_chan_max": 3, "n_chan_mod": 2, "node_id": 81246000040061, "node_len": 213.4992250828576, "obstr_type": 0, "reach_id": 81246000041, "river_name": "Nenana River", "sinuosity": 1.158981704207853, "trib_flag": 0, "type": 1, "width": 406, "width_var": 1388.6938775510205, "wse": 179.5, "wse_var": 0.246941515871761, "x": -149.26512597167903, "y": 64.29392266782101}}, {"type": "Feature", "geometry": {"type": "Point", "coordinates": [-149.2641136497863, 64.2921885132881]}, "id": "0018000000000001768c", "properties": {"dist_out": 1718616, "edit_flag": "NaN", "facc": 6575.8397094607935, "grod_id": 0, "hfalls_id": 0, "lakeflag": 0, "manual_add": 0, "max_width": 933, "meand_len": 1800.360105240035, "n_chan_max": 4, "n_chan_mod": 2, "node_id": 81246000040071, "node_len": 191.39004558962029, "obstr_type": 0, "reach_id": 81246000041, "river_name": "Nenana River", "sinuosity": 1.085490597066151, "trib_flag": 0, "type": 1, "width": 482.5, "width_var": 2104.6666666666665, "wse": 181.6999969482422, "wse_var": 0.192010964299293, "x": -149.26411247377922, "y": 64.29218763543741}}, {"type": "Feature", "geometry": {"type": "Point", "coordinates": [-149.2630702201398, 64.2904539229783]}, "id": "0018000000000001768d", "properties": {"dist_out": 1718828, "edit_flag": "NaN", "facc": 6572.653950475279, "grod_id": 0, "hfalls_id": 0, "lakeflag": 0, "manual_add": 0, "max_width": 461, "meand_len": 1800.3601052400347, "n_chan_max": 2, "n_chan_mod": 1, "node_id": 81246000040081, "node_len": 212.3764692847883, "obstr_type": 0, "reach_id": 81246000041, "river_name": "Nenana River", "sinuosity": 1.085490597066151, "trib_flag": 0, "type": 1, "width": 461, "width_var": 2001.6734693877552, "wse": 182.1999969482422, "wse_var": 0.00765306122449, "x": -149.26306960680176, "y": 64.29045305228063}}, {"type": "Feature", "geometry": {"type": "Point", "coordinates": [-149.26355626215462, 64.2886925780622]}, "id": "0018000000000001768e", "properties": {"dist_out": 1719014, "edit_flag": "NaN", "facc": 6568.937231658847, "grod_id": 0, "hfalls_id": 0, "lakeflag": 0, "manual_add": 0, "max_width": 429, "meand_len": 1800.360105240035, "n_chan_max": 1, "n_chan_mod": 1, "node_id": 81246000040091, "node_len": 186.40432952320248, "obstr_type": 0, "reach_id": 81246000041, "river_name": "Nenana River", "sinuosity": 1.085490597066151, "trib_flag": 0, "type": 1, "width": 429, "width_var": 1259.5555555555557, "wse": 182.5, "wse_var": 0.004999593107237, "x": -149.26355733666807, "y": 64.28869479172197}}, {"type": "Feature", "geometry": {"type": "Point", "coordinates": [-149.26350721204304, 64.28694461044924]}, "id": "0018000000000001768f", "properties": {"dist_out": 1719227, "edit_flag": "NaN", "facc": 6565.7514726733325, "grod_id": 0, "hfalls_id": 0, "lakeflag": 0, "manual_add": 0, "max_width": 933, "meand_len": 1800.3601052400347, "n_chan_max": 2, "n_chan_mod": 2, "node_id": 81246000040101, "node_len": 212.3764701266664, "obstr_type": 0, "reach_id": 81246000041, "river_name": "Nenana River", "sinuosity": 1.085490597066151, "trib_flag": 0, "type": 1, "width": 287, "width_var": 2998.5714285714284, "wse": 182.5, "wse_var": 0.030001046326087, "x": -149.263508361566, "y": 64.28694483299766}}, {"type": "Feature", "geometry": {"type": "Point", "coordinates": [-149.26269119655026, 64.2852055610384]}, "id": "00180000000000017690", "properties": {"dist_out": 1719423, "edit_flag": "NaN", "facc": 6562.0347538569, "grod_id": 0, "hfalls_id": 0, "lakeflag": 0, "manual_add": 0, "max_width": 933, "meand_len": 1644.6336003956492, "n_chan_max": 2, "n_chan_mod": 2, "node_id": 81246000040111, "node_len": 195.78164133699624, "obstr_type": 0, "reach_id": 81246000041, "river_name": "Nenana River", "sinuosity": 1.095062752369027, "trib_flag": 0, "type": 1, "width": 328, "width_var": 1118.3333333333333, "wse": 184.9250030517578, "wse_var": 0.471465530449576, "x": -149.2626927793613, "y": 64.28520673134095}}, {"type": "Feature", "geometry": {"type": "Point", "coordinates": [-149.26096998354362, 64.28361812106337]}, "id": "00180000000000017691", "properties": {"dist_out": 1719612, "edit_flag": "NaN", "facc": 6558.848994871386, "grod_id": 0, "hfalls_id": 0, "lakeflag": 0, "manual_add": 0, "max_width": 326, "meand_len": 866.0010761737219, "n_chan_max": 1, "n_chan_mod": 1, "node_id": 81246000040121, "node_len": 189.07905569922423, "obstr_type": 0, "reach_id": 81246000041, "river_name": "Nenana River", "sinuosity": 1.142923528883409, "trib_flag": 0, "type": 1, "width": 326, "width_var": 650.5555555555555, "wse": 185.90000915527344, "wse_var": 0.119791539521733, "x": -149.26097138193018, "y": 64.28361729909321}}, {"type": "Feature", "geometry": {"type": "Point", "coordinates": [-149.26029665928456, 64.28187907165253]}, "id": "00180000000000017692", "properties": {"dist_out": 1719829, "edit_flag": "NaN", "facc": 6555.663235885872, "grod_id": 0, "hfalls_id": 0, "lakeflag": 0, "manual_add": 0, "max_width": 351, "meand_len": 866.001076173722, "n_chan_max": 2, "n_chan_mod": 1, "node_id": 81246000040131, "node_len": 216.998449423882, "obstr_type": 0, "reach_id": 81246000041, "river_name": "Nenana River", "sinuosity": 1.142923528883409, "trib_flag": 0, "type": 1, "width": 351, "width_var": 420.2448979591836, "wse": 187.0500030517578, "wse_var": 0.393877800145396, "x": -149.2602946205765, "y": 64.28187704155174}}, {"type": "Feature", "geometry": {"type": "Point", "coordinates": [-149.25967238513707, 64.28013556314063]}, "id": "00180000000000017693", "properties": {"dist_out": 1720010, "edit_flag": "NaN", "facc": 6551.946517069439, "grod_id": 0, "hfalls_id": 0, "lakeflag": 0, "manual_add": 0, "max_width": 933, "meand_len": 985.0656188350846, "n_chan_max": 3, "n_chan_mod": 2, "node_id": 81246000040141, "node_len": 181.18823433543366, "obstr_type": 0, "reach_id": 81246000041, "river_name": "Nenana River", "sinuosity": 1.108307891762438, "trib_flag": 0, "type": 1, "width": 370.5, "width_var": 547.1388888888889, "wse": 188.10000610351562, "wse_var": 0, "x": -149.25967395211353, "y": 64.28013591515024}}, {"type": "Feature", "geometry": {"type": "Point", "coordinates": [-149.259583203116, 64.27838759552768]}, "id": "00180000000000017694", "properties": {"dist_out": 1720221, "edit_flag": "NaN", "facc": 6548.760758083926, "grod_id": 0, "hfalls_id": 0, "lakeflag": 0, "manual_add": 0, "max_width": 933, "meand_len": 1074.3640258311066, "n_chan_max": 3, "n_chan_mod": 2, "node_id": 81246000040151, "node_len": 211.18823479138428, "obstr_type": 0, "reach_id": 81246000041, "river_name": "Nenana River", "sinuosity": 1.082346163921709, "trib_flag": 0, "type": 1, "width": 293, "width_var": 631.5510204081633, "wse": 188.35000610351562, "wse_var": 0.030612244897959, "x": -149.25958397347856, "y": 64.27838658970067}}, {"type": "Feature", "geometry": {"type": "Point", "coordinates": [-149.25981953547185, 64.27649693668101]}, "id": "00180000000000017695", "properties": {"dist_out": 1720433, "edit_flag": "NaN", "facc": 6545.044039267493, "grod_id": 0, "hfalls_id": 0, "lakeflag": 0, "manual_add": 0, "max_width": 242, "meand_len": 1074.3640258311063, "n_chan_max": 1, "n_chan_mod": 1, "node_id": 81246000040161, "node_len": 212.37646845483187, "obstr_type": 0, "reach_id": 81246000041, "river_name": "Nenana River", "sinuosity": 1.082346163921709, "trib_flag": 0, "type": 1, "width": 242, "width_var": 534.4081632653063, "wse": 188.60000610351562, "wse_var": 0, "x": -149.25981902346751, "y": 64.27649757217709}}, {"type": "Feature", "geometry": {"type": "Point", "coordinates": [-149.26028774108244, 64.27474005086596]}, "id": "00180000000000017696", "properties": {"dist_out": 1720624, "edit_flag": "NaN", "facc": 6541.32732045106, "grod_id": 0, "hfalls_id": 0, "lakeflag": 0, "manual_add": 0, "max_width": 270, "meand_len": 1230.7685023567144, "n_chan_max": 1, "n_chan_mod": 1, "node_id": 81246000040171, "node_len": 190.43219063925108, "obstr_type": 0, "reach_id": 81246000041, "river_name": "Nenana River", "sinuosity": 1.089612451485405, "trib_flag": 0, "type": 1, "width": 270, "width_var": 175.91666666666666, "wse": 188.60000610351562, "wse_var": 0, "x": -149.26028610299906, "y": 64.27473963825962}}, {"type": "Feature", "geometry": {"type": "Point", "coordinates": [-149.26149615746795, 64.27310356077935]}, "id": "00180000000000017697", "properties": {"dist_out": 1720812, "edit_flag": "NaN", "facc": 6538.141561465546, "grod_id": 0, "hfalls_id": 0, "lakeflag": 0, "manual_add": 0, "max_width": 441, "meand_len": 1308.9707406195187, "n_chan_max": 2, "n_chan_mod": 1, "node_id": 81246000040181, "node_len": 188.12120156237097, "obstr_type": 0, "reach_id": 81246000041, "river_name": "Nenana River", "sinuosity": 1.093245595267253, "trib_flag": 0, "type": 1, "width": 441, "width_var": 1255.222222222222, "wse": 189.1750030517578, "wse_var": 0.734722222233864, "x": -149.2614950429177, "y": 64.273104903429}}, {"type": "Feature", "geometry": {"type": "Point", "coordinates": [-149.26237460037547, 64.2713645113685]}, "id": "00180000000000017698", "properties": {"dist_out": 1721034, "edit_flag": "NaN", "facc": 6534.955802480032, "grod_id": 0, "hfalls_id": 0, "lakeflag": 0, "manual_add": 0, "max_width": 933, "meand_len": 1308.9707406195187, "n_chan_max": 3, "n_chan_mod": 2, "node_id": 81246000040191, "node_len": 221.83194900950457, "obstr_type": 0, "reach_id": 81246000041, "river_name": "Nenana River", "sinuosity": 1.093245595267253, "trib_flag": 0, "type": 1, "width": 349, "width_var": 991.3877551020408, "wse": 191.10000610351562, "wse_var": 0.029081258970332, "x": -149.26237348444374, "y": 64.27136368449307}}, {"type": "Feature", "geometry": {"type": "Point", "coordinates": [-149.26505006100754, 64.27008029026511]}, "id": "00180000000000017699", "properties": {"dist_out": 1721223, "edit_flag": "NaN", "facc": 6531.2390836636, "grod_id": 0, "hfalls_id": 0, "lakeflag": 0, "manual_add": 0, "max_width": 276, "meand_len": 1308.9707406195187, "n_chan_max": 1, "n_chan_mod": 1, "node_id": 81246000040201, "node_len": 189.23533433380499, "obstr_type": 0, "reach_id": 81246000041, "river_name": "Nenana River", "sinuosity": 1.093245595267253, "trib_flag": 0, "type": 1, "width": 276, "width_var": 533.84, "wse": 191.75, "wse_var": 0.068599829114974, "x": -149.26504801434243, "y": 64.27008177395086}}, {"type": "Feature", "geometry": {"type": "Point", "coordinates": [-149.2680510360165, 64.26893430129438]}, "id": "0018000000000001769a", "properties": {"dist_out": 1721415, "edit_flag": "NaN", "facc": 6528.584284509005, "grod_id": 0, "hfalls_id": 0, "lakeflag": 0, "manual_add": 0, "max_width": 254, "meand_len": 962.6483665147542, "n_chan_max": 2, "n_chan_mod": 1, "node_id": 81246000040211, "node_len": 192.09374053935016, "obstr_type": 0, "reach_id": 81246000041, "river_name": "Nenana River", "sinuosity": 1.673009649257042, "trib_flag": 0, "type": 1, "width": 254, "width_var": 458.64, "wse": 192.10000610351562, "wse_var": 0, "x": -149.26805214938537, "y": 64.2689362982413}}, {"type": "Feature", "geometry": {"type": "Point", "coordinates": [-149.27105201102546, 64.26771696670679]}, "id": "0018000000000001769b", "properties": {"dist_out": 1721616, "edit_flag": "NaN", "facc": 6525.92948535441, "grod_id": 0, "hfalls_id": 0, "lakeflag": 0, "manual_add": 0, "max_width": 933, "meand_len": 962.6483665147542, "n_chan_max": 2, "n_chan_mod": 2, "node_id": 81246000040221, "node_len": 200.68369010316655, "obstr_type": 0, "reach_id": 81246000041, "river_name": "Nenana River", "sinuosity": 1.673009649257042, "trib_flag": 0, "type": 1, "width": 339, "width_var": 1541.84, "wse": 192.5500030517578, "wse_var": 0.113398461919278, "x": -149.27104984468403, "y": 64.26771544180625}}, {"type": "Feature", "geometry": {"type": "Point", "coordinates": [-149.27436512310817, 64.26656651863499]}, "id": "0018000000000001769c", "properties": {"dist_out": 1721844, "edit_flag": "NaN", "facc": 6523.274686199815, "grod_id": 0, "hfalls_id": 0, "lakeflag": 0, "manual_add": 0, "max_width": 933, "meand_len": 962.6483665147542, "n_chan_max": 3, "n_chan_mod": 2, "node_id": 81246000040231, "node_len": 228.22870996146594, "obstr_type": 0, "reach_id": 81246000041, "river_name": "Nenana River", "sinuosity": 1.673009649257042, "trib_flag": 0, "type": 1, "width": 314.5, "width_var": 517.8055555555555, "wse": 193, "wse_var": 0, "x": -149.27436300231386, "y": 64.2665668247787}}, {"type": "Feature", "geometry": {"type": "Point", "coordinates": [-149.2776291850793, 64.26517973820738]}, "id": "0018000000000001769d", "properties": {"dist_out": 1722045, "edit_flag": "NaN", "facc": 6520.088927214301, "grod_id": 0, "hfalls_id": 0, "lakeflag": 0, "manual_add": 0, "max_width": 933, "meand_len": 962.6483665147542, "n_chan_max": 3, "n_chan_mod": 2, "node_id": 81246000040241, "node_len": 200.6836865978148, "obstr_type": 0, "reach_id": 81246000041, "river_name": "Nenana River", "sinuosity": 1.673009649257042, "trib_flag": 0, "type": 1, "width": 254, "width_var": 1718.56, "wse": 194.3000030517578, "wse_var": 0.270402063000947, "x": -149.27763133335944, "y": 64.26517821668378}}, {"type": "Feature", "geometry": {"type": "Point", "coordinates": [-149.27932810258068, 64.26367256205131]}, "id": "0018000000000001769e", "properties": {"dist_out": 1722229, "edit_flag": "NaN", "facc": 6517.434128059706, "grod_id": 0, "hfalls_id": 0, "lakeflag": 0, "manual_add": 0, "max_width": 933, "meand_len": 1326.1146753514897, "n_chan_max": 3, "n_chan_mod": 2, "node_id": 81246000040251, "node_len": 184.09334043790022, "obstr_type": 0, "reach_id": 81246000041, "river_name": "Nenana River", "sinuosity": 2.0915043218187, "trib_flag": 0, "type": 1, "width": 304.5, "width_var": 1885.888888888889, "wse": 194.5, "wse_var": 0.008055352114348, "x": -149.27932839409243, "y": 64.26367038502302}}, {"type": "Feature", "geometry": {"type": "Point", "coordinates": [-149.2799568358292, 64.2620449901668]}, "id": "0018000000000001769f", "properties": {"dist_out": 1722428, "edit_flag": "NaN", "facc": 6514.248369074192, "grod_id": 0, "hfalls_id": 0, "lakeflag": 0, "manual_add": 0, "max_width": 933, "meand_len": 1326.1146753514897, "n_chan_max": 3, "n_chan_mod": 2, "node_id": 81246000040261, "node_len": 199.2146714753153, "obstr_type": 0, "reach_id": 81246000041, "river_name": "Nenana River", "sinuosity": 2.0915043218187, "trib_flag": 0, "type": 1, "width": 250, "width_var": 659.5833333333334, "wse": 194.60000610351562, "wse_var": 0, "x": -149.2799583140743, "y": 64.26204450130915}}, {"type": "Feature", "geometry": {"type": "Point", "coordinates": [-149.28215517264854, 64.26052889580863]}, "id": "001800000000000176a0", "properties": {"dist_out": 1722628, "edit_flag": "NaN", "facc": 6511.062610088678, "grod_id": 0, "hfalls_id": 0, "lakeflag": 0, "manual_add": 0, "max_width": 933, "meand_len": 1326.11467535149, "n_chan_max": 2, "n_chan_mod": 2, "node_id": 81246000040271, "node_len": 200.10905912838916, "obstr_type": 0, "reach_id": 81246000041, "river_name": "Nenana River", "sinuosity": 2.0915043218187, "trib_flag": 0, "type": 1, "width": 190, "width_var": 5205.84, "wse": 195.45001220703125, "wse_var": 0.429398461934179, "x": -149.28215406697916, "y": 64.26052885083809}}, {"type": "Feature", "geometry": {"type": "Point", "coordinates": [-149.28458092362163, 64.2590083423494]}, "id": "001800000000000176a1", "properties": {"dist_out": 1722842, "edit_flag": "NaN", "facc": 6508.4078109340835, "grod_id": 0, "hfalls_id": 0, "lakeflag": 0, "manual_add": 0, "max_width": 933, "meand_len": 1326.1146753514897, "n_chan_max": 2, "n_chan_mod": 2, "node_id": 81246000040281, "node_len": 213.34730777487403, "obstr_type": 0, "reach_id": 81246000041, "river_name": "Nenana River", "sinuosity": 2.0915043218187, "trib_flag": 0, "type": 1, "width": 202.5, "width_var": 940.5555555555557, "wse": 196.8000030517578, "wse_var": 0, "x": -149.28458052495986, "y": 64.25900956134335}}, {"type": "Feature", "geometry": {"type": "Point", "coordinates": [-149.28652955078198, 64.25736293406068]}, "id": "001800000000000176a2", "properties": {"dist_out": 1723041, "edit_flag": "NaN", "facc": 6505.222051948569, "grod_id": 0, "hfalls_id": 0, "lakeflag": 0, "manual_add": 0, "max_width": 933, "meand_len": 1326.1146753514897, "n_chan_max": 2, "n_chan_mod": 2, "node_id": 81246000040291, "node_len": 199.21538078408776, "obstr_type": 0, "reach_id": 81246000041, "river_name": "Nenana River", "sinuosity": 2.0915043218187, "trib_flag": 0, "type": 1, "width": 293.5, "width_var": 887.8055555555557, "wse": 196.8000030517578, "wse_var": 0, "x": -149.28652961922737, "y": 64.2573630230997}}, {"type": "Feature", "geometry": {"type": "Point", "coordinates": [-149.28741245279056, 64.25559713004351]}, "id": "001800000000000176a3", "properties": {"dist_out": 1723253, "edit_flag": "NaN", "facc": 6502.0362929630555, "grod_id": 0, "hfalls_id": 0, "lakeflag": 0, "manual_add": 0, "max_width": 933, "meand_len": 1326.11467535149, "n_chan_max": 2, "n_chan_mod": 2, "node_id": 81246000040301, "node_len": 211.78235229681923, "obstr_type": 0, "reach_id": 81246000041, "river_name": "Nenana River", "sinuosity": 2.0915043218187, "trib_flag": 0, "type": 1, "width": 170, "width_var": 80.28571428571429, "wse": 196.8000030517578, "wse_var": 0, "x": -149.28741294373089, "y": 64.25559846429333}}, {"type": "Feature", "geometry": {"type": "Point", "coordinates": [-149.28702451099892, 64.25385362153162]}, "id": "001800000000000176a4", "properties": {"dist_out": 1723438, "edit_flag": "NaN", "facc": 6498.3195741466225, "grod_id": 0, "hfalls_id": 0, "lakeflag": 0, "manual_add": 0, "max_width": 145, "meand_len": 1326.1146753514897, "n_chan_max": 1, "n_chan_mod": 1, "node_id": 81246000040311, "node_len": 185.21609756111684, "obstr_type": 0, "reach_id": 81246000041, "river_name": "Nenana River", "sinuosity": 2.0915043218187, "trib_flag": 0, "type": 1, "width": 145, "width_var": 611.9166666666666, "wse": 196.8000030517578, "wse_var": 0, "x": -149.28702386208323, "y": 64.25385381089008}}, {"type": "Feature", "geometry": {"type": "Point", "coordinates": [-149.28534342990176, 64.25226618155659]}, "id": "001800000000000176a5", "properties": {"dist_out": 1723652, "edit_flag": "NaN", "facc": 6495.133815161109, "grod_id": 0, "hfalls_id": 0, "lakeflag": 0, "manual_add": 0, "max_width": 272, "meand_len": 348.00000950372987, "n_chan_max": 1, "n_chan_mod": 1, "node_id": 81246000040321, "node_len": 214.1056266135538, "obstr_type": 0, "reach_id": 81246000041, "river_name": "Nenana River", "sinuosity": 1.009156664322438, "trib_flag": 0, "type": 1, "width": 272, "width_var": 2891.138888888889, "wse": 196.8000030517578, "wse_var": 0, "x": -149.28534429863456, "y": 64.25226400969483}}, {"type": "Feature", "geometry": {"type": "Point", "coordinates": [-149.28347952566145, 64.25067874158157]}, "id": "001800000000000176a6", "properties": {"dist_out": 1723839, "edit_flag": "NaN", "facc": 6491.948056175595, "grod_id": 0, "hfalls_id": 0, "lakeflag": 0, "manual_add": 0, "max_width": 205.5, "meand_len": 283.83358764440067, "n_chan_max": 1, "n_chan_mod": 1, "node_id": 81246000040331, "node_len": 187.52708744559368, "obstr_type": 0, "reach_id": 81246000041, "river_name": "Nenana River", "sinuosity": 1.003649180623831, "trib_flag": 0, "type": 1, "width": 205.5, "width_var": 496.2222222222222, "wse": 196.8000030517578, "wse_var": 0, "x": -149.28347939116773, "y": 64.25067709043459}}, {"type": "Feature", "geometry": {"type": "Point", "coordinates": [-149.28226219107384, 64.24894415127177]}, "id": "001800000000000176a7", "properties": {"dist_out": 1724060, "edit_flag": "NaN", "facc": 6488.762297190081, "grod_id": 0, "hfalls_id": 0, "lakeflag": 0, "manual_add": 0, "max_width": 222, "meand_len": 481.5335510505248, "n_chan_max": 1, "n_chan_mod": 1, "node_id": 81246000040341, "node_len": 221.0263123218292, "obstr_type": 0, "reach_id": 81246000041, "river_name": "Nenana River", "sinuosity": 1.013792806177239, "trib_flag": 0, "type": 1, "width": 222, "width_var": 1051.9183673469388, "wse": 196.8000030517578, "wse_var": 0, "x": -149.28226320527102, "y": 64.2489453468407}}, {"type": "Feature", "geometry": {"type": "Point", "coordinates": [-149.28115187491153, 64.24721402006304]}, "id": "001800000000000176a8", "properties": {"dist_out": 1724246, "edit_flag": "NaN", "facc": 6485.045578373649, "grod_id": 0, "hfalls_id": 0, "lakeflag": 0, "manual_add": 0, "max_width": 310.5, "meand_len": 1257.0250650628388, "n_chan_max": 2, "n_chan_mod": 1, "node_id": 81246000040351, "node_len": 185.8102150037821, "obstr_type": 0, "reach_id": 81246000041, "river_name": "Nenana River", "sinuosity": 1.29311575758458, "trib_flag": 0, "type": 1, "width": 310.5, "width_var": 1317.5833333333333, "wse": 196.8000030517578, "wse_var": 0, "x": -149.2811502188022, "y": 64.24721198476617}}, {"type": "Feature", "geometry": {"type": "Point", "coordinates": [-149.28040274593454, 64.2454749706522]}, "id": "001800000000000176a9", "properties": {"dist_out": 1724458, "edit_flag": "NaN", "facc": 6481.859819388134, "grod_id": 0, "hfalls_id": 0, "lakeflag": 0, "manual_add": 0, "max_width": 933, "meand_len": 1257.0250650628388, "n_chan_max": 2, "n_chan_mod": 2, "node_id": 81246000040361, "node_len": 211.78235185045378, "obstr_type": 0, "reach_id": 81246000041, "river_name": "Nenana River", "sinuosity": 1.29311575758458, "trib_flag": 0, "type": 1, "width": 375, "width_var": 3330.8571428571427, "wse": 196.8000030517578, "wse_var": 0.01959273358807, "x": -149.28040245961208, "y": 64.24547291668398}}, {"type": "Feature", "geometry": {"type": "Point", "coordinates": [-149.28059448727984, 64.24371808483714]}, "id": "001800000000000176aa", "properties": {"dist_out": 1724641, "edit_flag": "NaN", "facc": 6478.143100571702, "grod_id": 0, "hfalls_id": 0, "lakeflag": 0, "manual_add": 0, "max_width": 933, "meand_len": 1257.0250650628388, "n_chan_max": 4, "n_chan_mod": 4, "node_id": 81246000040371, "node_len": 182.970586737526, "obstr_type": 0, "reach_id": 81246000041, "river_name": "Nenana River", "sinuosity": 1.29311575758458, "trib_flag": 0, "type": 1, "width": 404.5, "width_var": 572.6666666666666, "wse": 199.5500030517578, "wse_var": 3.20616469491506, "x": -149.28059395020165, "y": 64.24371919022622}}, {"type": "Feature", "geometry": {"type": "Point", "coordinates": [-149.28020208638713, 64.24197457632525]}, "id": "001800000000000176ab", "properties": {"dist_out": 1724856, "edit_flag": "NaN", "facc": 6474.957341586188, "grod_id": 0, "hfalls_id": 0, "lakeflag": 0, "manual_add": 0, "max_width": 933, "meand_len": 1257.0250650628388, "n_chan_max": 4, "n_chan_mod": 2, "node_id": 81246000040381, "node_len": 214.68745795403265, "obstr_type": 0, "reach_id": 81246000041, "river_name": "Nenana River", "sinuosity": 1.29311575758458, "trib_flag": 0, "type": 1, "width": 422, "width_var": 4135.428571428572, "wse": 203.5, "wse_var": 0.15673738444338, "x": -149.28020253346742, "y": 64.2419745598744}}, {"type": "Feature", "geometry": {"type": "Point", "coordinates": [-149.2809645926673, 64.24021323140913]}, "id": "001800000000000176ac", "properties": {"dist_out": 1725042, "edit_flag": "NaN", "facc": 6471.240622769756, "grod_id": 0, "hfalls_id": 0, "lakeflag": 0, "manual_add": 0, "max_width": 933, "meand_len": 1553.4877309219792, "n_chan_max": 3, "n_chan_mod": 3, "node_id": 81246000040391, "node_len": 186.4043303855624, "obstr_type": 0, "reach_id": 81246000041, "river_name": "Nenana River", "sinuosity": 1.621770355494821, "trib_flag": 0, "type": 1, "width": 324, "width_var": 421.5833333333333, "wse": 204.90000915527344, "wse_var": 0.055555555555556, "x": -149.28096508778256, "y": 64.24021191941345}}, {"type": "Feature", "geometry": {"type": "Point", "coordinates": [-149.28051422346087, 64.23846972289724]}, "id": "001800000000000176ad", "properties": {"dist_out": 1725258, "edit_flag": "NaN", "facc": 6468.054863784241, "grod_id": 0, "hfalls_id": 0, "lakeflag": 0, "manual_add": 0, "max_width": 204, "meand_len": 1602.898175231836, "n_chan_max": 3, "n_chan_mod": 1, "node_id": 81246000040401, "node_len": 216.40433207971, "obstr_type": 0, "reach_id": 81246000041, "river_name": "Nenana River", "sinuosity": 1.676546121813195, "trib_flag": 0, "type": 1, "width": 204, "width_var": 1807.4285714285713, "wse": 205.8000030517578, "wse_var": 0.396729312837124, "x": -149.2805148380926, "y": 64.23846820805063}}, {"type": "Feature", "geometry": {"type": "Point", "coordinates": [-149.27927459336803, 64.23673513258744]}, "id": "001800000000000176ae", "properties": {"dist_out": 1725454, "edit_flag": "NaN", "facc": 6464.338144967808, "grod_id": 0, "hfalls_id": 0, "lakeflag": 0, "manual_add": 0, "max_width": 190, "meand_len": 1602.898175231836, "n_chan_max": 1, "n_chan_mod": 1, "node_id": 81246000040411, "node_len": 195.7816415349489, "obstr_type": 0, "reach_id": 81246000041, "river_name": "Nenana River", "sinuosity": 1.676546121813195, "trib_flag": 0, "type": 1, "width": 190, "width_var": 91.8888888888889, "wse": 206.85000610351562, "wse_var": 0.010625025445026, "x": -149.27927584397102, "y": 64.23673680140054}}, {"type": "Feature", "geometry": {"type": "Point", "coordinates": [-149.27828467293415, 64.23500054227765]}, "id": "001800000000000176af", "properties": {"dist_out": 1725665, "edit_flag": "NaN", "facc": 6461.152385982295, "grod_id": 0, "hfalls_id": 0, "lakeflag": 0, "manual_add": 0, "max_width": 285, "meand_len": 1602.898175231836, "n_chan_max": 1, "n_chan_mod": 1, "node_id": 81246000040421, "node_len": 211.18823481452273, "obstr_type": 0, "reach_id": 81246000041, "river_name": "Nenana River", "sinuosity": 1.676546121813195, "trib_flag": 0, "type": 1, "width": 285, "width_var": 1977.4285714285713, "wse": 207.39999389648438, "wse_var": 0.215517079951812, "x": -149.27828421526826, "y": 64.2350015302046}}, {"type": "Feature", "geometry": {"type": "Point", "coordinates": [-149.2787216648374, 64.23324365646259]}, "id": "001800000000000176b0", "properties": {"dist_out": 1725861, "edit_flag": "NaN", "facc": 6457.435667165862, "grod_id": 0, "hfalls_id": 0, "lakeflag": 0, "manual_add": 0, "max_width": 306.5, "meand_len": 1602.898175231836, "n_chan_max": 2, "n_chan_mod": 1, "node_id": 81246000040431, "node_len": 195.7816367461037, "obstr_type": 0, "reach_id": 81246000041, "river_name": "Nenana River", "sinuosity": 1.676546121813195, "trib_flag": 0, "type": 1, "width": 306.5, "width_var": 834.5833333333334, "wse": 208.95001220703125, "wse_var": 0.0625, "x": -149.27872003681875, "y": 64.23324399378866}}, {"type": "Feature", "geometry": {"type": "Point", "coordinates": [-149.2801753317808, 64.23160716637598]}, "id": "001800000000000176b1", "properties": {"dist_out": 1726050, "edit_flag": "NaN", "facc": 6454.249908180348, "grod_id": 0, "hfalls_id": 0, "lakeflag": 0, "manual_add": 0, "max_width": 933, "meand_len": 1602.898175231836, "n_chan_max": 3, "n_chan_mod": 2, "node_id": 81246000040441, "node_len": 188.48493553713342, "obstr_type": 0, "reach_id": 81246000041, "river_name": "Nenana River", "sinuosity": 1.676546121813195, "trib_flag": 0, "type": 1, "width": 331, "width_var": 1431.5555555555557, "wse": 209.60000610351562, "wse_var": 0.03555447049439, "x": -149.28017331243487, "y": 64.23160525062332}}, {"type": "Feature", "geometry": {"type": "Point", "coordinates": [-149.28035369582295, 64.22985028056092]}, "id": "001800000000000176b2", "properties": {"dist_out": 1726261, "edit_flag": "NaN", "facc": 6451.0641491948345, "grod_id": 0, "hfalls_id": 0, "lakeflag": 0, "manual_add": 0, "max_width": 263, "meand_len": 1602.898175231836, "n_chan_max": 2, "n_chan_mod": 1, "node_id": 81246000040451, "node_len": 211.18823481842992, "obstr_type": 0, "reach_id": 81246000041, "river_name": "Nenana River", "sinuosity": 1.676546121813195, "trib_flag": 0, "type": 1, "width": 263, "width_var": 3131.1020408163267, "wse": 210.45001220703125, "wse_var": 0.028163713764171, "x": -149.28035297341148, "y": 64.22985170564591}}, {"type": "Feature", "geometry": {"type": "Point", "coordinates": [-149.2799880495366, 64.22797299901742]}, "id": "001800000000000176b3", "properties": {"dist_out": 1726475, "edit_flag": "NaN", "facc": 6447.347430378401, "grod_id": 0, "hfalls_id": 0, "lakeflag": 0, "manual_add": 0, "max_width": 189, "meand_len": 1091.0264352358943, "n_chan_max": 1, "n_chan_mod": 1, "node_id": 81246000040461, "node_len": 214.09334261491858, "obstr_type": 0, "reach_id": 81246000041, "river_name": "Nenana River", "sinuosity": 1.034483835873473, "trib_flag": 0, "type": 1, "width": 189, "width_var": 1221.4285714285713, "wse": 211, "wse_var": 0.019592173055423, "x": -149.27998602000667, "y": 64.22797202010632}}, {"type": "Feature", "geometry": {"type": "Point", "coordinates": [-149.2788643560711, 64.22623840870764]}, "id": "001800000000000176b4", "properties": {"dist_out": 1726663, "edit_flag": "NaN", "facc": 6443.630711561968, "grod_id": 0, "hfalls_id": 0, "lakeflag": 0, "manual_add": 0, "max_width": 235, "meand_len": 1091.0264352358943, "n_chan_max": 2, "n_chan_mod": 1, "node_id": 81246000040471, "node_len": 188.1212044611675, "obstr_type": 0, "reach_id": 81246000041, "river_name": "Nenana River", "sinuosity": 1.034483835873473, "trib_flag": 0, "type": 1, "width": 235, "width_var": 2433.1388888888887, "wse": 211.1999969482422, "wse_var": 0.002221815339807, "x": -149.27886522507, "y": 64.22623876928718}}, {"type": "Feature", "geometry": {"type": "Point", "coordinates": [-149.27861910551317, 64.22449044109467]}, "id": "001800000000000176b5", "properties": {"dist_out": 1726874, "edit_flag": "NaN", "facc": 6440.444952576455, "grod_id": 0, "hfalls_id": 0, "lakeflag": 0, "manual_add": 0, "max_width": 90, "meand_len": 1116.6427362790844, "n_chan_max": 1, "n_chan_mod": 1, "node_id": 81246000040481, "node_len": 210.59411734438436, "obstr_type": 0, "reach_id": 81246000041, "river_name": "Nenana River", "sinuosity": 1.05111679214947, "trib_flag": 0, "type": 1, "width": 90, "width_var": 139.6326530612245, "wse": 211.1999969482422, "wse_var": 0, "x": -149.2786212818239, "y": 64.22449183474923}}, {"type": "Feature", "geometry": {"type": "Point", "coordinates": [-149.2782891320352, 64.22274693258278]}, "id": "001800000000000176b6", "properties": {"dist_out": 1727056, "edit_flag": "NaN", "facc": 6436.728233760022, "grod_id": 0, "hfalls_id": 0, "lakeflag": 0, "manual_add": 0, "max_width": 128.5, "meand_len": 1219.1079404518448, "n_chan_max": 2, "n_chan_mod": 1, "node_id": 81246000040491, "node_len": 182.3764697091883, "obstr_type": 0, "reach_id": 81246000041, "river_name": "Nenana River", "sinuosity": 1.117648617253454, "trib_flag": 0, "type": 1, "width": 128.5, "width_var": 1053.4722222222224, "wse": 211.1999969482422, "wse_var": 0, "x": -149.27828912430388, "y": 64.222746275526}}, {"type": "Feature", "geometry": {"type": "Point", "coordinates": [-149.27849425068368, 64.22099450586877]}, "id": "001800000000000176b7", "properties": {"dist_out": 1727271, "edit_flag": "NaN", "facc": 6433.542474774508, "grod_id": 0, "hfalls_id": 0, "lakeflag": 0, "manual_add": 0, "max_width": 123, "meand_len": 1219.1079404518448, "n_chan_max": 2, "n_chan_mod": 1, "node_id": 81246000040501, "node_len": 215.28157455162545, "obstr_type": 0, "reach_id": 81246000041, "river_name": "Nenana River", "sinuosity": 1.117648617253454, "trib_flag": 0, "type": 1, "width": 123, "width_var": 983.6734693877551, "wse": 211.1999969482422, "wse_var": 0, "x": -149.27849237950207, "y": 64.22099236323353}}, {"type": "Feature", "geometry": {"type": "Point", "coordinates": [-149.2793816117933, 64.21922870185162]}, "id": "001800000000000176b8", "properties": {"dist_out": 1727463, "edit_flag": "NaN", "facc": 6429.825755958075, "grod_id": 0, "hfalls_id": 0, "lakeflag": 0, "manual_add": 0, "max_width": 108, "meand_len": 1219.1079404518448, "n_chan_max": 1, "n_chan_mod": 1, "node_id": 81246000040511, "node_len": 191.3900416539327, "obstr_type": 0, "reach_id": 81246000041, "river_name": "Nenana River", "sinuosity": 1.117648617253454, "trib_flag": 0, "type": 1, "width": 108, "width_var": 156.55555555555557, "wse": 211.1999969482422, "wse_var": 0, "x": -149.27938097200828, "y": 64.21922775430617}}, {"type": "Feature", "geometry": {"type": "Point", "coordinates": [-149.27984535830285, 64.21747181603655]}, "id": "001800000000000176b9", "properties": {"dist_out": 1727673, "edit_flag": "NaN", "facc": 6426.639996972562, "grod_id": 0, "hfalls_id": 0, "lakeflag": 0, "manual_add": 0, "max_width": 121, "meand_len": 1126.0346205506908, "n_chan_max": 1, "n_chan_mod": 1, "node_id": 81246000040521, "node_len": 210.5941177807581, "obstr_type": 0, "reach_id": 81246000041, "river_name": "Nenana River", "sinuosity": 1.380178079041028, "trib_flag": 0, "type": 1, "width": 121, "width_var": 112.28571428571429, "wse": 211.1999969482422, "wse_var": 0, "x": -149.2798459231474, "y": 64.21746975388153}}, {"type": "Feature", "geometry": {"type": "Point", "coordinates": [-149.27981860369655, 64.21563020730149]}, "id": "001800000000000176ba", "properties": {"dist_out": 1727873, "edit_flag": "NaN", "facc": 6422.923278156129, "grod_id": 0, "hfalls_id": 0, "lakeflag": 0, "manual_add": 0, "max_width": 933, "meand_len": 1107.41995657046, "n_chan_max": 2, "n_chan_mod": 2, "node_id": 81246000040531, "node_len": 199.59250177158174, "obstr_type": 0, "reach_id": 81246000041, "river_name": "Nenana River", "sinuosity": 1.432683971398542, "trib_flag": 0, "type": 1, "width": 175, "width_var": 788.4897959183673, "wse": 211.1999969482422, "wse_var": 0, "x": -149.2798182537732, "y": 64.21563094322315}}, {"type": "Feature", "geometry": {"type": "Point", "coordinates": [-149.2810403973852, 64.21407398103383]}, "id": "001800000000000176bb", "properties": {"dist_out": 1728056, "edit_flag": "NaN", "facc": 6419.206559339696, "grod_id": 0, "hfalls_id": 0, "lakeflag": 0, "manual_add": 0, "max_width": 933, "meand_len": 1107.41995657046, "n_chan_max": 2, "n_chan_mod": 2, "node_id": 81246000040541, "node_len": 183.49922442428215, "obstr_type": 0, "reach_id": 81246000041, "river_name": "Nenana River", "sinuosity": 1.432683971398542, "trib_flag": 0, "type": 1, "width": 123, "width_var": 495.25, "wse": 211.1999969482422, "wse_var": 0.180003662128001, "x": -149.28103888524512, "y": 64.21407532920558}}, {"type": "Feature", "geometry": {"type": "Point", "coordinates": [-149.280857574242, 64.21220115859138]}, "id": "001800000000000176bc", "properties": {"dist_out": 1728272, "edit_flag": "NaN", "facc": 6416.020800354182, "grod_id": 0, "hfalls_id": 0, "lakeflag": 0, "manual_add": 0, "max_width": 151.5, "meand_len": 1107.41995657046, "n_chan_max": 2, "n_chan_mod": 1, "node_id": 81246000040551, "node_len": 215.28157674191425, "obstr_type": 0, "reach_id": 81246000041, "river_name": "Nenana River", "sinuosity": 1.432683971398542, "trib_flag": 0, "type": 1, "width": 151.5, "width_var": 248.234375, "wse": 214.1999969482422, "wse_var": 0.744957962073386, "x": -149.2808588584137, "y": 64.21220170220083}}, {"type": "Feature", "geometry": {"type": "Point", "coordinates": [-149.27997021313237, 64.21032833614893]}, "id": "001800000000000176bd", "properties": {"dist_out": 1728482, "edit_flag": "NaN", "facc": 6411.77312170683, "grod_id": 0, "hfalls_id": 0, "lakeflag": 0, "manual_add": 0, "max_width": 153, "meand_len": 975.4217699534653, "n_chan_max": 1, "n_chan_mod": 1, "node_id": 81246000050011, "node_len": 210.28865818898961, "obstr_type": 0, "reach_id": 81246000051, "river_name": "Nenana River", "sinuosity": 1.348555399171059, "trib_flag": 0, "type": 1, "width": 153, "width_var": 335.8055555555556, "wse": 216.25, "wse_var": 0.725342856545467, "x": -149.27996798726443, "y": 64.21033019789918}}, {"type": "Feature", "geometry": {"type": "Point", "coordinates": [-149.27771390799933, 64.20874981437602]}, "id": "001800000000000176be", "properties": {"dist_out": 1728678, "edit_flag": "NaN", "facc": 6408.587362721316, "grod_id": 0, "hfalls_id": 0, "lakeflag": 0, "manual_add": 0, "max_width": 582, "meand_len": 909.4226766449682, "n_chan_max": 2, "n_chan_mod": 2, "node_id": 81246000050021, "node_len": 195.78164153534973, "obstr_type": 0, "reach_id": 81246000051, "river_name": "Nenana River", "sinuosity": 1.306491113057318, "trib_flag": 0, "type": 1, "width": 211, "width_var": 4294.25, "wse": 217.40000915527344, "wse_var": 0.012500254314445, "x": -149.27771519546323, "y": 64.20874929092827}}, {"type": "Feature", "geometry": {"type": "Point", "coordinates": [-149.27608187701375, 64.20715791529993]}, "id": "001800000000000176bf", "properties": {"dist_out": 1728880, "edit_flag": "NaN", "facc": 6405.401603735802, "grod_id": 0, "hfalls_id": 0, "lakeflag": 0, "manual_add": 0, "max_width": 582, "meand_len": 909.4226766449682, "n_chan_max": 4, "n_chan_mod": 3, "node_id": 81246000050031, "node_len": 202.6484213771859, "obstr_type": 0, "reach_id": 81246000051, "river_name": "Nenana River", "sinuosity": 1.306491113057318, "trib_flag": 0, "type": 1, "width": 275, "width_var": 1272.8055555555557, "wse": 218.60000610351562, "wse_var": 0.135553792325987, "x": -149.2760801016207, "y": 64.20715872167955}}, {"type": "Feature", "geometry": {"type": "Point", "coordinates": [-149.27417784086393, 64.2055704753249]}, "id": "001800000000000176c0", "properties": {"dist_out": 1729082, "edit_flag": "NaN", "facc": 6402.215844750289, "grod_id": 0, "hfalls_id": 0, "lakeflag": 0, "manual_add": 0, "max_width": 582, "meand_len": 944.425566395119, "n_chan_max": 2, "n_chan_mod": 2, "node_id": 81246000050041, "node_len": 201.89010971660957, "obstr_type": 0, "reach_id": 81246000051, "river_name": "Nenana River", "sinuosity": 1.142463964178407, "trib_flag": 0, "type": 1, "width": 315.5, "width_var": 3570, "wse": 220.35000610351562, "wse_var": 0.460552435989181, "x": -149.27417765361906, "y": 64.20557230201139}}, {"type": "Feature", "geometry": {"type": "Point", "coordinates": [-149.2721311134804, 64.20398749445094]}, "id": "001800000000000176c1", "properties": {"dist_out": 1729280, "edit_flag": "NaN", "facc": 6399.030085764774, "grod_id": 0, "hfalls_id": 0, "lakeflag": 0, "manual_add": 0, "max_width": 582, "meand_len": 958.4267222951793, "n_chan_max": 2, "n_chan_mod": 2, "node_id": 81246000050051, "node_len": 197.49851390596973, "obstr_type": 0, "reach_id": 81246000051, "river_name": "Nenana River", "sinuosity": 1.076853104626843, "trib_flag": 0, "type": 1, "width": 228.5, "width_var": 81.55555555555559, "wse": 221, "wse_var": 0, "x": -149.27213137346624, "y": 64.20398809846817}}, {"type": "Feature", "geometry": {"type": "Point", "coordinates": [-149.27086918788228, 64.2023911362738]}, "id": "001800000000000176c2", "properties": {"dist_out": 1729466, "edit_flag": "NaN", "facc": 6395.844326779261, "grod_id": 0, "hfalls_id": 0, "lakeflag": 0, "manual_add": 0, "max_width": 238.5, "meand_len": 982.8395785716642, "n_chan_max": 2, "n_chan_mod": 1, "node_id": 81246000050061, "node_len": 186.40433242103484, "obstr_type": 0, "reach_id": 81246000051, "river_name": "Nenana River", "sinuosity": 1.100833128640481, "trib_flag": 0, "type": 1, "width": 238.5, "width_var": 204.4722222222222, "wse": 221.25, "wse_var": 0.029513888888889, "x": -149.27086727782924, "y": 64.2023917027512}}, {"type": "Feature", "geometry": {"type": "Point", "coordinates": [-149.26917027038093, 64.20080369629878]}, "id": "001800000000000176c3", "properties": {"dist_out": 1729677, "edit_flag": "NaN", "facc": 6392.658567793747, "grod_id": 0, "hfalls_id": 0, "lakeflag": 0, "manual_add": 0, "max_width": 582, "meand_len": 1129.3167162305742, "n_chan_max": 2, "n_chan_mod": 2, "node_id": 81246000050071, "node_len": 210.6725913941077, "obstr_type": 0, "reach_id": 81246000051, "river_name": "Nenana River", "sinuosity": 1.244713272722306, "trib_flag": 0, "type": 1, "width": 170.5, "width_var": 1794.8055555555557, "wse": 221.5, "wse_var": 0, "x": -149.26917123242066, "y": 64.20080201161738}}, {"type": "Feature", "geometry": {"type": "Point", "coordinates": [-149.26698085176366, 64.1992207154248]}, "id": "001800000000000176c4", "properties": {"dist_out": 1729873, "edit_flag": "NaN", "facc": 6389.472808808233, "grod_id": 0, "hfalls_id": 0, "lakeflag": 0, "manual_add": 0, "max_width": 99, "meand_len": 1129.3167162305742, "n_chan_max": 2, "n_chan_mod": 1, "node_id": 81246000050081, "node_len": 196.30956908296184, "obstr_type": 0, "reach_id": 81246000051, "river_name": "Nenana River", "sinuosity": 1.244713272722306, "trib_flag": 0, "type": 1, "width": 99, "width_var": 920.138888888889, "wse": 221.5, "wse_var": 0, "x": -149.26698156372547, "y": 64.19921997234731}}, {"type": "Feature", "geometry": {"type": "Point", "coordinates": [-149.26625401829196, 64.19761543904556]}, "id": "001800000000000176c5", "properties": {"dist_out": 1730060, "edit_flag": "NaN", "facc": 6386.287049822719, "grod_id": 0, "hfalls_id": 0, "lakeflag": 0, "manual_add": 0, "max_width": 94, "meand_len": 1129.3167162305742, "n_chan_max": 2, "n_chan_mod": 1, "node_id": 81246000050091, "node_len": 186.99844943688572, "obstr_type": 0, "reach_id": 81246000051, "river_name": "Nenana River", "sinuosity": 1.244713272722306, "trib_flag": 0, "type": 1, "width": 94, "width_var": 2.333333333333333, "wse": 221.80001068115234, "wse_var": 0.028055589490881, "x": -149.26625291773462, "y": 64.19761522375369}}, {"type": "Feature", "geometry": {"type": "Point", "coordinates": [-149.26530422976757, 64.19588084873577]}, "id": "001800000000000176c6", "properties": {"dist_out": 1730273, "edit_flag": "NaN", "facc": 6383.101290837205, "grod_id": 0, "hfalls_id": 0, "lakeflag": 0, "manual_add": 0, "max_width": 582, "meand_len": 835.0491493057691, "n_chan_max": 2, "n_chan_mod": 2, "node_id": 81246000050101, "node_len": 212.3764697183933, "obstr_type": 0, "reach_id": 81246000051, "river_name": "Nenana River", "sinuosity": 1.11681792037896, "trib_flag": 0, "type": 1, "width": 78, "width_var": 99.91836734693878, "wse": 222.20001220703125, "wse_var": 0.115612718257673, "x": -149.26530470119903, "y": 64.19587920803055}}, {"type": "Feature", "geometry": {"type": "Point", "coordinates": [-149.2656386623466, 64.19412396292071]}, "id": "001800000000000176c7", "properties": {"dist_out": 1730474, "edit_flag": "NaN", "facc": 6379.384572020773, "grod_id": 0, "hfalls_id": 0, "lakeflag": 0, "manual_add": 0, "max_width": 83.5, "meand_len": 614.3484741121655, "n_chan_max": 2, "n_chan_mod": 1, "node_id": 81246000050111, "node_len": 201.88939461018367, "obstr_type": 0, "reach_id": 81246000051, "river_name": "Nenana River", "sinuosity": 1.02089640612145, "trib_flag": 0, "type": 1, "width": 83.5, "width_var": 240.91666666666666, "wse": 223.5, "wse_var": 0.120623067228331, "x": -149.2656379178758, "y": 64.19412329778892}}, {"type": "Feature", "geometry": {"type": "Point", "coordinates": [-149.26783699916592, 64.19260786856255]}, "id": "001800000000000176c8", "properties": {"dist_out": 1730671, "edit_flag": "NaN", "facc": 6376.198813035258, "grod_id": 0, "hfalls_id": 0, "lakeflag": 0, "manual_add": 0, "max_width": 105, "meand_len": 713.6600385218004, "n_chan_max": 1, "n_chan_mod": 1, "node_id": 81246000050121, "node_len": 196.10139697392788, "obstr_type": 0, "reach_id": 81246000051, "river_name": "Nenana River", "sinuosity": 1.056800798080603, "trib_flag": 0, "type": 1, "width": 105, "width_var": 509.0400000000001, "wse": 223.90000915527344, "wse_var": 0.003600439466536, "x": -149.26783737952434, "y": 64.19260773845447}}, {"type": "Feature", "geometry": {"type": "Point", "coordinates": [-149.27014681351162, 64.19109177420437]}, "id": "001800000000000176c9", "properties": {"dist_out": 1730872, "edit_flag": "NaN", "facc": 6373.544013880663, "grod_id": 0, "hfalls_id": 0, "lakeflag": 0, "manual_add": 0, "max_width": 114.5, "meand_len": 1629.1776228525741, "n_chan_max": 1, "n_chan_mod": 1, "node_id": 81246000050131, "node_len": 201.88939460674328, "obstr_type": 0, "reach_id": 81246000051, "river_name": "Nenana River", "sinuosity": 1.158971728918083, "trib_flag": 0, "type": 1, "width": 114.5, "width_var": 138.88888888888889, "wse": 223.90000915527344, "wse_var": 0, "x": -149.27014768068568, "y": 64.1910904203779}}, {"type": "Feature", "geometry": {"type": "Point", "coordinates": [-149.2707978422654, 64.18946420231987]}, "id": "001800000000000176ca", "properties": {"dist_out": 1731061, "edit_flag": "NaN", "facc": 6370.35825489515, "grod_id": 0, "hfalls_id": 0, "lakeflag": 0, "manual_add": 0, "max_width": 94, "meand_len": 1629.1776228525741, "n_chan_max": 1, "n_chan_mod": 1, "node_id": 81246000050141, "node_len": 188.48493598716368, "obstr_type": 0, "reach_id": 81246000051, "river_name": "Nenana River", "sinuosity": 1.158971728918083, "trib_flag": 0, "type": 1, "width": 94, "width_var": 153.91666666666666, "wse": 224.15000915527344, "wse_var": 0.162497711193282, "x": -149.2707971529143, "y": 64.18946424643524}}, {"type": "Feature", "geometry": {"type": "Point", "coordinates": [-149.2721043588741, 64.18782771223324]}, "id": "001800000000000176cb", "properties": {"dist_out": 1731260, "edit_flag": "NaN", "facc": 6367.172495909636, "grod_id": 0, "hfalls_id": 0, "lakeflag": 0, "manual_add": 0, "max_width": 71, "meand_len": 1629.1776228525741, "n_chan_max": 1, "n_chan_mod": 1, "node_id": 81246000050151, "node_len": 199.215380869181, "obstr_type": 0, "reach_id": 81246000051, "river_name": "Nenana River", "sinuosity": 1.158971728918083, "trib_flag": 0, "type": 1, "width": 71, "width_var": 105.58333333333333, "wse": 225.15000915527344, "wse_var": 0.008125101733539, "x": -149.2721046765425, "y": 64.18782782070396}}, {"type": "Feature", "geometry": {"type": "Point", "coordinates": [-149.27326818424902, 64.18619568124768]}, "id": "001800000000000176cc", "properties": {"dist_out": 1731449, "edit_flag": "NaN", "facc": 6363.986736924122, "grod_id": 0, "hfalls_id": 0, "lakeflag": 0, "manual_add": 0, "max_width": 129, "meand_len": 1629.1776228525741, "n_chan_max": 1, "n_chan_mod": 1, "node_id": 81246000050161, "node_len": 188.7153186155697, "obstr_type": 0, "reach_id": 81246000051, "river_name": "Nenana River", "sinuosity": 1.158971728918083, "trib_flag": 0, "type": 1, "width": 129, "width_var": 166.13888888888889, "wse": 225.5, "wse_var": 0.007013939760832, "x": -149.27326809850828, "y": 64.18619362774658}}, {"type": "Feature", "geometry": {"type": "Point", "coordinates": [-149.27451227344295, 64.18455919116107]}, "id": "001800000000000176cd", "properties": {"dist_out": 1731648, "edit_flag": "NaN", "facc": 6360.800977938608, "grod_id": 0, "hfalls_id": 0, "lakeflag": 0, "manual_add": 0, "max_width": 309, "meand_len": 1396.3246574961017, "n_chan_max": 1, "n_chan_mod": 1, "node_id": 81246000050171, "node_len": 199.21538086902774, "obstr_type": 0, "reach_id": 81246000051, "river_name": "Nenana River", "sinuosity": 1.34849280975011, "trib_flag": 0, "type": 1, "width": 309, "width_var": 3318.805555555556, "wse": 225.70001220703125, "wse_var": 0.006666463230633, "x": -149.2745136365313, "y": 64.1845581424292}}, {"type": "Feature", "geometry": {"type": "Point", "coordinates": [-149.27586338106212, 64.1827844689418]}, "id": "001800000000000176ce", "properties": {"dist_out": 1731863, "edit_flag": "NaN", "facc": 6357.615218953095, "grod_id": 0, "hfalls_id": 0, "lakeflag": 0, "manual_add": 0, "max_width": 582, "meand_len": 1221.6849334787476, "n_chan_max": 2, "n_chan_mod": 2, "node_id": 81246000050181, "node_len": 215.28157457357793, "obstr_type": 0, "reach_id": 81246000051, "river_name": "Nenana River", "sinuosity": 1.49063362037413, "trib_flag": 0, "type": 1, "width": 194, "width_var": 3075.3469387755104, "wse": 225.8000030517578, "wse_var": 0.000612319637166, "x": -149.2758655048786, "y": 64.18278631372893}}, {"type": "Feature", "geometry": {"type": "Point", "coordinates": [-149.27605512240743, 64.1810320422278]}, "id": "001800000000000176cf", "properties": {"dist_out": 1732053, "edit_flag": "NaN", "facc": 6353.898500136662, "grod_id": 0, "hfalls_id": 0, "lakeflag": 0, "manual_add": 0, "max_width": 582, "meand_len": 1221.6849334787476, "n_chan_max": 3, "n_chan_mod": 2, "node_id": 81246000050191, "node_len": 189.67317286562275, "obstr_type": 0, "reach_id": 81246000051, "river_name": "Nenana River", "sinuosity": 1.49063362037413, "trib_flag": 0, "type": 1, "width": 288.5, "width_var": 845.888888888889, "wse": 226.14999389648438, "wse_var": 0.04451521134211, "x": -149.27605693299552, "y": 64.18103257968538}}, {"type": "Feature", "geometry": {"type": "Point", "coordinates": [-149.27494480624512, 64.179297451918]}, "id": "001800000000000176d0", "properties": {"dist_out": 1732265, "edit_flag": "NaN", "facc": 6350.712741151148, "grod_id": 0, "hfalls_id": 0, "lakeflag": 0, "manual_add": 0, "max_width": 582, "meand_len": 1221.6849334787476, "n_chan_max": 4, "n_chan_mod": 3, "node_id": 81246000050201, "node_len": 212.3764697464244, "obstr_type": 0, "reach_id": 81246000051, "river_name": "Nenana River", "sinuosity": 1.49063362037413, "trib_flag": 0, "type": 1, "width": 362, "width_var": 692.2448979591837, "wse": 226.75, "wse_var": 0.042856270941545, "x": -149.2749442058694, "y": 64.17929918944999}}, {"type": "Feature", "geometry": {"type": "Point", "coordinates": [-149.27477090130404, 64.17741571127345]}, "id": "001800000000000176d1", "properties": {"dist_out": 1732475, "edit_flag": "NaN", "facc": 6346.996022334715, "grod_id": 0, "hfalls_id": 0, "lakeflag": 0, "manual_add": 0, "max_width": 582, "meand_len": 1221.6849334787476, "n_chan_max": 3, "n_chan_mod": 3, "node_id": 81246000050211, "node_len": 210.00000031106129, "obstr_type": 0, "reach_id": 81246000051, "river_name": "Nenana River", "sinuosity": 1.49063362037413, "trib_flag": 0, "type": 1, "width": 255, "width_var": 138.85714285714286, "wse": 227.64999389648438, "wse_var": 0.072143380321106, "x": -149.2747721926512, "y": 64.17741645176903}}, {"type": "Feature", "geometry": {"type": "Point", "coordinates": [-149.27424026827867, 64.17567220276156]}, "id": "001800000000000176d2", "properties": {"dist_out": 1732665, "edit_flag": "NaN", "facc": 6343.279303518282, "grod_id": 0, "hfalls_id": 0, "lakeflag": 0, "manual_add": 0, "max_width": 582, "meand_len": 1228.2679225203851, "n_chan_max": 3, "n_chan_mod": 2, "node_id": 81246000050221, "node_len": 189.6731732889557, "obstr_type": 0, "reach_id": 81246000051, "river_name": "Nenana River", "sinuosity": 1.722484205274405, "trib_flag": 0, "type": 1, "width": 241, "width_var": 609, "wse": 226.60000610351562, "wse_var": 0.028124618531567, "x": -149.27423825845582, "y": 64.17567402976988}}, {"type": "Feature", "geometry": {"type": "Point", "coordinates": [-149.27252797347415, 64.17413827199917]}, "id": "001800000000000176d3", "properties": {"dist_out": 1732869, "edit_flag": "NaN", "facc": 6340.093544532769, "grod_id": 0, "hfalls_id": 0, "lakeflag": 0, "manual_add": 0, "max_width": 582, "meand_len": 1228.267922520385, "n_chan_max": 3, "n_chan_mod": 2, "node_id": 81246000050231, "node_len": 204.13420650590524, "obstr_type": 0, "reach_id": 81246000051, "river_name": "Nenana River", "sinuosity": 1.722484205274405, "trib_flag": 0, "type": 1, "width": 200, "width_var": 477.5555555555556, "wse": 226.60000610351562, "wse_var": 0, "x": -149.27252752930082, "y": 64.17413848793161}}, {"type": "Feature", "geometry": {"type": "Point", "coordinates": [-149.26917027038093, 64.17308592415056]}, "id": "001800000000000176d4", "properties": {"dist_out": 1733065, "edit_flag": "NaN", "facc": 6336.907785547254, "grod_id": 0, "hfalls_id": 0, "lakeflag": 0, "manual_add": 0, "max_width": 582, "meand_len": 1228.267922520385, "n_chan_max": 2, "n_chan_mod": 2, "node_id": 81246000050241, "node_len": 195.7816609414076, "obstr_type": 0, "reach_id": 81246000051, "river_name": "Nenana River", "sinuosity": 1.722484205274405, "trib_flag": 0, "type": 1, "width": 203.5, "width_var": 868.4722222222223, "wse": 226.60000610351562, "wse_var": 0, "x": -149.26916880992354, "y": 64.17308646366286}}, {"type": "Feature", "geometry": {"type": "Point", "coordinates": [-149.26541570729393, 64.17247056820518]}, "id": "001800000000000176d5", "properties": {"dist_out": 1733270, "edit_flag": "NaN", "facc": 6333.722026561741, "grod_id": 0, "hfalls_id": 0, "lakeflag": 0, "manual_add": 0, "max_width": 138.5, "meand_len": 1228.267922520385, "n_chan_max": 1, "n_chan_mod": 1, "node_id": 81246000050251, "node_len": 204.56484905680918, "obstr_type": 0, "reach_id": 81246000051, "river_name": "Nenana River", "sinuosity": 1.722484205274405, "trib_flag": 0, "type": 1, "width": 138.5, "width_var": 1095.5833333333333, "wse": 226.82500457763672, "wse_var": 0.012500508643118, "x": -149.26541382169157, "y": 64.17247147479371}}, {"type": "Feature", "geometry": {"type": "Point", "coordinates": [-149.26202679049328, 64.17155645248923]}, "id": "001800000000000176d6", "properties": {"dist_out": 1733470, "edit_flag": "NaN", "facc": 6330.536267576227, "grod_id": 0, "hfalls_id": 0, "lakeflag": 0, "manual_add": 0, "max_width": 180, "meand_len": 1228.267922520385, "n_chan_max": 2, "n_chan_mod": 1, "node_id": 81246000050261, "node_len": 200.7502331232463, "obstr_type": 0, "reach_id": 81246000051, "river_name": "Nenana River", "sinuosity": 1.722484205274405, "trib_flag": 0, "type": 1, "width": 180, "width_var": 731, "wse": 226.90000915527344, "wse_var": 0.079997558612376, "x": -149.26202542919444, "y": 64.17155442823089}}, {"type": "Feature", "geometry": {"type": "Point", "coordinates": [-149.25877164672428, 64.17052194104483]}, "id": "001800000000000176d7", "properties": {"dist_out": 1733660, "edit_flag": "NaN", "facc": 6327.350508590713, "grod_id": 0, "hfalls_id": 0, "lakeflag": 0, "manual_add": 0, "max_width": 138, "meand_len": 1144.0857828370015, "n_chan_max": 2, "n_chan_mod": 1, "node_id": 81246000050271, "node_len": 189.23534080065747, "obstr_type": 0, "reach_id": 81246000051, "river_name": "Nenana River", "sinuosity": 1.384586944635939, "trib_flag": 0, "type": 1, "width": 138, "width_var": 4397.04, "wse": 227.5, "wse_var": 0, "x": -149.25877194128583, "y": 64.17052209002992}}, {"type": "Feature", "geometry": {"type": "Point", "coordinates": [-149.255828640029, 64.16922434263827]}, "id": "001800000000000176d8", "properties": {"dist_out": 1733868, "edit_flag": "NaN", "facc": 6324.695709436118, "grod_id": 0, "hfalls_id": 0, "lakeflag": 0, "manual_add": 0, "max_width": 102, "meand_len": 1101.9947129953098, "n_chan_max": 1, "n_chan_mod": 1, "node_id": 81246000050281, "node_len": 208.75617948270883, "obstr_type": 0, "reach_id": 81246000051, "river_name": "Nenana River", "sinuosity": 1.215638314316706, "trib_flag": 0, "type": 1, "width": 102, "width_var": 247.25, "wse": 227.5, "wse_var": 0, "x": -149.2558265680038, "y": 64.16922634778929}}, {"type": "Feature", "geometry": {"type": "Point", "coordinates": [-149.2537328625339, 64.1677751347959]}, "id": "001800000000000176d9", "properties": {"dist_out": 1734045, "edit_flag": "NaN", "facc": 6321.509950450604, "grod_id": 0, "hfalls_id": 0, "lakeflag": 0, "manual_add": 0, "max_width": 103, "meand_len": 1101.9947129953098, "n_chan_max": 1, "n_chan_mod": 1, "node_id": 81246000050291, "node_len": 177.01981697865904, "obstr_type": 0, "reach_id": 81246000051, "river_name": "Nenana River", "sinuosity": 1.215638314316706, "trib_flag": 0, "type": 1, "width": 103, "width_var": 221.2, "wse": 227.5, "wse_var": 0, "x": -149.2537333110451, "y": 64.1677773222612}}, {"type": "Feature", "geometry": {"type": "Point", "coordinates": [-149.25208745424516, 64.16618769482088]}, "id": "001800000000000176da", "properties": {"dist_out": 1734265, "edit_flag": "NaN", "facc": 6318.855151296009, "grod_id": 0, "hfalls_id": 0, "lakeflag": 0, "manual_add": 0, "max_width": 95, "meand_len": 1192.3835259207806, "n_chan_max": 1, "n_chan_mod": 1, "node_id": 81246000050301, "node_len": 219.67317316756362, "obstr_type": 0, "reach_id": 81246000051, "river_name": "Nenana River", "sinuosity": 1.191286267169331, "trib_flag": 0, "type": 1, "width": 95, "width_var": 270.57142857142856, "wse": 227.5, "wse_var": 0, "x": -149.2520873626636, "y": 64.16618669048445}}, {"type": "Feature", "geometry": {"type": "Point", "coordinates": [-149.25085228325335, 64.16445310451108]}, "id": "001800000000000176db", "properties": {"dist_out": 1734460, "edit_flag": "NaN", "facc": 6315.138432479576, "grod_id": 0, "hfalls_id": 0, "lakeflag": 0, "manual_add": 0, "max_width": 104, "meand_len": 1644.3275905481344, "n_chan_max": 1, "n_chan_mod": 1, "node_id": 81246000050311, "node_len": 195.18752382684943, "obstr_type": 0, "reach_id": 81246000051, "river_name": "Nenana River", "sinuosity": 1.069526031432453, "trib_flag": 0, "type": 1, "width": 104, "width_var": 387.8055555555555, "wse": 227.5, "wse_var": 0, "x": -149.25085050754782, "y": 64.16445505497148}}, {"type": "Feature", "geometry": {"type": "Point", "coordinates": [-149.24942537091624, 64.16286120543501]}, "id": "001800000000000176dc", "properties": {"dist_out": 1734651, "edit_flag": "NaN", "facc": 6311.952673494063, "grod_id": 0, "hfalls_id": 0, "lakeflag": 0, "manual_add": 0, "max_width": 111, "meand_len": 1644.3275905481344, "n_chan_max": 1, "n_chan_mod": 1, "node_id": 81246000050321, "node_len": 190.43219456278803, "obstr_type": 0, "reach_id": 81246000051, "river_name": "Nenana River", "sinuosity": 1.069526031432453, "trib_flag": 0, "type": 1, "width": 111, "width_var": 348.47222222222223, "wse": 228.0500030517578, "wse_var": 0.440558810770098, "x": -149.2494250877996, "y": 64.16286099195425}}, {"type": "Feature", "geometry": {"type": "Point", "coordinates": [-149.2479181947602, 64.16126930635892]}, "id": "001800000000000176dd", "properties": {"dist_out": 1734847, "edit_flag": "NaN", "facc": 6308.766914508549, "grod_id": 0, "hfalls_id": 0, "lakeflag": 0, "manual_add": 0, "max_width": 139.5, "meand_len": 1644.3275905481344, "n_chan_max": 1, "n_chan_mod": 1, "node_id": 81246000050331, "node_len": 196.5399528807775, "obstr_type": 0, "reach_id": 81246000051, "river_name": "Nenana River", "sinuosity": 1.069526031432453, "trib_flag": 0, "type": 1, "width": 139.5, "width_var": 963.8055555555555, "wse": 229.60000610351562, "wse_var": 0, "x": -149.24791764724577, "y": 64.16126818038067}}, {"type": "Feature", "geometry": {"type": "Point", "coordinates": [-149.24717352488426, 64.15953025694806]}, "id": "001800000000000176de", "properties": {"dist_out": 1735069, "edit_flag": "NaN", "facc": 6305.581155523035, "grod_id": 0, "hfalls_id": 0, "lakeflag": 0, "manual_add": 0, "max_width": 582, "meand_len": 1644.3275905481346, "n_chan_max": 2, "n_chan_mod": 2, "node_id": 81246000050341, "node_len": 221.39004368788392, "obstr_type": 0, "reach_id": 81246000051, "river_name": "Nenana River", "sinuosity": 1.069526031432453, "trib_flag": 0, "type": 1, "width": 237, "width_var": 266.6938775510204, "wse": 229.60000610351562, "wse_var": 0, "x": -149.24717437672209, "y": 64.15952890823982}}, {"type": "Feature", "geometry": {"type": "Point", "coordinates": [-149.24605429051985, 64.1577956666383]}, "id": "001800000000000176df", "properties": {"dist_out": 1735262, "edit_flag": "NaN", "facc": 6301.864436706603, "grod_id": 0, "hfalls_id": 0, "lakeflag": 0, "manual_add": 0, "max_width": 582, "meand_len": 1107.346902210172, "n_chan_max": 3, "n_chan_mod": 2, "node_id": 81246000050351, "node_len": 193.10691788243184, "obstr_type": 0, "reach_id": 81246000051, "river_name": "Nenana River", "sinuosity": 2.107377269522247, "trib_flag": 0, "type": 1, "width": 303, "width_var": 723.5555555555555, "wse": 229.75, "wse_var": 0.151386261018666, "x": -149.24605260601857, "y": 64.15779546367386}}, {"type": "Feature", "geometry": {"type": "Point", "coordinates": [-149.24510004289442, 64.1561948493601]}, "id": "001800000000000176e0", "properties": {"dist_out": 1735446, "edit_flag": "NaN", "facc": 6298.678677721088, "grod_id": 0, "hfalls_id": 0, "lakeflag": 0, "manual_add": 0, "max_width": 582, "meand_len": 999.9507645425793, "n_chan_max": 3, "n_chan_mod": 3, "node_id": 81246000050361, "node_len": 184.0933424334662, "obstr_type": 0, "reach_id": 81246000051, "river_name": "Nenana River", "sinuosity": 2.314947517140206, "trib_flag": 0, "type": 1, "width": 283.5, "width_var": 818.8055555555557, "wse": 232.65000915527344, "wse_var": 1.504734073254642, "x": -149.24510031582307, "y": 64.15619407436502}}, {"type": "Feature", "geometry": {"type": "Point", "coordinates": [-149.24408336785422, 64.15446025905031]}, "id": "001800000000000176e1", "properties": {"dist_out": 1735660, "edit_flag": "NaN", "facc": 6295.492918735575, "grod_id": 0, "hfalls_id": 0, "lakeflag": 0, "manual_add": 0, "max_width": 582, "meand_len": 999.9507645425795, "n_chan_max": 3, "n_chan_mod": 3, "node_id": 81246000050371, "node_len": 214.09334246765957, "obstr_type": 0, "reach_id": 81246000051, "river_name": "Nenana River", "sinuosity": 2.314947517140206, "trib_flag": 0, "type": 1, "width": 225, "width_var": 1016.408163265306, "wse": 235, "wse_var": 1.261732327210128, "x": -149.24408445319327, "y": 64.15445898628114}}, {"type": "Feature", "geometry": {"type": "Point", "coordinates": [-149.24374893527522, 64.15271229143737]}, "id": "001800000000000176e2", "properties": {"dist_out": 1735840, "edit_flag": "NaN", "facc": 6291.776199919142, "grod_id": 0, "hfalls_id": 0, "lakeflag": 0, "manual_add": 0, "max_width": 582, "meand_len": 999.9507645425793, "n_chan_max": 3, "n_chan_mod": 2, "node_id": 81246000050381, "node_len": 180.00000024493784, "obstr_type": 0, "reach_id": 81246000051, "river_name": "Nenana River", "sinuosity": 2.314947517140206, "trib_flag": 0, "type": 1, "width": 232.5, "width_var": 431.25, "wse": 238.6500015258789, "wse_var": 1.255555386014748, "x": -149.24374951108064, "y": 64.15271341299957}}, {"type": "Feature", "geometry": {"type": "Point", "coordinates": [-149.24364191684992, 64.15096432382441]}, "id": "001800000000000176e3", "properties": {"dist_out": 1736052, "edit_flag": "NaN", "facc": 6288.590440933628, "grod_id": 0, "hfalls_id": 0, "lakeflag": 0, "manual_add": 0, "max_width": 582, "meand_len": 999.9507645425793, "n_chan_max": 3, "n_chan_mod": 2, "node_id": 81246000050391, "node_len": 211.78235222637977, "obstr_type": 0, "reach_id": 81246000051, "river_name": "Nenana River", "sinuosity": 2.314947517140206, "trib_flag": 0, "type": 1, "width": 250, "width_var": 2946.4897959183677, "wse": 240.60000610351562, "wse_var": 0.01530612244898, "x": -149.24364349160084, "y": 64.15096431534874}}, {"type": "Feature", "geometry": {"type": "Point", "coordinates": [-149.24262524180975, 64.14922973351462]}, "id": "001800000000000176e4", "properties": {"dist_out": 1736246, "edit_flag": "NaN", "facc": 6284.873722117195, "grod_id": 0, "hfalls_id": 0, "lakeflag": 0, "manual_add": 0, "max_width": 582, "meand_len": 999.9507645425795, "n_chan_max": 3, "n_chan_mod": 2, "node_id": 81246000050401, "node_len": 194.8230804361192, "obstr_type": 0, "reach_id": 81246000051, "river_name": "Nenana River", "sinuosity": 2.314947517140206, "trib_flag": 0, "type": 1, "width": 223.5, "width_var": 1867.8055555555554, "wse": 240.60000610351562, "wse_var": 0, "x": -149.2426249880355, "y": 64.149229259417}}, {"type": "Feature", "geometry": {"type": "Point", "coordinates": [-149.24130088879687, 64.14749960230588]}, "id": "001800000000000176e5", "properties": {"dist_out": 1736467, "edit_flag": "NaN", "facc": 6281.6879631316815, "grod_id": 0, "hfalls_id": 0, "lakeflag": 0, "manual_add": 0, "max_width": 217, "meand_len": 1416.66494425329, "n_chan_max": 3, "n_chan_mod": 1, "node_id": 81246000050411, "node_len": 220.79592804574713, "obstr_type": 0, "reach_id": 81246000051, "river_name": "Nenana River", "sinuosity": 1.863101429596161, "trib_flag": 0, "type": 1, "width": 217, "width_var": 3496.2448979591836, "wse": 244.1999969482422, "wse_var": 1.719177171369369, "x": -149.241301478899, "y": 64.14749888899397}}, {"type": "Feature", "geometry": {"type": "Point", "coordinates": [-149.2400835542093, 64.14576501199609]}, "id": "001800000000000176e6", "properties": {"dist_out": 1736662, "edit_flag": "NaN", "facc": 6277.971244315248, "grod_id": 0, "hfalls_id": 0, "lakeflag": 0, "manual_add": 0, "max_width": 124.5, "meand_len": 1500.0077801954324, "n_chan_max": 1, "n_chan_mod": 1, "node_id": 81246000050421, "node_len": 195.1875237352051, "obstr_type": 0, "reach_id": 81246000051, "river_name": "Nenana River", "sinuosity": 1.772732212087352, "trib_flag": 0, "type": 1, "width": 124.5, "width_var": 787.138888888889, "wse": 244.1999969482422, "wse_var": 0, "x": -149.24008374932586, "y": 64.14576688211757}}, {"type": "Feature", "geometry": {"type": "Point", "coordinates": [-149.23921402950387, 64.1441641947179]}, "id": "001800000000000176e7", "properties": {"dist_out": 1736846, "edit_flag": "NaN", "facc": 6274.785485329735, "grod_id": 0, "hfalls_id": 0, "lakeflag": 0, "manual_add": 0, "max_width": 160.5, "meand_len": 1500.0077801954324, "n_chan_max": 2, "n_chan_mod": 1, "node_id": 81246000050431, "node_len": 183.49922383914964, "obstr_type": 0, "reach_id": 81246000051, "river_name": "Nenana River", "sinuosity": 1.772732212087352, "trib_flag": 0, "type": 1, "width": 160.5, "width_var": 470.25, "wse": 244.1999969482422, "wse_var": 0, "x": -149.23921436331796, "y": 64.14416418678444}}, {"type": "Feature", "geometry": {"type": "Point", "coordinates": [-149.2390757973712, 64.14241622710496]}, "id": "001800000000000176e8", "properties": {"dist_out": 1737061, "edit_flag": "NaN", "facc": 6271.5997263442205, "grod_id": 0, "hfalls_id": 0, "lakeflag": 0, "manual_add": 0, "max_width": 156, "meand_len": 1500.0077801954324, "n_chan_max": 1, "n_chan_mod": 1, "node_id": 81246000050441, "node_len": 215.21609626652207, "obstr_type": 0, "reach_id": 81246000051, "river_name": "Nenana River", "sinuosity": 1.772732212087352, "trib_flag": 0, "type": 1, "width": 156, "width_var": 228.9795918367347, "wse": 244.1999969482422, "wse_var": 0, "x": -149.23907640805436, "y": 64.14241557855655}}, {"type": "Feature", "geometry": {"type": "Point", "coordinates": [-149.23950833017338, 64.14065934128989]}, "id": "001800000000000176e9", "properties": {"dist_out": 1737244, "edit_flag": "NaN", "facc": 6267.883007527787, "grod_id": 0, "hfalls_id": 0, "lakeflag": 0, "manual_add": 0, "max_width": 270, "meand_len": 1500.0077801954324, "n_chan_max": 1, "n_chan_mod": 1, "node_id": 81246000050451, "node_len": 182.97058550385736, "obstr_type": 0, "reach_id": 81246000051, "river_name": "Nenana River", "sinuosity": 1.772732212087352, "trib_flag": 0, "type": 1, "width": 270, "width_var": 410.8055555555555, "wse": 244.1999969482422, "wse_var": 0, "x": -149.23950750738803, "y": 64.14065822544619}}, {"type": "Feature", "geometry": {"type": "Point", "coordinates": [-149.23935672073756, 64.13891137367695]}, "id": "001800000000000176ea", "properties": {"dist_out": 1737459, "edit_flag": "NaN", "facc": 6264.697248542274, "grod_id": 0, "hfalls_id": 0, "lakeflag": 0, "manual_add": 0, "max_width": 242, "meand_len": 1500.0077801954324, "n_chan_max": 1, "n_chan_mod": 1, "node_id": 81246000050461, "node_len": 215.2815769441986, "obstr_type": 0, "reach_id": 81246000051, "river_name": "Nenana River", "sinuosity": 1.772732212087352, "trib_flag": 0, "type": 1, "width": 242, "width_var": 263.38775510204084, "wse": 244.1999969482422, "wse_var": 0, "x": -149.23935782893776, "y": 64.13890979675499}}, {"type": "Feature", "geometry": {"type": "Point", "coordinates": [-149.23877257849958, 64.13716786516505]}, "id": "001800000000000176eb", "properties": {"dist_out": 1737643, "edit_flag": "NaN", "facc": 6260.980529725841, "grod_id": 0, "hfalls_id": 0, "lakeflag": 0, "manual_add": 0, "max_width": 582, "meand_len": 1376.1492621910136, "n_chan_max": 3, "n_chan_mod": 2, "node_id": 81246000050471, "node_len": 184.09334240616772, "obstr_type": 0, "reach_id": 81246000051, "river_name": "Nenana River", "sinuosity": 1.679939413733756, "trib_flag": 0, "type": 1, "width": 193.5, "width_var": 1319.5555555555557, "wse": 244.1999969482422, "wse_var": 0, "x": -149.23877409889084, "y": 64.13716803796997}}, {"type": "Feature", "geometry": {"type": "Point", "coordinates": [-149.23772023065095, 64.13543327485526]}, "id": "001800000000000176ec", "properties": {"dist_out": 1737862, "edit_flag": "NaN", "facc": 6257.794770740327, "grod_id": 0, "hfalls_id": 0, "lakeflag": 0, "manual_add": 0, "max_width": 582, "meand_len": 756.8566721689202, "n_chan_max": 2, "n_chan_mod": 2, "node_id": 81246000050481, "node_len": 218.71532212121747, "obstr_type": 0, "reach_id": 81246000051, "river_name": "Nenana River", "sinuosity": 1.215975421965778, "trib_flag": 0, "type": 1, "width": 157, "width_var": 208, "wse": 244.35000610351562, "wse_var": 0.009184047171124, "x": -149.2377212235819, "y": 64.13543348318852}}, {"type": "Feature", "geometry": {"type": "Point", "coordinates": [-149.23625318640438, 64.13370314364653]}, "id": "001800000000000176ed", "properties": {"dist_out": 1738055, "edit_flag": "NaN", "facc": 6254.078051923894, "grod_id": 0, "hfalls_id": 0, "lakeflag": 0, "manual_add": 0, "max_width": 582, "meand_len": 756.8566721689202, "n_chan_max": 2, "n_chan_mod": 2, "node_id": 81246000050491, "node_len": 193.1069178081616, "obstr_type": 0, "reach_id": 81246000051, "river_name": "Nenana River", "sinuosity": 1.215975421965778, "trib_flag": 0, "type": 1, "width": 195, "width_var": 510.88888888888897, "wse": 244.5, "wse_var": 0, "x": -149.23625499958487, "y": 64.13370526706528}}, {"type": "Feature", "geometry": {"type": "Point", "coordinates": [-149.23438928216407, 64.13225393580416]}, "id": "001800000000000176ee", "properties": {"dist_out": 1738255, "edit_flag": "NaN", "facc": 6250.892292938381, "grod_id": 0, "hfalls_id": 0, "lakeflag": 0, "manual_add": 0, "max_width": 191, "meand_len": 373.9462818581251, "n_chan_max": 2, "n_chan_mod": 1, "node_id": 81246000050501, "node_len": 199.97158353408304, "obstr_type": 0, "reach_id": 81246000051, "river_name": "Nenana River", "sinuosity": 1.118532980922714, "trib_flag": 0, "type": 1, "width": 191, "width_var": 1349.4722222222224, "wse": 244.5, "wse_var": 0, "x": -149.23439125896041, "y": 64.13225247715432}}, {"type": "Feature", "geometry": {"type": "Point", "coordinates": [-149.23120994311293, 64.13130414727976]}, "id": "001800000000000176ef", "properties": {"dist_out": 1738437, "edit_flag": "NaN", "facc": 6247.706533952867, "grod_id": 0, "hfalls_id": 0, "lakeflag": 0, "manual_add": 0, "max_width": 169, "meand_len": 1019.6188245858867, "n_chan_max": 1, "n_chan_mod": 1, "node_id": 81246000050511, "node_len": 181.7823754388537, "obstr_type": 0, "reach_id": 81246000051, "river_name": "Nenana River", "sinuosity": 1.649218194052058, "trib_flag": 0, "type": 1, "width": 169, "width_var": 141.25, "wse": 244.5, "wse_var": 0, "x": -149.23121189373836, "y": 64.13130463611844}}, {"type": "Feature", "geometry": {"type": "Point", "coordinates": [-149.22750888923858, 64.13097417380182]}, "id": "001800000000000176f0", "properties": {"dist_out": 1738660, "edit_flag": "NaN", "facc": 6244.520774967353, "grod_id": 0, "hfalls_id": 0, "lakeflag": 0, "manual_add": 0, "max_width": 112.5, "meand_len": 1019.6188245858867, "n_chan_max": 1, "n_chan_mod": 1, "node_id": 81246000050521, "node_len": 222.87927211618262, "obstr_type": 0, "reach_id": 81246000051, "river_name": "Nenana River", "sinuosity": 1.649218194052058, "trib_flag": 0, "type": 1, "width": 112.5, "width_var": 687.4722222222222, "wse": 244.5, "wse_var": 0.672220357260408, "x": -149.22750690621805, "y": 64.13097527615757}}, {"type": "Feature", "geometry": {"type": "Point", "coordinates": [-149.22433400928853, 64.1298460212353]}, "id": "001800000000000176f1", "properties": {"dist_out": 1738830, "edit_flag": "NaN", "facc": 6241.335015981839, "grod_id": 0, "hfalls_id": 0, "lakeflag": 0, "manual_add": 0, "max_width": 84, "meand_len": 1019.6188245858867, "n_chan_max": 1, "n_chan_mod": 1, "node_id": 81246000050531, "node_len": 169.70564214837577, "obstr_type": 0, "reach_id": 81246000051, "river_name": "Nenana River", "sinuosity": 1.649218194052058, "trib_flag": 0, "type": 1, "width": 84, "width_var": 82.6875, "wse": 247.375, "wse_var": 0.74297151567589, "x": -149.22433410064627, "y": 64.12984763232151}}, {"type": "Feature", "geometry": {"type": "Point", "coordinates": [-149.22170313966697, 64.12853950462663]}, "id": "001800000000000176f2", "properties": {"dist_out": 1739036, "edit_flag": "NaN", "facc": 6239.211176658163, "grod_id": 0, "hfalls_id": 0, "lakeflag": 0, "manual_add": 0, "max_width": 159.5, "meand_len": 1019.6188245858867, "n_chan_max": 2, "n_chan_mod": 1, "node_id": 81246000050541, "node_len": 206.0814556888581, "obstr_type": 0, "reach_id": 81246000051, "river_name": "Nenana River", "sinuosity": 1.649218194052058, "trib_flag": 0, "type": 1, "width": 159.5, "width_var": 2529.222222222222, "wse": 252.32500457763672, "wse_var": 0.963884650341546, "x": -149.22170209084229, "y": 64.12854109083561}}, {"type": "Feature", "geometry": {"type": "Point", "coordinates": [-149.13796568098434, 64.52927445719875]}, "id": "001800000000000176f3", "properties": {"dist_out": 1706305, "edit_flag": "NaN", "facc": 7064.32275390625, "grod_id": 0, "hfalls_id": 0, "lakeflag": 0, "manual_add": 1, "max_width": 607, "meand_len": 1181.8613793010124, "n_chan_max": 2, "n_chan_mod": 2, "node_id": 81246000170011, "node_len": 190.20182806887414, "obstr_type": 0, "reach_id": 81246000171, "river_name": "Nenana River", "sinuosity": 1.508121731141485, "trib_flag": 0, "type": 1, "width": 54, "width_var": 0, "wse": 108, "wse_var": 0.118055555555556, "x": -149.13796559114158, "y": 64.52927566528469}}, {"type": "Feature", "geometry": {"type": "Point", "coordinates": [-149.14116285643965, 64.52894002461976]}, "id": "001800000000000176f4", "properties": {"dist_out": 1706514, "edit_flag": "NaN", "facc": 1952.4097141776178, "grod_id": 0, "hfalls_id": 0, "lakeflag": 0, "manual_add": 0, "max_width": 84, "meand_len": 1473.3615705858153, "n_chan_max": 1, "n_chan_mod": 1, "node_id": 81246000170021, "node_len": 208.67941821182143, "obstr_type": 0, "reach_id": 81246000171, "river_name": "Nenana River", "sinuosity": 1.990894073614574, "trib_flag": 0, "type": 1, "width": 84, "width_var": 2728.2448979591827, "wse": 108.5, "wse_var": 0, "x": -149.141164762037, "y": 64.52893808469915}}, {"type": "Feature", "geometry": {"type": "Point", "coordinates": [-149.14318282921684, 64.52738825745315]}, "id": "001800000000000176f5", "properties": {"dist_out": 1706704, "edit_flag": "NaN", "facc": 1951.3551823132243, "grod_id": 0, "hfalls_id": 0, "lakeflag": 0, "manual_add": 0, "max_width": 63, "meand_len": 1473.3615705858153, "n_chan_max": 1, "n_chan_mod": 1, "node_id": 81246000170031, "node_len": 190.56826976316972, "obstr_type": 0, "reach_id": 81246000171, "river_name": "Nenana River", "sinuosity": 1.990894073614574, "trib_flag": 0, "type": 1, "width": 63, "width_var": 18.4, "wse": 108.70000457763672, "wse_var": 0.037599432375282, "x": -149.14318402919977, "y": 64.52738821897218}}, {"type": "Feature", "geometry": {"type": "Point", "coordinates": [-149.1468259147775, 64.52662575117301]}, "id": "001800000000000176f6", "properties": {"dist_out": 1706918, "edit_flag": "NaN", "facc": 1950.601945267229, "grod_id": 0, "hfalls_id": 0, "lakeflag": 0, "manual_add": 0, "max_width": 78, "meand_len": 1473.3615705858153, "n_chan_max": 1, "n_chan_mod": 1, "node_id": 81246000170041, "node_len": 213.49924777578076, "obstr_type": 0, "reach_id": 81246000171, "river_name": "Nenana River", "sinuosity": 1.990894073614574, "trib_flag": 0, "type": 1, "width": 78, "width_var": 102.20408163265309, "wse": 110.30000305175781, "wse_var": 0.160510848692086, "x": -149.14682653632426, "y": 64.52662417262223}}, {"type": "Feature", "geometry": {"type": "Point", "coordinates": [-149.15087031943298, 64.5263582051098]}, "id": "001800000000000176f7", "properties": {"dist_out": 1707107, "edit_flag": "NaN", "facc": 1949.5474134028352, "grod_id": 0, "hfalls_id": 0, "lakeflag": 0, "manual_add": 0, "max_width": 54, "meand_len": 1473.3615705858153, "n_chan_max": 1, "n_chan_mod": 1, "node_id": 81246000170051, "node_len": 189.07907145805962, "obstr_type": 0, "reach_id": 81246000171, "river_name": "Nenana River", "sinuosity": 1.990894073614574, "trib_flag": 0, "type": 1, "width": 54, "width_var": 186, "wse": 110.30000305175781, "wse_var": 0, "x": -149.15087082072662, "y": 64.5263586998668}}, {"type": "Feature", "geometry": {"type": "Point", "coordinates": [-149.1539248036546, 64.52530585726119]}, "id": "001800000000000176f8", "properties": {"dist_out": 1707321, "edit_flag": "NaN", "facc": 1948.6435289476408, "grod_id": 0, "hfalls_id": 0, "lakeflag": 0, "manual_add": 0, "max_width": 67, "meand_len": 1473.3615705858153, "n_chan_max": 1, "n_chan_mod": 1, "node_id": 81246000170061, "node_len": 214.68746048282082, "obstr_type": 0, "reach_id": 81246000171, "river_name": "Nenana River", "sinuosity": 1.990894073614574, "trib_flag": 0, "type": 1, "width": 67, "width_var": 77.9591836734694, "wse": 110.30000305175781, "wse_var": 0, "x": -149.15392369495842, "y": 64.52530478323038}}, {"type": "Feature", "geometry": {"type": "Point", "coordinates": [-149.15444651847787, 64.52357572605246]}, "id": "001800000000000176f9", "properties": {"dist_out": 1707504, "edit_flag": "NaN", "facc": 1947.588997083247, "grod_id": 0, "hfalls_id": 0, "lakeflag": 0, "manual_add": 0, "max_width": 57, "meand_len": 1473.3615705858153, "n_chan_max": 1, "n_chan_mod": 1, "node_id": 81246000170071, "node_len": 182.97058679975112, "obstr_type": 0, "reach_id": 81246000171, "river_name": "Nenana River", "sinuosity": 1.990894073614574, "trib_flag": 0, "type": 1, "width": 57, "width_var": 68.47222222222221, "wse": 111.10000228881836, "wse_var": 0.06034746806189, "x": -149.15444561766006, "y": 64.52357734343441}}, {"type": "Feature", "geometry": {"type": "Point", "coordinates": [-149.15437963196206, 64.5219615314711]}, "id": "001800000000000176fa", "properties": {"dist_out": 1707713, "edit_flag": "NaN", "facc": 1946.6851126280526, "grod_id": 0, "hfalls_id": 0, "lakeflag": 0, "manual_add": 0, "max_width": 54, "meand_len": 1473.3615705858153, "n_chan_max": 1, "n_chan_mod": 1, "node_id": 81246000170081, "node_len": 208.7359741220996, "obstr_type": 0, "reach_id": 81246000171, "river_name": "Nenana River", "sinuosity": 1.990894073614574, "trib_flag": 0, "type": 1, "width": 54, "width_var": 207.55555555555554, "wse": 111.35000228881836, "wse_var": 0.002499923706637, "x": -149.15438079537873, "y": 64.52196236376206}}, {"type": "Feature", "geometry": {"type": "Point", "coordinates": [-149.15729588405102, 64.52060150564981]}, "id": "001800000000000176fb", "properties": {"dist_out": 1707913, "edit_flag": "NaN", "facc": 1945.781228172858, "grod_id": 0, "hfalls_id": 0, "lakeflag": 0, "manual_add": 0, "max_width": 63, "meand_len": 1370.2739448549435, "n_chan_max": 1, "n_chan_mod": 1, "node_id": 81246000170091, "node_len": 200.17253850157726, "obstr_type": 0, "reach_id": 81246000171, "river_name": "Nenana River", "sinuosity": 1.788296420904134, "trib_flag": 0, "type": 1, "width": 63, "width_var": 273.5833333333333, "wse": 111.4000015258789, "wse_var": 0, "x": -149.15729555548523, "y": 64.52060002250572}}, {"type": "Feature", "geometry": {"type": "Point", "coordinates": [-149.1610415289359, 64.52055245553822]}, "id": "001800000000000176fc", "properties": {"dist_out": 1708100, "edit_flag": "NaN", "facc": 1944.8773437176635, "grod_id": 0, "hfalls_id": 0, "lakeflag": 0, "manual_add": 0, "max_width": 60, "meand_len": 1370.2739448549435, "n_chan_max": 1, "n_chan_mod": 1, "node_id": 81246000170101, "node_len": 186.9984676086974, "obstr_type": 0, "reach_id": 81246000171, "river_name": "Nenana River", "sinuosity": 1.788296420904134, "trib_flag": 0, "type": 1, "width": 60, "width_var": 162.55555555555554, "wse": 111.4000015258789, "wse_var": 0, "x": -149.16104359933587, "y": 64.52055405396614}}, {"type": "Feature", "geometry": {"type": "Point", "coordinates": [-149.16409601315752, 64.51974535824755]}, "id": "001800000000000176fd", "properties": {"dist_out": 1708308, "edit_flag": "NaN", "facc": 1943.973459262469, "grod_id": 0, "hfalls_id": 0, "lakeflag": 0, "manual_add": 0, "max_width": 63, "meand_len": 1370.2739448549435, "n_chan_max": 1, "n_chan_mod": 1, "node_id": 81246000170111, "node_len": 208.0210533625277, "obstr_type": 0, "reach_id": 81246000171, "river_name": "Nenana River", "sinuosity": 1.788296420904134, "trib_flag": 0, "type": 1, "width": 63, "width_var": 68.81632653061224, "wse": 111.4000015258789, "wse_var": 0, "x": -149.16409706340045, "y": 64.51974614298304}}, {"type": "Feature", "geometry": {"type": "Point", "coordinates": [-149.164136145067, 64.51805089984724]}, "id": "001800000000000176fe", "properties": {"dist_out": 1708503, "edit_flag": "NaN", "facc": 1942.9189273980753, "grod_id": 0, "hfalls_id": 0, "lakeflag": 0, "manual_add": 0, "max_width": 57.5, "meand_len": 1370.2739448549435, "n_chan_max": 1, "n_chan_mod": 1, "node_id": 81246000170121, "node_len": 194.59340550447087, "obstr_type": 0, "reach_id": 81246000171, "river_name": "Nenana River", "sinuosity": 1.788296420904134, "trib_flag": 0, "type": 1, "width": 57.5, "width_var": 350.8888888888889, "wse": 111.4000015258789, "wse_var": 0, "x": -149.16413831863895, "y": 64.5180488059858}}, {"type": "Feature", "geometry": {"type": "Point", "coordinates": [-149.16245060486878, 64.51632522773957]}, "id": "001800000000000176ff", "properties": {"dist_out": 1708721, "edit_flag": "NaN", "facc": 1942.0150429428809, "grod_id": 0, "hfalls_id": 0, "lakeflag": 0, "manual_add": 0, "max_width": 45, "meand_len": 1370.2739448549435, "n_chan_max": 1, "n_chan_mod": 1, "node_id": 81246000170131, "node_len": 218.4849373302818, "obstr_type": 0, "reach_id": 81246000171, "river_name": "Nenana River", "sinuosity": 1.788296420904134, "trib_flag": 0, "type": 1, "width": 45, "width_var": 110.20408163265306, "wse": 111.4000015258789, "wse_var": 0, "x": -149.1624506115889, "y": 64.51632300201231}}, {"type": "Feature", "geometry": {"type": "Point", "coordinates": [-149.16329783406894, 64.51482251068454]}, "id": "00180000000000017700", "properties": {"dist_out": 1708902, "edit_flag": "NaN", "facc": 1940.9605110784871, "grod_id": 0, "hfalls_id": 0, "lakeflag": 0, "manual_add": 0, "max_width": 55.5, "meand_len": 1370.2739448549435, "n_chan_max": 1, "n_chan_mod": 1, "node_id": 81246000170141, "node_len": 180.33205326162079, "obstr_type": 0, "reach_id": 81246000171, "river_name": "Nenana River", "sinuosity": 1.788296420904134, "trib_flag": 0, "type": 1, "width": 55.5, "width_var": 225, "wse": 111.4000015258789, "wse_var": 0, "x": -149.16329919538452, "y": 64.51482028619995}}, {"type": "Feature", "geometry": {"type": "Point", "coordinates": [-149.16615165874316, 64.51533530730569]}, "id": "00180000000000017701", "properties": {"dist_out": 1709094, "edit_flag": "NaN", "facc": 1940.0566266232927, "grod_id": 0, "hfalls_id": 0, "lakeflag": 0, "manual_add": 0, "max_width": 65.5, "meand_len": 1516.4178224391756, "n_chan_max": 1, "n_chan_mod": 1, "node_id": 81246000170151, "node_len": 191.83194833205607, "obstr_type": 0, "reach_id": 81246000171, "river_name": "Nenana River", "sinuosity": 1.333997048936681, "trib_flag": 0, "type": 1, "width": 65.5, "width_var": 239.55555555555554, "wse": 111.4000015258789, "wse_var": 0, "x": -149.16615316146104, "y": 64.5153349346882}}, {"type": "Feature", "geometry": {"type": "Point", "coordinates": [-149.16699442884226, 64.51706543851442]}, "id": "00180000000000017702", "properties": {"dist_out": 1709311, "edit_flag": "NaN", "facc": 1939.152742168098, "grod_id": 0, "hfalls_id": 0, "lakeflag": 0, "manual_add": 0, "max_width": 77, "meand_len": 1545.6465979560219, "n_chan_max": 1, "n_chan_mod": 1, "node_id": 81246000170161, "node_len": 217.95630014949484, "obstr_type": 0, "reach_id": 81246000171, "river_name": "Nenana River", "sinuosity": 1.243137174543191, "trib_flag": 0, "type": 1, "width": 77, "width_var": 99.3469387755102, "wse": 111.4000015258789, "wse_var": 0, "x": -149.16699282948957, "y": 64.51706420257638}}, {"type": "Feature", "geometry": {"type": "Point", "coordinates": [-149.16880482386995, 64.51860828747891]}, "id": "00180000000000017703", "properties": {"dist_out": 1709491, "edit_flag": "NaN", "facc": 1938.0982103037045, "grod_id": 0, "hfalls_id": 0, "lakeflag": 0, "manual_add": 0, "max_width": 42, "meand_len": 1545.6465979560219, "n_chan_max": 1, "n_chan_mod": 1, "node_id": 81246000170171, "node_len": 179.11991745612704, "obstr_type": 0, "reach_id": 81246000171, "river_name": "Nenana River", "sinuosity": 1.243137174543191, "trib_flag": 0, "type": 1, "width": 42, "width_var": 34.56, "wse": 111.4000015258789, "wse_var": 0, "x": -149.16880536326505, "y": 64.51861036510053}}, {"type": "Feature", "geometry": {"type": "Point", "coordinates": [-149.1724122366222, 64.51897839286636]}, "id": "00180000000000017704", "properties": {"dist_out": 1709706, "edit_flag": "NaN", "facc": 1937.344973257709, "grod_id": 0, "hfalls_id": 0, "lakeflag": 0, "manual_add": 0, "max_width": 54, "meand_len": 1545.6465979560219, "n_chan_max": 1, "n_chan_mod": 1, "node_id": 81246000170181, "node_len": 215.8102294858013, "obstr_type": 0, "reach_id": 81246000171, "river_name": "Nenana River", "sinuosity": 1.243137174543191, "trib_flag": 0, "type": 1, "width": 54, "width_var": 27.55102040816327, "wse": 111.4000015258789, "wse_var": 0, "x": -149.1724144405172, "y": 64.51897731473444}}, {"type": "Feature", "geometry": {"type": "Point", "coordinates": [-149.17452585052152, 64.51762728524716]}, "id": "00180000000000017705", "properties": {"dist_out": 1709904, "edit_flag": "NaN", "facc": 1936.2904413933154, "grod_id": 0, "hfalls_id": 0, "lakeflag": 0, "manual_add": 0, "max_width": 63, "meand_len": 1545.6465979560219, "n_chan_max": 1, "n_chan_mod": 1, "node_id": 81246000170191, "node_len": 197.49779933883337, "obstr_type": 0, "reach_id": 81246000171, "river_name": "Nenana River", "sinuosity": 1.243137174543191, "trib_flag": 0, "type": 1, "width": 63, "width_var": 44.138888888888886, "wse": 111.4749984741211, "wse_var": 0.002013838028587, "x": -149.17452508025713, "y": 64.51762648497926}}, {"type": "Feature", "geometry": {"type": "Point", "coordinates": [-149.17697835610093, 64.51623604571849]}, "id": "00180000000000017706", "properties": {"dist_out": 1710101, "edit_flag": "NaN", "facc": 1935.386556938121, "grod_id": 0, "hfalls_id": 0, "lakeflag": 0, "manual_add": 0, "max_width": 63, "meand_len": 1574.9661721903951, "n_chan_max": 1, "n_chan_mod": 1, "node_id": 81246000170201, "node_len": 197.41178887465094, "obstr_type": 0, "reach_id": 81246000171, "river_name": "Nenana River", "sinuosity": 1.298930127132865, "trib_flag": 0, "type": 1, "width": 63, "width_var": 70.88888888888891, "wse": 112.0999984741211, "wse_var": 0.012499618533184, "x": -149.17697758142035, "y": 64.51623465187966}}, {"type": "Feature", "geometry": {"type": "Point", "coordinates": [-149.18066603267212, 64.51571433089524]}, "id": "00180000000000017707", "properties": {"dist_out": 1710289, "edit_flag": "NaN", "facc": 1934.4826724829263, "grod_id": 0, "hfalls_id": 0, "lakeflag": 0, "manual_add": 0, "max_width": 51, "meand_len": 1579.8527678961239, "n_chan_max": 1, "n_chan_mod": 1, "node_id": 81246000170211, "node_len": 188.1212212746982, "obstr_type": 0, "reach_id": 81246000171, "river_name": "Nenana River", "sinuosity": 1.308228952564478, "trib_flag": 0, "type": 1, "width": 51, "width_var": 161.55555555555557, "wse": 112.52499771118164, "wse_var": 0.030624732971773, "x": -149.18066624505238, "y": 64.515713247943}}, {"type": "Feature", "geometry": {"type": "Point", "coordinates": [-149.1843537092433, 64.51493844731193]}, "id": "00180000000000017708", "properties": {"dist_out": 1710506, "edit_flag": "NaN", "facc": 1933.5787880277317, "grod_id": 0, "hfalls_id": 0, "lakeflag": 0, "manual_add": 0, "max_width": 52.5, "meand_len": 1579.8527678961239, "n_chan_max": 1, "n_chan_mod": 1, "node_id": 81246000170221, "node_len": 216.78035256766907, "obstr_type": 0, "reach_id": 81246000171, "river_name": "Nenana River", "sinuosity": 1.308228952564478, "trib_flag": 0, "type": 1, "width": 52.5, "width_var": 245, "wse": 112.80000305175781, "wse_var": 0, "x": -149.18435550242828, "y": 64.51494037159149}}, {"type": "Feature", "geometry": {"type": "Point", "coordinates": [-149.18767573952815, 64.51376570373488]}, "id": "00180000000000017709", "properties": {"dist_out": 1710699, "edit_flag": "NaN", "facc": 1932.6749035725372, "grod_id": 0, "hfalls_id": 0, "lakeflag": 0, "manual_add": 0, "max_width": 42, "meand_len": 1579.8527678961239, "n_chan_max": 1, "n_chan_mod": 1, "node_id": 81246000170231, "node_len": 192.6683636819098, "obstr_type": 0, "reach_id": 81246000171, "river_name": "Nenana River", "sinuosity": 1.308228952564478, "trib_flag": 0, "type": 1, "width": 42, "width_var": 0, "wse": 112.80000305175781, "wse_var": 0.025600195312873, "x": -149.1876746563711, "y": 64.51376352625978}}, {"type": "Feature", "geometry": {"type": "Point", "coordinates": [-149.18922750669475, 64.51228974128618]}, "id": "0018000000000001770a", "properties": {"dist_out": 1710888, "edit_flag": "NaN", "facc": 1931.9216665265417, "grod_id": 0, "hfalls_id": 0, "lakeflag": 0, "manual_add": 0, "max_width": 45, "meand_len": 1579.8527678961239, "n_chan_max": 1, "n_chan_mod": 1, "node_id": 81246000170241, "node_len": 188.71532063907762, "obstr_type": 0, "reach_id": 81246000171, "river_name": "Nenana River", "sinuosity": 1.308228952564478, "trib_flag": 0, "type": 1, "width": 45, "width_var": 114, "wse": 113.20000457763672, "wse_var": 0, "x": -149.1892279434695, "y": 64.51229147322898}}, {"type": "Feature", "geometry": {"type": "Point", "coordinates": [-149.18858539614305, 64.51055069187534]}, "id": "0018000000000001770b", "properties": {"dist_out": 1711110, "edit_flag": "NaN", "facc": 1931.0177820713473, "grod_id": 0, "hfalls_id": 0, "lakeflag": 0, "manual_add": 0, "max_width": 48, "meand_len": 821.0958406253804, "n_chan_max": 1, "n_chan_mod": 1, "node_id": 81246000170251, "node_len": 221.91868118108232, "obstr_type": 0, "reach_id": 81246000171, "river_name": "Nenana River", "sinuosity": 1.110001083342048, "trib_flag": 0, "type": 1, "width": 48, "width_var": 106.53061224489795, "wse": 113.20000457763672, "wse_var": 0, "x": -149.18858548382062, "y": 64.51055040843534}}, {"type": "Feature", "geometry": {"type": "Point", "coordinates": [-149.19082832397294, 64.50913269774034]}, "id": "0018000000000001770c", "properties": {"dist_out": 1711299, "edit_flag": "NaN", "facc": 1929.9632502069535, "grod_id": 0, "hfalls_id": 0, "lakeflag": 0, "manual_add": 0, "max_width": 58.5, "meand_len": 785.9040998379454, "n_chan_max": 1, "n_chan_mod": 1, "node_id": 81246000170261, "node_len": 189.15723860858725, "obstr_type": 0, "reach_id": 81246000171, "river_name": "Nenana River", "sinuosity": 1.023263580090838, "trib_flag": 0, "type": 1, "width": 58.5, "width_var": 164, "wse": 113.20000457763672, "wse_var": 0, "x": -149.19082936160706, "y": 64.50913449664692}}, {"type": "Feature", "geometry": {"type": "Point", "coordinates": [-149.19423953627881, 64.50956077144147]}, "id": "0018000000000001770d", "properties": {"dist_out": 1711502, "edit_flag": "NaN", "facc": 1929.059365751759, "grod_id": 0, "hfalls_id": 0, "lakeflag": 0, "manual_add": 0, "max_width": 69, "meand_len": 1044.044141973898, "n_chan_max": 1, "n_chan_mod": 1, "node_id": 81246000170271, "node_len": 203.5195388870834, "obstr_type": 0, "reach_id": 81246000171, "river_name": "Nenana River", "sinuosity": 1.032545903610842, "trib_flag": 0, "type": 1, "width": 69, "width_var": 199.55555555555554, "wse": 113.20000457763672, "wse_var": 0, "x": -149.19423862881888, "y": 64.50955953835465}}, {"type": "Feature", "geometry": {"type": "Point", "coordinates": [-149.19455167335255, 64.51113483411334]}, "id": "0018000000000001770e", "properties": {"dist_out": 1711694, "edit_flag": "NaN", "facc": 1928.1554812965646, "grod_id": 0, "hfalls_id": 0, "lakeflag": 0, "manual_add": 0, "max_width": 57, "meand_len": 1044.0441419738977, "n_chan_max": 1, "n_chan_mod": 1, "node_id": 81246000170281, "node_len": 191.390041627953, "obstr_type": 0, "reach_id": 81246000171, "river_name": "Nenana River", "sinuosity": 1.032545903610842, "trib_flag": 0, "type": 1, "width": 57, "width_var": 52.555555555555564, "wse": 113.20000457763672, "wse_var": 0, "x": -149.19455258626442, "y": 64.5111349070188}}, {"type": "Feature", "geometry": {"type": "Point", "coordinates": [-149.19461855986836, 64.51271335588626]}, "id": "0018000000000001770f", "properties": {"dist_out": 1711890, "edit_flag": "NaN", "facc": 1927.25159684137, "grod_id": 0, "hfalls_id": 0, "lakeflag": 0, "manual_add": 0, "max_width": 69, "meand_len": 1259.9610518553723, "n_chan_max": 1, "n_chan_mod": 1, "node_id": 81246000170291, "node_len": 196.81766728680668, "obstr_type": 0, "reach_id": 81246000171, "river_name": "Nenana River", "sinuosity": 1.013689370290814, "trib_flag": 0, "type": 1, "width": 69, "width_var": 173.58333333333334, "wse": 113.20000457763672, "wse_var": 0, "x": -149.19461687099906, "y": 64.51271399429797}}, {"type": "Feature", "geometry": {"type": "Point", "coordinates": [-149.19796288565846, 64.51312359318318]}, "id": "00180000000000017710", "properties": {"dist_out": 1712083, "edit_flag": "NaN", "facc": 1926.3477123861753, "grod_id": 0, "hfalls_id": 0, "lakeflag": 0, "manual_add": 0, "max_width": 76.5, "meand_len": 1313.9402793257411, "n_chan_max": 1, "n_chan_mod": 1, "node_id": 81246000170301, "node_len": 192.51281510531498, "obstr_type": 0, "reach_id": 81246000171, "river_name": "Nenana River", "sinuosity": 1.008975236960807, "trib_flag": 0, "type": 1, "width": 76.5, "width_var": 95.58333333333333, "wse": 113.20000457763672, "wse_var": 0, "x": -149.19796273049747, "y": 64.51312194158453}}, {"type": "Feature", "geometry": {"type": "Point", "coordinates": [-149.2012135703264, 64.51208462263773]}, "id": "00180000000000017711", "properties": {"dist_out": 1712284, "edit_flag": "NaN", "facc": 1925.443827930981, "grod_id": 0, "hfalls_id": 0, "lakeflag": 0, "manual_add": 0, "max_width": 48, "meand_len": 1313.9402793257411, "n_chan_max": 1, "n_chan_mod": 1, "node_id": 81246000170311, "node_len": 200.84481087149106, "obstr_type": 0, "reach_id": 81246000171, "river_name": "Nenana River", "sinuosity": 1.008975236960807, "trib_flag": 0, "type": 1, "width": 48, "width_var": 79.25, "wse": 113.20000457763672, "wse_var": 0, "x": -149.2012132505436, "y": 64.51208585695822}}, {"type": "Feature", "geometry": {"type": "Point", "coordinates": [-149.2014454435812, 64.51035895053005]}, "id": "00180000000000017712", "properties": {"dist_out": 1712497, "edit_flag": "NaN", "facc": 1924.5399434757865, "grod_id": 0, "hfalls_id": 0, "lakeflag": 0, "manual_add": 0, "max_width": 54, "meand_len": 1101.7543134899222, "n_chan_max": 1, "n_chan_mod": 1, "node_id": 81246000170321, "node_len": 212.97058695917895, "obstr_type": 0, "reach_id": 81246000171, "river_name": "Nenana River", "sinuosity": 1.004642737950755, "trib_flag": 0, "type": 1, "width": 54, "width_var": 162.69387755102042, "wse": 113.20000457763672, "wse_var": 0, "x": -149.2014462435015, "y": 64.51035868311357}}, {"type": "Feature", "geometry": {"type": "Point", "coordinates": [-149.20219457255817, 64.50873137864554]}, "id": "00180000000000017713", "properties": {"dist_out": 1712689, "edit_flag": "NaN", "facc": 1923.485411611393, "grod_id": 0, "hfalls_id": 0, "lakeflag": 0, "manual_add": 0, "max_width": 46.5, "meand_len": 889.5683476541034, "n_chan_max": 1, "n_chan_mod": 1, "node_id": 81246000170331, "node_len": 191.8319561380922, "obstr_type": 0, "reach_id": 81246000171, "river_name": "Nenana River", "sinuosity": 1.000310238940704, "trib_flag": 0, "type": 1, "width": 46.5, "width_var": 81, "wse": 113.20000457763672, "wse_var": 0, "x": -149.20219320511487, "y": 64.50873154879962}}, {"type": "Feature", "geometry": {"type": "Point", "coordinates": [-149.20572618059248, 64.50859760561393]}, "id": "00180000000000017714", "properties": {"dist_out": 1712889, "edit_flag": "NaN", "facc": 1922.5815271561983, "grod_id": 0, "hfalls_id": 0, "lakeflag": 0, "manual_add": 0, "max_width": 58.5, "meand_len": 970.8456263823952, "n_chan_max": 1, "n_chan_mod": 1, "node_id": 81246000170341, "node_len": 200.17325232892017, "obstr_type": 0, "reach_id": 81246000171, "river_name": "Nenana River", "sinuosity": 1.091631464287765, "trib_flag": 0, "type": 1, "width": 58.5, "width_var": 104.25, "wse": 113.20000457763672, "wse_var": 0, "x": -149.2057242116036, "y": 64.50859789220722}}, {"type": "Feature", "geometry": {"type": "Point", "coordinates": [-149.2098240944606, 64.5090881067298]}, "id": "00180000000000017715", "properties": {"dist_out": 1713102, "edit_flag": "NaN", "facc": 1921.6776427010036, "grod_id": 0, "hfalls_id": 0, "lakeflag": 0, "manual_add": 0, "max_width": 60, "meand_len": 1377.232020023854, "n_chan_max": 1, "n_chan_mod": 1, "node_id": 81246000170351, "node_len": 212.97061262132775, "obstr_type": 0, "reach_id": 81246000171, "river_name": "Nenana River", "sinuosity": 1.548237591023069, "trib_flag": 0, "type": 1, "width": 60, "width_var": 6.122448979591837, "wse": 113.20000457763672, "wse_var": 0, "x": -149.2098263123646, "y": 64.50908657683271}}, {"type": "Feature", "geometry": {"type": "Point", "coordinates": [-149.21385066271188, 64.50885177437398]}, "id": "00180000000000017716", "properties": {"dist_out": 1713298, "edit_flag": "NaN", "facc": 1920.62311083661, "grod_id": 0, "hfalls_id": 0, "lakeflag": 0, "manual_add": 0, "max_width": 46.5, "meand_len": 1377.232020023854, "n_chan_max": 1, "n_chan_mod": 1, "node_id": 81246000170361, "node_len": 195.85911159845273, "obstr_type": 0, "reach_id": 81246000171, "river_name": "Nenana River", "sinuosity": 1.548237591023069, "trib_flag": 0, "type": 1, "width": 46.5, "width_var": 52.25, "wse": 113.20000457763672, "wse_var": 0, "x": -149.21384924452204, "y": 64.50885300336138}}, {"type": "Feature", "geometry": {"type": "Point", "coordinates": [-149.2162897909881, 64.50757647147269]}, "id": "00180000000000017717", "properties": {"dist_out": 1713486, "edit_flag": "NaN", "facc": 1919.7192263814154, "grod_id": 0, "hfalls_id": 0, "lakeflag": 0, "manual_add": 0, "max_width": 42, "meand_len": 1377.232020023854, "n_chan_max": 1, "n_chan_mod": 1, "node_id": 81246000170371, "node_len": 188.48493548153056, "obstr_type": 0, "reach_id": 81246000171, "river_name": "Nenana River", "sinuosity": 1.548237591023069, "trib_flag": 0, "type": 1, "width": 42, "width_var": 47.25, "wse": 113.20000457763672, "wse_var": 0, "x": -149.21628760090823, "y": 64.50757741028706}}, {"type": "Feature", "geometry": {"type": "Point", "coordinates": [-149.2164904505355, 64.50582404475868]}, "id": "00180000000000017718", "properties": {"dist_out": 1713700, "edit_flag": "NaN", "facc": 1918.815341926221, "grod_id": 0, "hfalls_id": 0, "lakeflag": 0, "manual_add": 0, "max_width": 45, "meand_len": 1377.232020023854, "n_chan_max": 1, "n_chan_mod": 1, "node_id": 81246000170381, "node_len": 213.49922343048547, "obstr_type": 0, "reach_id": 81246000171, "river_name": "Nenana River", "sinuosity": 1.548237591023069, "trib_flag": 0, "type": 1, "width": 45, "width_var": 171.9183673469388, "wse": 113.20000457763672, "wse_var": 0, "x": -149.21649066624929, "y": 64.50582371687817}}, {"type": "Feature", "geometry": {"type": "Point", "coordinates": [-149.21769440781995, 64.504098372651]}, "id": "00180000000000017719", "properties": {"dist_out": 1713895, "edit_flag": "NaN", "facc": 1917.7608100618272, "grod_id": 0, "hfalls_id": 0, "lakeflag": 0, "manual_add": 0, "max_width": 45, "meand_len": 1377.232020023854, "n_chan_max": 1, "n_chan_mod": 1, "node_id": 81246000170391, "node_len": 195.36735095093172, "obstr_type": 0, "reach_id": 81246000171, "river_name": "Nenana River", "sinuosity": 1.548237591023069, "trib_flag": 0, "type": 1, "width": 45, "width_var": 102.13888888888887, "wse": 113.20000457763672, "wse_var": 0, "x": -149.2176930036106, "y": 64.50409985850034}}, {"type": "Feature", "geometry": {"type": "Point", "coordinates": [-149.22093171518475, 64.5034384256951]}, "id": "0018000000000001771a", "properties": {"dist_out": 1714081, "edit_flag": "NaN", "facc": 1916.8569256066328, "grod_id": 0, "hfalls_id": 0, "lakeflag": 0, "manual_add": 0, "max_width": 54, "meand_len": 2300.226518400026, "n_chan_max": 1, "n_chan_mod": 1, "node_id": 81246000170401, "node_len": 185.81023561058373, "obstr_type": 0, "reach_id": 81246000171, "river_name": "Nenana River", "sinuosity": 2.259113388180222, "trib_flag": 0, "type": 1, "width": 54, "width_var": 98.13888888888887, "wse": 113.20000457763672, "wse_var": 0, "x": -149.22093069412165, "y": 64.50344056601698}}, {"type": "Feature", "geometry": {"type": "Point", "coordinates": [-149.22502071085074, 64.50380407198148]}, "id": "0018000000000001771b", "properties": {"dist_out": 1714296, "edit_flag": "NaN", "facc": 1915.9530411514384, "grod_id": 0, "hfalls_id": 0, "lakeflag": 0, "manual_add": 0, "max_width": 48, "meand_len": 2484.8254180752606, "n_chan_max": 1, "n_chan_mod": 1, "node_id": 81246000170411, "node_len": 215.28160272593868, "obstr_type": 0, "reach_id": 81246000171, "river_name": "Nenana River", "sinuosity": 2.401288547611653, "trib_flag": 0, "type": 1, "width": 48, "width_var": 80.20408163265306, "wse": 113.20000457763672, "wse_var": 0, "x": -149.22502197652096, "y": 64.50380201508491}}, {"type": "Feature", "geometry": {"type": "Point", "coordinates": [-149.22883324225145, 64.50351868951405]}, "id": "0018000000000001771c", "properties": {"dist_out": 1714492, "edit_flag": "NaN", "facc": 1914.8985092870448, "grod_id": 0, "hfalls_id": 0, "lakeflag": 0, "manual_add": 0, "max_width": 42, "meand_len": 2484.8254180752606, "n_chan_max": 1, "n_chan_mod": 1, "node_id": 81246000170421, "node_len": 195.6949085961969, "obstr_type": 0, "reach_id": 81246000171, "river_name": "Nenana River", "sinuosity": 2.401288547611653, "trib_flag": 0, "type": 1, "width": 42, "width_var": 27, "wse": 113.25000381469727, "wse_var": 0.102499160768477, "x": -149.22883166010203, "y": 64.5035186624538}}, {"type": "Feature", "geometry": {"type": "Point", "coordinates": [-149.22968493055265, 64.50185544482112]}, "id": "0018000000000001771d", "properties": {"dist_out": 1714703, "edit_flag": "NaN", "facc": 1913.9946248318502, "grod_id": 0, "hfalls_id": 0, "lakeflag": 0, "manual_add": 0, "max_width": 63, "meand_len": 2484.8254180752606, "n_chan_max": 1, "n_chan_mod": 1, "node_id": 81246000170431, "node_len": 211.18823513247116, "obstr_type": 0, "reach_id": 81246000171, "river_name": "Nenana River", "sinuosity": 2.401288547611653, "trib_flag": 0, "type": 1, "width": 63, "width_var": 16.53061224489796, "wse": 113.9000015258789, "wse_var": 0, "x": -149.22968387224336, "y": 64.50185386618278}}, {"type": "Feature", "geometry": {"type": "Point", "coordinates": [-149.22974289886633, 64.50013869091555]}, "id": "0018000000000001771e", "properties": {"dist_out": 1714881, "edit_flag": "NaN", "facc": 1912.9400929674566, "grod_id": 0, "hfalls_id": 0, "lakeflag": 0, "manual_add": 0, "max_width": 42, "meand_len": 2484.8254180752606, "n_chan_max": 1, "n_chan_mod": 1, "node_id": 81246000170441, "node_len": 178.3609547255037, "obstr_type": 0, "reach_id": 81246000171, "river_name": "Nenana River", "sinuosity": 2.401288547611653, "trib_flag": 0, "type": 1, "width": 42, "width_var": 85.25, "wse": 113.9000015258789, "wse_var": 0, "x": -149.22974334194438, "y": 64.50013822781848}}, {"type": "Feature", "geometry": {"type": "Point", "coordinates": [-149.23261455994478, 64.49946982575753]}, "id": "0018000000000001771f", "properties": {"dist_out": 1715106, "edit_flag": "NaN", "facc": 1912.036208512262, "grod_id": 0, "hfalls_id": 0, "lakeflag": 0, "manual_add": 0, "max_width": 36, "meand_len": 2484.8254180752606, "n_chan_max": 1, "n_chan_mod": 1, "node_id": 81246000170451, "node_len": 224.66107671650934, "obstr_type": 0, "reach_id": 81246000171, "river_name": "Nenana River", "sinuosity": 2.401288547611653, "trib_flag": 0, "type": 1, "width": 36, "width_var": 24.979591836734695, "wse": 113.9000015258789, "wse_var": 0, "x": -149.23261361057277, "y": 64.49947012576398}}, {"type": "Feature", "geometry": {"type": "Point", "coordinates": [-149.2360034767454, 64.50053109180824]}, "id": "00180000000000017720", "properties": {"dist_out": 1715281, "edit_flag": "NaN", "facc": 1910.9816766478684, "grod_id": 0, "hfalls_id": 0, "lakeflag": 0, "manual_add": 0, "max_width": 42, "meand_len": 2484.8254180752606, "n_chan_max": 1, "n_chan_mod": 1, "node_id": 81246000170461, "node_len": 174.72832792199733, "obstr_type": 0, "reach_id": 81246000171, "river_name": "Nenana River", "sinuosity": 2.401288547611653, "trib_flag": 0, "type": 1, "width": 42, "width_var": 8.64, "wse": 113.9000015258789, "wse_var": 0, "x": -149.23600284638252, "y": 64.50052986305995}}, {"type": "Feature", "geometry": {"type": "Point", "coordinates": [-149.2394592800618, 64.50075404686092]}, "id": "00180000000000017721", "properties": {"dist_out": 1715469, "edit_flag": "NaN", "facc": 1910.2284396018729, "grod_id": 0, "hfalls_id": 0, "lakeflag": 0, "manual_add": 0, "max_width": 52.5, "meand_len": 2484.8254180752606, "n_chan_max": 1, "n_chan_mod": 1, "node_id": 81246000170471, "node_len": 187.89083751382714, "obstr_type": 0, "reach_id": 81246000171, "river_name": "Nenana River", "sinuosity": 2.401288547611653, "trib_flag": 0, "type": 1, "width": 52.5, "width_var": 43.25, "wse": 113.9000015258789, "wse_var": 0, "x": -149.23945779649944, "y": 64.50075385183337}}, {"type": "Feature", "geometry": {"type": "Point", "coordinates": [-149.24270550562872, 64.49972399451757]}, "id": "00180000000000017722", "properties": {"dist_out": 1715682, "edit_flag": "NaN", "facc": 1909.3245551466784, "grod_id": 0, "hfalls_id": 0, "lakeflag": 0, "manual_add": 0, "max_width": 42, "meand_len": 2484.8254180752606, "n_chan_max": 1, "n_chan_mod": 1, "node_id": 81246000170481, "node_len": 213.42598387605176, "obstr_type": 0, "reach_id": 81246000171, "river_name": "Nenana River", "sinuosity": 2.401288547611653, "trib_flag": 0, "type": 1, "width": 42, "width_var": 134, "wse": 114.12500381469727, "wse_var": 0.012500254314445, "x": -149.24270600006156, "y": 64.49972582644209}}, {"type": "Feature", "geometry": {"type": "Point", "coordinates": [-149.2202450136225, 64.12681383251895]}, "id": "001b0000000000026428", "properties": {"dist_out": 1739255, "edit_flag": "NaN", "facc": 6236.025417672649, "grod_id": 0, "hfalls_id": 0, "lakeflag": 0, "manual_add": 0, "max_width": 582, "meand_len": 926.2310520513398, "n_chan_max": 3, "n_chan_mod": 2, "node_id": 81246000050551, "node_len": 219.30943760536138, "obstr_type": 0, "reach_id": 81246000051, "river_name": "Nenana River", "sinuosity": 1.148554722350646, "trib_flag": 0, "type": 1, "width": 185, "width_var": 3267.836734693877, "wse": 255.25, "wse_var": 0.963580932658242, "x": -149.22024308517885, "y": 64.12681261926814}}, {"type": "Feature", "geometry": {"type": "Point", "coordinates": [-149.22039662305832, 64.12506140580494]}, "id": "001b0000000000026429", "properties": {"dist_out": 1739441, "edit_flag": "NaN", "facc": 6232.308698856216, "grod_id": 0, "hfalls_id": 0, "lakeflag": 0, "manual_add": 0, "max_width": 582, "meand_len": 910.666423295582, "n_chan_max": 3, "n_chan_mod": 2, "node_id": 81246000050561, "node_len": 186.40433177747764, "obstr_type": 0, "reach_id": 81246000051, "river_name": "Nenana River", "sinuosity": 1.065110810400411, "trib_flag": 0, "type": 1, "width": 142, "width_var": 197.8888888888889, "wse": 256.5, "wse_var": 0, "x": -149.2203966555311, "y": 64.12505956080291}}, {"type": "Feature", "geometry": {"type": "Point", "coordinates": [-149.21913915656125, 64.12346058852675]}, "id": "001b000000000002642a", "properties": {"dist_out": 1739632, "edit_flag": "NaN", "facc": 6229.122939870703, "grod_id": 0, "hfalls_id": 0, "lakeflag": 0, "manual_add": 0, "max_width": 149, "meand_len": 796.0782636217044, "n_chan_max": 2, "n_chan_mod": 1, "node_id": 81246000050571, "node_len": 190.4321943308587, "obstr_type": 0, "reach_id": 81246000051, "river_name": "Nenana River", "sinuosity": 1.057643115826702, "trib_flag": 0, "type": 1, "width": 149, "width_var": 65.80555555555556, "wse": 256.5, "wse_var": 0.002222493497862, "x": -149.2191392031356, "y": 64.12346267696851}}, {"type": "Feature", "geometry": {"type": "Point", "coordinates": [-149.21801992219685, 64.12159222518538]}, "id": "001b000000000002642b", "properties": {"dist_out": 1739845, "edit_flag": "NaN", "facc": 6225.937180885189, "grod_id": 0, "hfalls_id": 0, "lakeflag": 0, "manual_add": 0, "max_width": 582, "meand_len": 643.2940507232012, "n_chan_max": 2, "n_chan_mod": 2, "node_id": 81246000050581, "node_len": 213.56470410458678, "obstr_type": 0, "reach_id": 81246000051, "river_name": "Nenana River", "sinuosity": 1.047686189728425, "trib_flag": 0, "type": 1, "width": 233, "width_var": 650.25, "wse": 256.8000183105469, "wse_var": 0.000469093385618, "x": -149.21801946112384, "y": 64.12159434614807}}, {"type": "Feature", "geometry": {"type": "Point", "coordinates": [-149.2182740909569, 64.11957225240815]}, "id": "001b000000000002642c", "properties": {"dist_out": 1740059, "edit_flag": "NaN", "facc": 6221.689502237837, "grod_id": 0, "hfalls_id": 0, "lakeflag": 0, "manual_add": 0, "max_width": 429, "meand_len": 794.375665534395, "n_chan_max": 3, "n_chan_mod": 2, "node_id": 81246000060011, "node_len": 213.56470336222782, "obstr_type": 0, "reach_id": 81246000061, "river_name": "Nenana River", "sinuosity": 1.57214873326701, "trib_flag": 0, "type": 1, "width": 185, "width_var": 1073.265306122449, "wse": 257.8000183105469, "wse_var": 0.132653808601353, "x": -149.21827406563884, "y": 64.1195704102644}}, {"type": "Feature", "geometry": {"type": "Point", "coordinates": [-149.21801100399472, 64.11782428479522]}, "id": "001b000000000002642d", "properties": {"dist_out": 1740250, "edit_flag": "NaN", "facc": 6217.9727834214045, "grod_id": 0, "hfalls_id": 0, "lakeflag": 0, "manual_add": 0, "max_width": 173, "meand_len": 869.9164729399918, "n_chan_max": 2, "n_chan_mod": 1, "node_id": 81246000060021, "node_len": 191.1596613596938, "obstr_type": 0, "reach_id": 81246000061, "river_name": "Nenana River", "sinuosity": 1.834380005036302, "trib_flag": 0, "type": 1, "width": 173, "width_var": 1015.2222222222222, "wse": 258, "wse_var": 0, "x": -149.2180115519528, "y": 64.11782369075651}}, {"type": "Feature", "geometry": {"type": "Point", "coordinates": [-149.21710134737984, 64.11622346751702]}, "id": "001b000000000002642e", "properties": {"dist_out": 1740437, "edit_flag": "NaN", "facc": 6214.78702443589, "grod_id": 0, "hfalls_id": 0, "lakeflag": 0, "manual_add": 0, "max_width": 162, "meand_len": 869.9164729399918, "n_chan_max": 2, "n_chan_mod": 1, "node_id": 81246000060031, "node_len": 187.29670316862297, "obstr_type": 0, "reach_id": 81246000061, "river_name": "Nenana River", "sinuosity": 1.834380005036302, "trib_flag": 0, "type": 1, "width": 162, "width_var": 379.25, "wse": 258.20001220703125, "wse_var": 0.013127238075766, "x": -149.21710331461622, "y": 64.11622147466842}}, {"type": "Feature", "geometry": {"type": "Point", "coordinates": [-149.2160891314407, 64.11449333630827]}, "id": "001b000000000002642f", "properties": {"dist_out": 1740639, "edit_flag": "NaN", "facc": 6211.601265450377, "grod_id": 0, "hfalls_id": 0, "lakeflag": 0, "manual_add": 0, "max_width": 166, "meand_len": 869.9164729399918, "n_chan_max": 1, "n_chan_mod": 1, "node_id": 81246000060041, "node_len": 201.05940204951628, "obstr_type": 0, "reach_id": 81246000061, "river_name": "Nenana River", "sinuosity": 1.834380005036302, "trib_flag": 0, "type": 1, "width": 166, "width_var": 969.3877551020408, "wse": 258.6000061035156, "wse_var": 0.081728042426462, "x": -149.21609131098714, "y": 64.11449385758807}}, {"type": "Feature", "geometry": {"type": "Point", "coordinates": [-149.21440805034354, 64.1130441284659]}, "id": "001b0000000000026430", "properties": {"dist_out": 1740856, "edit_flag": "NaN", "facc": 6207.8845466339435, "grod_id": 0, "hfalls_id": 0, "lakeflag": 0, "manual_add": 0, "max_width": 429, "meand_len": 734.1876261412993, "n_chan_max": 2, "n_chan_mod": 2, "node_id": 81246000060051, "node_len": 217.7382706923372, "obstr_type": 0, "reach_id": 81246000061, "river_name": "Nenana River", "sinuosity": 1.945145675055949, "trib_flag": 0, "type": 1, "width": 138, "width_var": 2391.061224489796, "wse": 259.6000061035156, "wse_var": 0.068884028387921, "x": -149.2144089893689, "y": 64.11304192128657}}, {"type": "Feature", "geometry": {"type": "Point", "coordinates": [-149.21220525442314, 64.11144777028878]}, "id": "001b0000000000026431", "properties": {"dist_out": 1741049, "edit_flag": "NaN", "facc": 6204.167827817511, "grod_id": 0, "hfalls_id": 0, "lakeflag": 0, "manual_add": 0, "max_width": 429, "meand_len": 666.3232027419532, "n_chan_max": 2, "n_chan_mod": 2, "node_id": 81246000060061, "node_len": 193.10691760488373, "obstr_type": 0, "reach_id": 81246000061, "river_name": "Nenana River", "sinuosity": 2.000528510065773, "trib_flag": 0, "type": 1, "width": 137, "width_var": 304.5555555555556, "wse": 260.20001220703125, "wse_var": 0.005834045431887, "x": -149.21220506044895, "y": 64.11144783592843}}, {"type": "Feature", "geometry": {"type": "Point", "coordinates": [-149.2107248328734, 64.10985587121269]}, "id": "001b0000000000026432", "properties": {"dist_out": 1741243, "edit_flag": "NaN", "facc": 6200.982068831997, "grod_id": 0, "hfalls_id": 0, "lakeflag": 0, "manual_add": 0, "max_width": 151, "meand_len": 666.3232027419532, "n_chan_max": 1, "n_chan_mod": 1, "node_id": 81246000060071, "node_len": 193.86593901701622, "obstr_type": 0, "reach_id": 81246000061, "river_name": "Nenana River", "sinuosity": 2.000528510065773, "trib_flag": 0, "type": 1, "width": 151, "width_var": 10.888888888888888, "wse": 260.375, "wse_var": 0.05312398283018, "x": -149.21072309175045, "y": 64.10985430084195}}, {"type": "Feature", "geometry": {"type": "Point", "coordinates": [-149.20915968840364, 64.10826397213661]}, "id": "001b0000000000026433", "properties": {"dist_out": 1741433, "edit_flag": "NaN", "facc": 6197.796309846483, "grod_id": 0, "hfalls_id": 0, "lakeflag": 0, "manual_add": 0, "max_width": 127.5, "meand_len": 706.2347730981279, "n_chan_max": 1, "n_chan_mod": 1, "node_id": 81246000060081, "node_len": 189.67317283367993, "obstr_type": 0, "reach_id": 81246000061, "river_name": "Nenana River", "sinuosity": 1.860641599894982, "trib_flag": 0, "type": 1, "width": 127.5, "width_var": 211.80555555555554, "wse": 261.25, "wse_var": 0.003124745692023, "x": -149.20915925601466, "y": 64.10826199491663}}, {"type": "Feature", "geometry": {"type": "Point", "coordinates": [-149.2077372351676, 64.10666761395947]}, "id": "001b0000000000026434", "properties": {"dist_out": 1741648, "edit_flag": "NaN", "facc": 6194.610550860969, "grod_id": 0, "hfalls_id": 0, "lakeflag": 0, "manual_add": 0, "max_width": 79.5, "meand_len": 905.7926248790021, "n_chan_max": 1, "n_chan_mod": 1, "node_id": 81246000060091, "node_len": 215.43856452718114, "obstr_type": 0, "reach_id": 81246000061, "river_name": "Nenana River", "sinuosity": 1.161207049041026, "trib_flag": 0, "type": 1, "width": 79.5, "width_var": 269.25, "wse": 261.20001220703125, "wse_var": 0.000555284321308, "x": -149.20773916114857, "y": 64.10666749319928}}, {"type": "Feature", "geometry": {"type": "Point", "coordinates": [-149.20505731543446, 64.10522732431922]}, "id": "001b0000000000026435", "properties": {"dist_out": 1741840, "edit_flag": "NaN", "facc": 6191.424791875455, "grod_id": 0, "hfalls_id": 0, "lakeflag": 0, "manual_add": 0, "max_width": 148, "meand_len": 905.7926248790021, "n_chan_max": 2, "n_chan_mod": 1, "node_id": 81246000060101, "node_len": 192.09374042301897, "obstr_type": 0, "reach_id": 81246000061, "river_name": "Nenana River", "sinuosity": 1.161207049041026, "trib_flag": 0, "type": 1, "width": 148, "width_var": 835.2, "wse": 261.20001220703125, "wse_var": 0, "x": -149.2050584647891, "y": 64.1052267492341}}, {"type": "Feature", "geometry": {"type": "Point", "coordinates": [-149.20224362266976, 64.10392080771055]}, "id": "001b0000000000026436", "properties": {"dist_out": 1742053, "edit_flag": "NaN", "facc": 6188.7699927208605, "grod_id": 0, "hfalls_id": 0, "lakeflag": 0, "manual_add": 0, "max_width": 429, "meand_len": 696.4992849278632, "n_chan_max": 2, "n_chan_mod": 2, "node_id": 81246000060111, "node_len": 212.1320522392757, "obstr_type": 0, "reach_id": 81246000061, "river_name": "Nenana River", "sinuosity": 1.56122719849581, "trib_flag": 0, "type": 1, "width": 169, "width_var": 203.04000000000002, "wse": 261.20001220703125, "wse_var": 0, "x": -149.20224514896708, "y": 64.10392263465648}}, {"type": "Feature", "geometry": {"type": "Point", "coordinates": [-149.19976882158508, 64.1024805180703]}, "id": "001b0000000000026437", "properties": {"dist_out": 1742241, "edit_flag": "NaN", "facc": 6186.115193566266, "grod_id": 0, "hfalls_id": 0, "lakeflag": 0, "manual_add": 0, "max_width": 429, "meand_len": 487.2059449767243, "n_chan_max": 2, "n_chan_mod": 2, "node_id": 81246000060121, "node_len": 188.48493758348832, "obstr_type": 0, "reach_id": 81246000061, "river_name": "Nenana River", "sinuosity": 1.961247347950593, "trib_flag": 0, "type": 1, "width": 137, "width_var": 349.5555555555555, "wse": 261.34999084472656, "wse_var": 0.018057759670127, "x": -149.19977004327276, "y": 64.10247869161606}}, {"type": "Feature", "geometry": {"type": "Point", "coordinates": [-149.19938979799554, 64.10073255045734]}, "id": "001b0000000000026438", "properties": {"dist_out": 1742453, "edit_flag": "NaN", "facc": 6182.929434580752, "grod_id": 0, "hfalls_id": 0, "lakeflag": 0, "manual_add": 0, "max_width": 184, "meand_len": 487.2059449767243, "n_chan_max": 2, "n_chan_mod": 1, "node_id": 81246000060131, "node_len": 211.78235215392306, "obstr_type": 0, "reach_id": 81246000061, "river_name": "Nenana River", "sinuosity": 1.961247347950593, "trib_flag": 0, "type": 1, "width": 184, "width_var": 22.693877551020403, "wse": 261.6000061035156, "wse_var": 0, "x": -149.19938877264457, "y": 64.10073374553029}}, {"type": "Feature", "geometry": {"type": "Point", "coordinates": [-149.19965734405875, 64.09898012374335]}, "id": "001b0000000000026439", "properties": {"dist_out": 1742638, "edit_flag": "NaN", "facc": 6179.212715764319, "grod_id": 0, "hfalls_id": 0, "lakeflag": 0, "manual_add": 0, "max_width": 429, "meand_len": 748.4191686018647, "n_chan_max": 2, "n_chan_mod": 2, "node_id": 81246000060141, "node_len": 185.2815746656629, "obstr_type": 0, "reach_id": 81246000061, "river_name": "Nenana River", "sinuosity": 1.153064478380395, "trib_flag": 0, "type": 1, "width": 149, "width_var": 174.8888888888889, "wse": 261.6000061035156, "wse_var": 0, "x": -149.19965776274253, "y": 64.09897897281292}}, {"type": "Feature", "geometry": {"type": "Point", "coordinates": [-149.19948343911767, 64.09723215613039]}, "id": "001b000000000002643a", "properties": {"dist_out": 1742862, "edit_flag": "NaN", "facc": 6176.0269567788055, "grod_id": 0, "hfalls_id": 0, "lakeflag": 0, "manual_add": 0, "max_width": 429, "meand_len": 748.4191686018647, "n_chan_max": 2, "n_chan_mod": 2, "node_id": 81246000060151, "node_len": 224.06476812850633, "obstr_type": 0, "reach_id": 81246000061, "river_name": "Nenana River", "sinuosity": 1.153064478380395, "trib_flag": 0, "type": 1, "width": 155, "width_var": 1181.061224489796, "wse": 261.6000061035156, "wse_var": 0, "x": -149.19948157599993, "y": 64.09723092649696}}, {"type": "Feature", "geometry": {"type": "Point", "coordinates": [-149.1986451281196, 64.09549310671954]}, "id": "001b000000000002643b", "properties": {"dist_out": 1743070, "edit_flag": "NaN", "facc": 6172.310237962372, "grod_id": 0, "hfalls_id": 0, "lakeflag": 0, "manual_add": 0, "max_width": 119.5, "meand_len": 483.6695660158128, "n_chan_max": 1, "n_chan_mod": 1, "node_id": 81246000060161, "node_len": 207.61322328990855, "obstr_type": 0, "reach_id": 81246000061, "river_name": "Nenana River", "sinuosity": 1.056699692933972, "trib_flag": 0, "type": 1, "width": 119.5, "width_var": 765.8055555555555, "wse": 261.6000061035156, "wse_var": 0.055555555555556, "x": -149.19864354658318, "y": 64.09549288060437}}, {"type": "Feature", "geometry": {"type": "Point", "coordinates": [-149.19651367781606, 64.09404389887719]}, "id": "001b000000000002643c", "properties": {"dist_out": 1743243, "edit_flag": "NaN", "facc": 6169.124478976859, "grod_id": 0, "hfalls_id": 0, "lakeflag": 0, "manual_add": 0, "max_width": 96, "meand_len": 466.6913175300407, "n_chan_max": 1, "n_chan_mod": 1, "node_id": 81246000060171, "node_len": 173.01215393518942, "obstr_type": 0, "reach_id": 81246000061, "river_name": "Nenana River", "sinuosity": 1.013646176732539, "trib_flag": 0, "type": 1, "width": 96, "width_var": 22.240000000000002, "wse": 264.6000061035156, "wse_var": 0.29, "x": -149.19651377149475, "y": 64.09404367142022}}, {"type": "Feature", "geometry": {"type": "Point", "coordinates": [-149.19514473379266, 64.09244754070004]}, "id": "001b000000000002643d", "properties": {"dist_out": 1743456, "edit_flag": "NaN", "facc": 6166.469679822264, "grod_id": 0, "hfalls_id": 0, "lakeflag": 0, "manual_add": 0, "max_width": 92, "meand_len": 803.9707054701361, "n_chan_max": 1, "n_chan_mod": 1, "node_id": 81246000060181, "node_len": 212.97058732914275, "obstr_type": 0, "reach_id": 81246000061, "river_name": "Nenana River", "sinuosity": 1.07593024880509, "trib_flag": 0, "type": 1, "width": 92, "width_var": 168.81632653061226, "wse": 266.3000183105469, "wse_var": 0, "x": -149.19514608220817, "y": 64.09244827145217}}, {"type": "Feature", "geometry": {"type": "Point", "coordinates": [-149.19467652818204, 64.09070403218814]}, "id": "001b000000000002643e", "properties": {"dist_out": 1743638, "edit_flag": "NaN", "facc": 6162.752961005831, "grod_id": 0, "hfalls_id": 0, "lakeflag": 0, "manual_add": 0, "max_width": 114.5, "meand_len": 1035.2933927738475, "n_chan_max": 1, "n_chan_mod": 1, "node_id": 81246000060191, "node_len": 182.3109899911983, "obstr_type": 0, "reach_id": 81246000061, "river_name": "Nenana River", "sinuosity": 1.121681638511671, "trib_flag": 0, "type": 1, "width": 114.5, "width_var": 189.88888888888889, "wse": 266.6500244140625, "wse_var": 0.027218424611621, "x": -149.19467447890133, "y": 64.09070467838232}}, {"type": "Feature", "geometry": {"type": "Point", "coordinates": [-149.19362418033344, 64.08910321490995]}, "id": "001b000000000002643f", "properties": {"dist_out": 1743843, "edit_flag": "NaN", "facc": 6159.567202020317, "grod_id": 0, "hfalls_id": 0, "lakeflag": 0, "manual_add": 0, "max_width": 98.5, "meand_len": 1035.2933927738475, "n_chan_max": 1, "n_chan_mod": 1, "node_id": 81246000060201, "node_len": 205.3231437156337, "obstr_type": 0, "reach_id": 81246000061, "river_name": "Nenana River", "sinuosity": 1.121681638511671, "trib_flag": 0, "type": 1, "width": 98.5, "width_var": 141.13888888888889, "wse": 267.1000061035156, "wse_var": 0.147223917663925, "x": -149.19362504022683, "y": 64.08910446476827}}, {"type": "Feature", "geometry": {"type": "Point", "coordinates": [-149.19108695183402, 64.0876629252697]}, "id": "001b0000000000026440", "properties": {"dist_out": 1744052, "edit_flag": "NaN", "facc": 6156.381443034803, "grod_id": 0, "hfalls_id": 0, "lakeflag": 0, "manual_add": 0, "max_width": 84, "meand_len": 1052.000934095096, "n_chan_max": 1, "n_chan_mod": 1, "node_id": 81246000060211, "node_len": 208.124389663069, "obstr_type": 0, "reach_id": 81246000061, "river_name": "Nenana River", "sinuosity": 1.129907287847302, "trib_flag": 0, "type": 1, "width": 84, "width_var": 149.04000000000002, "wse": 269.8999938964844, "wse_var": 0.102396875023842, "x": -149.19108613857202, "y": 64.08766134964121}}, {"type": "Feature", "geometry": {"type": "Point", "coordinates": [-149.1882331271598, 64.08627614484207]}, "id": "001b0000000000026441", "properties": {"dist_out": 1744245, "edit_flag": "NaN", "facc": 6153.726643880208, "grod_id": 0, "hfalls_id": 0, "lakeflag": 0, "manual_add": 0, "max_width": 97.5, "meand_len": 1060.3547047557201, "n_chan_max": 1, "n_chan_mod": 1, "node_id": 81246000060221, "node_len": 193.66652119571427, "obstr_type": 0, "reach_id": 81246000061, "river_name": "Nenana River", "sinuosity": 1.134020112515118, "trib_flag": 0, "type": 1, "width": 97.5, "width_var": 1396.8055555555557, "wse": 269.8999938964844, "wse_var": 0, "x": -149.18823202776767, "y": 64.0862768044342}}, {"type": "Feature", "geometry": {"type": "Point", "coordinates": [-149.1862220725847, 64.08476450958496]}, "id": "001b0000000000026442", "properties": {"dist_out": 1744466, "edit_flag": "NaN", "facc": 6150.5408848946945, "grod_id": 0, "hfalls_id": 0, "lakeflag": 0, "manual_add": 0, "max_width": 172, "meand_len": 1060.3547047557201, "n_chan_max": 1, "n_chan_mod": 1, "node_id": 81246000060231, "node_len": 220.34545862211962, "obstr_type": 0, "reach_id": 81246000061, "river_name": "Nenana River", "sinuosity": 1.134020112515118, "trib_flag": 0, "type": 1, "width": 172, "width_var": 1813.142857142857, "wse": 269.8999938964844, "wse_var": 0, "x": -149.18622279561637, "y": 64.08476408246528}}, {"type": "Feature", "geometry": {"type": "Point", "coordinates": [-149.18633355011104, 64.08302100107305]}, "id": "001b0000000000026443", "properties": {"dist_out": 1744647, "edit_flag": "NaN", "facc": 6146.824166078261, "grod_id": 0, "hfalls_id": 0, "lakeflag": 0, "manual_add": 0, "max_width": 72, "meand_len": 1361.6913941077107, "n_chan_max": 1, "n_chan_mod": 1, "node_id": 81246000060241, "node_len": 181.18823502564646, "obstr_type": 0, "reach_id": 81246000061, "river_name": "Nenana River", "sinuosity": 1.16732452251911, "trib_flag": 0, "type": 1, "width": 72, "width_var": 746.8055555555555, "wse": 269.8999938964844, "wse_var": 0, "x": -149.186335018201, "y": 64.08301939016488}}, {"type": "Feature", "geometry": {"type": "Point", "coordinates": [-149.18610613595732, 64.0812730334601]}, "id": "001b0000000000026444", "properties": {"dist_out": 1744861, "edit_flag": "NaN", "facc": 6143.638407092748, "grod_id": 0, "hfalls_id": 0, "lakeflag": 0, "manual_add": 0, "max_width": 429, "meand_len": 1587.6939111217034, "n_chan_max": 2, "n_chan_mod": 2, "node_id": 81246000060251, "node_len": 214.0933419051171, "obstr_type": 0, "reach_id": 81246000061, "river_name": "Nenana River", "sinuosity": 1.192302830022103, "trib_flag": 0, "type": 1, "width": 169, "width_var": 259.7142857142857, "wse": 269.8999938964844, "wse_var": 0.041328772750436, "x": -149.18610708550904, "y": 64.0812721133725}}, {"type": "Feature", "geometry": {"type": "Point", "coordinates": [-149.18546848450669, 64.07952952494821]}, "id": "001b0000000000026445", "properties": {"dist_out": 1745043, "edit_flag": "NaN", "facc": 6139.921688276315, "grod_id": 0, "hfalls_id": 0, "lakeflag": 0, "manual_add": 0, "max_width": 210, "meand_len": 1587.6939111217034, "n_chan_max": 2, "n_chan_mod": 1, "node_id": 81246000060261, "node_len": 181.78235210076855, "obstr_type": 0, "reach_id": 81246000061, "river_name": "Nenana River", "sinuosity": 1.192302830022103, "trib_flag": 0, "type": 1, "width": 210, "width_var": 85.80555555555554, "wse": 271.3500061035156, "wse_var": 0.32554782451027, "x": -149.18546649190276, "y": 64.07953103608975}}, {"type": "Feature", "geometry": {"type": "Point", "coordinates": [-149.18456328699284, 64.07792870767003]}, "id": "001b0000000000026446", "properties": {"dist_out": 1745242, "edit_flag": "NaN", "facc": 6136.735929290801, "grod_id": 0, "hfalls_id": 0, "lakeflag": 0, "manual_add": 0, "max_width": 142, "meand_len": 1587.6939111217034, "n_chan_max": 1, "n_chan_mod": 1, "node_id": 81246000060271, "node_len": 199.21538538878394, "obstr_type": 0, "reach_id": 81246000061, "river_name": "Nenana River", "sinuosity": 1.192302830022103, "trib_flag": 0, "type": 1, "width": 142, "width_var": 1104.4722222222224, "wse": 272.125, "wse_var": 0.005626831203699, "x": -149.1845614226551, "y": 64.07792859686239}}, {"type": "Feature", "geometry": {"type": "Point", "coordinates": [-149.18335487060736, 64.07619411736023]}, "id": "001b0000000000026447", "properties": {"dist_out": 1745453, "edit_flag": "NaN", "facc": 6133.550170305287, "grod_id": 0, "hfalls_id": 0, "lakeflag": 0, "manual_add": 0, "max_width": 78, "meand_len": 1587.6939111217034, "n_chan_max": 1, "n_chan_mod": 1, "node_id": 81246000060281, "node_len": 211.1882350599526, "obstr_type": 0, "reach_id": 81246000061, "river_name": "Nenana River", "sinuosity": 1.192302830022103, "trib_flag": 0, "type": 1, "width": 78, "width_var": 150.20408163265307, "wse": 272.20001220703125, "wse_var": 0, "x": -149.18335325171066, "y": 64.07619603517006}}, {"type": "Feature", "geometry": {"type": "Point", "coordinates": [-149.18234265466822, 64.07445952705044]}, "id": "001b0000000000026448", "properties": {"dist_out": 1745656, "edit_flag": "NaN", "facc": 6129.833451488855, "grod_id": 0, "hfalls_id": 0, "lakeflag": 0, "manual_add": 0, "max_width": 82, "meand_len": 1529.6990573611668, "n_chan_max": 1, "n_chan_mod": 1, "node_id": 81246000060291, "node_len": 202.64842028783914, "obstr_type": 0, "reach_id": 81246000061, "river_name": "Nenana River", "sinuosity": 1.125316231974705, "trib_flag": 0, "type": 1, "width": 82, "width_var": 317.22222222222223, "wse": 272.20001220703125, "wse_var": 0, "x": -149.18234131370863, "y": 64.0744605188046}}, {"type": "Feature", "geometry": {"type": "Point", "coordinates": [-149.18033605919416, 64.07301031920807]}, "id": "001b0000000000026449", "properties": {"dist_out": 1745837, "edit_flag": "NaN", "facc": 6126.64769250334, "grod_id": 0, "hfalls_id": 0, "lakeflag": 0, "manual_add": 0, "max_width": 87, "meand_len": 1518.1000866090596, "n_chan_max": 1, "n_chan_mod": 1, "node_id": 81246000060301, "node_len": 181.79463528089036, "obstr_type": 0, "reach_id": 81246000061, "river_name": "Nenana River", "sinuosity": 1.111918912365226, "trib_flag": 0, "type": 1, "width": 87, "width_var": 180.4, "wse": 272.20001220703125, "wse_var": 0, "x": -149.18033690615988, "y": 64.07300921665801}}, {"type": "Feature", "geometry": {"type": "Point", "coordinates": [-149.17803962215163, 64.07142733833409]}, "id": "001b000000000002644a", "properties": {"dist_out": 1746067, "edit_flag": "NaN", "facc": 6123.992893348745, "grod_id": 0, "hfalls_id": 0, "lakeflag": 0, "manual_add": 0, "max_width": 84, "meand_len": 1518.1000866090596, "n_chan_max": 1, "n_chan_mod": 1, "node_id": 81246000060311, "node_len": 229.80879298264153, "obstr_type": 0, "reach_id": 81246000061, "river_name": "Nenana River", "sinuosity": 1.111918912365226, "trib_flag": 0, "type": 1, "width": 84, "width_var": 348.48979591836735, "wse": 272.20001220703125, "wse_var": 0, "x": -149.178040714926, "y": 64.07142759007206}}, {"type": "Feature", "geometry": {"type": "Point", "coordinates": [-149.17622476802288, 64.06983989835906]}, "id": "001b000000000002644b", "properties": {"dist_out": 1746252, "edit_flag": "NaN", "facc": 6120.276174532313, "grod_id": 0, "hfalls_id": 0, "lakeflag": 0, "manual_add": 0, "max_width": 117, "meand_len": 1518.1000866090596, "n_chan_max": 1, "n_chan_mod": 1, "node_id": 81246000060321, "node_len": 185.2276701422261, "obstr_type": 0, "reach_id": 81246000061, "river_name": "Nenana River", "sinuosity": 1.111918912365226, "trib_flag": 0, "type": 1, "width": 117, "width_var": 72.24000000000001, "wse": 272.29998779296875, "wse_var": 0.00559873059392, "x": -149.17622579939723, "y": 64.06983872831081}}, {"type": "Feature", "geometry": {"type": "Point", "coordinates": [-149.1736161939066, 64.06852892264935]}, "id": "001b000000000002644c", "properties": {"dist_out": 1746453, "edit_flag": "NaN", "facc": 6117.621375377718, "grod_id": 0, "hfalls_id": 0, "lakeflag": 0, "manual_add": 0, "max_width": 127, "meand_len": 1566.4838357836961, "n_chan_max": 1, "n_chan_mod": 1, "node_id": 81246000060331, "node_len": 200.10906463193987, "obstr_type": 0, "reach_id": 81246000061, "river_name": "Nenana River", "sinuosity": 1.098732873191293, "trib_flag": 0, "type": 1, "width": 127, "width_var": 116.16, "wse": 273.45001220703125, "wse_var": 0.65159238293767, "x": -149.17361403409987, "y": 64.06853109518305}}, {"type": "Feature", "geometry": {"type": "Point", "coordinates": [-149.17097640608299, 64.0672224060407]}, "id": "001b000000000002644d", "properties": {"dist_out": 1746641, "edit_flag": "NaN", "facc": 6114.966576223123, "grod_id": 0, "hfalls_id": 0, "lakeflag": 0, "manual_add": 0, "max_width": 84, "meand_len": 1639.0594595456507, "n_chan_max": 1, "n_chan_mod": 1, "node_id": 81246000060341, "node_len": 188.66070497976307, "obstr_type": 0, "reach_id": 81246000061, "river_name": "Nenana River", "sinuosity": 1.078953814430395, "trib_flag": 0, "type": 1, "width": 84, "width_var": 377.2, "wse": 274.6000061035156, "wse_var": 0, "x": -149.17097793432652, "y": 64.06722378272836}}, {"type": "Feature", "geometry": {"type": "Point", "coordinates": [-149.16847039129095, 64.06564388426777]}, "id": "001b000000000002644e", "properties": {"dist_out": 1746873, "edit_flag": "NaN", "facc": 6112.3117770685285, "grod_id": 0, "hfalls_id": 0, "lakeflag": 0, "manual_add": 0, "max_width": 108, "meand_len": 1639.0594595456507, "n_chan_max": 1, "n_chan_mod": 1, "node_id": 81246000060351, "node_len": 231.88939812608078, "obstr_type": 0, "reach_id": 81246000061, "river_name": "Nenana River", "sinuosity": 1.078953814430395, "trib_flag": 0, "type": 1, "width": 108, "width_var": 40.48979591836735, "wse": 274.6000061035156, "wse_var": 0, "x": -149.1684686096184, "y": 64.065645197152}}, {"type": "Feature", "geometry": {"type": "Point", "coordinates": [-149.16790408545717, 64.06390483485693]}, "id": "001b000000000002644f", "properties": {"dist_out": 1747059, "edit_flag": "NaN", "facc": 6108.595058252095, "grod_id": 0, "hfalls_id": 0, "lakeflag": 0, "manual_add": 0, "max_width": 93, "meand_len": 1639.059459545651, "n_chan_max": 1, "n_chan_mod": 1, "node_id": 81246000060361, "node_len": 185.81021448253887, "obstr_type": 0, "reach_id": 81246000061, "river_name": "Nenana River", "sinuosity": 1.078953814430395, "trib_flag": 0, "type": 1, "width": 93, "width_var": 3.222222222222222, "wse": 274.6000061035156, "wse_var": 0, "x": -149.16790261982123, "y": 64.06390294419812}}, {"type": "Feature", "geometry": {"type": "Point", "coordinates": [-149.16679376929486, 64.06230401757874]}, "id": "001b0000000000026450", "properties": {"dist_out": 1747246, "edit_flag": "NaN", "facc": 6105.409299266582, "grod_id": 0, "hfalls_id": 0, "lakeflag": 0, "manual_add": 0, "max_width": 101, "meand_len": 1639.0594595456507, "n_chan_max": 1, "n_chan_mod": 1, "node_id": 81246000060371, "node_len": 186.99844927116374, "obstr_type": 0, "reach_id": 81246000061, "river_name": "Nenana River", "sinuosity": 1.078953814430395, "trib_flag": 0, "type": 1, "width": 101, "width_var": 217.88888888888889, "wse": 275, "wse_var": 0.078124237065721, "x": -149.16679431596515, "y": 64.06230343948756}}, {"type": "Feature", "geometry": {"type": "Point", "coordinates": [-149.16548279358514, 64.06070765940161]}, "id": "001b0000000000026451", "properties": {"dist_out": 1747445, "edit_flag": "NaN", "facc": 6102.2235402810675, "grod_id": 0, "hfalls_id": 0, "lakeflag": 0, "manual_add": 0, "max_width": 111.5, "meand_len": 960.1469899805478, "n_chan_max": 1, "n_chan_mod": 1, "node_id": 81246000060381, "node_len": 199.21538519795013, "obstr_type": 0, "reach_id": 81246000061, "river_name": "Nenana River", "sinuosity": 1.038104756660834, "trib_flag": 0, "type": 1, "width": 111.5, "width_var": 206.8888888888889, "wse": 276.4499969482422, "wse_var": 0.359989013755694, "x": -149.1654813962452, "y": 64.06070697455884}}, {"type": "Feature", "geometry": {"type": "Point", "coordinates": [-149.16403358574277, 64.05897752819287]}, "id": "001b0000000000026452", "properties": {"dist_out": 1747658, "edit_flag": "NaN", "facc": 6099.037781295554, "grod_id": 0, "hfalls_id": 0, "lakeflag": 0, "manual_add": 0, "max_width": 136, "meand_len": 960.1469899805478, "n_chan_max": 1, "n_chan_mod": 1, "node_id": 81246000060391, "node_len": 212.37646949513328, "obstr_type": 0, "reach_id": 81246000061, "river_name": "Nenana River", "sinuosity": 1.038104756660834, "trib_flag": 0, "type": 1, "width": 136, "width_var": 111.38775510204083, "wse": 278, "wse_var": 0, "x": -149.1640324187265, "y": 64.05897785687121}}, {"type": "Feature", "geometry": {"type": "Point", "coordinates": [-149.16364118485006, 64.05710024664937]}, "id": "001b0000000000026453", "properties": {"dist_out": 1747871, "edit_flag": "NaN", "facc": 6095.321062479121, "grod_id": 0, "hfalls_id": 0, "lakeflag": 0, "manual_add": 0, "max_width": 67, "meand_len": 933.7306344987528, "n_chan_max": 1, "n_chan_mod": 1, "node_id": 81246000060401, "node_len": 213.49922476095344, "obstr_type": 0, "reach_id": 81246000061, "river_name": "Nenana River", "sinuosity": 1.118284302936207, "trib_flag": 0, "type": 1, "width": 67, "width_var": 418.69387755102036, "wse": 278.70001220703125, "wse_var": 0.12000418530435, "x": -149.16364067308956, "y": 64.05709832760083}}, {"type": "Feature", "geometry": {"type": "Point", "coordinates": [-149.16295448328782, 64.05535673813748]}, "id": "001b0000000000026454", "properties": {"dist_out": 1748062, "edit_flag": "NaN", "facc": 6091.604343662688, "grod_id": 0, "hfalls_id": 0, "lakeflag": 0, "manual_add": 0, "max_width": 92, "meand_len": 907.3142790169578, "n_chan_max": 1, "n_chan_mod": 1, "node_id": 81246000060411, "node_len": 190.7959274772793, "obstr_type": 0, "reach_id": 81246000061, "river_name": "Nenana River", "sinuosity": 1.198463849211579, "trib_flag": 0, "type": 1, "width": 92, "width_var": 71.47222222222221, "wse": 285.3000183105469, "wse_var": 7.480620727563898, "x": -149.16295527381547, "y": 64.05535783512869}}, {"type": "Feature", "geometry": {"type": "Point", "coordinates": [-149.1611396291591, 64.05390307119406]}, "id": "001b0000000000026455", "properties": {"dist_out": 1748251, "edit_flag": "NaN", "facc": 6088.418584677174, "grod_id": 0, "hfalls_id": 0, "lakeflag": 0, "manual_add": 0, "max_width": 127, "meand_len": 907.3142790169578, "n_chan_max": 1, "n_chan_mod": 1, "node_id": 81246000060421, "node_len": 188.66070595383644, "obstr_type": 0, "reach_id": 81246000061, "river_name": "Nenana River", "sinuosity": 1.198463849211579, "trib_flag": 0, "type": 1, "width": 127, "width_var": 103.44000000000001, "wse": 287.3999938964844, "wse_var": 0, "x": -149.16113749308187, "y": 64.05390351419256}}, {"type": "Feature", "geometry": {"type": "Point", "coordinates": [-149.1576615303374, 64.05314056491392]}, "id": "001b0000000000026456", "properties": {"dist_out": 1748470, "edit_flag": "NaN", "facc": 6085.763785522579, "grod_id": 0, "hfalls_id": 0, "lakeflag": 0, "manual_add": 0, "max_width": 122, "meand_len": 997.1465587225896, "n_chan_max": 1, "n_chan_mod": 1, "node_id": 81246000060431, "node_len": 219.07907879869344, "obstr_type": 0, "reach_id": 81246000061, "river_name": "Nenana River", "sinuosity": 1.167577449966478, "trib_flag": 0, "type": 1, "width": 122, "width_var": 763.9183673469388, "wse": 287.3999938964844, "wse_var": 0, "x": -149.1576601201002, "y": 64.05313945787196}}, {"type": "Feature", "geometry": {"type": "Point", "coordinates": [-149.15449556858945, 64.05248507705906]}, "id": "001b0000000000026457", "properties": {"dist_out": 1748651, "edit_flag": "NaN", "facc": 6082.047066706146, "grod_id": 0, "hfalls_id": 0, "lakeflag": 0, "manual_add": 0, "max_width": 94, "meand_len": 1019.6046286489974, "n_chan_max": 1, "n_chan_mod": 1, "node_id": 81246000060441, "node_len": 180.92616081046617, "obstr_type": 0, "reach_id": 81246000061, "river_name": "Nenana River", "sinuosity": 1.159855850155203, "trib_flag": 0, "type": 1, "width": 94, "width_var": 323.88888888888886, "wse": 287.3999938964844, "wse_var": 0, "x": -149.1544946926355, "y": 64.05248485324866}}, {"type": "Feature", "geometry": {"type": "Point", "coordinates": [-149.1548077056632, 64.05076386405243]}, "id": "001b0000000000026458", "properties": {"dist_out": 1748866, "edit_flag": "NaN", "facc": 6078.861307720633, "grod_id": 0, "hfalls_id": 0, "lakeflag": 0, "manual_add": 0, "max_width": 67, "meand_len": 1019.6046286489974, "n_chan_max": 2, "n_chan_mod": 1, "node_id": 81246000060451, "node_len": 215.28157476551132, "obstr_type": 0, "reach_id": 81246000061, "river_name": "Nenana River", "sinuosity": 1.159855850155203, "trib_flag": 0, "type": 1, "width": 67, "width_var": 741.551020408163, "wse": 287.3999938964844, "wse_var": 0.01530612244898, "x": -149.15480687699954, "y": 64.05076545204237}}, {"type": "Feature", "geometry": {"type": "Point", "coordinates": [-149.15514659734325, 64.04901143733842]}, "id": "001b0000000000026459", "properties": {"dist_out": 1749054, "edit_flag": "NaN", "facc": 6075.1445889042, "grod_id": 0, "hfalls_id": 0, "lakeflag": 0, "manual_add": 0, "max_width": 85, "meand_len": 887.0632982244806, "n_chan_max": 1, "n_chan_mod": 1, "node_id": 81246000060461, "node_len": 188.4849373907182, "obstr_type": 0, "reach_id": 81246000061, "river_name": "Nenana River", "sinuosity": 1.09605477289544, "trib_flag": 0, "type": 1, "width": 85, "width_var": 78.1388888888889, "wse": 287.7749938964844, "wse_var": 0.015625, "x": -149.15514843043567, "y": 64.04900970240944}}, {"type": "Feature", "geometry": {"type": "Point", "coordinates": [-149.15334512051766, 64.04741953826235]}, "id": "001b000000000002645a", "properties": {"dist_out": 1749264, "edit_flag": "NaN", "facc": 6071.958829918686, "grod_id": 0, "hfalls_id": 0, "lakeflag": 0, "manual_add": 0, "max_width": 67, "meand_len": 853.9279656183515, "n_chan_max": 1, "n_chan_mod": 1, "node_id": 81246000060471, "node_len": 209.71402908435812, "obstr_type": 0, "reach_id": 81246000061, "river_name": "Nenana River", "sinuosity": 1.080104503580499, "trib_flag": 0, "type": 1, "width": 67, "width_var": 144.66666666666666, "wse": 288.3000030517578, "wse_var": 0.02250274666585, "x": -149.1533456598632, "y": 64.04742040105145}}, {"type": "Feature", "geometry": {"type": "Point", "coordinates": [-149.15211440862691, 64.04582318008521]}, "id": "001b000000000002645b", "properties": {"dist_out": 1749447, "edit_flag": "NaN", "facc": 6068.773070933173, "grod_id": 0, "hfalls_id": 0, "lakeflag": 0, "manual_add": 0, "max_width": 61.5, "meand_len": 858.5669043714747, "n_chan_max": 1, "n_chan_mod": 1, "node_id": 81246000060481, "node_len": 183.49922469287958, "obstr_type": 0, "reach_id": 81246000061, "river_name": "Nenana River", "sinuosity": 1.121194293724248, "trib_flag": 0, "type": 1, "width": 61.5, "width_var": 161.80555555555554, "wse": 288.5, "wse_var": 0.003889702777896, "x": -149.15211606549335, "y": 64.04582259688918}}, {"type": "Feature", "geometry": {"type": "Point", "coordinates": [-149.15068303718874, 64.0442535765144]}, "id": "001b000000000002645c", "properties": {"dist_out": 1749656, "edit_flag": "NaN", "facc": 6065.587311947658, "grod_id": 0, "hfalls_id": 0, "lakeflag": 0, "manual_add": 0, "max_width": 66, "meand_len": 867.8447818777212, "n_chan_max": 1, "n_chan_mod": 1, "node_id": 81246000060491, "node_len": 208.5834212093705, "obstr_type": 0, "reach_id": 81246000061, "river_name": "Nenana River", "sinuosity": 1.203373874011746, "trib_flag": 0, "type": 1, "width": 66, "width_var": 909.2222222222223, "wse": 288.8000183105469, "wse_var": 0.003124745692023, "x": -149.15068407718525, "y": 64.04425470901593}}, {"type": "Feature", "geometry": {"type": "Point", "coordinates": [-149.1476597666745, 64.0430273237247]}, "id": "001b000000000002645d", "properties": {"dist_out": 1749860, "edit_flag": "NaN", "facc": 6062.401552962145, "grod_id": 0, "hfalls_id": 0, "lakeflag": 0, "manual_add": 0, "max_width": 42, "meand_len": 867.8447818777212, "n_chan_max": 1, "n_chan_mod": 1, "node_id": 81246000060501, "node_len": 204.11672871883457, "obstr_type": 0, "reach_id": 81246000061, "river_name": "Nenana River", "sinuosity": 1.203373874011746, "trib_flag": 0, "type": 1, "width": 42, "width_var": 282.24, "wse": 288.8000183105469, "wse_var": 0, "x": -149.14766019436874, "y": 64.04302815838966}}, {"type": "Feature", "geometry": {"type": "Point", "coordinates": [-149.14417274965072, 64.04165837970129]}, "id": "001b000000000002645e", "properties": {"dist_out": 1750064, "edit_flag": "NaN", "facc": 6059.74675380755, "grod_id": 0, "hfalls_id": 0, "lakeflag": 0, "manual_add": 0, "max_width": 42, "meand_len": 828.0470069578754, "n_chan_max": 1, "n_chan_mod": 1, "node_id": 81246000060511, "node_len": 204.11672865384935, "obstr_type": 0, "reach_id": 81246000061, "river_name": "Nenana River", "sinuosity": 1.130392017876017, "trib_flag": 0, "type": 1, "width": 42, "width_var": 283.25, "wse": 290.54998779296875, "wse_var": 0.127845408213842, "x": -149.14417486731145, "y": 64.04165752843586}}, {"type": "Feature", "geometry": {"type": "Point", "coordinates": [-149.0010445240372, 63.907385928779924]}, "id": "001b000000000002645f", "properties": {"dist_out": 1768583, "edit_flag": "2", "facc": 5366.152438192579, "grod_id": 0, "hfalls_id": 0, "lakeflag": 0, "manual_add": 0, "max_width": 36, "meand_len": 808.1481194979524, "n_chan_max": 1, "n_chan_mod": 1, "node_id": 81246000070931, "node_len": 188.5631084548501, "obstr_type": 0, "reach_id": 81246000071, "river_name": "Nenana River", "sinuosity": 1.093901089808152, "trib_flag": 0, "type": 1, "width": 36, "width_var": 29, "wse": 356.3000183105469, "wse_var": 0, "x": -149.00104425294768, "y": 63.9073855354379}}, {"type": "Feature", "geometry": {"type": "Point", "coordinates": [-149.00374228017455, 63.90863893617594]}, "id": "001b0000000000026460", "properties": {"dist_out": 1768381, "edit_flag": "2", "facc": 5370.855487769686, "grod_id": 0, "hfalls_id": 0, "lakeflag": 0, "manual_add": 0, "max_width": 49.5, "meand_len": 884.3530092638051, "n_chan_max": 1, "n_chan_mod": 1, "node_id": 81246000070921, "node_len": 213.3473216721624, "obstr_type": 0, "reach_id": 81246000071, "river_name": "Nenana River", "sinuosity": 1.320905405534128, "trib_flag": 0, "type": 1, "width": 49.5, "width_var": 118.25, "wse": 356.3000183105469, "wse_var": 0, "x": -149.00374311240918, "y": 63.90864097208661}}, {"type": "Feature", "geometry": {"type": "Point", "coordinates": [-149.0071757879857, 63.909633315710856]}, "id": "001b0000000000026461", "properties": {"dist_out": 1768187, "edit_flag": "2", "facc": 5374.774695750609, "grod_id": 0, "hfalls_id": 0, "lakeflag": 0, "manual_add": 0, "max_width": 84, "meand_len": 960.557899029658, "n_chan_max": 1, "n_chan_mod": 1, "node_id": 81246000070911, "node_len": 204.11672618834217, "obstr_type": 0, "reach_id": 81246000071, "river_name": "Nenana River", "sinuosity": 1.547909721260103, "trib_flag": 0, "type": 1, "width": 84, "width_var": 105.84, "wse": 356.3000183105469, "wse_var": 0, "x": -149.00717757061844, "y": 63.90963121029247}}, {"type": "Feature", "geometry": {"type": "Point", "coordinates": [-149.01031945422838, 63.91079268198476]}, "id": "001b0000000000026462", "properties": {"dist_out": 1767994, "edit_flag": "2", "facc": 5378.6939037315315, "grod_id": 0, "hfalls_id": 0, "lakeflag": 0, "manual_add": 0, "max_width": 84, "meand_len": 960.557899029658, "n_chan_max": 1, "n_chan_mod": 1, "node_id": 81246000070901, "node_len": 188.66070869632335, "obstr_type": 0, "reach_id": 81246000071, "river_name": "Nenana River", "sinuosity": 1.547909721260103, "trib_flag": 0, "type": 1, "width": 84, "width_var": 70.56000000000002, "wse": 356.1000061035156, "wse_var": 0.009601171910763, "x": -149.0103188318593, "y": 63.91079421608363}}, {"type": "Feature", "geometry": {"type": "Point", "coordinates": [-149.01373512563532, 63.91179597972179]}, "id": "001b0000000000026463", "properties": {"dist_out": 1767798, "edit_flag": "2", "facc": 5383.396953308638, "grod_id": 0, "hfalls_id": 0, "lakeflag": 0, "manual_add": 0, "max_width": 52.5, "meand_len": 960.557899029658, "n_chan_max": 1, "n_chan_mod": 1, "node_id": 81246000070891, "node_len": 211.2581481512642, "obstr_type": 0, "reach_id": 81246000071, "river_name": "Nenana River", "sinuosity": 1.547909721260103, "trib_flag": 0, "type": 1, "width": 52.5, "width_var": 355.25, "wse": 355.8999938964844, "wse_var": 0.028122711228207, "x": -149.01373431758716, "y": 63.911797133484235}}, {"type": "Feature", "geometry": {"type": "Point", "coordinates": [-149.01664245952216, 63.91310249633045]}, "id": "001b0000000000026464", "properties": {"dist_out": 1767572, "edit_flag": "2", "facc": 5388.100002885745, "grod_id": 0, "hfalls_id": 0, "lakeflag": 0, "manual_add": 0, "max_width": 75.5, "meand_len": 1168.086395172036, "n_chan_max": 1, "n_chan_mod": 1, "node_id": 81246000070881, "node_len": 200.93154639281704, "obstr_type": 0, "reach_id": 81246000071, "river_name": "Nenana River", "sinuosity": 1.441844153770704, "trib_flag": 0, "type": 1, "width": 75.5, "width_var": 166.88888888888889, "wse": 354.54998779296875, "wse_var": 0.980017903778288, "x": -149.01664171448206, "y": 63.91310331101955}}, {"type": "Feature", "geometry": {"type": "Point", "coordinates": [-149.01781520309922, 63.91470331360863]}, "id": "001b0000000000026465", "properties": {"dist_out": 1767399, "edit_flag": "2", "facc": 5392.803052462852, "grod_id": 0, "hfalls_id": 0, "lakeflag": 0, "manual_add": 0, "max_width": 67, "meand_len": 1271.850643243225, "n_chan_max": 1, "n_chan_mod": 1, "node_id": 81246000070871, "node_len": 181.78235209997706, "obstr_type": 0, "reach_id": 81246000071, "river_name": "Nenana River", "sinuosity": 1.388811370026004, "trib_flag": 0, "type": 1, "width": 67, "width_var": 7.472222222222221, "wse": 352.3500061035156, "wse_var": 0.128121185349301, "x": -149.01781690763212, "y": 63.914702901087615}}, {"type": "Feature", "geometry": {"type": "Point", "coordinates": [-149.0180649127582, 63.91645128122158]}, "id": "001b0000000000026466", "properties": {"dist_out": 1767175, "edit_flag": "2", "facc": 5398.289943636144, "grod_id": 0, "hfalls_id": 0, "lakeflag": 0, "manual_add": 0, "max_width": 60, "meand_len": 1271.850643243225, "n_chan_max": 1, "n_chan_mod": 1, "node_id": 81246000070861, "node_len": 210.00000015459955, "obstr_type": 0, "reach_id": 81246000071, "river_name": "Nenana River", "sinuosity": 1.388811370026004, "trib_flag": 0, "type": 1, "width": 60, "width_var": 45.91836734693877, "wse": 351.3000183105469, "wse_var": 0.015000523163044, "x": -149.01806483510327, "y": 63.916450067656584}}, {"type": "Feature", "geometry": {"type": "Point", "coordinates": [-149.0186802687036, 63.91819033063243]}, "id": "001b0000000000026467", "properties": {"dist_out": 1766996, "edit_flag": "2", "facc": 5402.992993213251, "grod_id": 0, "hfalls_id": 0, "lakeflag": 0, "manual_add": 0, "max_width": 71, "meand_len": 1271.850643243225, "n_chan_max": 1, "n_chan_mod": 1, "node_id": 81246000070851, "node_len": 198.456362544817, "obstr_type": 0, "reach_id": 81246000071, "river_name": "Nenana River", "sinuosity": 1.388811370026004, "trib_flag": 0, "type": 1, "width": 71, "width_var": 79.91666666666667, "wse": 351.3000183105469, "wse_var": 0, "x": -149.01867951020412, "y": 63.91819212226432}}, {"type": "Feature", "geometry": {"type": "Point", "coordinates": [-149.02081171900713, 63.919777770607446]}, "id": "001b0000000000026468", "properties": {"dist_out": 1766782, "edit_flag": "2", "facc": 5407.696042790359, "grod_id": 0, "hfalls_id": 0, "lakeflag": 0, "manual_add": 0, "max_width": 48, "meand_len": 1245.3241894978119, "n_chan_max": 1, "n_chan_mod": 1, "node_id": 81246000070841, "node_len": 213.34731135634183, "obstr_type": 0, "reach_id": 81246000071, "river_name": "Nenana River", "sinuosity": 1.354244951220817, "trib_flag": 0, "type": 1, "width": 48, "width_var": 80.22222222222223, "wse": 351.3000183105469, "wse_var": 0.002222493497862, "x": -149.0208126113352, "y": 63.91977833624682}}, {"type": "Feature", "geometry": {"type": "Point", "coordinates": [-149.0232776018897, 63.921226978449816]}, "id": "001b0000000000026469", "properties": {"dist_out": 1766602, "edit_flag": "2", "facc": 5411.615250771281, "grod_id": 0, "hfalls_id": 0, "lakeflag": 0, "manual_add": 0, "max_width": 67, "meand_len": 1112.6919207707467, "n_chan_max": 1, "n_chan_mod": 1, "node_id": 81246000070831, "node_len": 182.5529450301931, "obstr_type": 0, "reach_id": 81246000071, "river_name": "Nenana River", "sinuosity": 1.181412857194885, "trib_flag": 0, "type": 1, "width": 67, "width_var": 244.23999999999995, "wse": 351.1000061035156, "wse_var": 0, "x": -149.02327854903825, "y": 63.921225209935585}}, {"type": "Feature", "geometry": {"type": "Point", "coordinates": [-149.02524406545427, 63.92268064539325]}, "id": "001b000000000002646a", "properties": {"dist_out": 1766386, "edit_flag": "2", "facc": 5416.318300348388, "grod_id": 0, "hfalls_id": 0, "lakeflag": 0, "manual_add": 0, "max_width": 75, "meand_len": 1112.6919207707467, "n_chan_max": 1, "n_chan_mod": 1, "node_id": 81246000070821, "node_len": 204.5648302691411, "obstr_type": 0, "reach_id": 81246000071, "river_name": "Nenana River", "sinuosity": 1.181412857194885, "trib_flag": 0, "type": 1, "width": 75, "width_var": 203.47222222222226, "wse": 350.67498779296875, "wse_var": 0.304719577439957, "x": -149.0252435000341, "y": 63.92267904946692}}, {"type": "Feature", "geometry": {"type": "Point", "coordinates": [-149.0270321649767, 63.924268085368276]}, "id": "001b000000000002646b", "properties": {"dist_out": 1766202, "edit_flag": "2", "facc": 5421.021349925495, "grod_id": 0, "hfalls_id": 0, "lakeflag": 0, "manual_add": 0, "max_width": 80, "meand_len": 1112.6919207707467, "n_chan_max": 1, "n_chan_mod": 1, "node_id": 81246000070811, "node_len": 188.71532083877628, "obstr_type": 0, "reach_id": 81246000071, "river_name": "Nenana River", "sinuosity": 1.181412857194885, "trib_flag": 0, "type": 1, "width": 80, "width_var": 245.80555555555557, "wse": 349.6000061035156, "wse_var": 0.000555962531103, "x": -149.02703090133812, "y": 63.924270012440225}}, {"type": "Feature", "geometry": {"type": "Point", "coordinates": [-149.02877567348858, 63.925859984444365]}, "id": "001b000000000002646c", "properties": {"dist_out": 1765991, "edit_flag": "2", "facc": 5425.724399502602, "grod_id": 0, "hfalls_id": 0, "lakeflag": 0, "manual_add": 0, "max_width": 624, "meand_len": 1011.1871673557049, "n_chan_max": 2, "n_chan_mod": 2, "node_id": 81246000070801, "node_len": 220.2133810481523, "obstr_type": 0, "reach_id": 81246000071, "river_name": "Nenana River", "sinuosity": 1.063722094142473, "trib_flag": 0, "type": 1, "width": 174.5, "width_var": 1118.3333333333333, "wse": 349.5, "wse_var": 0.000347052700818, "x": -149.02877776118342, "y": 63.92586152069848}}, {"type": "Feature", "geometry": {"type": "Point", "coordinates": [-149.0313797885038, 63.92717096015408]}, "id": "001b000000000002646d", "properties": {"dist_out": 1765800, "edit_flag": "2", "facc": 5428.8597658873405, "grod_id": 0, "hfalls_id": 0, "lakeflag": 0, "manual_add": 0, "max_width": 624, "meand_len": 990.8862166726967, "n_chan_max": 2, "n_chan_mod": 2, "node_id": 81246000070791, "node_len": 169.70563925950637, "obstr_type": 0, "reach_id": 81246000071, "river_name": "Nenana River", "sinuosity": 1.040183941531991, "trib_flag": 0, "type": 1, "width": 115.5, "width_var": 988.5, "wse": 349.45001220703125, "wse_var": 0.000468521146104, "x": -149.03138163409497, "y": 63.92717167049117}}, {"type": "Feature", "geometry": {"type": "Point", "coordinates": [-149.03421131767274, 63.92823668530584]}, "id": "001b000000000002646e", "properties": {"dist_out": 1765607, "edit_flag": "2", "facc": 5432.778973868263, "grod_id": 0, "hfalls_id": 0, "lakeflag": 0, "manual_add": 0, "max_width": 624, "meand_len": 882.0831216291457, "n_chan_max": 2, "n_chan_mod": 2, "node_id": 81246000070781, "node_len": 192.09374296942497, "obstr_type": 0, "reach_id": 81246000071, "river_name": "Nenana River", "sinuosity": 1.033563178682904, "trib_flag": 0, "type": 1, "width": 84, "width_var": 176.4, "wse": 349.3999938964844, "wse_var": 0.00160019531846, "x": -149.03421275940576, "y": 63.928236189550105}}, {"type": "Feature", "geometry": {"type": "Point", "coordinates": [-149.0375288888565, 63.929507529106075]}, "id": "001b000000000002646f", "properties": {"dist_out": 1765384, "edit_flag": "2", "facc": 5437.48202344537, "grod_id": 0, "hfalls_id": 0, "lakeflag": 0, "manual_add": 0, "max_width": 624, "meand_len": 446.8707414549418, "n_chan_max": 2, "n_chan_mod": 2, "node_id": 81246000070771, "node_len": 231.66174045195066, "obstr_type": 0, "reach_id": 81246000071, "river_name": "Nenana River", "sinuosity": 1.00708012728656, "trib_flag": 0, "type": 1, "width": 63, "width_var": 448.55555555555566, "wse": 347, "wse_var": 2.155638529608647, "x": -149.03752848306019, "y": 63.92950930459977}}, {"type": "Feature", "geometry": {"type": "Point", "coordinates": [-149.0396246663516, 63.9310949690811]}, "id": "001b0000000000026470", "properties": {"dist_out": 1765182, "edit_flag": "2", "facc": 5442.185073022477, "grod_id": 0, "hfalls_id": 0, "lakeflag": 0, "manual_add": 0, "max_width": 624, "meand_len": 1226.5714577273286, "n_chan_max": 2, "n_chan_mod": 2, "node_id": 81246000070761, "node_len": 185.81021376059152, "obstr_type": 0, "reach_id": 81246000071, "river_name": "Nenana River", "sinuosity": 1.141734195593693, "trib_flag": 0, "type": 1, "width": 90, "width_var": 509.5833333333333, "wse": 345.1499938964844, "wse_var": 1.352478434331715, "x": -149.03962273881956, "y": 63.931095809458384}}, {"type": "Feature", "geometry": {"type": "Point", "coordinates": [-149.03988329421273, 63.93270916366246]}, "id": "001b0000000000026471", "properties": {"dist_out": 1765004, "edit_flag": "2", "facc": 5446.888122599585, "grod_id": 0, "hfalls_id": 0, "lakeflag": 0, "manual_add": 0, "max_width": 85.5, "meand_len": 1226.5714577273286, "n_chan_max": 2, "n_chan_mod": 1, "node_id": 81246000070751, "node_len": 181.78235213891776, "obstr_type": 0, "reach_id": 81246000071, "river_name": "Nenana River", "sinuosity": 1.141734195593693, "trib_flag": 0, "type": 1, "width": 85.5, "width_var": 2145.805555555555, "wse": 342.00001525878906, "wse_var": 0.292511291620839, "x": -149.0398827865349, "y": 63.932708116709954}}, {"type": "Feature", "geometry": {"type": "Point", "coordinates": [-149.0412834519435, 63.934305521839576]}, "id": "001b0000000000026472", "properties": {"dist_out": 1764803, "edit_flag": "2", "facc": 5451.5911721766915, "grod_id": 0, "hfalls_id": 0, "lakeflag": 0, "manual_add": 0, "max_width": 42, "meand_len": 1226.5714577273286, "n_chan_max": 1, "n_chan_mod": 1, "node_id": 81246000070741, "node_len": 232.9946795774722, "obstr_type": 0, "reach_id": 81246000071, "river_name": "Nenana River", "sinuosity": 1.141734195593693, "trib_flag": 0, "type": 1, "width": 42, "width_var": 32, "wse": 340.79998779296875, "wse_var": 0.019998372428947, "x": -149.0412843833985, "y": 63.93430434492711}}, {"type": "Feature", "geometry": {"type": "Point", "coordinates": [-149.04408822650612, 63.93574581147985]}, "id": "001b0000000000026473", "properties": {"dist_out": 1764586, "edit_flag": "2", "facc": 5455.510380157614, "grod_id": 0, "hfalls_id": 0, "lakeflag": 0, "manual_add": 0, "max_width": 67, "meand_len": 1115.1971346405146, "n_chan_max": 1, "n_chan_mod": 1, "node_id": 81246000070731, "node_len": 168.62055701018244, "obstr_type": 0, "reach_id": 81246000071, "river_name": "Nenana River", "sinuosity": 1.260627724682934, "trib_flag": 0, "type": 1, "width": 67, "width_var": 101.03999999999999, "wse": 340.1500244140625, "wse_var": 0.068595556765795, "x": -149.0440869692394, "y": 63.93574614598073}}, {"type": "Feature", "geometry": {"type": "Point", "coordinates": [-149.0457380938959, 63.937203937524316]}, "id": "001b0000000000026474", "properties": {"dist_out": 1764395, "edit_flag": "2", "facc": 5460.213429734721, "grod_id": 0, "hfalls_id": 0, "lakeflag": 0, "manual_add": 0, "max_width": 172.5, "meand_len": 1003.8228115537006, "n_chan_max": 3, "n_chan_mod": 1, "node_id": 81246000070721, "node_len": 210.67258847183257, "obstr_type": 0, "reach_id": 81246000071, "river_name": "Nenana River", "sinuosity": 1.379521253772175, "trib_flag": 0, "type": 1, "width": 172.5, "width_var": 1567.222222222222, "wse": 339.8000183105469, "wse_var": 0.000347476581939, "x": -149.04574008239197, "y": 63.93720412438163}}, {"type": "Feature", "geometry": {"type": "Point", "coordinates": [-149.04779373948153, 63.938791377499356]}, "id": "001b0000000000026475", "properties": {"dist_out": 1764202, "edit_flag": "2", "facc": 5464.916479311828, "grod_id": 0, "hfalls_id": 0, "lakeflag": 0, "manual_add": 0, "max_width": 624, "meand_len": 1003.8228115537007, "n_chan_max": 3, "n_chan_mod": 3, "node_id": 81246000070711, "node_len": 192.14906546885322, "obstr_type": 0, "reach_id": 81246000071, "river_name": "Nenana River", "sinuosity": 1.379521253772175, "trib_flag": 0, "type": 1, "width": 120, "width_var": 87.80555555555554, "wse": 339.70001220703125, "wse_var": 0, "x": -149.0477946147728, "y": 63.93879107984102}}, {"type": "Feature", "geometry": {"type": "Point", "coordinates": [-149.0494837387808, 63.94038327657543]}, "id": "001b0000000000026476", "properties": {"dist_out": 1763998, "edit_flag": "2", "facc": 5469.619528888936, "grod_id": 0, "hfalls_id": 0, "lakeflag": 0, "manual_add": 0, "max_width": 624, "meand_len": 1003.8228115537007, "n_chan_max": 3, "n_chan_mod": 2, "node_id": 81246000070701, "node_len": 204.56483050787392, "obstr_type": 0, "reach_id": 81246000071, "river_name": "Nenana River", "sinuosity": 1.379521253772175, "trib_flag": 0, "type": 1, "width": 165, "width_var": 616.2222222222223, "wse": 339.70001220703125, "wse_var": 0, "x": -149.0494823979292, "y": 63.94038319358915}}, {"type": "Feature", "geometry": {"type": "Point", "coordinates": [-149.0516196481854, 63.941970716550465]}, "id": "001b0000000000026477", "properties": {"dist_out": 1763813, "edit_flag": "2", "facc": 5474.322578466043, "grod_id": 0, "hfalls_id": 0, "lakeflag": 0, "manual_add": 0, "max_width": 624, "meand_len": 581.0280837167717, "n_chan_max": 2, "n_chan_mod": 2, "node_id": 81246000070691, "node_len": 201.89010733328087, "obstr_type": 0, "reach_id": 81246000071, "river_name": "Nenana River", "sinuosity": 2.205305416597419, "trib_flag": 0, "type": 1, "width": 109, "width_var": 56.22222222222223, "wse": 339.625, "wse_var": 0.012502034634559, "x": -149.05161893919532, "y": 63.94196893836382}}, {"type": "Feature", "geometry": {"type": "Point", "coordinates": [-149.05322492456463, 63.943562615626526]}, "id": "001b0000000000026478", "properties": {"dist_out": 1763613, "edit_flag": "2", "facc": 5479.0256280431495, "grod_id": 0, "hfalls_id": 0, "lakeflag": 0, "manual_add": 0, "max_width": 624, "meand_len": 581.0280837167717, "n_chan_max": 2, "n_chan_mod": 2, "node_id": 81246000070681, "node_len": 192.1490655057096, "obstr_type": 0, "reach_id": 81246000071, "river_name": "Nenana River", "sinuosity": 2.205305416597419, "trib_flag": 0, "type": 1, "width": 113, "width_var": 54.47222222222222, "wse": 339.3999938964844, "wse_var": 0, "x": -149.0532255657149, "y": 63.94356216205316}}, {"type": "Feature", "geometry": {"type": "Point", "coordinates": [-149.05464291869967, 63.94529274683527]}, "id": "001b0000000000026479", "properties": {"dist_out": 1763392, "edit_flag": "2", "facc": 5484.512519216441, "grod_id": 0, "hfalls_id": 0, "lakeflag": 0, "manual_add": 0, "max_width": 624, "meand_len": 581.0280837167717, "n_chan_max": 2, "n_chan_mod": 2, "node_id": 81246000070671, "node_len": 215.8756938204533, "obstr_type": 0, "reach_id": 81246000071, "river_name": "Nenana River", "sinuosity": 2.205305416597419, "trib_flag": 0, "type": 1, "width": 110, "width_var": 306.2040816326531, "wse": 339.04998779296875, "wse_var": 0.014081856882086, "x": -149.0546441455179, "y": 63.94529269945357}}, {"type": "Feature", "geometry": {"type": "Point", "coordinates": [-149.05592713980303, 63.94702733714507]}, "id": "001b000000000002647a", "properties": {"dist_out": 1763207, "edit_flag": "2", "facc": 5489.215568793548, "grod_id": 0, "hfalls_id": 0, "lakeflag": 0, "manual_add": 0, "max_width": 624, "meand_len": 634.6175658388236, "n_chan_max": 2, "n_chan_mod": 2, "node_id": 81246000070661, "node_len": 206.28099312564882, "obstr_type": 0, "reach_id": 81246000071, "river_name": "Nenana River", "sinuosity": 1.448910485505514, "trib_flag": 0, "type": 1, "width": 95, "width_var": 842.8055555555555, "wse": 338.8500061035156, "wse_var": 0.042498575963287, "x": -149.05592889378315, "y": 63.94702512177155}}, {"type": "Feature", "geometry": {"type": "Point", "coordinates": [-149.05841531819084, 63.94847208588638]}, "id": "001b000000000002647b", "properties": {"dist_out": 1763024, "edit_flag": "2", "facc": 5493.134776774471, "grod_id": 0, "hfalls_id": 0, "lakeflag": 0, "manual_add": 0, "max_width": 624, "meand_len": 661.4123068998496, "n_chan_max": 3, "n_chan_mod": 2, "node_id": 81246000070651, "node_len": 200.10906278552102, "obstr_type": 0, "reach_id": 81246000071, "river_name": "Nenana River", "sinuosity": 1.070713019959561, "trib_flag": 0, "type": 1, "width": 126, "width_var": 950.4, "wse": 338.3000183105469, "wse_var": 0.00160019531846, "x": -149.0584153715246, "y": 63.948471145400696}}, {"type": "Feature", "geometry": {"type": "Point", "coordinates": [-149.06096146489236, 63.949783061596094]}, "id": "001b000000000002647c", "properties": {"dist_out": 1762799, "edit_flag": "2", "facc": 5497.053984755394, "grod_id": 0, "hfalls_id": 0, "lakeflag": 0, "manual_add": 0, "max_width": 624, "meand_len": 1135.808811894692, "n_chan_max": 3, "n_chan_mod": 3, "node_id": 81246000070641, "node_len": 173.01215261102152, "obstr_type": 0, "reach_id": 81246000071, "river_name": "Nenana River", "sinuosity": 1.105215374465513, "trib_flag": 0, "type": 1, "width": 148, "width_var": 69.04000000000002, "wse": 338.25, "wse_var": 0.000600439533591, "x": -149.06096155392993, "y": 63.94978161765342}}, {"type": "Feature", "geometry": {"type": "Point", "coordinates": [-149.06250431385686, 63.95124118764056]}, "id": "001b000000000002647d", "properties": {"dist_out": 1762617, "edit_flag": "2", "facc": 5501.757034332501, "grod_id": 0, "hfalls_id": 0, "lakeflag": 0, "manual_add": 0, "max_width": 624, "meand_len": 1135.8088118946923, "n_chan_max": 3, "n_chan_mod": 3, "node_id": 81246000070631, "node_len": 200.93154679390955, "obstr_type": 0, "reach_id": 81246000071, "river_name": "Nenana River", "sinuosity": 1.105215374465513, "trib_flag": 0, "type": 1, "width": 195.5, "width_var": 367.8888888888889, "wse": 338.20001220703125, "wse_var": 0.012498982768092, "x": -149.062506238986, "y": 63.9512409630236}}, {"type": "Feature", "geometry": {"type": "Point", "coordinates": [-149.06460455045303, 63.95269039548293]}, "id": "001b000000000002647e", "properties": {"dist_out": 1762420, "edit_flag": "2", "facc": 5505.676242313423, "grod_id": 0, "hfalls_id": 0, "lakeflag": 0, "manual_add": 0, "max_width": 624, "meand_len": 1135.8088118946923, "n_chan_max": 3, "n_chan_mod": 2, "node_id": 81246000070621, "node_len": 185.22766870928717, "obstr_type": 0, "reach_id": 81246000071, "river_name": "Nenana River", "sinuosity": 1.105215374465513, "trib_flag": 0, "type": 1, "width": 225, "width_var": 73.03999999999999, "wse": 337.45001220703125, "wse_var": 0.075400659218431, "x": -149.06460588710547, "y": 63.95269239049461}}, {"type": "Feature", "geometry": {"type": "Point", "coordinates": [-149.06743607962196, 63.95413514422425]}, "id": "001b000000000002647f", "properties": {"dist_out": 1762196, "edit_flag": "2", "facc": 5510.37929189053, "grod_id": 0, "hfalls_id": 0, "lakeflag": 0, "manual_add": 0, "max_width": 169, "meand_len": 1381.1648195195037, "n_chan_max": 1, "n_chan_mod": 1, "node_id": 81246000070611, "node_len": 234.52014834081274, "obstr_type": 0, "reach_id": 81246000071, "river_name": "Nenana River", "sinuosity": 1.449281436820625, "trib_flag": 0, "type": 1, "width": 169, "width_var": 677.5833333333334, "wse": 336.4250030517578, "wse_var": 0.204517279751599, "x": -149.0674360095641, "y": 63.954133374572486}}, {"type": "Feature", "geometry": {"type": "Point", "coordinates": [-149.07018734497194, 63.955441660832925]}, "id": "001b0000000000026480", "properties": {"dist_out": 1762008, "edit_flag": "2", "facc": 5513.514658275269, "grod_id": 0, "hfalls_id": 0, "lakeflag": 0, "manual_add": 0, "max_width": 84, "meand_len": 1503.8428233319096, "n_chan_max": 1, "n_chan_mod": 1, "node_id": 81246000070601, "node_len": 169.70563981622308, "obstr_type": 0, "reach_id": 81246000071, "river_name": "Nenana River", "sinuosity": 1.621314467998182, "trib_flag": 0, "type": 1, "width": 84, "width_var": 0, "wse": 334.6500244140625, "wse_var": 0.221244201762602, "x": -149.07018711605886, "y": 63.95544077169764}}, {"type": "Feature", "geometry": {"type": "Point", "coordinates": [-149.07333101121463, 63.956516304186806]}, "id": "001b0000000000026481", "properties": {"dist_out": 1761807, "edit_flag": "2", "facc": 5518.2177078523755, "grod_id": 0, "hfalls_id": 0, "lakeflag": 0, "manual_add": 0, "max_width": 63, "meand_len": 1503.8428233319094, "n_chan_max": 1, "n_chan_mod": 1, "node_id": 81246000070591, "node_len": 205.32244661668938, "obstr_type": 0, "reach_id": 81246000071, "river_name": "Nenana River", "sinuosity": 1.621314467998182, "trib_flag": 0, "type": 1, "width": 63, "width_var": 242.25, "wse": 333.8999938964844, "wse_var": 0.012501525925472, "x": -149.07332989804127, "y": 63.95651807370455}}, {"type": "Feature", "geometry": {"type": "Point", "coordinates": [-149.07733082485956, 63.95676601384579]}, "id": "001b0000000000026482", "properties": {"dist_out": 1761612, "edit_flag": "2", "facc": 5523.704599025667, "grod_id": 0, "hfalls_id": 0, "lakeflag": 0, "manual_add": 0, "max_width": 75, "meand_len": 1503.8428233319094, "n_chan_max": 2, "n_chan_mod": 1, "node_id": 81246000070581, "node_len": 211.18825993815153, "obstr_type": 0, "reach_id": 81246000071, "river_name": "Nenana River", "sinuosity": 1.621314467998182, "trib_flag": 0, "type": 1, "width": 75, "width_var": 684.4897959183672, "wse": 333.8500061035156, "wse_var": 0.03336625090059, "x": -149.07733042792464, "y": 63.956766054064815}}, {"type": "Feature", "geometry": {"type": "Point", "coordinates": [-149.0812949656961, 63.956520763287855]}, "id": "001b0000000000026483", "properties": {"dist_out": 1761434, "edit_flag": "2", "facc": 5528.407648602774, "grod_id": 0, "hfalls_id": 0, "lakeflag": 0, "manual_add": 0, "max_width": 129.5, "meand_len": 1503.8428233319094, "n_chan_max": 2, "n_chan_mod": 1, "node_id": 81246000070571, "node_len": 184.0933615090471, "obstr_type": 0, "reach_id": 81246000071, "river_name": "Nenana River", "sinuosity": 1.621314467998182, "trib_flag": 0, "type": 1, "width": 129.5, "width_var": 110.55555555555556, "wse": 332.6000061035156, "wse_var": 0.090623219937293, "x": -149.0812944027657, "y": 63.95652067793313}}, {"type": "Feature", "geometry": {"type": "Point", "coordinates": [-149.0852591065326, 63.95649846778259]}, "id": "001b0000000000026484", "properties": {"dist_out": 1761216, "edit_flag": "2", "facc": 5533.894539776066, "grod_id": 0, "hfalls_id": 0, "lakeflag": 0, "manual_add": 0, "max_width": 80, "meand_len": 1503.8428233319094, "n_chan_max": 1, "n_chan_mod": 1, "node_id": 81246000070561, "node_len": 220.70921216374154, "obstr_type": 0, "reach_id": 81246000071, "river_name": "Nenana River", "sinuosity": 1.621314467998182, "trib_flag": 0, "type": 1, "width": 80, "width_var": 291.42857142857144, "wse": 332.04998779296875, "wse_var": 0.087450873030692, "x": -149.08525741913812, "y": 63.95649836453263}}, {"type": "Feature", "geometry": {"type": "Point", "coordinates": [-149.08846074108897, 63.95761324304595]}, "id": "001b0000000000026485", "properties": {"dist_out": 1761014, "edit_flag": "2", "facc": 5538.597589353173, "grod_id": 0, "hfalls_id": 0, "lakeflag": 0, "manual_add": 0, "max_width": 60.5, "meand_len": 1320.270261902035, "n_chan_max": 1, "n_chan_mod": 1, "node_id": 81246000070551, "node_len": 199.579119716479, "obstr_type": 0, "reach_id": 81246000071, "river_name": "Nenana River", "sinuosity": 1.556538347403921, "trib_flag": 0, "type": 1, "width": 60.5, "width_var": 494.25, "wse": 330.6000061035156, "wse_var": 0.013888888888889, "x": -149.0884619517352, "y": 63.957611657303005}}, {"type": "Feature", "geometry": {"type": "Point", "coordinates": [-149.08970483028287, 63.959200683020974]}, "id": "001b0000000000026486", "properties": {"dist_out": 1760825, "edit_flag": "2", "facc": 5543.30063893028, "grod_id": 0, "hfalls_id": 0, "lakeflag": 0, "manual_add": 0, "max_width": 61.5, "meand_len": 1197.8885542821185, "n_chan_max": 1, "n_chan_mod": 1, "node_id": 81246000070541, "node_len": 181.18823461973534, "obstr_type": 0, "reach_id": 81246000071, "river_name": "Nenana River", "sinuosity": 1.513354267007747, "trib_flag": 0, "type": 1, "width": 61.5, "width_var": 148.25, "wse": 330.6000061035156, "wse_var": 0, "x": -149.08970367519714, "y": 63.95920078430874}}, {"type": "Feature", "geometry": {"type": "Point", "coordinates": [-149.0895398435439, 63.96081933670337]}, "id": "001b0000000000026487", "properties": {"dist_out": 1760603, "edit_flag": "2", "facc": 5548.003688507388, "grod_id": 0, "hfalls_id": 0, "lakeflag": 0, "manual_add": 0, "max_width": 60, "meand_len": 1197.8885542821188, "n_chan_max": 1, "n_chan_mod": 1, "node_id": 81246000070531, "node_len": 196.3095655092393, "obstr_type": 0, "reach_id": 81246000071, "river_name": "Nenana River", "sinuosity": 1.513354267007747, "trib_flag": 0, "type": 1, "width": 60, "width_var": 184.25, "wse": 330.6000061035156, "wse_var": 0, "x": -149.08953843443066, "y": 63.96081915871323}}, {"type": "Feature", "geometry": {"type": "Point", "coordinates": [-149.08796578087203, 63.96245582678999]}, "id": "001b0000000000026488", "properties": {"dist_out": 1760416, "edit_flag": "2", "facc": 5552.706738084495, "grod_id": 0, "hfalls_id": 0, "lakeflag": 0, "manual_add": 0, "max_width": 73.5, "meand_len": 1197.8885542821185, "n_chan_max": 1, "n_chan_mod": 1, "node_id": 81246000070521, "node_len": 194.0647655185303, "obstr_type": 0, "reach_id": 81246000071, "river_name": "Nenana River", "sinuosity": 1.513354267007747, "trib_flag": 0, "type": 1, "width": 73.5, "width_var": 353, "wse": 329.8500061035156, "wse_var": 0.365343967038724, "x": -149.08796531222302, "y": 63.962457809862094}}, {"type": "Feature", "geometry": {"type": "Point", "coordinates": [-149.08859897322162, 63.96419933530189]}, "id": "001b0000000000026489", "properties": {"dist_out": 1760231, "edit_flag": "2", "facc": 5558.193629257787, "grod_id": 0, "hfalls_id": 0, "lakeflag": 0, "manual_add": 0, "max_width": 48, "meand_len": 1197.8885542821188, "n_chan_max": 1, "n_chan_mod": 1, "node_id": 81246000070511, "node_len": 221.0263108401614, "obstr_type": 0, "reach_id": 81246000071, "river_name": "Nenana River", "sinuosity": 1.513354267007747, "trib_flag": 0, "type": 1, "width": 48, "width_var": 133.34693877551018, "wse": 325.79998779296875, "wse_var": 0.756443743118826, "x": -149.08859705356062, "y": 63.96419937069374}}, {"type": "Feature", "geometry": {"type": "Point", "coordinates": [-149.08995899904292, 63.965929466510616]}, "id": "001b000000000002648a", "properties": {"dist_out": 1760014, "edit_flag": "2", "facc": 5562.8966788348935, "grod_id": 0, "hfalls_id": 0, "lakeflag": 0, "manual_add": 0, "max_width": 51, "meand_len": 977.259913504805, "n_chan_max": 1, "n_chan_mod": 1, "node_id": 81246000070501, "node_len": 190.43219346386286, "obstr_type": 0, "reach_id": 81246000071, "river_name": "Nenana River", "sinuosity": 1.061081261015886, "trib_flag": 0, "type": 1, "width": 51, "width_var": 72.55555555555556, "wse": 325.3999938964844, "wse_var": 0, "x": -149.08996057351501, "y": 63.96593038613086}}, {"type": "Feature", "geometry": {"type": "Point", "coordinates": [-149.09090432846625, 63.96766851592147]}, "id": "001b000000000002648b", "properties": {"dist_out": 1759813, "edit_flag": "2", "facc": 5568.383570008185, "grod_id": 0, "hfalls_id": 0, "lakeflag": 0, "manual_add": 0, "max_width": 51, "meand_len": 977.259913504805, "n_chan_max": 1, "n_chan_mod": 1, "node_id": 81246000070491, "node_len": 212.97058620218377, "obstr_type": 0, "reach_id": 81246000071, "river_name": "Nenana River", "sinuosity": 1.061081261015886, "trib_flag": 0, "type": 1, "width": 51, "width_var": 107.34693877551021, "wse": 325.3999938964844, "wse_var": 0, "x": -149.09090444633594, "y": 63.967667440884604}}, {"type": "Feature", "geometry": {"type": "Point", "coordinates": [-149.09056989588726, 63.969420942635466]}, "id": "001b000000000002648c", "properties": {"dist_out": 1759609, "edit_flag": "2", "facc": 5573.086619585292, "grod_id": 0, "hfalls_id": 0, "lakeflag": 0, "manual_add": 0, "max_width": 58.5, "meand_len": 997.1668079078353, "n_chan_max": 1, "n_chan_mod": 1, "node_id": 81246000070481, "node_len": 181.78235145864164, "obstr_type": 0, "reach_id": 81246000071, "river_name": "Nenana River", "sinuosity": 1.445001390003968, "trib_flag": 0, "type": 1, "width": 58.5, "width_var": 67.13888888888889, "wse": 325.3999938964844, "wse_var": 0, "x": -149.09056851292473, "y": 63.96942294178427}}, {"type": "Feature", "geometry": {"type": "Point", "coordinates": [-149.09028897252088, 63.97117782845053]}, "id": "001b000000000002648d", "properties": {"dist_out": 1759435, "edit_flag": "2", "facc": 5578.573510758584, "grod_id": 0, "hfalls_id": 0, "lakeflag": 0, "manual_add": 0, "max_width": 67, "meand_len": 1036.9805967138961, "n_chan_max": 1, "n_chan_mod": 1, "node_id": 81246000070471, "node_len": 215.81021270304882, "obstr_type": 0, "reach_id": 81246000071, "river_name": "Nenana River", "sinuosity": 2.212841647980131, "trib_flag": 0, "type": 1, "width": 67, "width_var": 243.14285714285714, "wse": 325.3999938964844, "wse_var": 0.008161770636026, "x": -149.09029085495806, "y": 63.97117760124116}}, {"type": "Feature", "geometry": {"type": "Point", "coordinates": [-149.08938377500704, 63.972805400335034]}, "id": "001b000000000002648e", "properties": {"dist_out": 1759219, "edit_flag": "2", "facc": 5582.492718739506, "grod_id": 0, "hfalls_id": 0, "lakeflag": 0, "manual_add": 0, "max_width": 101, "meand_len": 1036.9805967138961, "n_chan_max": 1, "n_chan_mod": 1, "node_id": 81246000070461, "node_len": 173.77046138871265, "obstr_type": 0, "reach_id": 81246000071, "river_name": "Nenana River", "sinuosity": 2.212841647980131, "trib_flag": 0, "type": 1, "width": 101, "width_var": 48.24, "wse": 324.54998779296875, "wse_var": 0.133606054782867, "x": -149.08938261638198, "y": 63.97280667712853}}, {"type": "Feature", "geometry": {"type": "Point", "coordinates": [-149.08718097908664, 63.97418326256056]}, "id": "001b000000000002648f", "properties": {"dist_out": 1759037, "edit_flag": "2", "facc": 5586.411926720429, "grod_id": 0, "hfalls_id": 0, "lakeflag": 0, "manual_add": 0, "max_width": 624, "meand_len": 1036.9805967138961, "n_chan_max": 2, "n_chan_mod": 2, "node_id": 81246000070451, "node_len": 204.1167211021002, "obstr_type": 0, "reach_id": 81246000071, "river_name": "Nenana River", "sinuosity": 2.212841647980131, "trib_flag": 0, "type": 1, "width": 84, "width_var": 105.84, "wse": 324, "wse_var": 0.168597753942013, "x": -149.08718047013286, "y": 63.97418503544368}}, {"type": "Feature", "geometry": {"type": "Point", "coordinates": [-149.0847017189009, 63.975703816019774]}, "id": "001b0000000000026490", "properties": {"dist_out": 1758824, "edit_flag": "2", "facc": 5591.1149762975365, "grod_id": 0, "hfalls_id": 0, "lakeflag": 0, "manual_add": 0, "max_width": 52.5, "meand_len": 1036.9805967138961, "n_chan_max": 2, "n_chan_mod": 1, "node_id": 81246000070441, "node_len": 200.93154381222485, "obstr_type": 0, "reach_id": 81246000071, "river_name": "Nenana River", "sinuosity": 2.212841647980131, "trib_flag": 0, "type": 1, "width": 52.5, "width_var": 284.8888888888889, "wse": 322, "wse_var": 0.30035010445863, "x": -149.084702344355, "y": 63.97570199267139}}, {"type": "Feature", "geometry": {"type": "Point", "coordinates": [-149.08359586183965, 63.97746962003694]}, "id": "001b0000000000026491", "properties": {"dist_out": 1758634, "edit_flag": "2", "facc": 5596.6018674708275, "grod_id": 0, "hfalls_id": 0, "lakeflag": 0, "manual_add": 0, "max_width": 67, "meand_len": 1036.9805967138961, "n_chan_max": 1, "n_chan_mod": 1, "node_id": 81246000070431, "node_len": 217.59256400416962, "obstr_type": 0, "reach_id": 81246000071, "river_name": "Nenana River", "sinuosity": 2.212841647980131, "trib_flag": 0, "type": 1, "width": 67, "width_var": 44.20408163265306, "wse": 321.04998779296875, "wse_var": 0.158159777636127, "x": -149.08359600803806, "y": 63.97746853935332}}, {"type": "Feature", "geometry": {"type": "Point", "coordinates": [-149.083123197128, 63.979226505852004]}, "id": "001b0000000000026492", "properties": {"dist_out": 1758413, "edit_flag": "2", "facc": 5601.304917047935, "grod_id": 0, "hfalls_id": 0, "lakeflag": 0, "manual_add": 0, "max_width": 69, "meand_len": 1173.6818200555576, "n_chan_max": 1, "n_chan_mod": 1, "node_id": 81246000070421, "node_len": 184.09334112367833, "obstr_type": 0, "reach_id": 81246000071, "river_name": "Nenana River", "sinuosity": 1.845778681759797, "trib_flag": 0, "type": 1, "width": 69, "width_var": 177.55555555555554, "wse": 320, "wse_var": 0.034722222222222, "x": -149.08312535530035, "y": 63.979225949614296}}, {"type": "Feature", "geometry": {"type": "Point", "coordinates": [-149.08251230028367, 63.98084961863545]}, "id": "001b0000000000026493", "properties": {"dist_out": 1758219, "edit_flag": "2", "facc": 5606.007966625042, "grod_id": 0, "hfalls_id": 0, "lakeflag": 0, "manual_add": 0, "max_width": 63, "meand_len": 1264.8159689499983, "n_chan_max": 1, "n_chan_mod": 1, "node_id": 81246000070411, "node_len": 187.52708473251732, "obstr_type": 0, "reach_id": 81246000071, "river_name": "Nenana River", "sinuosity": 1.601070037612907, "trib_flag": 0, "type": 1, "width": 63, "width_var": 306.47222222222223, "wse": 320, "wse_var": 0, "x": -149.08251045257336, "y": 63.9808507618209}}, {"type": "Feature", "geometry": {"type": "Point", "coordinates": [-149.08273525533633, 63.9825975862484]}, "id": "001b0000000000026494", "properties": {"dist_out": 1758023, "edit_flag": "2", "facc": 5611.494857798333, "grod_id": 0, "hfalls_id": 0, "lakeflag": 0, "manual_add": 0, "max_width": 54, "meand_len": 1264.8159689499983, "n_chan_max": 1, "n_chan_mod": 1, "node_id": 81246000070401, "node_len": 221.98416172742145, "obstr_type": 0, "reach_id": 81246000071, "river_name": "Nenana River", "sinuosity": 1.601070037612907, "trib_flag": 0, "type": 1, "width": 54, "width_var": 108.48979591836735, "wse": 320, "wse_var": 0, "x": -149.08273391573124, "y": 63.9825982044505}}, {"type": "Feature", "geometry": {"type": "Point", "coordinates": [-149.08490683754937, 63.98414043521289]}, "id": "001b0000000000026495", "properties": {"dist_out": 1757841, "edit_flag": "2", "facc": 5615.414065779256, "grod_id": 0, "hfalls_id": 0, "lakeflag": 0, "manual_add": 0, "max_width": 63, "meand_len": 1264.8159689499983, "n_chan_max": 1, "n_chan_mod": 1, "node_id": 81246000070391, "node_len": 189.2353363585753, "obstr_type": 0, "reach_id": 81246000071, "river_name": "Nenana River", "sinuosity": 1.601070037612907, "trib_flag": 0, "type": 1, "width": 63, "width_var": 223.2, "wse": 320, "wse_var": 0, "x": -149.08490564550738, "y": 63.98413990603135}}, {"type": "Feature", "geometry": {"type": "Point", "coordinates": [-149.08831804985525, 63.98496982800883]}, "id": "001b0000000000026496", "properties": {"dist_out": 1757642, "edit_flag": "2", "facc": 5620.117115356363, "grod_id": 0, "hfalls_id": 0, "lakeflag": 0, "manual_add": 0, "max_width": 624, "meand_len": 1264.8159689499983, "n_chan_max": 2, "n_chan_mod": 2, "node_id": 81246000070381, "node_len": 201.8901225782156, "obstr_type": 0, "reach_id": 81246000071, "river_name": "Nenana River", "sinuosity": 1.601070037612907, "trib_flag": 0, "type": 1, "width": 111, "width_var": 446.25, "wse": 320, "wse_var": 0.003124745692023, "x": -149.08831582607934, "y": 63.98496888577188}}, {"type": "Feature", "geometry": {"type": "Point", "coordinates": [-149.09205923563908, 63.98579476170372]}, "id": "001b0000000000026497", "properties": {"dist_out": 1757421, "edit_flag": "2", "facc": 5624.820164933471, "grod_id": 0, "hfalls_id": 0, "lakeflag": 0, "manual_add": 0, "max_width": 76.5, "meand_len": 874.2757383684105, "n_chan_max": 2, "n_chan_mod": 1, "node_id": 81246000070371, "node_len": 218.1132963023665, "obstr_type": 0, "reach_id": 81246000071, "river_name": "Nenana River", "sinuosity": 1.31149911168441, "trib_flag": 0, "type": 1, "width": 76.5, "width_var": 455.25, "wse": 319.70001220703125, "wse_var": 0.004999593107237, "x": -149.0920571631681, "y": 63.9857948104831}}, {"type": "Feature", "geometry": {"type": "Point", "coordinates": [-149.09520290188178, 63.986998718988154]}, "id": "001b0000000000026498", "properties": {"dist_out": 1757237, "edit_flag": "2", "facc": 5628.739372914393, "grod_id": 0, "hfalls_id": 0, "lakeflag": 0, "manual_add": 0, "max_width": 63, "meand_len": 762.3246283855534, "n_chan_max": 1, "n_chan_mod": 1, "node_id": 81246000070361, "node_len": 177.4030387065177, "obstr_type": 0, "reach_id": 81246000071, "river_name": "Nenana River", "sinuosity": 1.063396474163649, "trib_flag": 0, "type": 1, "width": 63, "width_var": 18.4, "wse": 319.70001220703125, "wse_var": 0, "x": -149.09520135012264, "y": 63.98699735372473}}, {"type": "Feature", "geometry": {"type": "Point", "coordinates": [-149.09675466904838, 63.98845684503263]}, "id": "001b0000000000026499", "properties": {"dist_out": 1757026, "edit_flag": "2", "facc": 5633.4424224915, "grod_id": 0, "hfalls_id": 0, "lakeflag": 0, "manual_add": 0, "max_width": 72, "meand_len": 1458.7974298823792, "n_chan_max": 1, "n_chan_mod": 1, "node_id": 81246000070351, "node_len": 195.78163995834802, "obstr_type": 0, "reach_id": 81246000071, "river_name": "Nenana River", "sinuosity": 1.167067195182992, "trib_flag": 0, "type": 1, "width": 72, "width_var": 96.8888888888889, "wse": 319.70001220703125, "wse_var": 0.200004069031113, "x": -149.09675398378621, "y": 63.98845625539993}}, {"type": "Feature", "geometry": {"type": "Point", "coordinates": [-149.0988772011498, 63.989906052875]}, "id": "001b000000000002649a", "properties": {"dist_out": 1756821, "edit_flag": "2", "facc": 5637.361630472423, "grod_id": 0, "hfalls_id": 0, "lakeflag": 0, "manual_add": 0, "max_width": 84, "meand_len": 1458.7974298823792, "n_chan_max": 1, "n_chan_mod": 1, "node_id": 81246000070341, "node_len": 200.10906341374903, "obstr_type": 0, "reach_id": 81246000071, "river_name": "Nenana River", "sinuosity": 1.167067195182992, "trib_flag": 0, "type": 1, "width": 84, "width_var": 46.96, "wse": 315.5, "wse_var": 0.313592382892966, "x": -149.0988786513382, "y": 63.98990686756133}}, {"type": "Feature", "geometry": {"type": "Point", "coordinates": [-149.1015794163882, 63.99121256948366]}, "id": "001b000000000002649b", "properties": {"dist_out": 1756651, "edit_flag": "2", "facc": 5641.2808384533455, "grod_id": 0, "hfalls_id": 0, "lakeflag": 0, "manual_add": 0, "max_width": 84, "meand_len": 1458.7974298823792, "n_chan_max": 1, "n_chan_mod": 1, "node_id": 81246000070331, "node_len": 188.66070402184778, "obstr_type": 0, "reach_id": 81246000071, "river_name": "Nenana River", "sinuosity": 1.167067195182992, "trib_flag": 0, "type": 1, "width": 84, "width_var": 46.959999999999994, "wse": 314.6000061035156, "wse_var": 0.249402246102691, "x": -149.10157757791342, "y": 63.991214472399164}}, {"type": "Feature", "geometry": {"type": "Point", "coordinates": [-149.10404084016972, 63.99266177732603]}, "id": "001b000000000002649c", "properties": {"dist_out": 1756416, "edit_flag": "2", "facc": 5645.983888030452, "grod_id": 0, "hfalls_id": 0, "lakeflag": 0, "manual_add": 0, "max_width": 42, "meand_len": 1458.7974298823792, "n_chan_max": 1, "n_chan_mod": 1, "node_id": 81246000070321, "node_len": 224.22104441361444, "obstr_type": 0, "reach_id": 81246000071, "river_name": "Nenana River", "sinuosity": 1.167067195182992, "trib_flag": 0, "type": 1, "width": 42, "width_var": 98.80555555555556, "wse": 312.79998779296875, "wse_var": 0.137015313117041, "x": -149.1040417708268, "y": 63.99266009826115}}, {"type": "Feature", "geometry": {"type": "Point", "coordinates": [-149.10694817405655, 63.994097607865235]}, "id": "001b000000000002649d", "properties": {"dist_out": 1756231, "edit_flag": "2", "facc": 5649.903096011375, "grod_id": 0, "hfalls_id": 0, "lakeflag": 0, "manual_add": 0, "max_width": 42, "meand_len": 825.2965206867244, "n_chan_max": 1, "n_chan_mod": 1, "node_id": 81246000070311, "node_len": 196.1014012487758, "obstr_type": 0, "reach_id": 81246000071, "river_name": "Nenana River", "sinuosity": 1.502739840113446, "trib_flag": 0, "type": 1, "width": 42, "width_var": 0, "wse": 311.8500061035156, "wse_var": 0.011597509905696, "x": -149.10694743064545, "y": 63.99409927711706}}, {"type": "Feature", "geometry": {"type": "Point", "coordinates": [-149.10949877985914, 63.99540858357495]}, "id": "001b000000000002649e", "properties": {"dist_out": 1756030, "edit_flag": "2", "facc": 5653.822303992298, "grod_id": 0, "hfalls_id": 0, "lakeflag": 0, "manual_add": 0, "max_width": 36, "meand_len": 825.2965206867245, "n_chan_max": 1, "n_chan_mod": 1, "node_id": 81246000070301, "node_len": 182.55294602912, "obstr_type": 0, "reach_id": 81246000071, "river_name": "Nenana River", "sinuosity": 1.502739840113447, "trib_flag": 0, "type": 1, "width": 36, "width_var": 170.64000000000001, "wse": 311.25, "wse_var": 0.253399804756045, "x": -149.10950006142247, "y": 63.9954088658679}}, {"type": "Feature", "geometry": {"type": "Point", "coordinates": [-149.11146524342368, 63.996996023549976]}, "id": "001b000000000002649f", "properties": {"dist_out": 1755857, "edit_flag": "2", "facc": 5659.30919516559, "grod_id": 0, "hfalls_id": 0, "lakeflag": 0, "manual_add": 0, "max_width": 45, "meand_len": 825.2965206867244, "n_chan_max": 1, "n_chan_mod": 1, "node_id": 81246000070291, "node_len": 224.4600555991601, "obstr_type": 0, "reach_id": 81246000071, "river_name": "Nenana River", "sinuosity": 1.502739840113446, "trib_flag": 0, "type": 1, "width": 45, "width_var": 68.6938775510204, "wse": 310.3500061035156, "wse_var": 0, "x": -149.1114673889178, "y": 63.99699626128809}}, {"type": "Feature", "geometry": {"type": "Point", "coordinates": [-149.11274054632497, 63.99873061385977]}, "id": "001b00000000000264a0", "properties": {"dist_out": 1755657, "edit_flag": "2", "facc": 5664.012244742697, "grod_id": 0, "hfalls_id": 0, "lakeflag": 0, "manual_add": 0, "max_width": 63, "meand_len": 1477.558497035416, "n_chan_max": 1, "n_chan_mod": 1, "node_id": 81246000070281, "node_len": 183.56470383508895, "obstr_type": 0, "reach_id": 81246000071, "river_name": "Nenana River", "sinuosity": 1.178612572509641, "trib_flag": 0, "type": 1, "width": 63, "width_var": 29.555555555555557, "wse": 310.3500061035156, "wse_var": 0, "x": -149.11274055573335, "y": 63.99872840378051}}, {"type": "Feature", "geometry": {"type": "Point", "coordinates": [-149.11282972834607, 64.00020657630846]}, "id": "001b00000000000264a1", "properties": {"dist_out": 1755451, "edit_flag": "2", "facc": 5972.669341536838, "grod_id": 0, "hfalls_id": 0, "lakeflag": 0, "manual_add": 0, "max_width": 71, "meand_len": 1608.0108923051541, "n_chan_max": 1, "n_chan_mod": 1, "node_id": 81246000070271, "node_len": 184.9857161774562, "obstr_type": 0, "reach_id": 81246000071, "river_name": "Nenana River", "sinuosity": 1.11378711898888, "trib_flag": 0, "type": 1, "width": 71, "width_var": 88.1388888888889, "wse": 309.8249969482422, "wse_var": 0.275634613120928, "x": -149.11283190098584, "y": 64.00020840791655}}, {"type": "Feature", "geometry": {"type": "Point", "coordinates": [-149.11297241957976, 64.00182077088981]}, "id": "001b00000000000264a2", "properties": {"dist_out": 1755235, "edit_flag": "2", "facc": 5976.386060353271, "grod_id": 0, "hfalls_id": 0, "lakeflag": 0, "manual_add": 0, "max_width": 54, "meand_len": 1608.0108923051541, "n_chan_max": 1, "n_chan_mod": 1, "node_id": 81246000070261, "node_len": 220.79592487547052, "obstr_type": 0, "reach_id": 81246000071, "river_name": "Nenana River", "sinuosity": 1.11378711898888, "trib_flag": 0, "type": 1, "width": 54, "width_var": 68.40816326530611, "wse": 308.8500061035156, "wse_var": 0.024793900511399, "x": -149.1129713611596, "y": 64.00182237840433}}, {"type": "Feature", "geometry": {"type": "Point", "coordinates": [-149.11138943870577, 64.00359549310907]}, "id": "001b00000000000264a3", "properties": {"dist_out": 1755043, "edit_flag": "2", "facc": 5979.571819338785, "grod_id": 0, "hfalls_id": 0, "lakeflag": 0, "manual_add": 0, "max_width": 87, "meand_len": 1608.0108923051541, "n_chan_max": 1, "n_chan_mod": 1, "node_id": 81246000070251, "node_len": 200.17323213209602, "obstr_type": 0, "reach_id": 81246000071, "river_name": "Nenana River", "sinuosity": 1.11378711898888, "trib_flag": 0, "type": 1, "width": 87, "width_var": 140.13888888888889, "wse": 308.8500061035156, "wse_var": 0, "x": -149.11138999312405, "y": 64.00359605127363}}, {"type": "Feature", "geometry": {"type": "Point", "coordinates": [-149.11051099579825, 64.00522306499359]}, "id": "001b00000000000264a4", "properties": {"dist_out": 1754841, "edit_flag": "2", "facc": 5982.757578324298, "grod_id": 0, "hfalls_id": 0, "lakeflag": 0, "manual_add": 0, "max_width": 67, "meand_len": 1279.452684374495, "n_chan_max": 1, "n_chan_mod": 1, "node_id": 81246000070241, "node_len": 184.68745876065623, "obstr_type": 0, "reach_id": 81246000071, "river_name": "Nenana River", "sinuosity": 1.137306162978324, "trib_flag": 0, "type": 1, "width": 67, "width_var": 23.472222222222225, "wse": 308.1999969482422, "wse_var": 0.494993286207318, "x": -149.11051058761737, "y": 64.0052248371277}}, {"type": "Feature", "geometry": {"type": "Point", "coordinates": [-149.1118576443164, 64.00681942317073]}, "id": "001b00000000000264a5", "properties": {"dist_out": 1754636, "edit_flag": "2", "facc": 5985.943337309813, "grod_id": 0, "hfalls_id": 0, "lakeflag": 0, "manual_add": 0, "max_width": 42, "meand_len": 622.3362685131762, "n_chan_max": 1, "n_chan_mod": 1, "node_id": 81246000070231, "node_len": 204.56483115629817, "obstr_type": 0, "reach_id": 81246000071, "river_name": "Nenana River", "sinuosity": 1.184344250957212, "trib_flag": 0, "type": 1, "width": 42, "width_var": 56, "wse": 305.95001220703125, "wse_var": 0.642287292517722, "x": -149.11185859792053, "y": 64.00682123284236}}, {"type": "Feature", "geometry": {"type": "Point", "coordinates": [-149.11365466204094, 64.0084113222468]}, "id": "001b00000000000264a6", "properties": {"dist_out": 1754444, "edit_flag": "2", "facc": 5989.129096295326, "grod_id": 0, "hfalls_id": 0, "lakeflag": 0, "manual_add": 0, "max_width": 45, "meand_len": 604.7758712098239, "n_chan_max": 1, "n_chan_mod": 1, "node_id": 81246000070221, "node_len": 192.14906591277213, "obstr_type": 0, "reach_id": 81246000071, "river_name": "Nenana River", "sinuosity": 1.38092937513196, "trib_flag": 0, "type": 1, "width": 45, "width_var": 104, "wse": 303.25, "wse_var": 0.285634307941008, "x": -149.1136563661403, "y": 64.00841107281066}}, {"type": "Feature", "geometry": {"type": "Point", "coordinates": [-149.11521088830858, 64.01000322132288]}, "id": "001b00000000000264a7", "properties": {"dist_out": 1754233, "edit_flag": "2", "facc": 5992.31485528084, "grod_id": 0, "hfalls_id": 0, "lakeflag": 0, "manual_add": 0, "max_width": 51, "meand_len": 569.6550766031195, "n_chan_max": 1, "n_chan_mod": 1, "node_id": 81246000070211, "node_len": 191.39004455211398, "obstr_type": 0, "reach_id": 81246000071, "river_name": "Nenana River", "sinuosity": 1.774099623481458, "trib_flag": 0, "type": 1, "width": 51, "width_var": 92, "wse": 302.3999938964844, "wse_var": 0, "x": -149.11520908503618, "y": 64.01000446165743}}, {"type": "Feature", "geometry": {"type": "Point", "coordinates": [-149.1167804918794, 64.01159957950001]}, "id": "001b00000000000264a8", "properties": {"dist_out": 1754065, "edit_flag": "2", "facc": 5995.500614266354, "grod_id": 0, "hfalls_id": 0, "lakeflag": 0, "manual_add": 0, "max_width": 71, "meand_len": 569.6550766031195, "n_chan_max": 1, "n_chan_mod": 1, "node_id": 81246000070201, "node_len": 217.53865906188003, "obstr_type": 0, "reach_id": 81246000071, "river_name": "Nenana River", "sinuosity": 1.774099623481458, "trib_flag": 0, "type": 1, "width": 71, "width_var": 93.22222222222221, "wse": 301.8500061035156, "wse_var": 0.188055284321308, "x": -149.11678242639354, "y": 64.01159753383892}}, {"type": "Feature", "geometry": {"type": "Point", "coordinates": [-149.11957188913885, 64.01303986914027]}, "id": "001b00000000000264a9", "properties": {"dist_out": 1753832, "edit_flag": "2", "facc": 5998.155413420949, "grod_id": 0, "hfalls_id": 0, "lakeflag": 0, "manual_add": 0, "max_width": 42, "meand_len": 1573.6418049926901, "n_chan_max": 1, "n_chan_mod": 1, "node_id": 81246000070191, "node_len": 200.10906373823673, "obstr_type": 0, "reach_id": 81246000071, "river_name": "Nenana River", "sinuosity": 1.268663036443556, "trib_flag": 0, "type": 1, "width": 42, "width_var": 282.24, "wse": 301.3999938964844, "wse_var": 0, "x": -149.1195721702079, "y": 64.01303817493452}}, {"type": "Feature", "geometry": {"type": "Point", "coordinates": [-149.1221046585372, 64.01434638574894]}, "id": "001b00000000000264aa", "properties": {"dist_out": 1753650, "edit_flag": "2", "facc": 6000.810212575544, "grod_id": 0, "hfalls_id": 0, "lakeflag": 0, "manual_add": 0, "max_width": 48, "meand_len": 1975.2364963485181, "n_chan_max": 1, "n_chan_mod": 1, "node_id": 81246000070181, "node_len": 178.36159967878484, "obstr_type": 0, "reach_id": 81246000071, "river_name": "Nenana River", "sinuosity": 1.066488401628395, "trib_flag": 0, "type": 1, "width": 48, "width_var": 120.24000000000001, "wse": 301.3999938964844, "wse_var": 0, "x": -149.12210260161785, "y": 64.01434788967914}}, {"type": "Feature", "geometry": {"type": "Point", "coordinates": [-149.12408004030388, 64.01580005269236]}, "id": "001b00000000000264ab", "properties": {"dist_out": 1753464, "edit_flag": "2", "facc": 6003.995971561058, "grod_id": 0, "hfalls_id": 0, "lakeflag": 0, "manual_add": 0, "max_width": 51, "meand_len": 1975.2364963485181, "n_chan_max": 1, "n_chan_mod": 1, "node_id": 81246000070171, "node_len": 201.8901080456999, "obstr_type": 0, "reach_id": 81246000071, "river_name": "Nenana River", "sinuosity": 1.066488401628395, "trib_flag": 0, "type": 1, "width": 51, "width_var": 29, "wse": 301.3999938964844, "wse_var": 0, "x": -149.12407929308893, "y": 64.0158003288592}}, {"type": "Feature", "geometry": {"type": "Point", "coordinates": [-149.12608663577794, 64.01752126569899]}, "id": "001b00000000000264ac", "properties": {"dist_out": 1753233, "edit_flag": "2", "facc": 6007.712690377491, "grod_id": 0, "hfalls_id": 0, "lakeflag": 0, "manual_add": 0, "max_width": 42, "meand_len": 1975.2364963485181, "n_chan_max": 1, "n_chan_mod": 1, "node_id": 81246000070161, "node_len": 223.10691696629328, "obstr_type": 0, "reach_id": 81246000071, "river_name": "Nenana River", "sinuosity": 1.066488401628395, "trib_flag": 0, "type": 1, "width": 42, "width_var": 72, "wse": 301.3999938964844, "wse_var": 0.000305972993374, "x": -149.1260871712437, "y": 64.0175216208896}}, {"type": "Feature", "geometry": {"type": "Point", "coordinates": [-149.1263497227401, 64.01926923331196]}, "id": "001b00000000000264ad", "properties": {"dist_out": 1753041, "edit_flag": "2", "facc": 6010.898449363004, "grod_id": 0, "hfalls_id": 0, "lakeflag": 0, "manual_add": 0, "max_width": 67, "meand_len": 1975.2364963485184, "n_chan_max": 1, "n_chan_mod": 1, "node_id": 81246000070151, "node_len": 193.10691398006747, "obstr_type": 0, "reach_id": 81246000071, "river_name": "Nenana River", "sinuosity": 1.066488401628395, "trib_flag": 0, "type": 1, "width": 67, "width_var": 140.2222222222222, "wse": 301.20001220703125, "wse_var": 0.010555487746994, "x": -149.12634871291917, "y": 64.01926846493106}}, {"type": "Feature", "geometry": {"type": "Point", "coordinates": [-149.12491835130194, 64.02090572339856]}, "id": "001b00000000000264ae", "properties": {"dist_out": 1752871, "edit_flag": "2", "facc": 6014.084208348518, "grod_id": 0, "hfalls_id": 0, "lakeflag": 0, "manual_add": 0, "max_width": 75, "meand_len": 1695.1802571054118, "n_chan_max": 1, "n_chan_mod": 1, "node_id": 81246000070141, "node_len": 190.7959248377665, "obstr_type": 0, "reach_id": 81246000071, "river_name": "Nenana River", "sinuosity": 1.083267625553038, "trib_flag": 0, "type": 1, "width": 75, "width_var": 28.666666666666668, "wse": 301.0749969482422, "wse_var": 0.026177859994479, "x": -149.1249176524516, "y": 64.0209054131361}}, {"type": "Feature", "geometry": {"type": "Point", "coordinates": [-149.12461959153137, 64.02266260921361]}, "id": "001b00000000000264af", "properties": {"dist_out": 1752651, "edit_flag": "2", "facc": 6017.800927164951, "grod_id": 0, "hfalls_id": 0, "lakeflag": 0, "manual_add": 0, "max_width": 60, "meand_len": 1275.0958982407528, "n_chan_max": 1, "n_chan_mod": 1, "node_id": 81246000070131, "node_len": 211.18823495532524, "obstr_type": 0, "reach_id": 81246000071, "river_name": "Nenana River", "sinuosity": 1.108436461440002, "trib_flag": 0, "type": 1, "width": 60, "width_var": 6.122448979591838, "wse": 299.6500244140625, "wse_var": 0.466748445617909, "x": -149.1246183382164, "y": 64.0226604629107}}, {"type": "Feature", "geometry": {"type": "Point", "coordinates": [-149.12516360185987, 64.02440165862446]}, "id": "001b00000000000264b0", "properties": {"dist_out": 1752462, "edit_flag": "2", "facc": 6020.986686150464, "grod_id": 0, "hfalls_id": 0, "lakeflag": 0, "manual_add": 0, "max_width": 52.5, "meand_len": 1275.0958982407528, "n_chan_max": 1, "n_chan_mod": 1, "node_id": 81246000070121, "node_len": 183.56470357985927, "obstr_type": 0, "reach_id": 81246000071, "river_name": "Nenana River", "sinuosity": 1.108436461440002, "trib_flag": 0, "type": 1, "width": 52.5, "width_var": 54, "wse": 298.875, "wse_var": 0.007223782129586, "x": -149.1251632163437, "y": 64.02440316274888}}, {"type": "Feature", "geometry": {"type": "Point", "coordinates": [-149.12457054141976, 64.02616300354056]}, "id": "001b00000000000264b1", "properties": {"dist_out": 1752257, "edit_flag": "2", "facc": 6024.703404966897, "grod_id": 0, "hfalls_id": 0, "lakeflag": 0, "manual_add": 0, "max_width": 48, "meand_len": 1275.0958982407526, "n_chan_max": 1, "n_chan_mod": 1, "node_id": 81246000070111, "node_len": 216.40432976355078, "obstr_type": 0, "reach_id": 81246000071, "river_name": "Nenana River", "sinuosity": 1.108436461440002, "trib_flag": 0, "type": 1, "width": 48, "width_var": 140.77551020408163, "wse": 298.70001220703125, "wse_var": 0, "x": -149.1245688083955, "y": 64.02616252742946}}, {"type": "Feature", "geometry": {"type": "Point", "coordinates": [-149.12438771827658, 64.02791543025457]}, "id": "001b00000000000264b2", "properties": {"dist_out": 1752075, "edit_flag": "2", "facc": 6027.889163952412, "grod_id": 0, "hfalls_id": 0, "lakeflag": 0, "manual_add": 0, "max_width": 30, "meand_len": 405.8342573408424, "n_chan_max": 1, "n_chan_mod": 1, "node_id": 81246000070101, "node_len": 180.00000017601997, "obstr_type": 0, "reach_id": 81246000071, "river_name": "Nenana River", "sinuosity": 1.055163138972311, "trib_flag": 0, "type": 1, "width": 30, "width_var": 131.25, "wse": 298.70001220703125, "wse_var": 0, "x": -149.1243862841301, "y": 64.0279158665441}}, {"type": "Feature", "geometry": {"type": "Point", "coordinates": [-149.12486930119036, 64.02965893876647]}, "id": "001b00000000000264b3", "properties": {"dist_out": 1751861, "edit_flag": "2", "facc": 6031.605882768844, "grod_id": 0, "hfalls_id": 0, "lakeflag": 0, "manual_add": 0, "max_width": 54, "meand_len": 1335.474412667957, "n_chan_max": 1, "n_chan_mod": 1, "node_id": 81246000070091, "node_len": 213.56470446195453, "obstr_type": 0, "reach_id": 81246000071, "river_name": "Nenana River", "sinuosity": 1.189833394613629, "trib_flag": 0, "type": 1, "width": 54, "width_var": 93.42857142857143, "wse": 296.8000183105469, "wse_var": 0.478870924410163, "x": -149.12486990320576, "y": 64.02965946296425}}, {"type": "Feature", "geometry": {"type": "Point", "coordinates": [-149.12604204476742, 64.03125975604468]}, "id": "001b00000000000264b4", "properties": {"dist_out": 1751663, "edit_flag": "2", "facc": 6034.260681923439, "grod_id": 0, "hfalls_id": 0, "lakeflag": 0, "manual_add": 0, "max_width": 42, "meand_len": 1335.474412667957, "n_chan_max": 1, "n_chan_mod": 1, "node_id": 81246000070081, "node_len": 179.1199113376424, "obstr_type": 0, "reach_id": 81246000071, "river_name": "Nenana River", "sinuosity": 1.189833394613629, "trib_flag": 0, "type": 1, "width": 42, "width_var": 143.2, "wse": 296.75, "wse_var": 0.327000244185328, "x": -149.12604110593338, "y": 64.0312583306764}}, {"type": "Feature", "geometry": {"type": "Point", "coordinates": [-149.1288022283195, 64.03264653647227]}, "id": "001b00000000000264b5", "properties": {"dist_out": 1751453, "edit_flag": "2", "facc": 6037.446440908953, "grod_id": 0, "hfalls_id": 0, "lakeflag": 0, "manual_add": 0, "max_width": 63, "meand_len": 1335.474412667957, "n_chan_max": 1, "n_chan_mod": 1, "node_id": 81246000070071, "node_len": 224.40473523713445, "obstr_type": 0, "reach_id": 81246000071, "river_name": "Nenana River", "sinuosity": 1.189833394613629, "trib_flag": 0, "type": 1, "width": 63, "width_var": 208.25, "wse": 294.5, "wse_var": 0, "x": -149.12880057477798, "y": 64.03264539277005}}, {"type": "Feature", "geometry": {"type": "Point", "coordinates": [-149.13218668601905, 64.03353835668297]}, "id": "001b00000000000264b6", "properties": {"dist_out": 1751271, "edit_flag": "2", "facc": 6040.101240063548, "grod_id": 0, "hfalls_id": 0, "lakeflag": 0, "manual_add": 0, "max_width": 96, "meand_len": 1335.4744126679568, "n_chan_max": 1, "n_chan_mod": 1, "node_id": 81246000070061, "node_len": 173.01216464487152, "obstr_type": 0, "reach_id": 81246000071, "river_name": "Nenana River", "sinuosity": 1.189833394613629, "trib_flag": 0, "type": 1, "width": 96, "width_var": 1063.44, "wse": 294.5, "wse_var": 0, "x": -149.13218608924507, "y": 64.03353842086976}}, {"type": "Feature", "geometry": {"type": "Point", "coordinates": [-149.135517634506, 64.03454165442]}, "id": "001b00000000000264b7", "properties": {"dist_out": 1751070, "edit_flag": "2", "facc": 6043.286999049062, "grod_id": 0, "hfalls_id": 0, "lakeflag": 0, "manual_add": 0, "max_width": 63, "meand_len": 1249.7967632180919, "n_chan_max": 1, "n_chan_mod": 1, "node_id": 81246000070051, "node_len": 226.03486969066944, "obstr_type": 0, "reach_id": 81246000071, "river_name": "Nenana River", "sinuosity": 2.137982488780257, "trib_flag": 0, "type": 1, "width": 63, "width_var": 98, "wse": 294.5, "wse_var": 0, "x": -149.13551869661833, "y": 64.03453988286961}}, {"type": "Feature", "geometry": {"type": "Point", "coordinates": [-149.13882628748763, 64.0357768254118]}, "id": "001b00000000000264b8", "properties": {"dist_out": 1750859, "edit_flag": "2", "facc": 6046.472758034575, "grod_id": 0, "hfalls_id": 0, "lakeflag": 0, "manual_add": 0, "max_width": 118.5, "meand_len": 1232.661233328119, "n_chan_max": 1, "n_chan_mod": 1, "node_id": 81246000070041, "node_len": 195.8598244878849, "obstr_type": 0, "reach_id": 81246000071, "river_name": "Nenana River", "sinuosity": 2.327612307613582, "trib_flag": 0, "type": 1, "width": 118.5, "width_var": 1030.25, "wse": 294.4000244140625, "wse_var": 0.002221137285233, "x": -149.13882847545463, "y": 64.03577503041045}}, {"type": "Feature", "geometry": {"type": "Point", "coordinates": [-149.14175591687976, 64.03682917326041]}, "id": "001b00000000000264b9", "properties": {"dist_out": 1750670, "edit_flag": "2", "facc": 6049.65851702009, "grod_id": 0, "hfalls_id": 0, "lakeflag": 0, "manual_add": 0, "max_width": 58.5, "meand_len": 1232.661233328119, "n_chan_max": 1, "n_chan_mod": 1, "node_id": 81246000070031, "node_len": 193.0201828599893, "obstr_type": 0, "reach_id": 81246000071, "river_name": "Nenana River", "sinuosity": 2.327612307613583, "trib_flag": 0, "type": 1, "width": 58.5, "width_var": 104, "wse": 293.5, "wse_var": 0.035559895965788, "x": -149.14175586983637, "y": 64.03682721094475}}, {"type": "Feature", "geometry": {"type": "Point", "coordinates": [-149.14200116743768, 64.0384299905386]}, "id": "001b00000000000264ba", "properties": {"dist_out": 1750466, "edit_flag": "2", "facc": 6052.844276005603, "grod_id": 0, "hfalls_id": 0, "lakeflag": 0, "manual_add": 0, "max_width": 71.5, "meand_len": 1232.661233328119, "n_chan_max": 1, "n_chan_mod": 1, "node_id": 81246000070021, "node_len": 194.22895953787156, "obstr_type": 0, "reach_id": 81246000071, "river_name": "Nenana River", "sinuosity": 2.327612307613583, "trib_flag": 0, "type": 1, "width": 71.5, "width_var": 430.5833333333333, "wse": 293.5, "wse_var": 0, "x": -149.14200174454496, "y": 64.03843062139764}}, {"type": "Feature", "geometry": {"type": "Point", "coordinates": [-149.14101570610487, 64.0401734990505]}, "id": "001b00000000000264bb", "properties": {"dist_out": 1750253, "edit_flag": "2", "facc": 6056.560994822036, "grod_id": 0, "hfalls_id": 0, "lakeflag": 0, "manual_add": 0, "max_width": 36, "meand_len": 1232.661233328119, "n_chan_max": 1, "n_chan_mod": 1, "node_id": 81246000070011, "node_len": 201.96756830822414, "obstr_type": 0, "reach_id": 81246000071, "river_name": "Nenana River", "sinuosity": 2.327612307613583, "trib_flag": 0, "type": 1, "width": 36, "width_var": 70.53061224489795, "wse": 293.5, "wse_var": 1.404894820243424, "x": -149.14101470094283, "y": 64.04017275960103}}, {"type": "Feature", "geometry": {"type": "Point", "coordinates": [-148.9985652638515, 63.90231147178111]}, "id": "001b00000000000264be", "properties": {"dist_out": 1769154, "edit_flag": "NaN", "facc": 5351.259447865073, "grod_id": 0, "hfalls_id": 0, "lakeflag": 0, "manual_add": 0, "max_width": 87, "meand_len": 1705.7920521968736, "n_chan_max": 1, "n_chan_mod": 1, "node_id": 81246000090011, "node_len": 194.5926949269245, "obstr_type": 0, "reach_id": 81246000091, "river_name": "Nenana River", "sinuosity": 1.811064217259928, "trib_flag": 0, "type": 1, "width": 87, "width_var": 75.13888888888889, "wse": 358.1000061035156, "wse_var": 0.20056070966853, "x": -148.99856315388885, "y": 63.902311608769445}}, {"type": "Feature", "geometry": {"type": "Point", "coordinates": [-148.99835568610197, 63.900563504168154]}, "id": "001b00000000000264bf", "properties": {"dist_out": 1769367, "edit_flag": "NaN", "facc": 5346.556398287966, "grod_id": 0, "hfalls_id": 0, "lakeflag": 0, "manual_add": 0, "max_width": 51, "meand_len": 2060.6401663484394, "n_chan_max": 1, "n_chan_mod": 1, "node_id": 81246000090021, "node_len": 212.37646861995032, "obstr_type": 0, "reach_id": 81246000091, "river_name": "Nenana River", "sinuosity": 1.423653149494687, "trib_flag": 0, "type": 1, "width": 51, "width_var": 321.95918367346945, "wse": 359.4000244140625, "wse_var": 0.282858538042222, "x": -148.99835437905352, "y": 63.90056388001151}}, {"type": "Feature", "geometry": {"type": "Point", "coordinates": [-148.9984983773357, 63.898811077454155]}, "id": "001b00000000000264c0", "properties": {"dist_out": 1769548, "edit_flag": "NaN", "facc": 5341.069507114675, "grod_id": 0, "hfalls_id": 0, "lakeflag": 0, "manual_add": 0, "max_width": 63, "meand_len": 2060.6401663484394, "n_chan_max": 1, "n_chan_mod": 1, "node_id": 81246000090031, "node_len": 181.18823455788493, "obstr_type": 0, "reach_id": 81246000091, "river_name": "Nenana River", "sinuosity": 1.423653149494687, "trib_flag": 0, "type": 1, "width": 63, "width_var": 153.58333333333334, "wse": 360, "wse_var": 0, "x": -148.99849755953298, "y": 63.898811292361934}}, {"type": "Feature", "geometry": {"type": "Point", "coordinates": [-148.99775816656083, 63.89707202804331]}, "id": "001b00000000000264c1", "properties": {"dist_out": 1769774, "edit_flag": "NaN", "facc": 5336.366457537567, "grod_id": 0, "hfalls_id": 0, "lakeflag": 0, "manual_add": 0, "max_width": 63, "meand_len": 2060.6401663484394, "n_chan_max": 1, "n_chan_mod": 1, "node_id": 81246000090041, "node_len": 226.37575656807655, "obstr_type": 0, "reach_id": 81246000091, "river_name": "Nenana River", "sinuosity": 1.423653149494687, "trib_flag": 0, "type": 1, "width": 63, "width_var": 183.71428571428572, "wse": 360, "wse_var": 0, "x": -148.99775663269335, "y": 63.89707090662529}}, {"type": "Feature", "geometry": {"type": "Point", "coordinates": [-148.99592101692681, 63.89548012896723]}, "id": "001b00000000000264c2", "properties": {"dist_out": 1769957, "edit_flag": "NaN", "facc": 5330.879566364276, "grod_id": 0, "hfalls_id": 0, "lakeflag": 0, "manual_add": 0, "max_width": 87, "meand_len": 2060.6401663484394, "n_chan_max": 1, "n_chan_mod": 1, "node_id": 81246000090051, "node_len": 182.55294473474817, "obstr_type": 0, "reach_id": 81246000091, "river_name": "Nenana River", "sinuosity": 1.423653149494687, "trib_flag": 0, "type": 1, "width": 87, "width_var": 321.84000000000003, "wse": 360, "wse_var": 0.047398095726967, "x": -148.9959214523669, "y": 63.89548027187551}}, {"type": "Feature", "geometry": {"type": "Point", "coordinates": [-148.99323663809264, 63.894169153257515]}, "id": "001b00000000000264c3", "properties": {"dist_out": 1770169, "edit_flag": "NaN", "facc": 5326.960358383353, "grod_id": 0, "hfalls_id": 0, "lakeflag": 0, "manual_add": 0, "max_width": 84, "meand_len": 2060.6401663484394, "n_chan_max": 1, "n_chan_mod": 1, "node_id": 81246000090061, "node_len": 212.13204841803008, "obstr_type": 0, "reach_id": 81246000091, "river_name": "Nenana River", "sinuosity": 1.423653149494687, "trib_flag": 0, "type": 1, "width": 84, "width_var": 105.84, "wse": 361, "wse_var": 0.72461264654994, "x": -148.99323669020296, "y": 63.894170640431}}, {"type": "Feature", "geometry": {"type": "Point", "coordinates": [-148.99008851274888, 63.89286709574991]}, "id": "001b00000000000264c4", "properties": {"dist_out": 1770377, "edit_flag": "NaN", "facc": 5323.0411504024305, "grod_id": 0, "hfalls_id": 0, "lakeflag": 0, "manual_add": 0, "max_width": 63, "meand_len": 2060.6401663484394, "n_chan_max": 1, "n_chan_mod": 1, "node_id": 81246000090071, "node_len": 208.12438712849712, "obstr_type": 0, "reach_id": 81246000091, "river_name": "Nenana River", "sinuosity": 1.423653149494687, "trib_flag": 0, "type": 1, "width": 63, "width_var": 458.64, "wse": 363.6000061035156, "wse_var": 0.123394921943545, "x": -148.99008809033535, "y": 63.89286734088521}}, {"type": "Feature", "geometry": {"type": "Point", "coordinates": [-148.98665500493775, 63.891854879810786]}, "id": "001b00000000000264c5", "properties": {"dist_out": 1770570, "edit_flag": "NaN", "facc": 5319.121942421508, "grod_id": 0, "hfalls_id": 0, "lakeflag": 0, "manual_add": 0, "max_width": 551, "meand_len": 1969.3446821064056, "n_chan_max": 2, "n_chan_mod": 2, "node_id": 81246000090081, "node_len": 192.51210575537561, "obstr_type": 0, "reach_id": 81246000091, "river_name": "Nenana River", "sinuosity": 1.384567774556056, "trib_flag": 0, "type": 1, "width": 85, "width_var": 348.1388888888889, "wse": 364.5, "wse_var": 0, "x": -148.98665475792794, "y": 63.89185516168053}}, {"type": "Feature", "geometry": {"type": "Point", "coordinates": [-148.9829539510634, 63.89139559240228]}, "id": "001b00000000000264c6", "properties": {"dist_out": 1770772, "edit_flag": "NaN", "facc": 5314.418892844401, "grod_id": 0, "hfalls_id": 0, "lakeflag": 0, "manual_add": 0, "max_width": 551, "meand_len": 1604.1627451382687, "n_chan_max": 2, "n_chan_mod": 2, "node_id": 81246000090091, "node_len": 201.89012031538118, "obstr_type": 0, "reach_id": 81246000091, "river_name": "Nenana River", "sinuosity": 1.228226274801532, "trib_flag": 0, "type": 1, "width": 117.5, "width_var": 246.8888888888889, "wse": 365.6999969482422, "wse_var": 0.515560167143121, "x": -148.98295498343748, "y": 63.891394179686436}}, {"type": "Feature", "geometry": {"type": "Point", "coordinates": [-148.97923506078482, 63.89066429982952]}, "id": "001b00000000000264c7", "properties": {"dist_out": 1770980, "edit_flag": "NaN", "facc": 5309.715843267293, "grod_id": 0, "hfalls_id": 0, "lakeflag": 0, "manual_add": 0, "max_width": 52.5, "meand_len": 1604.162745138269, "n_chan_max": 1, "n_chan_mod": 1, "node_id": 81246000090101, "node_len": 208.75618792937507, "obstr_type": 0, "reach_id": 81246000091, "river_name": "Nenana River", "sinuosity": 1.228226274801532, "trib_flag": 0, "type": 1, "width": 52.5, "width_var": 698.5555555555555, "wse": 367.8000183105469, "wse_var": 0.672022467789551, "x": -148.97923637739135, "y": 63.890664038681734}}, {"type": "Feature", "geometry": {"type": "Point", "coordinates": [-148.97611369004738, 63.889692215799855]}, "id": "001b00000000000264c8", "properties": {"dist_out": 1771150, "edit_flag": "NaN", "facc": 5305.012793690186, "grod_id": 0, "hfalls_id": 0, "lakeflag": 0, "manual_add": 0, "max_width": 63, "meand_len": 1604.1627451382687, "n_chan_max": 1, "n_chan_mod": 1, "node_id": 81246000090111, "node_len": 169.70563849300152, "obstr_type": 0, "reach_id": 81246000091, "river_name": "Nenana River", "sinuosity": 1.228226274801532, "trib_flag": 0, "type": 1, "width": 63, "width_var": 0, "wse": 370, "wse_var": 3.10670783999376, "x": -148.9761121467949, "y": 63.88969227924278}}, {"type": "Feature", "geometry": {"type": "Point", "coordinates": [-148.97337134289953, 63.88838124009014]}, "id": "001b00000000000264c9", "properties": {"dist_out": 1771359, "edit_flag": "NaN", "facc": 5301.877427305448, "grod_id": 0, "hfalls_id": 0, "lakeflag": 0, "manual_add": 0, "max_width": 45, "meand_len": 1604.162745138269, "n_chan_max": 1, "n_chan_mod": 1, "node_id": 81246000090121, "node_len": 208.73597659916368, "obstr_type": 0, "reach_id": 81246000091, "river_name": "Nenana River", "sinuosity": 1.228226274801532, "trib_flag": 0, "type": 1, "width": 45, "width_var": 82.80555555555556, "wse": 376.75, "wse_var": 0.333688439309804, "x": -148.97337187393745, "y": 63.88838305328547}}, {"type": "Feature", "geometry": {"type": "Point", "coordinates": [-148.9730592058258, 63.88663773157824]}, "id": "001b00000000000264ca", "properties": {"dist_out": 1771591, "edit_flag": "NaN", "facc": 5297.174377728341, "grod_id": 0, "hfalls_id": 0, "lakeflag": 0, "manual_add": 0, "max_width": 30, "meand_len": 1498.2810276982732, "n_chan_max": 1, "n_chan_mod": 1, "node_id": 81246000090131, "node_len": 232.48351187258595, "obstr_type": 0, "reach_id": 81246000091, "river_name": "Nenana River", "sinuosity": 1.173212035698642, "trib_flag": 0, "type": 1, "width": 30, "width_var": 89.26530612244896, "wse": 371.70001220703125, "wse_var": 7.105691005190721, "x": -148.97306011487777, "y": 63.886636706978216}}, {"type": "Feature", "geometry": {"type": "Point", "coordinates": [-148.97530659275674, 63.88499232328953]}, "id": "001b00000000000264cb", "properties": {"dist_out": 1771778, "edit_flag": "NaN", "facc": 5291.68748655505, "grod_id": 0, "hfalls_id": 0, "lakeflag": 0, "manual_add": 0, "max_width": 551, "meand_len": 1233.576734098284, "n_chan_max": 2, "n_chan_mod": 2, "node_id": 81246000090141, "node_len": 186.56060406419692, "obstr_type": 0, "reach_id": 81246000091, "river_name": "Nenana River", "sinuosity": 1.035676437941419, "trib_flag": 0, "type": 1, "width": 63, "width_var": 113.75999999999999, "wse": 369.8500061035156, "wse_var": 0.21159775391221, "x": -148.97530497815876, "y": 63.88499014628663}}, {"type": "Feature", "geometry": {"type": "Point", "coordinates": [-148.97691632823702, 63.88348514713346]}, "id": "001b00000000000264cc", "properties": {"dist_out": 1771978, "edit_flag": "NaN", "facc": 5287.768278574127, "grod_id": 0, "hfalls_id": 0, "lakeflag": 0, "manual_add": 0, "max_width": 551, "meand_len": 1233.576734098284, "n_chan_max": 2, "n_chan_mod": 2, "node_id": 81246000090151, "node_len": 200.17323213232885, "obstr_type": 0, "reach_id": 81246000091, "river_name": "Nenana River", "sinuosity": 1.035676437941418, "trib_flag": 0, "type": 1, "width": 67.5, "width_var": 287, "wse": 369.5, "wse_var": 0.065000305185094, "x": -148.97691837628358, "y": 63.883486838987984}}, {"type": "Feature", "geometry": {"type": "Point", "coordinates": [-148.97832986327097, 63.881853116147894]}, "id": "001b00000000000264cd", "properties": {"dist_out": 1772166, "edit_flag": "NaN", "facc": 5283.065228997019, "grod_id": 0, "hfalls_id": 0, "lakeflag": 0, "manual_add": 0, "max_width": 78, "meand_len": 1233.576734098284, "n_chan_max": 1, "n_chan_mod": 1, "node_id": 81246000090161, "node_len": 187.89081894434867, "obstr_type": 0, "reach_id": 81246000091, "river_name": "Nenana River", "sinuosity": 1.035676437941418, "trib_flag": 0, "type": 1, "width": 78, "width_var": 77.80555555555556, "wse": 369.5, "wse_var": 0, "x": -148.97833088009142, "y": 63.88185159631339}}, {"type": "Feature", "geometry": {"type": "Point", "coordinates": [-148.97707685587494, 63.880261217071826]}, "id": "001b00000000000264ce", "properties": {"dist_out": 1772391, "edit_flag": "NaN", "facc": 5278.3621794199125, "grod_id": 0, "hfalls_id": 0, "lakeflag": 0, "manual_add": 0, "max_width": 79.5, "meand_len": 1494.3292070190075, "n_chan_max": 1, "n_chan_mod": 1, "node_id": 81246000090171, "node_len": 224.97935607265072, "obstr_type": 0, "reach_id": 81246000091, "river_name": "Nenana River", "sinuosity": 1.050686477590118, "trib_flag": 0, "type": 1, "width": 79.5, "width_var": 263.25, "wse": 369.5, "wse_var": 0, "x": -148.97707858923044, "y": 63.88026174679118}}, {"type": "Feature", "geometry": {"type": "Point", "coordinates": [-148.97354078873957, 63.87915981911161]}, "id": "001b00000000000264cf", "properties": {"dist_out": 1772586, "edit_flag": "NaN", "facc": 5273.659129842806, "grod_id": 0, "hfalls_id": 0, "lakeflag": 0, "manual_add": 0, "max_width": 65, "meand_len": 1494.3292070190075, "n_chan_max": 1, "n_chan_mod": 1, "node_id": 81246000090181, "node_len": 194.82380375767207, "obstr_type": 0, "reach_id": 81246000091, "river_name": "Nenana River", "sinuosity": 1.050686477590118, "trib_flag": 0, "type": 1, "width": 65, "width_var": 97.33333333333333, "wse": 369.5, "wse_var": 0, "x": -148.97353924729808, "y": 63.87916094955725}}, {"type": "Feature", "geometry": {"type": "Point", "coordinates": [-148.9701384946358, 63.87860689058099]}, "id": "001b00000000000264d0", "properties": {"dist_out": 1772762, "edit_flag": "NaN", "facc": 5268.956080265699, "grod_id": 0, "hfalls_id": 0, "lakeflag": 0, "manual_add": 0, "max_width": 63, "meand_len": 1494.3292070190075, "n_chan_max": 1, "n_chan_mod": 1, "node_id": 81246000090191, "node_len": 176.44519558977254, "obstr_type": 0, "reach_id": 81246000091, "river_name": "Nenana River", "sinuosity": 1.050686477590118, "trib_flag": 0, "type": 1, "width": 63, "width_var": 301.36, "wse": 369.5, "wse_var": 0, "x": -148.97014036286774, "y": 63.87860757698682}}, {"type": "Feature", "geometry": {"type": "Point", "coordinates": [-148.96696361468574, 63.87742968790288]}, "id": "001b00000000000264d1", "properties": {"dist_out": 1772986, "edit_flag": "NaN", "facc": 5265.036872284776, "grod_id": 0, "hfalls_id": 0, "lakeflag": 0, "manual_add": 0, "max_width": 58.5, "meand_len": 1421.2329869573232, "n_chan_max": 1, "n_chan_mod": 1, "node_id": 81246000090201, "node_len": 224.22104240834915, "obstr_type": 0, "reach_id": 81246000091, "river_name": "Nenana River", "sinuosity": 1.174171168245071, "trib_flag": 0, "type": 1, "width": 58.5, "width_var": 46.25, "wse": 369.5, "wse_var": 0, "x": -148.9669625561456, "y": 63.87742808742808}}, {"type": "Feature", "geometry": {"type": "Point", "coordinates": [-148.96479649157376, 63.87584224792786]}, "id": "001b00000000000264d2", "properties": {"dist_out": 1773177, "edit_flag": "NaN", "facc": 5260.333822707668, "grod_id": 0, "hfalls_id": 0, "lakeflag": 0, "manual_add": 0, "max_width": 61, "meand_len": 1055.7518866489027, "n_chan_max": 1, "n_chan_mod": 1, "node_id": 81246000090211, "node_len": 190.20180906962742, "obstr_type": 0, "reach_id": 81246000091, "river_name": "Nenana River", "sinuosity": 1.791594621519836, "trib_flag": 0, "type": 1, "width": 61, "width_var": 727.4722222222222, "wse": 369.5, "wse_var": 0, "x": -148.96479504355446, "y": 63.875841605463414}}, {"type": "Feature", "geometry": {"type": "Point", "coordinates": [-148.96415438102207, 63.874098739415956]}, "id": "001b00000000000264d3", "properties": {"dist_out": 1773391, "edit_flag": "NaN", "facc": 5255.6307731305615, "grod_id": 0, "hfalls_id": 0, "lakeflag": 0, "manual_add": 0, "max_width": 42, "meand_len": 1055.7518866489027, "n_chan_max": 1, "n_chan_mod": 1, "node_id": 81246000090221, "node_len": 214.68745884203418, "obstr_type": 0, "reach_id": 81246000091, "river_name": "Nenana River", "sinuosity": 1.791594621519836, "trib_flag": 0, "type": 1, "width": 42, "width_var": 128.20408163265307, "wse": 369.5, "wse_var": 0, "x": -148.96415271212456, "y": 63.87409973273752}}, {"type": "Feature", "geometry": {"type": "Point", "coordinates": [-148.96318675609345, 63.87236414910616]}, "id": "001b00000000000264d4", "properties": {"dist_out": 1773574, "edit_flag": "NaN", "facc": 5250.14388195727, "grod_id": 0, "hfalls_id": 0, "lakeflag": 0, "manual_add": 0, "max_width": 54, "meand_len": 1055.7518866489027, "n_chan_max": 1, "n_chan_mod": 1, "node_id": 81246000090231, "node_len": 182.3764693141493, "obstr_type": 0, "reach_id": 81246000091, "river_name": "Nenana River", "sinuosity": 1.791594621519836, "trib_flag": 0, "type": 1, "width": 54, "width_var": 157.88888888888889, "wse": 369.75, "wse_var": 0.547505798361575, "x": -148.96318792783816, "y": 63.8723622333693}}, {"type": "Feature", "geometry": {"type": "Point", "coordinates": [-148.96266950037125, 63.87062064059426]}, "id": "001b00000000000264d5", "properties": {"dist_out": 1773790, "edit_flag": "NaN", "facc": 5245.440832380163, "grod_id": 0, "hfalls_id": 0, "lakeflag": 0, "manual_add": 0, "max_width": 36, "meand_len": 1055.7518866489027, "n_chan_max": 1, "n_chan_mod": 1, "node_id": 81246000090241, "node_len": 216.40433104320164, "obstr_type": 0, "reach_id": 81246000091, "river_name": "Nenana River", "sinuosity": 1.791594621519836, "trib_flag": 0, "type": 1, "width": 36, "width_var": 17.632653061224488, "wse": 372, "wse_var": 0.745295958289382, "x": -148.9626707204043, "y": 63.87061865670477}}, {"type": "Feature", "geometry": {"type": "Point", "coordinates": [-148.9616216116237, 63.868881591183424]}, "id": "001b00000000000264d6", "properties": {"dist_out": 1773973, "edit_flag": "NaN", "facc": 5239.953941206872, "grod_id": 0, "hfalls_id": 0, "lakeflag": 0, "manual_add": 0, "max_width": 48, "meand_len": 1253.3717356639359, "n_chan_max": 1, "n_chan_mod": 1, "node_id": 81246000090251, "node_len": 182.97058661110805, "obstr_type": 0, "reach_id": 81246000091, "river_name": "Nenana River", "sinuosity": 1.580125531308636, "trib_flag": 0, "type": 1, "width": 48, "width_var": 106.80555555555556, "wse": 375.5, "wse_var": 0.401394653341009, "x": -148.9616218939647, "y": 63.86888228863174}}, {"type": "Feature", "geometry": {"type": "Point", "coordinates": [-148.96023037209505, 63.86728523300629]}, "id": "001b00000000000264d7", "properties": {"dist_out": 1774194, "edit_flag": "NaN", "facc": 5235.250891629764, "grod_id": 0, "hfalls_id": 0, "lakeflag": 0, "manual_add": 0, "max_width": 75, "meand_len": 1648.6114336940025, "n_chan_max": 2, "n_chan_mod": 1, "node_id": 81246000090261, "node_len": 220.97169175574982, "obstr_type": 0, "reach_id": 81246000091, "river_name": "Nenana River", "sinuosity": 1.157187350886235, "trib_flag": 0, "type": 1, "width": 75, "width_var": 362.25, "wse": 375.5, "wse_var": 0.626455841094462, "x": -148.96022814872467, "y": 63.86728524769645}}, {"type": "Feature", "geometry": {"type": "Point", "coordinates": [-148.9575014022503, 63.865907370780775]}, "id": "001b00000000000264d8", "properties": {"dist_out": 1774371, "edit_flag": "NaN", "facc": 5230.547842052657, "grod_id": 0, "hfalls_id": 0, "lakeflag": 0, "manual_add": 0, "max_width": 551, "meand_len": 1648.6114336940022, "n_chan_max": 2, "n_chan_mod": 2, "node_id": 81246000090271, "node_len": 176.80892609722105, "obstr_type": 0, "reach_id": 81246000091, "river_name": "Nenana River", "sinuosity": 1.157187350886235, "trib_flag": 0, "type": 1, "width": 69, "width_var": 105.04, "wse": 378.45001220703125, "wse_var": 0.16040541999042, "x": -148.95750220338522, "y": 63.8659055297631}}, {"type": "Feature", "geometry": {"type": "Point", "coordinates": [-148.95424179938027, 63.86489069574059]}, "id": "001b00000000000264d9", "properties": {"dist_out": 1774602, "edit_flag": "NaN", "facc": 5226.628634071734, "grod_id": 0, "hfalls_id": 0, "lakeflag": 0, "manual_add": 0, "max_width": 76.5, "meand_len": 1648.6114336940025, "n_chan_max": 2, "n_chan_mod": 1, "node_id": 81246000090281, "node_len": 231.6617428048885, "obstr_type": 0, "reach_id": 81246000091, "river_name": "Nenana River", "sinuosity": 1.157187350886235, "trib_flag": 0, "type": 1, "width": 76.5, "width_var": 100.25, "wse": 378.79998779296875, "wse_var": 0.403055759043329, "x": -148.95423996998466, "y": 63.86488851248916}}, {"type": "Feature", "geometry": {"type": "Point", "coordinates": [-148.95125420167443, 63.86349945621191]}, "id": "001b00000000000264da", "properties": {"dist_out": 1774795, "edit_flag": "NaN", "facc": 5221.925584494627, "grod_id": 0, "hfalls_id": 0, "lakeflag": 0, "manual_add": 0, "max_width": 75, "meand_len": 1648.6114336940025, "n_chan_max": 1, "n_chan_mod": 1, "node_id": 81246000090291, "node_len": 192.09373686546587, "obstr_type": 0, "reach_id": 81246000091, "river_name": "Nenana River", "sinuosity": 1.157187350886235, "trib_flag": 0, "type": 1, "width": 75, "width_var": 19.439999999999998, "wse": 380.5, "wse_var": 0, "x": -148.95125353112266, "y": 63.86350143020015}}, {"type": "Feature", "geometry": {"type": "Point", "coordinates": [-148.9490558648551, 63.86205024836954]}, "id": "001b00000000000264db", "properties": {"dist_out": 1774986, "edit_flag": "NaN", "facc": 5218.006376513705, "grod_id": 0, "hfalls_id": 0, "lakeflag": 0, "manual_add": 0, "max_width": 67, "meand_len": 1613.8346391729908, "n_chan_max": 1, "n_chan_mod": 1, "node_id": 81246000090301, "node_len": 191.39004359150385, "obstr_type": 0, "reach_id": 81246000091, "river_name": "Nenana River", "sinuosity": 1.108328214037804, "trib_flag": 0, "type": 1, "width": 67, "width_var": 184.66666666666666, "wse": 380.5, "wse_var": 0, "x": -148.9490566420483, "y": 63.86204978616184}}, {"type": "Feature", "geometry": {"type": "Point", "coordinates": [-148.94808378082544, 63.8603111989587]}, "id": "001b00000000000264dc", "properties": {"dist_out": 1775198, "edit_flag": "NaN", "facc": 5213.303326936598, "grod_id": 0, "hfalls_id": 0, "lakeflag": 0, "manual_add": 0, "max_width": 45, "meand_len": 1587.7520432822325, "n_chan_max": 1, "n_chan_mod": 1, "node_id": 81246000090311, "node_len": 211.78235201200823, "obstr_type": 0, "reach_id": 81246000091, "river_name": "Nenana River", "sinuosity": 1.071683861401481, "trib_flag": 0, "type": 1, "width": 45, "width_var": 106.77551020408164, "wse": 380.5, "wse_var": 0.00204106545722, "x": -148.94808449727012, "y": 63.86031229688506}}, {"type": "Feature", "geometry": {"type": "Point", "coordinates": [-148.94804364891598, 63.85856323134575]}, "id": "001b00000000000264dd", "properties": {"dist_out": 1775386, "edit_flag": "NaN", "facc": 5207.816435763306, "grod_id": 0, "hfalls_id": 0, "lakeflag": 0, "manual_add": 0, "max_width": 45, "meand_len": 1587.7520432822323, "n_chan_max": 1, "n_chan_mod": 1, "node_id": 81246000090321, "node_len": 188.48493571201652, "obstr_type": 0, "reach_id": 81246000091, "river_name": "Nenana River", "sinuosity": 1.071683861401481, "trib_flag": 0, "type": 1, "width": 45, "width_var": 128.25, "wse": 380.70001220703125, "wse_var": 0, "x": -148.9480418579524, "y": 63.85856228372463}}, {"type": "Feature", "geometry": {"type": "Point", "coordinates": [-148.9496578434973, 63.85692674125914]}, "id": "001b00000000000264de", "properties": {"dist_out": 1775606, "edit_flag": "NaN", "facc": 5203.113386186199, "grod_id": 0, "hfalls_id": 0, "lakeflag": 0, "manual_add": 0, "max_width": 42, "meand_len": 1587.7520432822323, "n_chan_max": 1, "n_chan_mod": 1, "node_id": 81246000090331, "node_len": 220.21337709347245, "obstr_type": 0, "reach_id": 81246000091, "river_name": "Nenana River", "sinuosity": 1.071683861401481, "trib_flag": 0, "type": 1, "width": 42, "width_var": 160.13888888888889, "wse": 380.9250183105469, "wse_var": 0.451385837177642, "x": -148.94965809306936, "y": 63.856924573451835}}, {"type": "Feature", "geometry": {"type": "Point", "coordinates": [-148.95218169469356, 63.855432942406225]}, "id": "001b00000000000264df", "properties": {"dist_out": 1775785, "edit_flag": "NaN", "facc": 5198.410336609091, "grod_id": 0, "hfalls_id": 0, "lakeflag": 0, "manual_add": 0, "max_width": 63, "meand_len": 1410.7703877773918, "n_chan_max": 1, "n_chan_mod": 1, "node_id": 81246000090341, "node_len": 178.55057262805803, "obstr_type": 0, "reach_id": 81246000091, "river_name": "Nenana River", "sinuosity": 1.391088191425362, "trib_flag": 0, "type": 1, "width": 63, "width_var": 105.84, "wse": 383.6500244140625, "wse_var": 0.282005126997828, "x": -148.95218346701958, "y": 63.85543077984994}}, {"type": "Feature", "geometry": {"type": "Point", "coordinates": [-148.9539787124181, 63.85403278467545]}, "id": "001b00000000000264e0", "properties": {"dist_out": 1776001, "edit_flag": "NaN", "facc": 5194.4911286281695, "grod_id": 0, "hfalls_id": 0, "lakeflag": 0, "manual_add": 0, "max_width": 63, "meand_len": 1056.8070767677102, "n_chan_max": 1, "n_chan_mod": 1, "node_id": 81246000090351, "node_len": 216.5059869478, "obstr_type": 0, "reach_id": 81246000091, "river_name": "Nenana River", "sinuosity": 2.029896851473123, "trib_flag": 0, "type": 1, "width": 63, "width_var": 118.12244897959184, "wse": 383.70001220703125, "wse_var": 0.041328772750436, "x": -148.95398030627297, "y": 63.85403066308908}}, {"type": "Feature", "geometry": {"type": "Point", "coordinates": [-148.95265881850628, 63.85244088559937]}, "id": "001b00000000000264e1", "properties": {"dist_out": 1776186, "edit_flag": "NaN", "facc": 5189.0042374548775, "grod_id": 0, "hfalls_id": 0, "lakeflag": 0, "manual_add": 0, "max_width": 84, "meand_len": 1056.8070767677102, "n_chan_max": 1, "n_chan_mod": 1, "node_id": 81246000090361, "node_len": 184.18308241542218, "obstr_type": 0, "reach_id": 81246000091, "river_name": "Nenana River", "sinuosity": 2.029896851473123, "trib_flag": 0, "type": 1, "width": 84, "width_var": 194.4, "wse": 385.3000183105469, "wse_var": 0.068602392598987, "x": -148.9526597089574, "y": 63.85244026513935}}, {"type": "Feature", "geometry": {"type": "Point", "coordinates": [-148.94992093045946, 63.85129043752758]}, "id": "001b00000000000264e2", "properties": {"dist_out": 1776382, "edit_flag": "NaN", "facc": 5185.085029473955, "grod_id": 0, "hfalls_id": 0, "lakeflag": 0, "manual_add": 0, "max_width": 84, "meand_len": 1056.8070767677102, "n_chan_max": 2, "n_chan_mod": 1, "node_id": 81246000090371, "node_len": 196.10140276575112, "obstr_type": 0, "reach_id": 81246000091, "river_name": "Nenana River", "sinuosity": 2.029896851473123, "trib_flag": 0, "type": 1, "width": 84, "width_var": 105.84, "wse": 387.79998779296875, "wse_var": 1.191991699263453, "x": -148.9499190918626, "y": 63.851292233896515}}, {"type": "Feature", "geometry": {"type": "Point", "coordinates": [-148.9467861824189, 63.850095398445255]}, "id": "001b00000000000264e3", "properties": {"dist_out": 1776594, "edit_flag": "NaN", "facc": 5181.165821493032, "grod_id": 0, "hfalls_id": 0, "lakeflag": 0, "manual_add": 0, "max_width": 127, "meand_len": 1056.8070767677102, "n_chan_max": 2, "n_chan_mod": 1, "node_id": 81246000090381, "node_len": 212.1320476708288, "obstr_type": 0, "reach_id": 81246000091, "river_name": "Nenana River", "sinuosity": 2.029896851473123, "trib_flag": 0, "type": 1, "width": 127, "width_var": 257.2, "wse": 388.5, "wse_var": 0, "x": -148.94678475446435, "y": 63.850095591509614}}, {"type": "Feature", "geometry": {"type": "Point", "coordinates": [-148.94364697527726, 63.84882455464503]}, "id": "001b00000000000264e4", "properties": {"dist_out": 1776791, "edit_flag": "NaN", "facc": 5177.246613512109, "grod_id": 0, "hfalls_id": 0, "lakeflag": 0, "manual_add": 0, "max_width": 551, "meand_len": 1056.8070767677102, "n_chan_max": 2, "n_chan_mod": 2, "node_id": 81246000090391, "node_len": 196.67603004626653, "obstr_type": 0, "reach_id": 81246000091, "river_name": "Nenana River", "sinuosity": 2.029896851473123, "trib_flag": 0, "type": 1, "width": 84, "width_var": 261.36, "wse": 388.5, "wse_var": 0, "x": -148.9436454790542, "y": 63.84882354021429}}, {"type": "Feature", "geometry": {"type": "Point", "coordinates": [-148.94024468117348, 63.84786584791854]}, "id": "001b00000000000264e5", "properties": {"dist_out": 1776992, "edit_flag": "NaN", "facc": 5173.327405531187, "grod_id": 0, "hfalls_id": 0, "lakeflag": 0, "manual_add": 0, "max_width": 551, "meand_len": 1030.4366348501937, "n_chan_max": 2, "n_chan_mod": 2, "node_id": 81246000090401, "node_len": 201.2092643396045, "obstr_type": 0, "reach_id": 81246000091, "river_name": "Nenana River", "sinuosity": 1.711222937072125, "trib_flag": 0, "type": 1, "width": 90, "width_var": 121.55555555555556, "wse": 388.5, "wse_var": 0.003126017335388, "x": -148.94024347850117, "y": 63.84786736069827}}, {"type": "Feature", "geometry": {"type": "Point", "coordinates": [-148.93879101423005, 63.84656824951198]}, "id": "001b00000000000264e6", "properties": {"dist_out": 1777211, "edit_flag": "NaN", "facc": 5168.62435595408, "grod_id": 0, "hfalls_id": 0, "lakeflag": 0, "manual_add": 0, "max_width": 90, "meand_len": 1025.1625464666906, "n_chan_max": 2, "n_chan_mod": 1, "node_id": 81246000090411, "node_len": 219.4455113348131, "obstr_type": 0, "reach_id": 81246000091, "river_name": "Nenana River", "sinuosity": 1.647488154191925, "trib_flag": 0, "type": 1, "width": 90, "width_var": 140.25, "wse": 388.8000183105469, "wse_var": 0.003124745692023, "x": -148.93879106652335, "y": 63.84656717644312}}, {"type": "Feature", "geometry": {"type": "Point", "coordinates": [-148.9415556568832, 63.84507890976014]}, "id": "001b00000000000264e7", "properties": {"dist_out": 1777408, "edit_flag": "NaN", "facc": 5163.921306376973, "grod_id": 0, "hfalls_id": 0, "lakeflag": 0, "manual_add": 0, "max_width": 63, "meand_len": 1025.1625464666906, "n_chan_max": 1, "n_chan_mod": 1, "node_id": 81246000090421, "node_len": 196.67602738439746, "obstr_type": 0, "reach_id": 81246000091, "river_name": "Nenana River", "sinuosity": 1.647488154191926, "trib_flag": 0, "type": 1, "width": 63, "width_var": 176.4, "wse": 388.8500061035156, "wse_var": 0.196599218770862, "x": -148.94155662254158, "y": 63.84508111358249}}, {"type": "Feature", "geometry": {"type": "Point", "coordinates": [-148.94484201435958, 63.84404439831573]}, "id": "001b00000000000264e8", "properties": {"dist_out": 1777612, "edit_flag": "NaN", "facc": 5160.00209839605, "grod_id": 0, "hfalls_id": 0, "lakeflag": 0, "manual_add": 0, "max_width": 48, "meand_len": 1025.1625464666906, "n_chan_max": 1, "n_chan_mod": 1, "node_id": 81246000090431, "node_len": 204.56483958998797, "obstr_type": 0, "reach_id": 81246000091, "river_name": "Nenana River", "sinuosity": 1.647488154191925, "trib_flag": 0, "type": 1, "width": 48, "width_var": 90, "wse": 394.32501220703125, "wse_var": 0.764518415684708, "x": -148.94484102119716, "y": 63.84404406626913}}, {"type": "Feature", "geometry": {"type": "Point", "coordinates": [-148.94845834531392, 63.843437960572466]}, "id": "001b00000000000264e9", "properties": {"dist_out": 1777801, "edit_flag": "NaN", "facc": 5155.2990488189425, "grod_id": 0, "hfalls_id": 0, "lakeflag": 0, "manual_add": 0, "max_width": 39, "meand_len": 572.7979918330324, "n_chan_max": 1, "n_chan_mod": 1, "node_id": 81246000090441, "node_len": 188.71533713950157, "obstr_type": 0, "reach_id": 81246000091, "river_name": "Nenana River", "sinuosity": 1.247984793650943, "trib_flag": 0, "type": 1, "width": 39, "width_var": 33, "wse": 394.70001220703125, "wse_var": 0, "x": -148.94846012741982, "y": 63.84343873297374}}, {"type": "Feature", "geometry": {"type": "Point", "coordinates": [-148.9520612989651, 63.84345133787562]}, "id": "001b00000000000264ea", "properties": {"dist_out": 1778002, "edit_flag": "NaN", "facc": 5150.595999241836, "grod_id": 0, "hfalls_id": 0, "lakeflag": 0, "manual_add": 0, "max_width": 43.5, "meand_len": 620.3176298102352, "n_chan_max": 1, "n_chan_mod": 1, "node_id": 81246000090451, "node_len": 200.84481872463948, "obstr_type": 0, "reach_id": 81246000091, "river_name": "Nenana River", "sinuosity": 1.025002196065572, "trib_flag": 0, "type": 1, "width": 43.5, "width_var": 107, "wse": 394.70001220703125, "wse_var": 0, "x": -148.95206099354107, "y": 63.84345299513138}}, {"type": "Feature", "geometry": {"type": "Point", "coordinates": [-148.95408127174233, 63.841917407113236]}, "id": "001b00000000000264eb", "properties": {"dist_out": 1778217, "edit_flag": "NaN", "facc": 5145.892949664729, "grod_id": 0, "hfalls_id": 0, "lakeflag": 0, "manual_add": 0, "max_width": 54, "meand_len": 2460.4778864240175, "n_chan_max": 1, "n_chan_mod": 1, "node_id": 81246000090461, "node_len": 215.28157494185325, "obstr_type": 0, "reach_id": 81246000091, "river_name": "Nenana River", "sinuosity": 1.129357214237015, "trib_flag": 0, "type": 1, "width": 54, "width_var": 107.95918367346938, "wse": 394.70001220703125, "wse_var": 0, "x": -148.9540812772986, "y": 63.841917497800516}}, {"type": "Feature", "geometry": {"type": "Point", "coordinates": [-148.95471892319296, 63.840156062197124]}, "id": "001b00000000000264ec", "properties": {"dist_out": 1778404, "edit_flag": "NaN", "facc": 5140.406058491437, "grod_id": 0, "hfalls_id": 0, "lakeflag": 0, "manual_add": 0, "max_width": 58.5, "meand_len": 2460.4778864240175, "n_chan_max": 1, "n_chan_mod": 1, "node_id": 81246000090471, "node_len": 186.99844697798108, "obstr_type": 0, "reach_id": 81246000091, "river_name": "Nenana River", "sinuosity": 1.129357214237015, "trib_flag": 0, "type": 1, "width": 58.5, "width_var": 78.22222222222221, "wse": 394.75, "wse_var": 0.001180826893283, "x": -148.9547203859607, "y": 63.840158260991835}}, {"type": "Feature", "geometry": {"type": "Point", "coordinates": [-148.95582923935527, 63.83852849031262]}, "id": "001b00000000000264ed", "properties": {"dist_out": 1778594, "edit_flag": "NaN", "facc": 5135.70300891433, "grod_id": 0, "hfalls_id": 0, "lakeflag": 0, "manual_add": 0, "max_width": 48, "meand_len": 2460.4778864240175, "n_chan_max": 1, "n_chan_mod": 1, "node_id": 81246000090481, "node_len": 189.67316997950365, "obstr_type": 0, "reach_id": 81246000091, "river_name": "Nenana River", "sinuosity": 1.129357214237015, "trib_flag": 0, "type": 1, "width": 48, "width_var": 56, "wse": 395.3000183105469, "wse_var": 0.013888888888889, "x": -148.95582730871894, "y": 63.83852735178824}}, {"type": "Feature", "geometry": {"type": "Point", "coordinates": [-148.9565649910291, 63.836767145396514]}, "id": "001b00000000000264ee", "properties": {"dist_out": 1778808, "edit_flag": "NaN", "facc": 5130.999959337223, "grod_id": 0, "hfalls_id": 0, "lakeflag": 0, "manual_add": 0, "max_width": 45, "meand_len": 2460.4778864240175, "n_chan_max": 1, "n_chan_mod": 1, "node_id": 81246000090491, "node_len": 214.09334085386035, "obstr_type": 0, "reach_id": 81246000091, "river_name": "Nenana River", "sinuosity": 1.129357214237015, "trib_flag": 0, "type": 1, "width": 45, "width_var": 155.26530612244895, "wse": 398.45001220703125, "wse_var": 1.642035547377808, "x": -148.95656490859938, "y": 63.836766771635325}}, {"type": "Feature", "geometry": {"type": "Point", "coordinates": [-148.95680132338492, 63.834876486549845]}, "id": "001b00000000000264ef", "properties": {"dist_out": 1779025, "edit_flag": "NaN", "facc": 5125.513068163931, "grod_id": 0, "hfalls_id": 0, "lakeflag": 0, "manual_add": 0, "max_width": 30, "meand_len": 2460.4778864240175, "n_chan_max": 1, "n_chan_mod": 1, "node_id": 81246000090501, "node_len": 216.99844699812638, "obstr_type": 0, "reach_id": 81246000091, "river_name": "Nenana River", "sinuosity": 1.129357214237015, "trib_flag": 0, "type": 1, "width": 30, "width_var": 7.346938775510204, "wse": 403.3500061035156, "wse_var": 19.81530649614121, "x": -148.95679974749655, "y": 63.83487833259692}}, {"type": "Feature", "geometry": {"type": "Point", "coordinates": [-148.95801419887147, 63.83314635534111]}, "id": "001b00000000000264f0", "properties": {"dist_out": 1779219, "edit_flag": "NaN", "facc": 5120.026176990639, "grod_id": 0, "hfalls_id": 0, "lakeflag": 0, "manual_add": 0, "max_width": 54, "meand_len": 2460.4778864240175, "n_chan_max": 1, "n_chan_mod": 1, "node_id": 81246000090511, "node_len": 194.1429394924089, "obstr_type": 0, "reach_id": 81246000091, "river_name": "Nenana River", "sinuosity": 1.129357214237015, "trib_flag": 0, "type": 1, "width": 54, "width_var": 194.80555555555557, "wse": 412.3999938964844, "wse_var": 0.26889187283814, "x": -148.95801555731853, "y": 63.833147175200956}}, {"type": "Feature", "geometry": {"type": "Point", "coordinates": [-148.9611132741036, 63.83240614456623]}, "id": "001b00000000000264f1", "properties": {"dist_out": 1779400, "edit_flag": "NaN", "facc": 5115.323127413532, "grod_id": 0, "hfalls_id": 0, "lakeflag": 0, "manual_add": 0, "max_width": 54, "meand_len": 2278.9486496345207, "n_chan_max": 1, "n_chan_mod": 1, "node_id": 81246000090521, "node_len": 180.5941372477464, "obstr_type": 0, "reach_id": 81246000091, "river_name": "Nenana River", "sinuosity": 1.126651381272029, "trib_flag": 0, "type": 1, "width": 54, "width_var": 121.25, "wse": 416.5500183105469, "wse_var": 0.42249206546694, "x": -148.96111520516828, "y": 63.83240490255608}}, {"type": "Feature", "geometry": {"type": "Point", "coordinates": [-148.96508187404118, 63.832419521869404]}, "id": "001b00000000000264f2", "properties": {"dist_out": 1779612, "edit_flag": "NaN", "facc": 5110.6200778364255, "grod_id": 0, "hfalls_id": 0, "lakeflag": 0, "manual_add": 0, "max_width": 45, "meand_len": 1552.8317024765345, "n_chan_max": 1, "n_chan_mod": 1, "node_id": 81246000090531, "node_len": 212.3764922182745, "obstr_type": 0, "reach_id": 81246000091, "river_name": "Nenana River", "sinuosity": 1.115828049412088, "trib_flag": 0, "type": 1, "width": 45, "width_var": 162.24489795918367, "wse": 417.20001220703125, "wse_var": 0, "x": -148.96508063303938, "y": 63.83241900622028}}, {"type": "Feature", "geometry": {"type": "Point", "coordinates": [-148.96865361398497, 63.832067252886176]}, "id": "001b00000000000264f3", "properties": {"dist_out": 1779801, "edit_flag": "NaN", "facc": 5105.1331866631335, "grod_id": 0, "hfalls_id": 0, "lakeflag": 0, "manual_add": 0, "max_width": 36, "meand_len": 1552.8317024765345, "n_chan_max": 1, "n_chan_mod": 1, "node_id": 81246000090541, "node_len": 188.56311022870977, "obstr_type": 0, "reach_id": 81246000091, "river_name": "Nenana River", "sinuosity": 1.115828049412088, "trib_flag": 0, "type": 1, "width": 36, "width_var": 24, "wse": 417.20001220703125, "wse_var": 0, "x": -148.9686546675343, "y": 63.832068979716446}}, {"type": "Feature", "geometry": {"type": "Point", "coordinates": [-148.96889440544186, 63.83053778122485]}, "id": "001b00000000000264f4", "properties": {"dist_out": 1779998, "edit_flag": "NaN", "facc": 5100.430137086027, "grod_id": 0, "hfalls_id": 0, "lakeflag": 0, "manual_add": 0, "max_width": 48, "meand_len": 1552.8317024765345, "n_chan_max": 1, "n_chan_mod": 1, "node_id": 81246000090551, "node_len": 196.90368429821865, "obstr_type": 0, "reach_id": 81246000091, "river_name": "Nenana River", "sinuosity": 1.115828049412088, "trib_flag": 0, "type": 1, "width": 48, "width_var": 63.22222222222221, "wse": 417.20001220703125, "wse_var": 0, "x": -148.96889343338228, "y": 63.83053955796902}}, {"type": "Feature", "geometry": {"type": "Point", "coordinates": [-148.96665147761198, 63.82908857338248]}, "id": "001b00000000000264f5", "properties": {"dist_out": 1780206, "edit_flag": "NaN", "facc": 5095.72708750892, "grod_id": 0, "hfalls_id": 0, "lakeflag": 0, "manual_add": 0, "max_width": 63, "meand_len": 1552.8317024765345, "n_chan_max": 1, "n_chan_mod": 1, "node_id": 81246000090561, "node_len": 208.1243858633443, "obstr_type": 0, "reach_id": 81246000091, "river_name": "Nenana River", "sinuosity": 1.115828049412088, "trib_flag": 0, "type": 1, "width": 63, "width_var": 246.95999999999998, "wse": 417.20001220703125, "wse_var": 0, "x": -148.96665356779073, "y": 63.82908877484029}}, {"type": "Feature", "geometry": {"type": "Point", "coordinates": [-148.96344538395456, 63.82765274284327]}, "id": "001b00000000000264f6", "properties": {"dist_out": 1780425, "edit_flag": "NaN", "facc": 5091.807879527997, "grod_id": 0, "hfalls_id": 0, "lakeflag": 0, "manual_add": 0, "max_width": 61.5, "meand_len": 2174.3524270370185, "n_chan_max": 1, "n_chan_mod": 1, "node_id": 81246000090571, "node_len": 218.85139661554422, "obstr_type": 0, "reach_id": 81246000091, "river_name": "Nenana River", "sinuosity": 1.04279868340398, "trib_flag": 0, "type": 1, "width": 61.5, "width_var": 166.55555555555557, "wse": 417.20001220703125, "wse_var": 0, "x": -148.9634472776336, "y": 63.82765109675552}}, {"type": "Feature", "geometry": {"type": "Point", "coordinates": [-148.9631912151945, 63.82603854826191]}, "id": "001b00000000000264f7", "properties": {"dist_out": 1780633, "edit_flag": "NaN", "facc": 5087.104829950889, "grod_id": 0, "hfalls_id": 0, "lakeflag": 0, "manual_add": 0, "max_width": 51, "meand_len": 2298.656571949115, "n_chan_max": 1, "n_chan_mod": 1, "node_id": 81246000090581, "node_len": 207.99786187107748, "obstr_type": 0, "reach_id": 81246000091, "river_name": "Nenana River", "sinuosity": 1.028192810202358, "trib_flag": 0, "type": 1, "width": 51, "width_var": 144.2222222222222, "wse": 417.20001220703125, "wse_var": 0, "x": -148.96319265000565, "y": 63.826038615202776}}, {"type": "Feature", "geometry": {"type": "Point", "coordinates": [-148.96505066033382, 63.824397599074246]}, "id": "001b00000000000264f8", "properties": {"dist_out": 1780824, "edit_flag": "NaN", "facc": 5082.4017803737825, "grod_id": 0, "hfalls_id": 0, "lakeflag": 0, "manual_add": 0, "max_width": 42, "meand_len": 2298.656571949115, "n_chan_max": 1, "n_chan_mod": 1, "node_id": 81246000090591, "node_len": 191.39004204007506, "obstr_type": 0, "reach_id": 81246000091, "river_name": "Nenana River", "sinuosity": 1.028192810202358, "trib_flag": 0, "type": 1, "width": 42, "width_var": 32, "wse": 417.20001220703125, "wse_var": 0, "x": -148.96504984773466, "y": 63.82439742608608}}, {"type": "Feature", "geometry": {"type": "Point", "coordinates": [-148.96548765223704, 63.8227744862908]}, "id": "001b00000000000264f9", "properties": {"dist_out": 1781009, "edit_flag": "NaN", "facc": 5077.698730796676, "grod_id": 0, "hfalls_id": 0, "lakeflag": 0, "manual_add": 0, "max_width": 60.5, "meand_len": 2298.656571949115, "n_chan_max": 1, "n_chan_mod": 1, "node_id": 81246000090601, "node_len": 184.68745865460005, "obstr_type": 0, "reach_id": 81246000091, "river_name": "Nenana River", "sinuosity": 1.028192810202358, "trib_flag": 0, "type": 1, "width": 60.5, "width_var": 76.25, "wse": 417.20001220703125, "wse_var": 0, "x": -148.96548553627034, "y": 63.82277555584135}}, {"type": "Feature", "geometry": {"type": "Point", "coordinates": [-148.964234644841, 63.82117812811366]}, "id": "001b00000000000264fa", "properties": {"dist_out": 1781214, "edit_flag": "NaN", "facc": 5072.995681219569, "grod_id": 0, "hfalls_id": 0, "lakeflag": 0, "manual_add": 0, "max_width": 60.5, "meand_len": 2298.656571949115, "n_chan_max": 1, "n_chan_mod": 1, "node_id": 81246000090611, "node_len": 205.32314133724685, "obstr_type": 0, "reach_id": 81246000091, "river_name": "Nenana River", "sinuosity": 1.028192810202358, "trib_flag": 0, "type": 1, "width": 60.5, "width_var": 291.80555555555554, "wse": 417.20001220703125, "wse_var": 0, "x": -148.96423601548148, "y": 63.8211766044752}}, {"type": "Feature", "geometry": {"type": "Point", "coordinates": [-148.96173308915004, 63.81972892027129]}, "id": "001b00000000000264fb", "properties": {"dist_out": 1781422, "edit_flag": "NaN", "facc": 5068.292631642462, "grod_id": 0, "hfalls_id": 0, "lakeflag": 0, "manual_add": 0, "max_width": 42, "meand_len": 2298.656571949115, "n_chan_max": 1, "n_chan_mod": 1, "node_id": 81246000090621, "node_len": 208.12438579178706, "obstr_type": 0, "reach_id": 81246000091, "river_name": "Nenana River", "sinuosity": 1.028192810202358, "trib_flag": 0, "type": 1, "width": 42, "width_var": 0, "wse": 417.20001220703125, "wse_var": 0, "x": -148.96173320919831, "y": 63.8197293289856}}, {"type": "Feature", "geometry": {"type": "Point", "coordinates": [-148.95862063661474, 63.81842686276369]}, "id": "001b00000000000264fc", "properties": {"dist_out": 1781630, "edit_flag": "NaN", "facc": 5064.373423661538, "grod_id": 0, "hfalls_id": 0, "lakeflag": 0, "manual_add": 0, "max_width": 42, "meand_len": 2675.823812380924, "n_chan_max": 1, "n_chan_mod": 1, "node_id": 81246000090631, "node_len": 208.1243866869554, "obstr_type": 0, "reach_id": 81246000091, "river_name": "Nenana River", "sinuosity": 1.02899637083141, "trib_flag": 0, "type": 1, "width": 42, "width_var": 0, "wse": 417.20001220703125, "wse_var": 0, "x": -148.95861878891412, "y": 63.818424969386925}}, {"type": "Feature", "geometry": {"type": "Point", "coordinates": [-148.95549480677627, 63.81734776030875]}, "id": "001b00000000000264fd", "properties": {"dist_out": 1781809, "edit_flag": "NaN", "facc": 5060.4542156806165, "grod_id": 0, "hfalls_id": 0, "lakeflag": 0, "manual_add": 0, "max_width": 36, "meand_len": 2675.823812380924, "n_chan_max": 1, "n_chan_mod": 1, "node_id": 81246000090641, "node_len": 178.3616062917099, "obstr_type": 0, "reach_id": 81246000091, "river_name": "Nenana River", "sinuosity": 1.02899637083141, "trib_flag": 0, "type": 1, "width": 36, "width_var": 8.639999999999999, "wse": 417.20001220703125, "wse_var": 0, "x": -148.9554959656805, "y": 63.81734689092266}}, {"type": "Feature", "geometry": {"type": "Point", "coordinates": [-148.952302090422, 63.8162419032475]}, "id": "001b00000000000264fe", "properties": {"dist_out": 1782024, "edit_flag": "NaN", "facc": 5056.535007699694, "grod_id": 0, "hfalls_id": 0, "lakeflag": 0, "manual_add": 0, "max_width": 36, "meand_len": 2675.823812380924, "n_chan_max": 1, "n_chan_mod": 1, "node_id": 81246000090651, "node_len": 215.83746605253145, "obstr_type": 0, "reach_id": 81246000091, "river_name": "Nenana River", "sinuosity": 1.02899637083141, "trib_flag": 0, "type": 1, "width": 36, "width_var": 24.979591836734695, "wse": 417.20001220703125, "wse_var": 0, "x": -148.9523017646829, "y": 63.816240472476046}}, {"type": "Feature", "geometry": {"type": "Point", "coordinates": [-148.95201670795458, 63.81460987226194]}, "id": "001b00000000000264ff", "properties": {"dist_out": 1782211, "edit_flag": "NaN", "facc": 5051.048116526402, "grod_id": 0, "hfalls_id": 0, "lakeflag": 0, "manual_add": 0, "max_width": 33, "meand_len": 2675.823812380924, "n_chan_max": 1, "n_chan_mod": 1, "node_id": 81246000090661, "node_len": 186.99844698509514, "obstr_type": 0, "reach_id": 81246000091, "river_name": "Nenana River", "sinuosity": 1.02899637083141, "trib_flag": 0, "type": 1, "width": 33, "width_var": 65, "wse": 417.20001220703125, "wse_var": 0, "x": -148.9520146691135, "y": 63.81460917797105}}, {"type": "Feature", "geometry": {"type": "Point", "coordinates": [-148.95257409558624, 63.81285298644688]}, "id": "001b0000000000026500", "properties": {"dist_out": 1782431, "edit_flag": "NaN", "facc": 5046.345066949295, "grod_id": 0, "hfalls_id": 0, "lakeflag": 0, "manual_add": 0, "max_width": 42, "meand_len": 2675.823812380924, "n_chan_max": 1, "n_chan_mod": 1, "node_id": 81246000090671, "node_len": 219.6731711026714, "obstr_type": 0, "reach_id": 81246000091, "river_name": "Nenana River", "sinuosity": 1.02899637083141, "trib_flag": 0, "type": 1, "width": 42, "width_var": 27.918367346938776, "wse": 418.75, "wse_var": 1.853879020872469, "x": -148.95257213369774, "y": 63.81285104327468}}, {"type": "Feature", "geometry": {"type": "Point", "coordinates": [-148.9508082915691, 63.81126108737079]}, "id": "001b0000000000026501", "properties": {"dist_out": 1782623, "edit_flag": "NaN", "facc": 5040.858175776003, "grod_id": 0, "hfalls_id": 0, "lakeflag": 0, "manual_add": 0, "max_width": 36, "meand_len": 2675.823812380924, "n_chan_max": 1, "n_chan_mod": 1, "node_id": 81246000090681, "node_len": 192.09373691680958, "obstr_type": 0, "reach_id": 81246000091, "river_name": "Nenana River", "sinuosity": 1.02899637083141, "trib_flag": 0, "type": 1, "width": 36, "width_var": 0, "wse": 422.0500183105469, "wse_var": 0.086402612328529, "x": -148.95080769057753, "y": 63.811258945388545}}, {"type": "Feature", "geometry": {"type": "Point", "coordinates": [-148.94859657744658, 63.80980742042737]}, "id": "001b0000000000026502", "properties": {"dist_out": 1782816, "edit_flag": "NaN", "facc": 5036.93896779508, "grod_id": 0, "hfalls_id": 0, "lakeflag": 0, "manual_add": 0, "max_width": 42, "meand_len": 2274.8971598378007, "n_chan_max": 1, "n_chan_mod": 1, "node_id": 81246000090691, "node_len": 193.10691580608, "obstr_type": 0, "reach_id": 81246000091, "river_name": "Nenana River", "sinuosity": 1.024961838997017, "trib_flag": 0, "type": 1, "width": 42, "width_var": 77, "wse": 422.32501220703125, "wse_var": 0.00138821080327, "x": -148.94859464339658, "y": 63.809807545114545}}, {"type": "Feature", "geometry": {"type": "Point", "coordinates": [-148.9465632273662, 63.808335917079745]}, "id": "001b0000000000026503", "properties": {"dist_out": 1783026, "edit_flag": "NaN", "facc": 5032.235918217973, "grod_id": 0, "hfalls_id": 0, "lakeflag": 0, "manual_add": 0, "max_width": 42, "meand_len": 487.2476531999517, "n_chan_max": 1, "n_chan_mod": 1, "node_id": 81246000090701, "node_len": 209.6280096004939, "obstr_type": 0, "reach_id": 81246000091, "river_name": "Nenana River", "sinuosity": 1.027979297405184, "trib_flag": 0, "type": 1, "width": 42, "width_var": 5, "wse": 422.3999938964844, "wse_var": 0, "x": -148.9465632416, "y": 63.808335706247135}}, {"type": "Feature", "geometry": {"type": "Point", "coordinates": [-148.94292906000766, 63.80750652428379]}, "id": "001b0000000000026504", "properties": {"dist_out": 1783228, "edit_flag": "NaN", "facc": 5027.532868640867, "grod_id": 0, "hfalls_id": 0, "lakeflag": 0, "manual_add": 0, "max_width": 42, "meand_len": 704.2314092777195, "n_chan_max": 1, "n_chan_mod": 1, "node_id": 81246000090711, "node_len": 201.89011962327277, "obstr_type": 0, "reach_id": 81246000091, "river_name": "Nenana River", "sinuosity": 1.05116941498532, "trib_flag": 0, "type": 1, "width": 42, "width_var": 8, "wse": 423.1000061035156, "wse_var": 0.326678059995174, "x": -148.94293092605395, "y": 63.80750483131959}}, {"type": "Feature", "geometry": {"type": "Point", "coordinates": [-148.93921462883014, 63.80663699957837]}, "id": "001b0000000000026505", "properties": {"dist_out": 1783445, "edit_flag": "NaN", "facc": 5022.829819063759, "grod_id": 0, "hfalls_id": 0, "lakeflag": 0, "manual_add": 0, "max_width": 42, "meand_len": 773.4613414460676, "n_chan_max": 1, "n_chan_mod": 1, "node_id": 81246000090721, "node_len": 216.78035429620832, "obstr_type": 0, "reach_id": 81246000091, "river_name": "Nenana River", "sinuosity": 1.169262388037563, "trib_flag": 0, "type": 1, "width": 42, "width_var": 0, "wse": 425.82501220703125, "wse_var": 1.468103942978713, "x": -148.93921519129935, "y": 63.80663907838869}}, {"type": "Feature", "geometry": {"type": "Point", "coordinates": [-148.93579003922108, 63.805557897123435]}, "id": "001b0000000000026506", "properties": {"dist_out": 1783641, "edit_flag": "NaN", "facc": 5018.126769486652, "grod_id": 0, "hfalls_id": 0, "lakeflag": 0, "manual_add": 0, "max_width": 42, "meand_len": 825.3837905723288, "n_chan_max": 1, "n_chan_mod": 1, "node_id": 81246000090731, "node_len": 196.1014025923305, "obstr_type": 0, "reach_id": 81246000091, "river_name": "Nenana River", "sinuosity": 1.257832117826745, "trib_flag": 0, "type": 1, "width": 42, "width_var": 0, "wse": 428.3500061035156, "wse_var": 1.916612646505236, "x": -148.93578954251478, "y": 63.80555747859448}}, {"type": "Feature", "geometry": {"type": "Point", "coordinates": [-148.93269096398893, 63.80446987646639]}, "id": "001b0000000000026507", "properties": {"dist_out": 1783837, "edit_flag": "NaN", "facc": 5014.207561505729, "grod_id": 0, "hfalls_id": 0, "lakeflag": 0, "manual_add": 0, "max_width": 42, "meand_len": 825.3837905723287, "n_chan_max": 1, "n_chan_mod": 1, "node_id": 81246000090741, "node_len": 196.10140069734734, "obstr_type": 0, "reach_id": 81246000091, "river_name": "Nenana River", "sinuosity": 1.257832117826746, "trib_flag": 0, "type": 1, "width": 42, "width_var": 8.639999999999999, "wse": 430.20001220703125, "wse_var": 0, "x": -148.93269263286797, "y": 63.8044678087463}}, {"type": "Feature", "geometry": {"type": "Point", "coordinates": [-148.93043911795695, 63.803047423230346]}, "id": "001b0000000000026508", "properties": {"dist_out": 1784027, "edit_flag": "NaN", "facc": 5010.288353524807, "grod_id": 0, "hfalls_id": 0, "lakeflag": 0, "manual_add": 0, "max_width": 43.5, "meand_len": 925.5572450822289, "n_chan_max": 1, "n_chan_mod": 1, "node_id": 81246000090751, "node_len": 189.67317100897162, "obstr_type": 0, "reach_id": 81246000091, "river_name": "Nenana River", "sinuosity": 1.023714072611029, "trib_flag": 0, "type": 1, "width": 43.5, "width_var": 53.25, "wse": 430.20001220703125, "wse_var": 0, "x": -148.9304386190199, "y": 63.8030490117273}}, {"type": "Feature", "geometry": {"type": "Point", "coordinates": [-148.93122391974237, 63.80147781965954]}, "id": "001b0000000000026509", "properties": {"dist_out": 1784234, "edit_flag": "NaN", "facc": 5005.5853039477, "grod_id": 0, "hfalls_id": 0, "lakeflag": 0, "manual_add": 0, "max_width": 43.5, "meand_len": 925.5572450822289, "n_chan_max": 1, "n_chan_mod": 1, "node_id": 81246000090761, "node_len": 207.53883058672727, "obstr_type": 0, "reach_id": 81246000091, "river_name": "Nenana River", "sinuosity": 1.023714072611029, "trib_flag": 0, "type": 1, "width": 43.5, "width_var": 112.25, "wse": 430.20001220703125, "wse_var": 0, "x": -148.93122456830184, "y": 63.8014764366107}}, {"type": "Feature", "geometry": {"type": "Point", "coordinates": [-148.93299418286057, 63.80004198912033]}, "id": "001b000000000002650a", "properties": {"dist_out": 1784434, "edit_flag": "NaN", "facc": 5000.882254370593, "grod_id": 0, "hfalls_id": 0, "lakeflag": 0, "manual_add": 0, "max_width": 30, "meand_len": 894.7604176837847, "n_chan_max": 1, "n_chan_mod": 1, "node_id": 81246000090771, "node_len": 199.5784080186786, "obstr_type": 0, "reach_id": 81246000091, "river_name": "Nenana River", "sinuosity": 1.017342079916568, "trib_flag": 0, "type": 1, "width": 30, "width_var": 8, "wse": 430.52500915527344, "wse_var": 0.105623016366735, "x": -148.93299473896604, "y": 63.80004330211363}}, {"type": "Feature", "geometry": {"type": "Point", "coordinates": [-148.93064423660545, 63.798646290490595]}, "id": "001b000000000002650b", "properties": {"dist_out": 1784623, "edit_flag": "NaN", "facc": 4996.179204793486, "grod_id": 0, "hfalls_id": 0, "lakeflag": 0, "manual_add": 0, "max_width": 52.5, "meand_len": 871.6627971349513, "n_chan_max": 1, "n_chan_mod": 1, "node_id": 81246000090781, "node_len": 188.86031435271798, "obstr_type": 0, "reach_id": 81246000091, "river_name": "Nenana River", "sinuosity": 1.012563085395721, "trib_flag": 0, "type": 1, "width": 52.5, "width_var": 245, "wse": 431.5, "wse_var": 0, "x": -148.93064517201967, "y": 63.798647331412724}}, {"type": "Feature", "geometry": {"type": "Point", "coordinates": [-148.92832996315866, 63.797286264669296]}, "id": "001b000000000002650c", "properties": {"dist_out": 1784840, "edit_flag": "NaN", "facc": 4991.476155216378, "grod_id": 0, "hfalls_id": 0, "lakeflag": 0, "manual_add": 0, "max_width": 42, "meand_len": 758.8634349667897, "n_chan_max": 1, "n_chan_mod": 1, "node_id": 81246000090791, "node_len": 217.59256535603527, "obstr_type": 0, "reach_id": 81246000091, "river_name": "Nenana River", "sinuosity": 1.468262939952475, "trib_flag": 0, "type": 1, "width": 42, "width_var": 45.55102040816327, "wse": 431.5, "wse_var": 0, "x": -148.92833015907385, "y": 63.79728677732958}}, {"type": "Feature", "geometry": {"type": "Point", "coordinates": [-148.9281159263081, 63.795538297056346]}, "id": "001b000000000002650d", "properties": {"dist_out": 1785029, "edit_flag": "NaN", "facc": 4985.989264043087, "grod_id": 0, "hfalls_id": 0, "lakeflag": 0, "manual_add": 0, "max_width": 36, "meand_len": 533.2647106304665, "n_chan_max": 1, "n_chan_mod": 1, "node_id": 81246000090801, "node_len": 189.07905355721778, "obstr_type": 0, "reach_id": 81246000091, "river_name": "Nenana River", "sinuosity": 2.379662649065982, "trib_flag": 0, "type": 1, "width": 36, "width_var": 81, "wse": 431.5, "wse_var": 0, "x": -148.92811792753523, "y": 63.79553902349908}}, {"type": "Feature", "geometry": {"type": "Point", "coordinates": [-148.92615838094565, 63.79417381213399]}, "id": "001b000000000002650e", "properties": {"dist_out": 1785241, "edit_flag": "NaN", "facc": 4981.286214465979, "grod_id": 0, "hfalls_id": 0, "lakeflag": 0, "manual_add": 0, "max_width": 42, "meand_len": 533.2647106304665, "n_chan_max": 1, "n_chan_mod": 1, "node_id": 81246000090811, "node_len": 212.3027333847367, "obstr_type": 0, "reach_id": 81246000091, "river_name": "Nenana River", "sinuosity": 2.379662649065982, "trib_flag": 0, "type": 1, "width": 42, "width_var": 0, "wse": 431.8500061035156, "wse_var": 0.057849239790812, "x": -148.92615683058736, "y": 63.794173704781976}}, {"type": "Feature", "geometry": {"type": "Point", "coordinates": [-148.92320645604826, 63.79291188653586]}, "id": "001b000000000002650f", "properties": {"dist_out": 1785440, "edit_flag": "NaN", "facc": 4976.5831648888725, "grod_id": 0, "hfalls_id": 0, "lakeflag": 0, "manual_add": 0, "max_width": 48, "meand_len": 533.2647106304664, "n_chan_max": 1, "n_chan_mod": 1, "node_id": 81246000090821, "node_len": 198.62055576385137, "obstr_type": 0, "reach_id": 81246000091, "river_name": "Nenana River", "sinuosity": 2.379662649065982, "trib_flag": 0, "type": 1, "width": 48, "width_var": 59, "wse": 432.20001220703125, "wse_var": 0, "x": -148.9232081416008, "y": 63.792911301531035}}, {"type": "Feature", "geometry": {"type": "Point", "coordinates": [-148.92363007064833, 63.791155000720806]}, "id": "001b0000000000026510", "properties": {"dist_out": 1785657, "edit_flag": "NaN", "facc": 4971.880115311766, "grod_id": 0, "hfalls_id": 0, "lakeflag": 0, "manual_add": 0, "max_width": 36, "meand_len": 975.1711921989972, "n_chan_max": 1, "n_chan_mod": 1, "node_id": 81246000090831, "node_len": 216.9984470123818, "obstr_type": 0, "reach_id": 81246000091, "river_name": "Nenana River", "sinuosity": 1.67947247367001, "trib_flag": 0, "type": 1, "width": 36, "width_var": 24.979591836734695, "wse": 432.3999938964844, "wse_var": 0.00204106545722, "x": -148.92363079974052, "y": 63.79115508378845}}, {"type": "Feature", "geometry": {"type": "Point", "coordinates": [-148.92420529468424, 63.78939811490576]}, "id": "001b0000000000026511", "properties": {"dist_out": 1785839, "edit_flag": "NaN", "facc": 4966.393224138474, "grod_id": 0, "hfalls_id": 0, "lakeflag": 0, "manual_add": 0, "max_width": 39, "meand_len": 975.1711921989972, "n_chan_max": 1, "n_chan_mod": 1, "node_id": 81246000090841, "node_len": 182.3764687836192, "obstr_type": 0, "reach_id": 81246000091, "river_name": "Nenana River", "sinuosity": 1.67947247367001, "trib_flag": 0, "type": 1, "width": 39, "width_var": 9, "wse": 432.5, "wse_var": 0.004722798682956, "x": -148.9242069747426, "y": 63.78939681745487}}, {"type": "Feature", "geometry": {"type": "Point", "coordinates": [-148.92367020255784, 63.787788379425464]}, "id": "001b0000000000026512", "properties": {"dist_out": 1786033, "edit_flag": "NaN", "facc": 4961.690174561367, "grod_id": 0, "hfalls_id": 0, "lakeflag": 0, "manual_add": 0, "max_width": 36, "meand_len": 975.1711921989972, "n_chan_max": 1, "n_chan_mod": 1, "node_id": 81246000090851, "node_len": 193.106915664619, "obstr_type": 0, "reach_id": 81246000091, "river_name": "Nenana River", "sinuosity": 1.67947247367001, "trib_flag": 0, "type": 1, "width": 36, "width_var": 17, "wse": 432.6000061035156, "wse_var": 0, "x": -148.92367108315105, "y": 63.78778803280219}}, {"type": "Feature", "geometry": {"type": "Point", "coordinates": [-148.92161009787114, 63.786343630684144]}, "id": "001b0000000000026513", "properties": {"dist_out": 1786229, "edit_flag": "NaN", "facc": 4956.98712498426, "grod_id": 0, "hfalls_id": 0, "lakeflag": 0, "manual_add": 0, "max_width": 36, "meand_len": 975.1711921989972, "n_chan_max": 1, "n_chan_mod": 1, "node_id": 81246000090861, "node_len": 196.10140054986914, "obstr_type": 0, "reach_id": 81246000091, "river_name": "Nenana River", "sinuosity": 1.67947247367001, "trib_flag": 0, "type": 1, "width": 36, "width_var": 28.8, "wse": 432.6000061035156, "wse_var": 0.000600439533591, "x": -148.921612084735, "y": 63.7863449643844}}, {"type": "Feature", "geometry": {"type": "Point", "coordinates": [-148.91826577208107, 63.785300201037636]}, "id": "001b0000000000026514", "properties": {"dist_out": 1786439, "edit_flag": "NaN", "facc": 4953.067917003337, "grod_id": 0, "hfalls_id": 0, "lakeflag": 0, "manual_add": 0, "max_width": 42, "meand_len": 667.6402199352159, "n_chan_max": 1, "n_chan_mod": 1, "node_id": 81246000090871, "node_len": 210.6725976875132, "obstr_type": 0, "reach_id": 81246000091, "river_name": "Nenana River", "sinuosity": 1.746963649882557, "trib_flag": 0, "type": 1, "width": 42, "width_var": 8, "wse": 432.70001220703125, "wse_var": 0.000347052700818, "x": -148.9182652586525, "y": 63.785301425885706}}, {"type": "Feature", "geometry": {"type": "Point", "coordinates": [-148.9145335044993, 63.78413191656164]}, "id": "001b0000000000026515", "properties": {"dist_out": 1786647, "edit_flag": "NaN", "facc": 4948.3648674262295, "grod_id": 0, "hfalls_id": 0, "lakeflag": 0, "manual_add": 0, "max_width": 42, "meand_len": 667.6402199352159, "n_chan_max": 1, "n_chan_mod": 1, "node_id": 81246000090881, "node_len": 208.12438598584413, "obstr_type": 0, "reach_id": 81246000091, "river_name": "Nenana River", "sinuosity": 1.746963649882557, "trib_flag": 0, "type": 1, "width": 42, "width_var": 0, "wse": 432.70001220703125, "wse_var": 0.008680555555556, "x": -148.91453253226297, "y": 63.78413006852899}}, {"type": "Feature", "geometry": {"type": "Point", "coordinates": [-148.91146118387348, 63.78256231299082]}, "id": "001b0000000000026516", "properties": {"dist_out": 1786851, "edit_flag": "NaN", "facc": 4943.661817849123, "grod_id": 0, "hfalls_id": 0, "lakeflag": 0, "manual_add": 0, "max_width": 42, "meand_len": 667.6402199352159, "n_chan_max": 1, "n_chan_mod": 1, "node_id": 81246000100011, "node_len": 203.60626868930063, "obstr_type": 0, "reach_id": 81246000101, "river_name": "Nenana River", "sinuosity": 1.746963649882557, "trib_flag": 0, "type": 1, "width": 42, "width_var": 20, "wse": 433.20001220703125, "wse_var": 0.008680555555556, "x": -148.9114633904677, "y": 63.78256380744153}}, {"type": "Feature", "geometry": {"type": "Point", "coordinates": [-148.9103687041154, 63.78082772268103]}, "id": "001b0000000000026517", "properties": {"dist_out": 1787062, "edit_flag": "NaN", "facc": 4938.958768272016, "grod_id": 0, "hfalls_id": 0, "lakeflag": 0, "manual_add": 0, "max_width": 30, "meand_len": 611.1099862558162, "n_chan_max": 1, "n_chan_mod": 1, "node_id": 81246000100021, "node_len": 210.59411738769478, "obstr_type": 0, "reach_id": 81246000101, "river_name": "Nenana River", "sinuosity": 1.504215615678149, "trib_flag": 0, "type": 1, "width": 30, "width_var": 235.8367346938776, "wse": 433.3500061035156, "wse_var": 0.003367384325485, "x": -148.9103689255848, "y": 63.78082771933922}}, {"type": "Feature", "geometry": {"type": "Point", "coordinates": [-148.91023493108378, 63.77907975506808]}, "id": "001b0000000000026518", "properties": {"dist_out": 1787242, "edit_flag": "NaN", "facc": 4933.471877098724, "grod_id": 0, "hfalls_id": 0, "lakeflag": 0, "manual_add": 0, "max_width": 30, "meand_len": 611.1099862558161, "n_chan_max": 1, "n_chan_mod": 1, "node_id": 81246000100031, "node_len": 180.00000009406358, "obstr_type": 0, "reach_id": 81246000101, "river_name": "Nenana River", "sinuosity": 1.504215615678149, "trib_flag": 0, "type": 1, "width": 30, "width_var": 0, "wse": 434.9250183105469, "wse_var": 1.205011800241967, "x": -148.91023325365106, "y": 63.77907893426081}}, {"type": "Feature", "geometry": {"type": "Point", "coordinates": [-148.91011453535535, 63.77733178745512]}, "id": "001b0000000000026519", "properties": {"dist_out": 1787452, "edit_flag": "NaN", "facc": 4928.768827521617, "grod_id": 0, "hfalls_id": 0, "lakeflag": 0, "manual_add": 0, "max_width": 30, "meand_len": 859.3534287210332, "n_chan_max": 1, "n_chan_mod": 1, "node_id": 81246000100041, "node_len": 210.00000010523945, "obstr_type": 0, "reach_id": 81246000101, "river_name": "Nenana River", "sinuosity": 1.260883531952454, "trib_flag": 0, "type": 1, "width": 30, "width_var": 0, "wse": 437.25, "wse_var": 1.007036257383167, "x": -148.91011497744472, "y": 63.777329918561854}}, {"type": "Feature", "geometry": {"type": "Point", "coordinates": [-148.91019925827536, 63.77557936074112]}, "id": "001b000000000002651a", "properties": {"dist_out": 1787635, "edit_flag": "NaN", "facc": 4923.281936348325, "grod_id": 0, "hfalls_id": 0, "lakeflag": 0, "manual_add": 0, "max_width": 33, "meand_len": 1107.59687118625, "n_chan_max": 1, "n_chan_mod": 1, "node_id": 81246000100051, "node_len": 182.97058577105236, "obstr_type": 0, "reach_id": 81246000101, "river_name": "Nenana River", "sinuosity": 1.01755144822676, "trib_flag": 0, "type": 1, "width": 33, "width_var": 29, "wse": 442.50001525878906, "wse_var": 1.249998982814658, "x": -148.91019942458425, "y": 63.77557821889891}}, {"type": "Feature", "geometry": {"type": "Point", "coordinates": [-148.9104846407428, 63.773822474926064]}, "id": "001b000000000002651b", "properties": {"dist_out": 1787845, "edit_flag": "NaN", "facc": 4918.578886771218, "grod_id": 0, "hfalls_id": 0, "lakeflag": 0, "manual_add": 0, "max_width": 30, "meand_len": 1107.59687118625, "n_chan_max": 1, "n_chan_mod": 1, "node_id": 81246000100061, "node_len": 210.0000001071022, "obstr_type": 0, "reach_id": 81246000101, "river_name": "Nenana River", "sinuosity": 1.01755144822676, "trib_flag": 0, "type": 1, "width": 30, "width_var": 68.69387755102039, "wse": 444.6000061035156, "wse_var": 0.199589669400332, "x": -148.91048656691405, "y": 63.77382383520644}}, {"type": "Feature", "geometry": {"type": "Point", "coordinates": [-148.91079231871547, 63.772070048212065]}, "id": "001b000000000002651c", "properties": {"dist_out": 1788035, "edit_flag": "NaN", "facc": 4913.091995597926, "grod_id": 0, "hfalls_id": 0, "lakeflag": 0, "manual_add": 0, "max_width": 36, "meand_len": 666.9355229031025, "n_chan_max": 1, "n_chan_mod": 1, "node_id": 81246000100071, "node_len": 190.4321911015952, "obstr_type": 0, "reach_id": 81246000101, "river_name": "Nenana River", "sinuosity": 1.645006106276278, "trib_flag": 0, "type": 1, "width": 36, "width_var": 38, "wse": 445.3999938964844, "wse_var": 0.001389058436164, "x": -148.9107939349843, "y": 63.77206918185877}}, {"type": "Feature", "geometry": {"type": "Point", "coordinates": [-148.91216126273886, 63.77029978509385]}, "id": "001b000000000002651d", "properties": {"dist_out": 1788258, "edit_flag": "NaN", "facc": 4908.388946020819, "grod_id": 0, "hfalls_id": 0, "lakeflag": 0, "manual_add": 0, "max_width": 54, "meand_len": 578.803253246473, "n_chan_max": 1, "n_chan_mod": 1, "node_id": 81246000100081, "node_len": 222.74318030016457, "obstr_type": 0, "reach_id": 81246000101, "river_name": "Nenana River", "sinuosity": 1.770497037886181, "trib_flag": 0, "type": 1, "width": 54, "width_var": 62.40816326530612, "wse": 445.3999938964844, "wse_var": 0.002449278548664, "x": -148.91216095609852, "y": 63.770300486853635}}, {"type": "Feature", "geometry": {"type": "Point", "coordinates": [-148.91319131508223, 63.768538440177736]}, "id": "001b000000000002651e", "properties": {"dist_out": 1788443, "edit_flag": "NaN", "facc": 4902.902054847527, "grod_id": 0, "hfalls_id": 0, "lakeflag": 0, "manual_add": 0, "max_width": 33, "meand_len": 578.803253246473, "n_chan_max": 1, "n_chan_mod": 1, "node_id": 81246000100091, "node_len": 185.2160955943889, "obstr_type": 0, "reach_id": 81246000101, "river_name": "Nenana River", "sinuosity": 1.770497037886181, "trib_flag": 0, "type": 1, "width": 33, "width_var": 41, "wse": 445.70001220703125, "wse_var": 0.010001220740378, "x": -148.9131919795175, "y": 63.76853623371857}}, {"type": "Feature", "geometry": {"type": "Point", "coordinates": [-148.91241989059998, 63.76702234581957]}, "id": "001b000000000002651f", "properties": {"dist_out": 1788646, "edit_flag": "NaN", "facc": 4898.1990052704205, "grod_id": 0, "hfalls_id": 0, "lakeflag": 0, "manual_add": 0, "max_width": 36, "meand_len": 652.8177260795743, "n_chan_max": 1, "n_chan_mod": 1, "node_id": 81246000100101, "node_len": 203.0896161531714, "obstr_type": 0, "reach_id": 81246000101, "river_name": "Nenana River", "sinuosity": 1.155419246408161, "trib_flag": 0, "type": 1, "width": 36, "width_var": 81, "wse": 445.8000183105469, "wse_var": 0.001389058436164, "x": -148.91242002659462, "y": 63.76702031625655}}, {"type": "Feature", "geometry": {"type": "Point", "coordinates": [-148.90946350660155, 63.76562218808878]}, "id": "001b0000000000026520", "properties": {"dist_out": 1788860, "edit_flag": "NaN", "facc": 4893.495955693314, "grod_id": 0, "hfalls_id": 0, "lakeflag": 0, "manual_add": 0, "max_width": 42, "meand_len": 684.8375129393104, "n_chan_max": 1, "n_chan_mod": 1, "node_id": 81246000100111, "node_len": 214.10562176728126, "obstr_type": 0, "reach_id": 81246000101, "river_name": "Nenana River", "sinuosity": 1.144253331559717, "trib_flag": 0, "type": 1, "width": 42, "width_var": 32, "wse": 446, "wse_var": 0.015554741852813, "x": -148.9094657154206, "y": 63.76562307404083}}, {"type": "Feature", "geometry": {"type": "Point", "coordinates": [-148.9075728477549, 63.7640302890127]}, "id": "001b0000000000026521", "properties": {"dist_out": 1789049, "edit_flag": "NaN", "facc": 4888.792906116207, "grod_id": 0, "hfalls_id": 0, "lakeflag": 0, "manual_add": 0, "max_width": 54, "meand_len": 844.9364472379915, "n_chan_max": 1, "n_chan_mod": 1, "node_id": 81246000100121, "node_len": 188.7153203120779, "obstr_type": 0, "reach_id": 81246000101, "river_name": "Nenana River", "sinuosity": 1.088423757317498, "trib_flag": 0, "type": 1, "width": 54, "width_var": 23.472222222222218, "wse": 446.3999938964844, "wse_var": 0, "x": -148.9075735171414, "y": 63.76403218665717}}, {"type": "Feature", "geometry": {"type": "Point", "coordinates": [-148.9066319774326, 63.762429471734514]}, "id": "001b0000000000026522", "properties": {"dist_out": 1789235, "edit_flag": "NaN", "facc": 4884.089856539099, "grod_id": 0, "hfalls_id": 0, "lakeflag": 0, "manual_add": 0, "max_width": 42, "meand_len": 844.9364472379914, "n_chan_max": 1, "n_chan_mod": 1, "node_id": 81246000100131, "node_len": 186.40433084672622, "obstr_type": 0, "reach_id": 81246000101, "river_name": "Nenana River", "sinuosity": 1.088423757317498, "trib_flag": 0, "type": 1, "width": 42, "width_var": 36, "wse": 446.45001220703125, "wse_var": 0.257221069393887, "x": -148.90663383360314, "y": 63.762428688050285}}, {"type": "Feature", "geometry": {"type": "Point", "coordinates": [-148.90516939228706, 63.76083311355738]}, "id": "001b0000000000026523", "properties": {"dist_out": 1789454, "edit_flag": "NaN", "facc": 4879.386806961992, "grod_id": 0, "hfalls_id": 0, "lakeflag": 0, "manual_add": 0, "max_width": 39, "meand_len": 1363.49796565486, "n_chan_max": 1, "n_chan_mod": 1, "node_id": 81246000100141, "node_len": 218.87159548098862, "obstr_type": 0, "reach_id": 81246000101, "river_name": "Nenana River", "sinuosity": 1.544556384394422, "trib_flag": 0, "type": 1, "width": 39, "width_var": 20, "wse": 448.5, "wse_var": 0, "x": -148.90516749332997, "y": 63.76083213988304}}, {"type": "Feature", "geometry": {"type": "Point", "coordinates": [-148.90235569952236, 63.75938836481606]}, "id": "001b0000000000026524", "properties": {"dist_out": 1789647, "edit_flag": "NaN", "facc": 4874.683757384885, "grod_id": 0, "hfalls_id": 0, "lakeflag": 0, "manual_add": 0, "max_width": 69, "meand_len": 1363.49796565486, "n_chan_max": 1, "n_chan_mod": 1, "node_id": 81246000100151, "node_len": 192.66836378221433, "obstr_type": 0, "reach_id": 81246000101, "river_name": "Nenana River", "sinuosity": 1.544556384394422, "trib_flag": 0, "type": 1, "width": 69, "width_var": 63.36, "wse": 448.5, "wse_var": 0, "x": -148.90235703831053, "y": 63.759387973530956}}, {"type": "Feature", "geometry": {"type": "Point", "coordinates": [-148.89994332585243, 63.75793915697369]}, "id": "001b0000000000026525", "properties": {"dist_out": 1789855, "edit_flag": "NaN", "facc": 4870.7645494039625, "grod_id": 0, "hfalls_id": 0, "lakeflag": 0, "manual_add": 0, "max_width": 42, "meand_len": 1363.49796565486, "n_chan_max": 1, "n_chan_mod": 1, "node_id": 81246000100161, "node_len": 207.9978638730513, "obstr_type": 0, "reach_id": 81246000101, "river_name": "Nenana River", "sinuosity": 1.544556384394422, "trib_flag": 0, "type": 1, "width": 42, "width_var": 77, "wse": 448.5, "wse_var": 0, "x": -148.89994393867462, "y": 63.75793852197836}}, {"type": "Feature", "geometry": {"type": "Point", "coordinates": [-148.89849857711113, 63.75634279879655]}, "id": "001b0000000000026526", "properties": {"dist_out": 1790038, "edit_flag": "NaN", "facc": 4866.061499826856, "grod_id": 0, "hfalls_id": 0, "lakeflag": 0, "manual_add": 0, "max_width": 33, "meand_len": 1363.49796565486, "n_chan_max": 1, "n_chan_mod": 1, "node_id": 81246000100171, "node_len": 182.97058619343215, "obstr_type": 0, "reach_id": 81246000101, "river_name": "Nenana River", "sinuosity": 1.544556384394422, "trib_flag": 0, "type": 1, "width": 33, "width_var": 48, "wse": 448.5, "wse_var": 0.125350443542831, "x": -148.89849845463448, "y": 63.75634163901589}}, {"type": "Feature", "geometry": {"type": "Point", "coordinates": [-148.89874382766905, 63.7545859129815]}, "id": "001b0000000000026527", "properties": {"dist_out": 1790250, "edit_flag": "NaN", "facc": 4861.358450249748, "grod_id": 0, "hfalls_id": 0, "lakeflag": 0, "manual_add": 0, "max_width": 36, "meand_len": 1363.49796565486, "n_chan_max": 1, "n_chan_mod": 1, "node_id": 81246000100181, "node_len": 211.78235151210447, "obstr_type": 0, "reach_id": 81246000101, "river_name": "Nenana River", "sinuosity": 1.544556384394422, "trib_flag": 0, "type": 1, "width": 36, "width_var": 69.0612244897959, "wse": 451.45001220703125, "wse_var": 1.432037378528288, "x": -148.89874273466526, "y": 63.7545878439597}}, {"type": "Feature", "geometry": {"type": "Point", "coordinates": [-148.8987215321638, 63.752704172336955]}, "id": "001b0000000000026528", "properties": {"dist_out": 1790460, "edit_flag": "NaN", "facc": 4855.871559076457, "grod_id": 0, "hfalls_id": 0, "lakeflag": 0, "manual_add": 0, "max_width": 30, "meand_len": 1254.0128409907163, "n_chan_max": 1, "n_chan_mod": 1, "node_id": 81246000100191, "node_len": 210.0000001071021, "obstr_type": 0, "reach_id": 81246000101, "river_name": "Nenana River", "sinuosity": 1.360009215309949, "trib_flag": 0, "type": 1, "width": 30, "width_var": 0, "wse": 455.6000061035156, "wse_var": 0.490317706740937, "x": -148.89872043260127, "y": 63.75270289809989}}, {"type": "Feature", "geometry": {"type": "Point", "coordinates": [-148.89921203327967, 63.75094282742084]}, "id": "001b0000000000026529", "properties": {"dist_out": 1790665, "edit_flag": "NaN", "facc": 4850.384667903165, "grod_id": 0, "hfalls_id": 0, "lakeflag": 0, "manual_add": 0, "max_width": 75, "meand_len": 1089.7851539945007, "n_chan_max": 1, "n_chan_mod": 1, "node_id": 81246000100201, "node_len": 205.44799271390548, "obstr_type": 0, "reach_id": 81246000101, "river_name": "Nenana River", "sinuosity": 1.083188461683238, "trib_flag": 0, "type": 1, "width": 75, "width_var": 533.2653061224489, "wse": 455.6000061035156, "wse_var": 0, "x": -148.89921034379637, "y": 63.75094201767414}}, {"type": "Feature", "geometry": {"type": "Point", "coordinates": [-148.90254744086764, 63.750849186298716]}, "id": "001b000000000002652a", "properties": {"dist_out": 1790865, "edit_flag": "NaN", "facc": 4844.897776729873, "grod_id": 0, "hfalls_id": 0, "lakeflag": 0, "manual_add": 0, "max_width": 51, "meand_len": 1089.7851539945007, "n_chan_max": 1, "n_chan_mod": 1, "node_id": 81246000100211, "node_len": 200.17324722801322, "obstr_type": 0, "reach_id": 81246000101, "river_name": "Nenana River", "sinuosity": 1.083188461683238, "trib_flag": 0, "type": 1, "width": 51, "width_var": 421.3333333333333, "wse": 455.6000061035156, "wse_var": 0, "x": -148.90254881974286, "y": 63.75084799007053}}, {"type": "Feature", "geometry": {"type": "Point", "coordinates": [-148.9062217401357, 63.751183618877725]}, "id": "001b000000000002652b", "properties": {"dist_out": 1791052, "edit_flag": "NaN", "facc": 4840.194727152766, "grod_id": 0, "hfalls_id": 0, "lakeflag": 0, "manual_add": 0, "max_width": 36, "meand_len": 1367.7170530179392, "n_chan_max": 1, "n_chan_mod": 1, "node_id": 81246000100221, "node_len": 186.40434734539213, "obstr_type": 0, "reach_id": 81246000101, "river_name": "Nenana River", "sinuosity": 1.062015657655665, "trib_flag": 0, "type": 1, "width": 36, "width_var": 17, "wse": 455.62501525878906, "wse_var": 0.001389228040352, "x": -148.90622040818346, "y": 63.751185527285934}}, {"type": "Feature", "geometry": {"type": "Point", "coordinates": [-148.9097355117658, 63.75042111259758]}, "id": "001b000000000002652c", "properties": {"dist_out": 1791264, "edit_flag": "NaN", "facc": 4835.491677575659, "grod_id": 0, "hfalls_id": 0, "lakeflag": 0, "manual_add": 0, "max_width": 42, "meand_len": 1738.2929183825242, "n_chan_max": 1, "n_chan_mod": 1, "node_id": 81246000100231, "node_len": 212.30272718422384, "obstr_type": 0, "reach_id": 81246000101, "river_name": "Nenana River", "sinuosity": 1.033785252285566, "trib_flag": 0, "type": 1, "width": 42, "width_var": 0, "wse": 455.70001220703125, "wse_var": 0, "x": -148.90973657002192, "y": 63.750420814639256}}, {"type": "Feature", "geometry": {"type": "Point", "coordinates": [-148.9116796798251, 63.7488961000373]}, "id": "001b000000000002652d", "properties": {"dist_out": 1791451, "edit_flag": "NaN", "facc": 4830.788627998552, "grod_id": 0, "hfalls_id": 0, "lakeflag": 0, "manual_add": 0, "max_width": 54, "meand_len": 1738.2929183825242, "n_chan_max": 1, "n_chan_mod": 1, "node_id": 81246000100241, "node_len": 186.9984470066629, "obstr_type": 0, "reach_id": 81246000101, "river_name": "Nenana River", "sinuosity": 1.033785252285566, "trib_flag": 0, "type": 1, "width": 54, "width_var": 37.55555555555556, "wse": 455.70001220703125, "wse_var": 0.068057929165661, "x": -148.911680879883, "y": 63.74889583208693}}, {"type": "Feature", "geometry": {"type": "Point", "coordinates": [-148.9123307085789, 63.747134755121195]}, "id": "001b000000000002652e", "properties": {"dist_out": 1791663, "edit_flag": "NaN", "facc": 4826.085578421445, "grod_id": 0, "hfalls_id": 0, "lakeflag": 0, "manual_add": 0, "max_width": 45, "meand_len": 1738.2929183825242, "n_chan_max": 1, "n_chan_mod": 1, "node_id": 81246000100251, "node_len": 212.3764686524355, "obstr_type": 0, "reach_id": 81246000101, "river_name": "Nenana River", "sinuosity": 1.033785252285566, "trib_flag": 0, "type": 1, "width": 45, "width_var": 85.9591836734694, "wse": 457.8999938964844, "wse_var": 0.200512695373321, "x": -148.9123321969518, "y": 63.74713660646926}}, {"type": "Feature", "geometry": {"type": "Point", "coordinates": [-148.9116529252188, 63.745458133125105]}, "id": "001b000000000002652f", "properties": {"dist_out": 1791863, "edit_flag": "NaN", "facc": 4820.5986872481535, "grod_id": 0, "hfalls_id": 0, "lakeflag": 0, "manual_add": 0, "max_width": 54, "meand_len": 1738.2929183825242, "n_chan_max": 1, "n_chan_mod": 1, "node_id": 81246000100261, "node_len": 199.21468077586542, "obstr_type": 0, "reach_id": 81246000101, "river_name": "Nenana River", "sinuosity": 1.033785252285566, "trib_flag": 0, "type": 1, "width": 54, "width_var": 38, "wse": 459.6750030517578, "wse_var": 0.422836998917369, "x": -148.9116512285393, "y": 63.74545788719248}}, {"type": "Feature", "geometry": {"type": "Point", "coordinates": [-148.90822387650869, 63.744829399876565]}, "id": "001b0000000000026530", "properties": {"dist_out": 1792052, "edit_flag": "NaN", "facc": 4815.895637671046, "grod_id": 0, "hfalls_id": 0, "lakeflag": 0, "manual_add": 0, "max_width": 45, "meand_len": 1625.0146909529997, "n_chan_max": 1, "n_chan_mod": 1, "node_id": 81246000100271, "node_len": 189.8380915462949, "obstr_type": 0, "reach_id": 81246000101, "river_name": "Nenana River", "sinuosity": 1.051373308949899, "trib_flag": 0, "type": 1, "width": 45, "width_var": 80, "wse": 459.8999938964844, "wse_var": 0, "x": -148.90822418385653, "y": 63.7448299808046}}, {"type": "Feature", "geometry": {"type": "Point", "coordinates": [-148.90452728173537, 63.744115943708]}, "id": "001b0000000000026531", "properties": {"dist_out": 1792273, "edit_flag": "NaN", "facc": 4811.192588093939, "grod_id": 0, "hfalls_id": 0, "lakeflag": 0, "manual_add": 0, "max_width": 52.5, "meand_len": 1625.0146909529997, "n_chan_max": 2, "n_chan_mod": 1, "node_id": 81246000100281, "node_len": 220.21338753850523, "obstr_type": 0, "reach_id": 81246000101, "river_name": "Nenana River", "sinuosity": 1.051373308949899, "trib_flag": 0, "type": 1, "width": 52.5, "width_var": 433.25, "wse": 462.0500030517578, "wse_var": 0.308061286108568, "x": -148.9045280318162, "y": 63.74411577773527}}, {"type": "Feature", "geometry": {"type": "Point", "coordinates": [-148.90141928830113, 63.74309480956677]}, "id": "001b0000000000026532", "properties": {"dist_out": 1792438, "edit_flag": "NaN", "facc": 4806.489538516832, "grod_id": 0, "hfalls_id": 0, "lakeflag": 0, "manual_add": 0, "max_width": 381, "meand_len": 1625.0146909529997, "n_chan_max": 2, "n_chan_mod": 2, "node_id": 81246000100291, "node_len": 165.69797641328023, "obstr_type": 0, "reach_id": 81246000101, "river_name": "Nenana River", "sinuosity": 1.051373308949899, "trib_flag": 0, "type": 1, "width": 91.5, "width_var": 85.5, "wse": 462.3500061035156, "wse_var": 1.151880569464993, "x": -148.9014193010646, "y": 63.74309299651059}}, {"type": "Feature", "geometry": {"type": "Point", "coordinates": [-148.8983112948669, 63.74206921632448]}, "id": "001b0000000000026533", "properties": {"dist_out": 1792656, "edit_flag": "NaN", "facc": 4803.3541721320935, "grod_id": 0, "hfalls_id": 0, "lakeflag": 0, "manual_add": 0, "max_width": 112.5, "meand_len": 1625.0146909529997, "n_chan_max": 2, "n_chan_mod": 1, "node_id": 81246000100301, "node_len": 217.35498095184812, "obstr_type": 0, "reach_id": 81246000101, "river_name": "Nenana River", "sinuosity": 1.051373308949899, "trib_flag": 0, "type": 1, "width": 112.5, "width_var": 726, "wse": 471.25, "wse_var": 9.807810414711843, "x": -148.89831080183998, "y": 63.74207014301465}}, {"type": "Feature", "geometry": {"type": "Point", "coordinates": [-148.8949669690768, 63.74085634083794]}, "id": "001b0000000000026534", "properties": {"dist_out": 1792873, "edit_flag": "NaN", "facc": 4798.651122554987, "grod_id": 0, "hfalls_id": 0, "lakeflag": 0, "manual_add": 0, "max_width": 84, "meand_len": 1561.7573181201205, "n_chan_max": 2, "n_chan_mod": 1, "node_id": 81246000100311, "node_len": 216.9693217500535, "obstr_type": 0, "reach_id": 81246000101, "river_name": "Nenana River", "sinuosity": 1.079808658988607, "trib_flag": 0, "type": 1, "width": 84, "width_var": 98, "wse": 475.3000183105469, "wse_var": 0, "x": -148.89496689636468, "y": 63.74085731052477}}, {"type": "Feature", "geometry": {"type": "Point", "coordinates": [-148.8920730124931, 63.73971481096826]}, "id": "001b0000000000026535", "properties": {"dist_out": 1793038, "edit_flag": "NaN", "facc": 4793.94807297788, "grod_id": 0, "hfalls_id": 0, "lakeflag": 0, "manual_add": 0, "max_width": 84, "meand_len": 1498.4999452872416, "n_chan_max": 1, "n_chan_mod": 1, "node_id": 81246000100321, "node_len": 165.69797629103596, "obstr_type": 0, "reach_id": 81246000101, "river_name": "Nenana River", "sinuosity": 1.108244009027315, "trib_flag": 0, "type": 1, "width": 84, "width_var": 0, "wse": 475.3000183105469, "wse_var": 0, "x": -148.89207377432973, "y": 63.73971479284123}}, {"type": "Feature", "geometry": {"type": "Point", "coordinates": [-148.88925931972838, 63.73855098559331]}, "id": "001b0000000000026536", "properties": {"dist_out": 1793250, "edit_flag": "NaN", "facc": 4790.812706593141, "grod_id": 0, "hfalls_id": 0, "lakeflag": 0, "manual_add": 0, "max_width": 42, "meand_len": 1498.4999452872416, "n_chan_max": 1, "n_chan_mod": 1, "node_id": 81246000100331, "node_len": 212.13204687448342, "obstr_type": 0, "reach_id": 81246000101, "river_name": "Nenana River", "sinuosity": 1.108244009027315, "trib_flag": 0, "type": 1, "width": 42, "width_var": 70.56000000000002, "wse": 475.3000183105469, "wse_var": 0, "x": -148.88926067426254, "y": 63.738553214659206}}, {"type": "Feature", "geometry": {"type": "Point", "coordinates": [-148.88583473011934, 63.7373158146015]}, "id": "001b0000000000026537", "properties": {"dist_out": 1793465, "edit_flag": "NaN", "facc": 4786.8934986122185, "grod_id": 0, "hfalls_id": 0, "lakeflag": 0, "manual_add": 0, "max_width": 42, "meand_len": 1498.4999452872416, "n_chan_max": 1, "n_chan_mod": 1, "node_id": 81246000100341, "node_len": 214.1056309573887, "obstr_type": 0, "reach_id": 81246000101, "river_name": "Nenana River", "sinuosity": 1.108244009027315, "trib_flag": 0, "type": 1, "width": 42, "width_var": 0, "wse": 475.3000183105469, "wse_var": 0, "x": -148.88583480186523, "y": 63.737314317027085}}, {"type": "Feature", "geometry": {"type": "Point", "coordinates": [-148.8824368951166, 63.736477503603446]}, "id": "001b0000000000026538", "properties": {"dist_out": 1793643, "edit_flag": "NaN", "facc": 4782.190449035112, "grod_id": 0, "hfalls_id": 0, "lakeflag": 0, "manual_add": 0, "max_width": 84, "meand_len": 1334.2840111925902, "n_chan_max": 2, "n_chan_mod": 1, "node_id": 81246000100351, "node_len": 178.3616051318777, "obstr_type": 0, "reach_id": 81246000101, "river_name": "Nenana River", "sinuosity": 1.209236349461148, "trib_flag": 0, "type": 1, "width": 84, "width_var": 458.64, "wse": 475.3000183105469, "wse_var": 0, "x": -148.88243595586442, "y": 63.736477173166165}}, {"type": "Feature", "geometry": {"type": "Point", "coordinates": [-148.87903460101282, 63.73559014249382]}, "id": "001b0000000000026539", "properties": {"dist_out": 1793853, "edit_flag": "NaN", "facc": 4778.271241054189, "grod_id": 0, "hfalls_id": 0, "lakeflag": 0, "manual_add": 0, "max_width": 52.5, "meand_len": 1005.8521430032873, "n_chan_max": 1, "n_chan_mod": 1, "node_id": 81246000100361, "node_len": 209.91428546118004, "obstr_type": 0, "reach_id": 81246000101, "river_name": "Nenana River", "sinuosity": 1.411221030328814, "trib_flag": 0, "type": 1, "width": 52.5, "width_var": 588, "wse": 475.6000061035156, "wse_var": 0.010001220740378, "x": -148.8790339809366, "y": 63.73558971665375}}, {"type": "Feature", "geometry": {"type": "Point", "coordinates": [-148.87565014331327, 63.734626976666284]}, "id": "001b000000000002653a", "properties": {"dist_out": 1794042, "edit_flag": "NaN", "facc": 4773.568191477082, "grod_id": 0, "hfalls_id": 0, "lakeflag": 0, "manual_add": 0, "max_width": 42, "meand_len": 1005.8521430032873, "n_chan_max": 1, "n_chan_mod": 1, "node_id": 81246000100371, "node_len": 188.6607039884084, "obstr_type": 0, "reach_id": 81246000101, "river_name": "Nenana River", "sinuosity": 1.411221030328814, "trib_flag": 0, "type": 1, "width": 42, "width_var": 8.639999999999999, "wse": 475.70001220703125, "wse_var": 0.04, "x": -148.87565151259028, "y": 63.73462652141944}}, {"type": "Feature", "geometry": {"type": "Point", "coordinates": [-148.87334924716967, 63.733240196238654]}, "id": "001b000000000002653b", "properties": {"dist_out": 1794241, "edit_flag": "NaN", "facc": 4769.648983496159, "grod_id": 0, "hfalls_id": 0, "lakeflag": 0, "manual_add": 0, "max_width": 42, "meand_len": 1005.8521430032873, "n_chan_max": 1, "n_chan_mod": 1, "node_id": 81246000100381, "node_len": 199.2153828006003, "obstr_type": 0, "reach_id": 81246000101, "river_name": "Nenana River", "sinuosity": 1.411221030328814, "trib_flag": 0, "type": 1, "width": 42, "width_var": 8, "wse": 478.4000244140625, "wse_var": 2.86498352067752, "x": -148.87334738342716, "y": 63.73323987410336}}, {"type": "Feature", "geometry": {"type": "Point", "coordinates": [-148.87184207101362, 63.73151006502992]}, "id": "001b000000000002653c", "properties": {"dist_out": 1794455, "edit_flag": "NaN", "facc": 4764.945933919053, "grod_id": 0, "hfalls_id": 0, "lakeflag": 0, "manual_add": 0, "max_width": 45, "meand_len": 1078.664358935807, "n_chan_max": 1, "n_chan_mod": 1, "node_id": 81246000100391, "node_len": 214.68745859446153, "obstr_type": 0, "reach_id": 81246000101, "river_name": "Nenana River", "sinuosity": 1.393574395271277, "trib_flag": 0, "type": 1, "width": 45, "width_var": 93.67346938775509, "wse": 484.3999938964844, "wse_var": 0.465603500718669, "x": -148.87184374133514, "y": 63.73150884245623}}, {"type": "Feature", "geometry": {"type": "Point", "coordinates": [-148.87163695236515, 63.72976209741697]}, "id": "001b000000000002653d", "properties": {"dist_out": 1794643, "edit_flag": "NaN", "facc": 4759.459042745761, "grod_id": 0, "hfalls_id": 0, "lakeflag": 0, "manual_add": 0, "max_width": 92, "meand_len": 1127.2058362241535, "n_chan_max": 1, "n_chan_mod": 1, "node_id": 81246000100401, "node_len": 187.52708477577926, "obstr_type": 0, "reach_id": 81246000101, "river_name": "Nenana River", "sinuosity": 1.381809971899586, "trib_flag": 0, "type": 1, "width": 92, "width_var": 388.9166666666667, "wse": 484.3999938964844, "wse_var": 0, "x": -148.87163844667137, "y": 63.729760940536295}}, {"type": "Feature", "geometry": {"type": "Point", "coordinates": [-148.87354544761604, 63.72837085788829]}, "id": "001b000000000002653e", "properties": {"dist_out": 1794851, "edit_flag": "NaN", "facc": 4754.755993168654, "grod_id": 0, "hfalls_id": 0, "lakeflag": 0, "manual_add": 0, "max_width": 77, "meand_len": 1127.2058362241535, "n_chan_max": 1, "n_chan_mod": 1, "node_id": 81246000100411, "node_len": 208.02106640280454, "obstr_type": 0, "reach_id": 81246000101, "river_name": "Nenana River", "sinuosity": 1.381809971899586, "trib_flag": 0, "type": 1, "width": 77, "width_var": 691.9183673469388, "wse": 484.3999938964844, "wse_var": 0, "x": -148.87354596703653, "y": 63.72837032307414}}, {"type": "Feature", "geometry": {"type": "Point", "coordinates": [-148.87732676530936, 63.728170198340884]}, "id": "001b000000000002653f", "properties": {"dist_out": 1795039, "edit_flag": "NaN", "facc": 4749.269101995362, "grod_id": 0, "hfalls_id": 0, "lakeflag": 0, "manual_add": 0, "max_width": 54, "meand_len": 1127.2058362241535, "n_chan_max": 1, "n_chan_mod": 1, "node_id": 81246000100421, "node_len": 187.89083508460135, "obstr_type": 0, "reach_id": 81246000101, "river_name": "Nenana River", "sinuosity": 1.381809971899586, "trib_flag": 0, "type": 1, "width": 54, "width_var": 103.25, "wse": 484.3999938964844, "wse_var": 0, "x": -148.87732616076786, "y": 63.7281697977322}}, {"type": "Feature", "geometry": {"type": "Point", "coordinates": [-148.88036341312676, 63.72721595071545]}, "id": "001b0000000000026540", "properties": {"dist_out": 1795242, "edit_flag": "NaN", "facc": 4744.566052418255, "grod_id": 0, "hfalls_id": 0, "lakeflag": 0, "manual_add": 0, "max_width": 43.5, "meand_len": 2091.876323284842, "n_chan_max": 1, "n_chan_mod": 1, "node_id": 81246000100431, "node_len": 202.6477075755647, "obstr_type": 0, "reach_id": 81246000101, "river_name": "Nenana River", "sinuosity": 1.191451540709687, "trib_flag": 0, "type": 1, "width": 43.5, "width_var": 14, "wse": 484.3999938964844, "wse_var": 0, "x": -148.88036171527762, "y": 63.727214540283796}}, {"type": "Feature", "geometry": {"type": "Point", "coordinates": [-148.87967225246348, 63.725481360405674]}, "id": "001b0000000000026541", "properties": {"dist_out": 1795463, "edit_flag": "NaN", "facc": 4739.863002841147, "grod_id": 0, "hfalls_id": 0, "lakeflag": 0, "manual_add": 0, "max_width": 54, "meand_len": 2574.211566815186, "n_chan_max": 1, "n_chan_mod": 1, "node_id": 81246000100441, "node_len": 221.98416030115732, "obstr_type": 0, "reach_id": 81246000101, "river_name": "Nenana River", "sinuosity": 1.096272325114737, "trib_flag": 0, "type": 1, "width": 54, "width_var": 87.42857142857143, "wse": 484.3999938964844, "wse_var": 0.00816426182888, "x": -148.8796737865228, "y": 63.72548191869692}}, {"type": "Feature", "geometry": {"type": "Point", "coordinates": [-148.88005127605302, 63.7237244745906]}, "id": "001b0000000000026542", "properties": {"dist_out": 1795673, "edit_flag": "NaN", "facc": 4734.376111667856, "grod_id": 0, "hfalls_id": 0, "lakeflag": 0, "manual_add": 0, "max_width": 51, "meand_len": 2574.211566815186, "n_chan_max": 1, "n_chan_mod": 1, "node_id": 81246000100451, "node_len": 209.71402521424898, "obstr_type": 0, "reach_id": 81246000101, "river_name": "Nenana River", "sinuosity": 1.096272325114737, "trib_flag": 0, "type": 1, "width": 51, "width_var": 92.22222222222221, "wse": 484.7250061035156, "wse_var": 0.050347222222222, "x": -148.88004906345222, "y": 63.72372644807569}}, {"type": "Feature", "geometry": {"type": "Point", "coordinates": [-148.88271781848297, 63.72243579438616]}, "id": "001b0000000000026543", "properties": {"dist_out": 1795855, "edit_flag": "NaN", "facc": 4729.673062090749, "grod_id": 0, "hfalls_id": 0, "lakeflag": 0, "manual_add": 0, "max_width": 42, "meand_len": 2574.211566815186, "n_chan_max": 1, "n_chan_mod": 1, "node_id": 81246000100461, "node_len": 181.79463713442237, "obstr_type": 0, "reach_id": 81246000101, "river_name": "Nenana River", "sinuosity": 1.096272325114737, "trib_flag": 0, "type": 1, "width": 42, "width_var": 0, "wse": 485.1000061035156, "wse_var": 0, "x": -148.88271754344413, "y": 63.72243657698469}}, {"type": "Feature", "geometry": {"type": "Point", "coordinates": [-148.8859907986562, 63.72140574204281]}, "id": "001b0000000000026544", "properties": {"dist_out": 1796067, "edit_flag": "NaN", "facc": 4725.7538541098265, "grod_id": 0, "hfalls_id": 0, "lakeflag": 0, "manual_add": 0, "max_width": 79.5, "meand_len": 2574.211566815186, "n_chan_max": 1, "n_chan_mod": 1, "node_id": 81246000100471, "node_len": 212.3027305001051, "obstr_type": 0, "reach_id": 81246000101, "river_name": "Nenana River", "sinuosity": 1.096272325114737, "trib_flag": 0, "type": 1, "width": 79.5, "width_var": 137, "wse": 485.1000061035156, "wse_var": 0, "x": -148.88599019637164, "y": 63.72140447609477}}, {"type": "Feature", "geometry": {"type": "Point", "coordinates": [-148.88867963659146, 63.720103684535204]}, "id": "001b0000000000026545", "properties": {"dist_out": 1796259, "edit_flag": "NaN", "facc": 4721.050804532719, "grod_id": 0, "hfalls_id": 0, "lakeflag": 0, "manual_add": 0, "max_width": 58.5, "meand_len": 2574.211566815186, "n_chan_max": 1, "n_chan_mod": 1, "node_id": 81246000100481, "node_len": 191.83194582129, "obstr_type": 0, "reach_id": 81246000101, "river_name": "Nenana River", "sinuosity": 1.096272325114737, "trib_flag": 0, "type": 1, "width": 58.5, "width_var": 71, "wse": 485.1000061035156, "wse_var": 0, "x": -148.88867770576286, "y": 63.72010347213137}}, {"type": "Feature", "geometry": {"type": "Point", "coordinates": [-148.8883674995177, 63.71849840815596]}, "id": "001b0000000000026546", "properties": {"dist_out": 1796451, "edit_flag": "NaN", "facc": 4716.347754955612, "grod_id": 0, "hfalls_id": 0, "lakeflag": 0, "manual_add": 0, "max_width": 83.5, "meand_len": 2574.211566815186, "n_chan_max": 1, "n_chan_mod": 1, "node_id": 81246000100491, "node_len": 191.3900433220242, "obstr_type": 0, "reach_id": 81246000101, "river_name": "Nenana River", "sinuosity": 1.096272325114737, "trib_flag": 0, "type": 1, "width": 83.5, "width_var": 65.33333333333333, "wse": 485.1000061035156, "wse_var": 0, "x": -148.8883683421519, "y": 63.71850058399843}}, {"type": "Feature", "geometry": {"type": "Point", "coordinates": [-148.88651251347946, 63.71704474121254]}, "id": "001b0000000000026547", "properties": {"dist_out": 1796651, "edit_flag": "NaN", "facc": 4711.644705378505, "grod_id": 0, "hfalls_id": 0, "lakeflag": 0, "manual_add": 0, "max_width": 54, "meand_len": 1831.9011395344558, "n_chan_max": 1, "n_chan_mod": 1, "node_id": 81246000100501, "node_len": 200.68368789174747, "obstr_type": 0, "reach_id": 81246000101, "river_name": "Nenana River", "sinuosity": 1.122375640937895, "trib_flag": 0, "type": 1, "width": 54, "width_var": 107.44000000000001, "wse": 485.1000061035156, "wse_var": 0, "x": -148.8865137627468, "y": 63.7170436181226}}, {"type": "Feature", "geometry": {"type": "Point", "coordinates": [-148.88318156499253, 63.715733765502826]}, "id": "001b0000000000026548", "properties": {"dist_out": 1796868, "edit_flag": "NaN", "facc": 4707.725497397582, "grod_id": 0, "hfalls_id": 0, "lakeflag": 0, "manual_add": 0, "max_width": 105, "meand_len": 1275.1683190739086, "n_chan_max": 1, "n_chan_mod": 1, "node_id": 81246000100511, "node_len": 217.1547320331265, "obstr_type": 0, "reach_id": 81246000101, "river_name": "Nenana River", "sinuosity": 1.141953127805264, "trib_flag": 0, "type": 1, "width": 105, "width_var": 110.58333333333333, "wse": 485.1000061035156, "wse_var": 0, "x": -148.88318295548186, "y": 63.71573161691725}}, {"type": "Feature", "geometry": {"type": "Point", "coordinates": [-148.87949834752237, 63.715122868658504]}, "id": "001b0000000000026549", "properties": {"dist_out": 1797055, "edit_flag": "NaN", "facc": 4703.0224478204755, "grod_id": 0, "hfalls_id": 0, "lakeflag": 0, "manual_add": 0, "max_width": 94, "meand_len": 1275.1683190739086, "n_chan_max": 1, "n_chan_mod": 1, "node_id": 81246000100521, "node_len": 186.40434769267085, "obstr_type": 0, "reach_id": 81246000101, "river_name": "Nenana River", "sinuosity": 1.141953127805264, "trib_flag": 0, "type": 1, "width": 94, "width_var": 0.888888888888889, "wse": 485.15000915527344, "wse_var": 0.008056538929749, "x": -148.8794983611331, "y": 63.71512439006724}}, {"type": "Feature", "geometry": {"type": "Point", "coordinates": [-148.87553866578693, 63.71498017742479]}, "id": "001b000000000002654a", "properties": {"dist_out": 1797269, "edit_flag": "NaN", "facc": 4698.319398243368, "grod_id": 0, "hfalls_id": 0, "lakeflag": 0, "manual_add": 0, "max_width": 67, "meand_len": 1275.1683190739086, "n_chan_max": 1, "n_chan_mod": 1, "node_id": 81246000100531, "node_len": 214.0933618825693, "obstr_type": 0, "reach_id": 81246000101, "river_name": "Nenana River", "sinuosity": 1.141953127805264, "trib_flag": 0, "type": 1, "width": 67, "width_var": 442.85714285714283, "wse": 485.3000183105469, "wse_var": 0.010305325291595, "x": -148.87554079927077, "y": 63.71497846553666}}, {"type": "Feature", "geometry": {"type": "Point", "coordinates": [-148.87157898405147, 63.71474384506896]}, "id": "001b000000000002654b", "properties": {"dist_out": 1797455, "edit_flag": "NaN", "facc": 4692.832507070077, "grod_id": 0, "hfalls_id": 0, "lakeflag": 0, "manual_add": 0, "max_width": 67, "meand_len": 673.5981264250643, "n_chan_max": 1, "n_chan_mod": 1, "node_id": 81246000100541, "node_len": 186.40434752213878, "obstr_type": 0, "reach_id": 81246000101, "river_name": "Nenana River", "sinuosity": 1.030807381008997, "trib_flag": 0, "type": 1, "width": 67, "width_var": 23.472222222222225, "wse": 485.8000183105469, "wse_var": 0.005556233744654, "x": -148.87157735651195, "y": 63.71474273893818}}, {"type": "Feature", "geometry": {"type": "Point", "coordinates": [-148.86790468478344, 63.714324689569935]}, "id": "001b000000000002654c", "properties": {"dist_out": 1797657, "edit_flag": "NaN", "facc": 4688.129457492969, "grod_id": 0, "hfalls_id": 0, "lakeflag": 0, "manual_add": 0, "max_width": 55.5, "meand_len": 939.6028748474927, "n_chan_max": 1, "n_chan_mod": 1, "node_id": 81246000100551, "node_len": 201.88940875982553, "obstr_type": 0, "reach_id": 81246000101, "river_name": "Nenana River", "sinuosity": 1.024157351067299, "trib_flag": 0, "type": 1, "width": 55.5, "width_var": 39.13888888888889, "wse": 485.87501525878906, "wse_var": 0.005624542245641, "x": -148.8679055664256, "y": 63.71432357567312}}, {"type": "Feature", "geometry": {"type": "Point", "coordinates": [-148.86476993674285, 63.71315194599287]}, "id": "001b000000000002654d", "properties": {"dist_out": 1797858, "edit_flag": "NaN", "facc": 4683.426407915862, "grod_id": 0, "hfalls_id": 0, "lakeflag": 0, "manual_add": 0, "max_width": 63, "meand_len": 1356.0001714321318, "n_chan_max": 1, "n_chan_mod": 1, "node_id": 81246000100561, "node_len": 201.2952789243791, "obstr_type": 0, "reach_id": 81246000101, "river_name": "Nenana River", "sinuosity": 1.045293757824668, "trib_flag": 0, "type": 1, "width": 63, "width_var": 23.25, "wse": 486.20001220703125, "wse_var": 0.000832926481962, "x": -148.86477147040327, "y": 63.71315224993302}}, {"type": "Feature", "geometry": {"type": "Point", "coordinates": [-148.86478777314707, 63.71153775141153]}, "id": "001b000000000002654e", "properties": {"dist_out": 1798074, "edit_flag": "NaN", "facc": 4678.723358338755, "grod_id": 0, "hfalls_id": 0, "lakeflag": 0, "manual_add": 0, "max_width": 65.5, "meand_len": 1356.0001714321318, "n_chan_max": 1, "n_chan_mod": 1, "node_id": 81246000100571, "node_len": 215.82178188312355, "obstr_type": 0, "reach_id": 81246000101, "river_name": "Nenana River", "sinuosity": 1.045293757824668, "trib_flag": 0, "type": 1, "width": 65.5, "width_var": 512.4722222222222, "wse": 489.4000244140625, "wse_var": 1.625833943693174, "x": -148.86478653250984, "y": 63.71153614580593}}, {"type": "Feature", "geometry": {"type": "Point", "coordinates": [-148.86719568771596, 63.71002165705336]}, "id": "001b000000000002654f", "properties": {"dist_out": 1798260, "edit_flag": "NaN", "facc": 4674.020308761648, "grod_id": 0, "hfalls_id": 0, "lakeflag": 0, "manual_add": 0, "max_width": 96, "meand_len": 1356.0001714321318, "n_chan_max": 1, "n_chan_mod": 1, "node_id": 81246000100581, "node_len": 185.98597638010324, "obstr_type": 0, "reach_id": 81246000101, "river_name": "Nenana River", "sinuosity": 1.045293757824668, "trib_flag": 0, "type": 1, "width": 96, "width_var": 392.4, "wse": 492.1000061035156, "wse_var": 0.045397973656654, "x": -148.86719697879175, "y": 63.710023669855545}}, {"type": "Feature", "geometry": {"type": "Point", "coordinates": [-148.86935835172685, 63.708563531008885]}, "id": "001b0000000000026550", "properties": {"dist_out": 1798467, "edit_flag": "NaN", "facc": 4670.101100780726, "grod_id": 0, "hfalls_id": 0, "lakeflag": 0, "manual_add": 0, "max_width": 63, "meand_len": 1544.504152474427, "n_chan_max": 1, "n_chan_mod": 1, "node_id": 81246000100591, "node_len": 206.48802615076966, "obstr_type": 0, "reach_id": 81246000101, "river_name": "Nenana River", "sinuosity": 1.038151569807359, "trib_flag": 0, "type": 1, "width": 63, "width_var": 302.69387755102036, "wse": 492.1000061035156, "wse_var": 0.001224639274332, "x": -148.86935622661102, "y": 63.7085644274078}}, {"type": "Feature", "geometry": {"type": "Point", "coordinates": [-148.87176180719464, 63.70713661867178]}, "id": "001b0000000000026551", "properties": {"dist_out": 1798663, "edit_flag": "NaN", "facc": 4664.614209607434, "grod_id": 0, "hfalls_id": 0, "lakeflag": 0, "manual_add": 0, "max_width": 54, "meand_len": 1544.5041524744267, "n_chan_max": 1, "n_chan_mod": 1, "node_id": 81246000100601, "node_len": 195.7816370742603, "obstr_type": 0, "reach_id": 81246000101, "river_name": "Nenana River", "sinuosity": 1.038151569807359, "trib_flag": 0, "type": 1, "width": 54, "width_var": 102, "wse": 492.3000183105469, "wse_var": 0.001389058436164, "x": -148.87176309752616, "y": 63.7071365603346}}, {"type": "Feature", "geometry": {"type": "Point", "coordinates": [-148.87226122651265, 63.70551350588833]}, "id": "001b0000000000026552", "properties": {"dist_out": 1798859, "edit_flag": "NaN", "facc": 4659.911160030327, "grod_id": 0, "hfalls_id": 0, "lakeflag": 0, "manual_add": 0, "max_width": 71, "meand_len": 1544.504152474427, "n_chan_max": 1, "n_chan_mod": 1, "node_id": 81246000100611, "node_len": 196.90368361376386, "obstr_type": 0, "reach_id": 81246000101, "river_name": "Nenana River", "sinuosity": 1.038151569807359, "trib_flag": 0, "type": 1, "width": 71, "width_var": 37.916666666666664, "wse": 492.95001220703125, "wse_var": 0.058679453537075, "x": -148.87226310600386, "y": 63.70551414792779}}, {"type": "Feature", "geometry": {"type": "Point", "coordinates": [-148.86965711149742, 63.70406875714702]}, "id": "001b0000000000026553", "properties": {"dist_out": 1799075, "edit_flag": "NaN", "facc": 4655.208110453219, "grod_id": 0, "hfalls_id": 0, "lakeflag": 0, "manual_add": 0, "max_width": 84, "meand_len": 1544.5041524744267, "n_chan_max": 1, "n_chan_mod": 1, "node_id": 81246000100621, "node_len": 215.4378599982756, "obstr_type": 0, "reach_id": 81246000101, "river_name": "Nenana River", "sinuosity": 1.038151569807359, "trib_flag": 0, "type": 1, "width": 84, "width_var": 28.805555555555554, "wse": 493.8000183105469, "wse_var": 0.001389058436164, "x": -148.86965801789114, "y": 63.7040667319695}}, {"type": "Feature", "geometry": {"type": "Point", "coordinates": [-148.86633062211155, 63.70422482568388]}, "id": "001b0000000000026554", "properties": {"dist_out": 1799269, "edit_flag": "NaN", "facc": 4650.505060876112, "grod_id": 0, "hfalls_id": 0, "lakeflag": 0, "manual_add": 0, "max_width": 73.5, "meand_len": 1707.2974908037202, "n_chan_max": 1, "n_chan_mod": 1, "node_id": 81246000100631, "node_len": 193.6419148447094, "obstr_type": 0, "reach_id": 81246000101, "river_name": "Nenana River", "sinuosity": 1.146403651294654, "trib_flag": 0, "type": 1, "width": 73.5, "width_var": 131.22222222222223, "wse": 493.8000183105469, "wse_var": 0.001389058436164, "x": -148.86632931304857, "y": 63.70422661243449}}, {"type": "Feature", "geometry": {"type": "Point", "coordinates": [-148.86344558372997, 63.705330682745135]}, "id": "001b0000000000026555", "properties": {"dist_out": 1799465, "edit_flag": "NaN", "facc": 4645.802011299005, "grod_id": 0, "hfalls_id": 0, "lakeflag": 0, "manual_add": 0, "max_width": 63, "meand_len": 1739.8561584695788, "n_chan_max": 1, "n_chan_mod": 1, "node_id": 81246000100641, "node_len": 196.29278743657778, "obstr_type": 0, "reach_id": 81246000101, "river_name": "Nenana River", "sinuosity": 1.168054067592113, "trib_flag": 0, "type": 1, "width": 63, "width_var": 98, "wse": 494, "wse_var": 0, "x": -148.86344730396968, "y": 63.70533222700826}}, {"type": "Feature", "geometry": {"type": "Point", "coordinates": [-148.86009233973778, 63.70632506228006]}, "id": "001b0000000000026556", "properties": {"dist_out": 1799654, "edit_flag": "NaN", "facc": 4641.098961721898, "grod_id": 0, "hfalls_id": 0, "lakeflag": 0, "manual_add": 0, "max_width": 63, "meand_len": 1739.8561584695788, "n_chan_max": 1, "n_chan_mod": 1, "node_id": 81246000100651, "node_len": 189.6077063617886, "obstr_type": 0, "reach_id": 81246000101, "river_name": "Nenana River", "sinuosity": 1.168054067592113, "trib_flag": 0, "type": 1, "width": 63, "width_var": 590.25, "wse": 494.1000061035156, "wse_var": 0.000347476581939, "x": -148.86009230556962, "y": 63.706327183898914}}, {"type": "Feature", "geometry": {"type": "Point", "coordinates": [-148.8561460353055, 63.70633398048216]}, "id": "001b0000000000026557", "properties": {"dist_out": 1799875, "edit_flag": "NaN", "facc": 4636.395912144791, "grod_id": 0, "hfalls_id": 0, "lakeflag": 0, "manual_add": 0, "max_width": 94, "meand_len": 1739.8561584695788, "n_chan_max": 1, "n_chan_mod": 1, "node_id": 81246000100661, "node_len": 220.26730682345988, "obstr_type": 0, "reach_id": 81246000101, "river_name": "Nenana River", "sinuosity": 1.168054067592113, "trib_flag": 0, "type": 1, "width": 94, "width_var": 31.10204081632654, "wse": 494.20001220703125, "wse_var": 0.010306757741741, "x": -148.85614615029323, "y": 63.70633448772693}}, {"type": "Feature", "geometry": {"type": "Point", "coordinates": [-148.85217297626687, 63.705928202286294]}, "id": "001b0000000000026558", "properties": {"dist_out": 1800059, "edit_flag": "NaN", "facc": 4630.9090209715, "grod_id": 0, "hfalls_id": 0, "lakeflag": 0, "manual_add": 0, "max_width": 87, "meand_len": 1739.8561584695788, "n_chan_max": 1, "n_chan_mod": 1, "node_id": 81246000100671, "node_len": 184.0933581799345, "obstr_type": 0, "reach_id": 81246000101, "river_name": "Nenana River", "sinuosity": 1.168054067592113, "trib_flag": 0, "type": 1, "width": 87, "width_var": 192.55555555555554, "wse": 494.3999938964844, "wse_var": 0, "x": -148.852172841278, "y": 63.70592651748637}}, {"type": "Feature", "geometry": {"type": "Point", "coordinates": [-148.84823559003667, 63.706097648126324]}, "id": "001b0000000000026559", "properties": {"dist_out": 1800273, "edit_flag": "NaN", "facc": 4626.205971394392, "grod_id": 0, "hfalls_id": 0, "lakeflag": 0, "manual_add": 0, "max_width": 90, "meand_len": 1305.3328872982568, "n_chan_max": 1, "n_chan_mod": 1, "node_id": 81246000100681, "node_len": 214.0933608030009, "obstr_type": 0, "reach_id": 81246000101, "river_name": "Nenana River", "sinuosity": 1.267039782914826, "trib_flag": 0, "type": 1, "width": 90, "width_var": 59.387755102040806, "wse": 494.3999938964844, "wse_var": 0, "x": -148.84823742009394, "y": 63.70609762215695}}, {"type": "Feature", "geometry": {"type": "Point", "coordinates": [-148.84432049931175, 63.706521262726405]}, "id": "001b000000000002655a", "properties": {"dist_out": 1800460, "edit_flag": "NaN", "facc": 4620.719080221101, "grod_id": 0, "hfalls_id": 0, "lakeflag": 0, "manual_add": 0, "max_width": 97.5, "meand_len": 1088.0712517125958, "n_chan_max": 1, "n_chan_mod": 1, "node_id": 81246000100691, "node_len": 186.99846315713694, "obstr_type": 0, "reach_id": 81246000101, "river_name": "Nenana River", "sinuosity": 1.316532640576182, "trib_flag": 0, "type": 1, "width": 97.5, "width_var": 394.88888888888886, "wse": 494.3999938964844, "wse_var": 0, "x": -148.84431838186188, "y": 63.706521056281275}}, {"type": "Feature", "geometry": {"type": "Point", "coordinates": [-148.84039203128367, 63.70686015440647]}, "id": "001b000000000002655b", "properties": {"dist_out": 1800670, "edit_flag": "NaN", "facc": 4616.016030643994, "grod_id": 0, "hfalls_id": 0, "lakeflag": 0, "manual_add": 0, "max_width": 120, "meand_len": 1088.0712517125958, "n_chan_max": 2, "n_chan_mod": 1, "node_id": 81246000100701, "node_len": 210.59413817716813, "obstr_type": 0, "reach_id": 81246000101, "river_name": "Nenana River", "sinuosity": 1.316532640576182, "trib_flag": 0, "type": 1, "width": 120, "width_var": 67.63265306122449, "wse": 495.20001220703125, "wse_var": 0.088473959274742, "x": -148.8403937371979, "y": 63.70685980926462}}, {"type": "Feature", "geometry": {"type": "Point", "coordinates": [-148.83644572685137, 63.70682894069909]}, "id": "001b000000000002655c", "properties": {"dist_out": 1800853, "edit_flag": "NaN", "facc": 4610.529139470702, "grod_id": 0, "hfalls_id": 0, "lakeflag": 0, "manual_add": 0, "max_width": 108, "meand_len": 1088.0712517125958, "n_chan_max": 1, "n_chan_mod": 1, "node_id": 81246000100711, "node_len": 182.97060349952153, "obstr_type": 0, "reach_id": 81246000101, "river_name": "Nenana River", "sinuosity": 1.316532640576182, "trib_flag": 0, "type": 1, "width": 108, "width_var": 26.583333333333332, "wse": 495.32501220703125, "wse_var": 0.004513549825384, "x": -148.8364449966909, "y": 63.70682813467661}}, {"type": "Feature", "geometry": {"type": "Point", "coordinates": [-148.8324860451159, 63.70660598564642]}, "id": "001b000000000002655d", "properties": {"dist_out": 1801066, "edit_flag": "NaN", "facc": 4605.826089893595, "grod_id": 0, "hfalls_id": 0, "lakeflag": 0, "manual_add": 0, "max_width": 94, "meand_len": 1534.5931759255727, "n_chan_max": 2, "n_chan_mod": 1, "node_id": 81246000100721, "node_len": 212.9706064236343, "obstr_type": 0, "reach_id": 81246000101, "river_name": "Nenana River", "sinuosity": 1.432524872032273, "trib_flag": 0, "type": 1, "width": 94, "width_var": 262.2040816326531, "wse": 495.5, "wse_var": 0.011019511338399, "x": -148.8324839956137, "y": 63.70660670193791}}, {"type": "Feature", "geometry": {"type": "Point", "coordinates": [-148.82851298607733, 63.706253716663205]}, "id": "001b000000000002655e", "properties": {"dist_out": 1801259, "edit_flag": "NaN", "facc": 4600.339198720303, "grod_id": 0, "hfalls_id": 0, "lakeflag": 0, "manual_add": 0, "max_width": 77.5, "meand_len": 1534.5931759255727, "n_chan_max": 1, "n_chan_mod": 1, "node_id": 81246000100731, "node_len": 192.14907869579292, "obstr_type": 0, "reach_id": 81246000101, "river_name": "Nenana River", "sinuosity": 1.432524872032273, "trib_flag": 0, "type": 1, "width": 77.5, "width_var": 52.25, "wse": 496.1000061035156, "wse_var": 0.012501525925472, "x": -148.82851470689596, "y": 63.7062557411366}}, {"type": "Feature", "geometry": {"type": "Point", "coordinates": [-148.82513298747878, 63.705575933303074]}, "id": "001b000000000002655f", "properties": {"dist_out": 1801448, "edit_flag": "NaN", "facc": 4595.636149143196, "grod_id": 0, "hfalls_id": 0, "lakeflag": 0, "manual_add": 0, "max_width": 63, "meand_len": 1534.5931759255727, "n_chan_max": 1, "n_chan_mod": 1, "node_id": 81246000100741, "node_len": 189.23533317981128, "obstr_type": 0, "reach_id": 81246000101, "river_name": "Nenana River", "sinuosity": 1.432524872032273, "trib_flag": 0, "type": 1, "width": 63, "width_var": 176.4, "wse": 496.1000061035156, "wse_var": 0, "x": -148.82513144692, "y": 63.70557509507099}}, {"type": "Feature", "geometry": {"type": "Point", "coordinates": [-148.82219443988456, 63.704135643662816]}, "id": "001b0000000000026560", "properties": {"dist_out": 1801679, "edit_flag": "NaN", "facc": 4591.7169411622735, "grod_id": 0, "hfalls_id": 0, "lakeflag": 0, "manual_add": 0, "max_width": 42, "meand_len": 1534.5931759255727, "n_chan_max": 1, "n_chan_mod": 1, "node_id": 81246000100751, "node_len": 231.29527864785086, "obstr_type": 0, "reach_id": 81246000101, "river_name": "Nenana River", "sinuosity": 1.432524872032273, "trib_flag": 0, "type": 1, "width": 42, "width_var": 154.4081632653061, "wse": 496.1000061035156, "wse_var": 0, "x": -148.82219399892756, "y": 63.704136446535074}}, {"type": "Feature", "geometry": {"type": "Point", "coordinates": [-148.82199378033715, 63.70238767604987]}, "id": "001b0000000000026561", "properties": {"dist_out": 1801865, "edit_flag": "NaN", "facc": 4586.230049988982, "grod_id": 0, "hfalls_id": 0, "lakeflag": 0, "manual_add": 0, "max_width": 80, "meand_len": 1534.5931759255727, "n_chan_max": 1, "n_chan_mod": 1, "node_id": 81246000100761, "node_len": 186.4043298642282, "obstr_type": 0, "reach_id": 81246000101, "river_name": "Nenana River", "sinuosity": 1.432524872032273, "trib_flag": 0, "type": 1, "width": 80, "width_var": 87.25, "wse": 496.1000061035156, "wse_var": 0.000555962531103, "x": -148.8219919833882, "y": 63.702388458844204}}, {"type": "Feature", "geometry": {"type": "Point", "coordinates": [-148.82271615470785, 63.700630790234804]}, "id": "001b0000000000026562", "properties": {"dist_out": 1802080, "edit_flag": "NaN", "facc": 4581.527000411875, "grod_id": 0, "hfalls_id": 0, "lakeflag": 0, "manual_add": 0, "max_width": 63, "meand_len": 1385.940514903535, "n_chan_max": 1, "n_chan_mod": 1, "node_id": 81246000100771, "node_len": 214.6874578445295, "obstr_type": 0, "reach_id": 81246000101, "river_name": "Nenana River", "sinuosity": 1.342793614015317, "trib_flag": 0, "type": 1, "width": 63, "width_var": 71.10204081632654, "wse": 496.20001220703125, "wse_var": 0.000305972993374, "x": -148.822714281185, "y": 63.7006287740027}}, {"type": "Feature", "geometry": {"type": "Point", "coordinates": [-148.82247536325093, 63.69901659565345]}, "id": "001b0000000000026563", "properties": {"dist_out": 1802249, "edit_flag": "NaN", "facc": 4576.040109238583, "grod_id": 0, "hfalls_id": 0, "lakeflag": 0, "manual_add": 0, "max_width": 48, "meand_len": 1237.2878538814975, "n_chan_max": 1, "n_chan_mod": 1, "node_id": 81246000100781, "node_len": 168.62055557976237, "obstr_type": 0, "reach_id": 81246000101, "river_name": "Nenana River", "sinuosity": 1.253062355998362, "trib_flag": 0, "type": 1, "width": 48, "width_var": 272.16, "wse": 496.20001220703125, "wse_var": 0, "x": -148.8224753030881, "y": 63.699015910273694}}, {"type": "Feature", "geometry": {"type": "Point", "coordinates": [-148.82000948036836, 63.69769224264059]}, "id": "001b0000000000026564", "properties": {"dist_out": 1802457, "edit_flag": "NaN", "facc": 4572.12090125766, "grod_id": 0, "hfalls_id": 0, "lakeflag": 0, "manual_add": 0, "max_width": 111, "meand_len": 1237.2878538814975, "n_chan_max": 1, "n_chan_mod": 1, "node_id": 81246000100791, "node_len": 208.66944813167538, "obstr_type": 0, "reach_id": 81246000101, "river_name": "Nenana River", "sinuosity": 1.253062355998362, "trib_flag": 0, "type": 1, "width": 111, "width_var": 302.6666666666667, "wse": 496.20001220703125, "wse_var": 0, "x": -148.8200107908078, "y": 63.697691527011735}}, {"type": "Feature", "geometry": {"type": "Point", "coordinates": [-148.8161077669466, 63.697397941971055]}, "id": "001b0000000000026565", "properties": {"dist_out": 1802673, "edit_flag": "NaN", "facc": 4567.417851680553, "grod_id": 0, "hfalls_id": 0, "lakeflag": 0, "manual_add": 0, "max_width": 67, "meand_len": 1237.2878538814975, "n_chan_max": 1, "n_chan_mod": 1, "node_id": 81246000100801, "node_len": 215.2815940761102, "obstr_type": 0, "reach_id": 81246000101, "river_name": "Nenana River", "sinuosity": 1.253062355998362, "trib_flag": 0, "type": 1, "width": 67, "width_var": 158.40816326530617, "wse": 496.6000061035156, "wse_var": 0.091425781271287, "x": -148.81610714158236, "y": 63.697395832109954}}, {"type": "Feature", "geometry": {"type": "Point", "coordinates": [-148.81218375801956, 63.69771899724691]}, "id": "001b0000000000026566", "properties": {"dist_out": 1802858, "edit_flag": "NaN", "facc": 4561.930960507261, "grod_id": 0, "hfalls_id": 0, "lakeflag": 0, "manual_add": 0, "max_width": 36, "meand_len": 805.8939288994807, "n_chan_max": 1, "n_chan_mod": 1, "node_id": 81246000100811, "node_len": 185.28159155315552, "obstr_type": 0, "reach_id": 81246000101, "river_name": "Nenana River", "sinuosity": 1.128715431780072, "trib_flag": 0, "type": 1, "width": 36, "width_var": 85.25, "wse": 497, "wse_var": 0, "x": -148.81218242906087, "y": 63.697718439784836}}, {"type": "Feature", "geometry": {"type": "Point", "coordinates": [-148.80850499965047, 63.69717944601945]}, "id": "001b0000000000026567", "properties": {"dist_out": 1803076, "edit_flag": "NaN", "facc": 4557.227910930154, "grod_id": 0, "hfalls_id": 0, "lakeflag": 0, "manual_add": 0, "max_width": 63, "meand_len": 872.6136184359224, "n_chan_max": 1, "n_chan_mod": 1, "node_id": 81246000100821, "node_len": 217.53866333319456, "obstr_type": 0, "reach_id": 81246000101, "river_name": "Nenana River", "sinuosity": 1.054849338526235, "trib_flag": 0, "type": 1, "width": 63, "width_var": 294, "wse": 497, "wse_var": 0.001458384225973, "x": -148.80850627146103, "y": 63.69718114346932}}, {"type": "Feature", "geometry": {"type": "Point", "coordinates": [-148.80516513296143, 63.696002243341326]}, "id": "001b0000000000026568", "properties": {"dist_out": 1803276, "edit_flag": "NaN", "facc": 4552.5248613530475, "grod_id": 0, "hfalls_id": 0, "lakeflag": 0, "manual_add": 0, "max_width": 63, "meand_len": 1246.1988293247666, "n_chan_max": 1, "n_chan_mod": 1, "node_id": 81246000100831, "node_len": 200.1090594012676, "obstr_type": 0, "reach_id": 81246000101, "river_name": "Nenana River", "sinuosity": 1.092709961749574, "trib_flag": 0, "type": 1, "width": 63, "width_var": 70.56000000000002, "wse": 497.3000183105469, "wse_var": 0.245600073263049, "x": -148.80516570334152, "y": 63.69600217498447}}, {"type": "Feature", "geometry": {"type": "Point", "coordinates": [-148.80250750873358, 63.69470018583372]}, "id": "001b0000000000026569", "properties": {"dist_out": 1803472, "edit_flag": "NaN", "facc": 4548.605653372125, "grod_id": 0, "hfalls_id": 0, "lakeflag": 0, "manual_add": 0, "max_width": 84, "meand_len": 1246.1988293247666, "n_chan_max": 1, "n_chan_mod": 1, "node_id": 81246000100841, "node_len": 196.10139892969528, "obstr_type": 0, "reach_id": 81246000101, "river_name": "Nenana River", "sinuosity": 1.092709961749574, "trib_flag": 0, "type": 1, "width": 84, "width_var": 105.84, "wse": 499.70001220703125, "wse_var": 0.00160007327795, "x": -148.80250944883477, "y": 63.6946996580038}}, {"type": "Feature", "geometry": {"type": "Point", "coordinates": [-148.7991810193477, 63.6937147245009]}, "id": "001b000000000002656a", "properties": {"dist_out": 1803668, "edit_flag": "NaN", "facc": 4544.686445391202, "grod_id": 0, "hfalls_id": 0, "lakeflag": 0, "manual_add": 0, "max_width": 67, "meand_len": 1140.0533603953875, "n_chan_max": 1, "n_chan_mod": 1, "node_id": 81246000100851, "node_len": 195.781651183519, "obstr_type": 0, "reach_id": 81246000101, "river_name": "Nenana River", "sinuosity": 1.081722330312225, "trib_flag": 0, "type": 1, "width": 67, "width_var": 83, "wse": 499.70001220703125, "wse_var": 0, "x": -148.79918182625084, "y": 63.69371609071529}}, {"type": "Feature", "geometry": {"type": "Point", "coordinates": [-148.7958010207492, 63.69307261394922]}, "id": "001b000000000002656b", "properties": {"dist_out": 1803858, "edit_flag": "NaN", "facc": 4539.983395814095, "grod_id": 0, "hfalls_id": 0, "lakeflag": 0, "manual_add": 0, "max_width": 42, "meand_len": 609.3260157484931, "n_chan_max": 1, "n_chan_mod": 1, "node_id": 81246000100861, "node_len": 189.99364342617991, "obstr_type": 0, "reach_id": 81246000101, "river_name": "Nenana River", "sinuosity": 1.026784173125481, "trib_flag": 0, "type": 1, "width": 42, "width_var": 99.35999999999999, "wse": 499.70001220703125, "wse_var": 0, "x": -148.79580303363133, "y": 63.693070627934844}}, {"type": "Feature", "geometry": {"type": "Point", "coordinates": [-148.7929873279845, 63.69171258812791]}, "id": "001b000000000002656c", "properties": {"dist_out": 1804066, "edit_flag": "NaN", "facc": 4536.064187833173, "grod_id": 0, "hfalls_id": 0, "lakeflag": 0, "manual_add": 0, "max_width": 75, "meand_len": 867.075334589574, "n_chan_max": 1, "n_chan_mod": 1, "node_id": 81246000100871, "node_len": 208.75617455984684, "obstr_type": 0, "reach_id": 81246000101, "river_name": "Nenana River", "sinuosity": 1.090484046454044, "trib_flag": 0, "type": 1, "width": 75, "width_var": 130.25, "wse": 499.70001220703125, "wse_var": 0, "x": -148.79298608494076, "y": 63.691710698111905}}, {"type": "Feature", "geometry": {"type": "Point", "coordinates": [-148.79175661609372, 63.68997353871708]}, "id": "001b000000000002656d", "properties": {"dist_out": 1804278, "edit_flag": "NaN", "facc": 4531.361138256066, "grod_id": 0, "hfalls_id": 0, "lakeflag": 0, "manual_add": 0, "max_width": 63, "meand_len": 1124.8246534306547, "n_chan_max": 1, "n_chan_mod": 1, "node_id": 81246000100881, "node_len": 211.78235179856347, "obstr_type": 0, "reach_id": 81246000101, "river_name": "Nenana River", "sinuosity": 1.154183919782606, "trib_flag": 0, "type": 1, "width": 63, "width_var": 45.91836734693878, "wse": 499.70001220703125, "wse_var": 0, "x": -148.79175809391475, "y": 63.68997545740631}}, {"type": "Feature", "geometry": {"type": "Point", "coordinates": [-148.79136867430208, 63.688230030205176]}, "id": "001b000000000002656e", "properties": {"dist_out": 1804465, "edit_flag": "NaN", "facc": 4525.874247082774, "grod_id": 0, "hfalls_id": 0, "lakeflag": 0, "manual_add": 0, "max_width": 92, "meand_len": 1124.8246534306547, "n_chan_max": 1, "n_chan_mod": 1, "node_id": 81246000100891, "node_len": 186.7680640710132, "obstr_type": 0, "reach_id": 81246000101, "river_name": "Nenana River", "sinuosity": 1.154183919782606, "trib_flag": 0, "type": 1, "width": 92, "width_var": 186.33333333333334, "wse": 499.70001220703125, "wse_var": 0, "x": -148.79137041835293, "y": 63.68822975213043}}, {"type": "Feature", "geometry": {"type": "Point", "coordinates": [-148.78984812084286, 63.686767445059644]}, "id": "001b000000000002656f", "properties": {"dist_out": 1804666, "edit_flag": "NaN", "facc": 4521.171197505667, "grod_id": 0, "hfalls_id": 0, "lakeflag": 0, "manual_add": 0, "max_width": 42, "meand_len": 1131.2751307502547, "n_chan_max": 1, "n_chan_mod": 1, "node_id": 81246000100901, "node_len": 200.68368664770242, "obstr_type": 0, "reach_id": 81246000101, "river_name": "Nenana River", "sinuosity": 1.154441079342756, "trib_flag": 0, "type": 1, "width": 42, "width_var": 303.84000000000003, "wse": 499.70001220703125, "wse_var": 0, "x": -148.7898461549118, "y": 63.68676749203492}}, {"type": "Feature", "geometry": {"type": "Point", "coordinates": [-148.7865305496591, 63.68555011047206]}, "id": "001b0000000000026570", "properties": {"dist_out": 1804882, "edit_flag": "NaN", "facc": 4517.251989524744, "grod_id": 0, "hfalls_id": 0, "lakeflag": 0, "manual_add": 0, "max_width": 42, "meand_len": 1163.5275173482542, "n_chan_max": 1, "n_chan_mod": 1, "node_id": 81246000100911, "node_len": 216.7803514242587, "obstr_type": 0, "reach_id": 81246000101, "river_name": "Nenana River", "sinuosity": 1.155726877143506, "trib_flag": 0, "type": 1, "width": 42, "width_var": 98, "wse": 499.70001220703125, "wse_var": 0, "x": -148.7865295787355, "y": 63.68555189843338}}, {"type": "Feature", "geometry": {"type": "Point", "coordinates": [-148.78312379645425, 63.684439794309746]}, "id": "001b0000000000026571", "properties": {"dist_out": 1805083, "edit_flag": "NaN", "facc": 4512.548939947636, "grod_id": 0, "hfalls_id": 0, "lakeflag": 0, "manual_add": 0, "max_width": 63, "meand_len": 1163.5275173482542, "n_chan_max": 1, "n_chan_mod": 1, "node_id": 81246000100921, "node_len": 200.68368892458238, "obstr_type": 0, "reach_id": 81246000101, "river_name": "Nenana River", "sinuosity": 1.155726877143506, "trib_flag": 0, "type": 1, "width": 63, "width_var": 176.4, "wse": 499.70001220703125, "wse_var": 0, "x": -148.78312260765765, "y": 63.68443789666319}}, {"type": "Feature", "geometry": {"type": "Point", "coordinates": [-148.77974379785576, 63.68347216938115]}, "id": "001b0000000000026572", "properties": {"dist_out": 1805282, "edit_flag": "NaN", "facc": 4508.629731966715, "grod_id": 0, "hfalls_id": 0, "lakeflag": 0, "manual_add": 0, "max_width": 63, "meand_len": 1163.5275173482542, "n_chan_max": 1, "n_chan_mod": 1, "node_id": 81246000100931, "node_len": 198.534539376451, "obstr_type": 0, "reach_id": 81246000101, "river_name": "Nenana River", "sinuosity": 1.155726877143506, "trib_flag": 0, "type": 1, "width": 63, "width_var": 18, "wse": 499.70001220703125, "wse_var": 0.528131612162623, "x": -148.77974544901875, "y": 63.683472464849956}}, {"type": "Feature", "geometry": {"type": "Point", "coordinates": [-148.77735817879216, 63.68207647075142]}, "id": "001b0000000000026573", "properties": {"dist_out": 1805471, "edit_flag": "NaN", "facc": 4503.926682389607, "grod_id": 0, "hfalls_id": 0, "lakeflag": 0, "manual_add": 0, "max_width": 67, "meand_len": 1218.3991568686627, "n_chan_max": 1, "n_chan_mod": 1, "node_id": 81246000100941, "node_len": 189.079053485224, "obstr_type": 0, "reach_id": 81246000101, "river_name": "Nenana River", "sinuosity": 1.059615345350877, "trib_flag": 0, "type": 1, "width": 67, "width_var": 216.24489795918365, "wse": 505.20001220703125, "wse_var": 2.632834995887718, "x": -148.77735829259092, "y": 63.682074613548586}}, {"type": "Feature", "geometry": {"type": "Point", "coordinates": [-148.80138827436917, 63.61027156648777]}, "id": "001b00000000000265b8", "properties": {"dist_out": 1819271, "edit_flag": "NaN", "facc": 2186.253173687922, "grod_id": 0, "hfalls_id": 0, "lakeflag": 0, "manual_add": 0, "max_width": 48, "meand_len": 874.7663105489863, "n_chan_max": 1, "n_chan_mod": 1, "node_id": 81246000120011, "node_len": 194.82378720313585, "obstr_type": 0, "reach_id": 81246000121, "river_name": "Nenana River", "sinuosity": 1.564003196187919, "trib_flag": 0, "type": 1, "width": 48, "width_var": 17, "wse": 580.2000122070312, "wse_var": 0, "x": -148.80138757366646, "y": 63.61027286965705}}, {"type": "Feature", "geometry": {"type": "Point", "coordinates": [-148.80090223235436, 63.60866183100749]}, "id": "001b00000000000265b9", "properties": {"dist_out": 1819472, "edit_flag": "NaN", "facc": 2183.0916345663495, "grod_id": 0, "hfalls_id": 0, "lakeflag": 0, "manual_add": 0, "max_width": 64.5, "meand_len": 843.6988597154585, "n_chan_max": 1, "n_chan_mod": 1, "node_id": 81246000120021, "node_len": 201.29527742872568, "obstr_type": 0, "reach_id": 81246000121, "river_name": "Nenana River", "sinuosity": 1.576863938917023, "trib_flag": 0, "type": 1, "width": 64.5, "width_var": 367.9166666666667, "wse": 580.2000122070312, "wse_var": 0, "x": -148.80090244688714, "y": 63.608663057219026}}, {"type": "Feature", "geometry": {"type": "Point", "coordinates": [-148.8031094873758, 63.607163573053526]}, "id": "001b00000000000265ba", "properties": {"dist_out": 1819672, "edit_flag": "NaN", "facc": 2179.930095444777, "grod_id": 0, "hfalls_id": 0, "lakeflag": 0, "manual_add": 0, "max_width": 42, "meand_len": 781.5639580484026, "n_chan_max": 1, "n_chan_mod": 1, "node_id": 81246000120031, "node_len": 200.1090594813836, "obstr_type": 0, "reach_id": 81246000121, "river_name": "Nenana River", "sinuosity": 1.602585424375232, "trib_flag": 0, "type": 1, "width": 42, "width_var": 81.36, "wse": 580.2000122070312, "wse_var": 0, "x": -148.80311086039757, "y": 63.60716488803653}}, {"type": "Feature", "geometry": {"type": "Point", "coordinates": [-148.80603465766686, 63.60597745217331]}, "id": "001b00000000000265bb", "properties": {"dist_out": 1819868, "edit_flag": "NaN", "facc": 2177.2954795101336, "grod_id": 0, "hfalls_id": 0, "lakeflag": 0, "manual_add": 0, "max_width": 42, "meand_len": 781.5639580484026, "n_chan_max": 1, "n_chan_mod": 1, "node_id": 81246000120041, "node_len": 196.101399123227, "obstr_type": 0, "reach_id": 81246000121, "river_name": "Nenana River", "sinuosity": 1.602585424375232, "trib_flag": 0, "type": 1, "width": 42, "width_var": 5.760000000000002, "wse": 580.2000122070312, "wse_var": 0, "x": -148.8060364261258, "y": 63.605975462485446}}, {"type": "Feature", "geometry": {"type": "Point", "coordinates": [-148.80928980143588, 63.60484038140468]}, "id": "001b00000000000265bc", "properties": {"dist_out": 1820071, "edit_flag": "NaN", "facc": 2174.66086357549, "grod_id": 0, "hfalls_id": 0, "lakeflag": 0, "manual_add": 0, "max_width": 42, "meand_len": 771.7918940557346, "n_chan_max": 1, "n_chan_mod": 1, "node_id": 81246000120051, "node_len": 203.01215996708152, "obstr_type": 0, "reach_id": 81246000121, "river_name": "Nenana River", "sinuosity": 1.595597425686413, "trib_flag": 0, "type": 1, "width": 42, "width_var": 98, "wse": 580.2000122070312, "wse_var": 0, "x": -148.80929194800353, "y": 63.60484106787766}}, {"type": "Feature", "geometry": {"type": "Point", "coordinates": [-148.81197863937112, 63.603667637827634]}, "id": "001b00000000000265bd", "properties": {"dist_out": 1820265, "edit_flag": "NaN", "facc": 2171.4993244539173, "grod_id": 0, "hfalls_id": 0, "lakeflag": 0, "manual_add": 0, "max_width": 33, "meand_len": 713.1595100997264, "n_chan_max": 1, "n_chan_mod": 1, "node_id": 81246000120061, "node_len": 193.54881782036068, "obstr_type": 0, "reach_id": 81246000121, "river_name": "Nenana River", "sinuosity": 1.553669433553502, "trib_flag": 0, "type": 1, "width": 33, "width_var": 29, "wse": 580.2000122070312, "wse_var": 0, "x": -148.8119800527643, "y": 63.60366707855761}}, {"type": "Feature", "geometry": {"type": "Point", "coordinates": [-148.8115193519626, 63.60193750661889]}, "id": "001b00000000000265be", "properties": {"dist_out": 1820478, "edit_flag": "NaN", "facc": 2168.3377853323454, "grod_id": 0, "hfalls_id": 0, "lakeflag": 0, "manual_add": 0, "max_width": 42, "meand_len": 713.1595100997264, "n_chan_max": 1, "n_chan_mod": 1, "node_id": 81246000120071, "node_len": 213.23714759744007, "obstr_type": 0, "reach_id": 81246000121, "river_name": "Nenana River", "sinuosity": 1.553669433553502, "trib_flag": 0, "type": 1, "width": 42, "width_var": 55.836734693877546, "wse": 580.2000122070312, "wse_var": 0, "x": -148.81151862833698, "y": 63.60193901064336}}, {"type": "Feature", "geometry": {"type": "Point", "coordinates": [-148.8132717786766, 63.60054626709021]}, "id": "001b00000000000265bf", "properties": {"dist_out": 1820676, "edit_flag": "NaN", "facc": 2164.6493230238443, "grod_id": 0, "hfalls_id": 0, "lakeflag": 0, "manual_add": 0, "max_width": 64.5, "meand_len": 739.0156654134613, "n_chan_max": 1, "n_chan_mod": 1, "node_id": 81246000120081, "node_len": 198.17080693091816, "obstr_type": 0, "reach_id": 81246000121, "river_name": "Nenana River", "sinuosity": 1.532433384318177, "trib_flag": 0, "type": 1, "width": 64.5, "width_var": 331.25, "wse": 580.2000122070312, "wse_var": 0, "x": -148.813273424807, "y": 63.600544629491104}}, {"type": "Feature", "geometry": {"type": "Point", "coordinates": [-148.81652246334457, 63.59967228328374]}, "id": "001b00000000000265c0", "properties": {"dist_out": 1820873, "edit_flag": "NaN", "facc": 2161.487783902272, "grod_id": 0, "hfalls_id": 0, "lakeflag": 0, "manual_add": 0, "max_width": 84, "meand_len": 803.6560536977981, "n_chan_max": 1, "n_chan_mod": 1, "node_id": 81246000120091, "node_len": 196.6760266434958, "obstr_type": 0, "reach_id": 81246000121, "river_name": "Nenana River", "sinuosity": 1.479343261229866, "trib_flag": 0, "type": 1, "width": 84, "width_var": 282.23999999999995, "wse": 580.2000122070312, "wse_var": 0, "x": -148.81652448674845, "y": 63.599670460252426}}, {"type": "Feature", "geometry": {"type": "Point", "coordinates": [-148.81964383408197, 63.59833455296771]}, "id": "001b00000000000265c1", "properties": {"dist_out": 1821085, "edit_flag": "NaN", "facc": 2158.8531679676285, "grod_id": 0, "hfalls_id": 0, "lakeflag": 0, "manual_add": 0, "max_width": 52.5, "meand_len": 803.6560536977981, "n_chan_max": 1, "n_chan_mod": 1, "node_id": 81246000120101, "node_len": 212.49169914468234, "obstr_type": 0, "reach_id": 81246000121, "river_name": "Nenana River", "sinuosity": 1.479343261229866, "trib_flag": 0, "type": 1, "width": 52.5, "width_var": 110.25, "wse": 580.2000122070312, "wse_var": 0, "x": -148.81964515242356, "y": 63.59833643564594}}, {"type": "Feature", "geometry": {"type": "Point", "coordinates": [-148.82240847673512, 63.59710830017801]}, "id": "001b00000000000265c2", "properties": {"dist_out": 1821277, "edit_flag": "NaN", "facc": 2155.691628846056, "grod_id": 0, "hfalls_id": 0, "lakeflag": 0, "manual_add": 0, "max_width": 105, "meand_len": 821.9296368213478, "n_chan_max": 1, "n_chan_mod": 1, "node_id": 81246000120111, "node_len": 192.0937380949215, "obstr_type": 0, "reach_id": 81246000121, "river_name": "Nenana River", "sinuosity": 1.437650518595391, "trib_flag": 0, "type": 1, "width": 105, "width_var": 70.56000000000002, "wse": 580.2000122070312, "wse_var": 0, "x": -148.82240934950016, "y": 63.597107409058935}}, {"type": "Feature", "geometry": {"type": "Point", "coordinates": [-148.8253693198346, 63.59610054333993]}, "id": "001b00000000000265c3", "properties": {"dist_out": 1821456, "edit_flag": "NaN", "facc": 2153.0570129114126, "grod_id": 0, "hfalls_id": 0, "lakeflag": 0, "manual_add": 0, "max_width": 84, "meand_len": 931.5711355626466, "n_chan_max": 1, "n_chan_mod": 1, "node_id": 81246000120121, "node_len": 178.3616029436139, "obstr_type": 0, "reach_id": 81246000121, "river_name": "Nenana River", "sinuosity": 1.187494062788536, "trib_flag": 0, "type": 1, "width": 84, "width_var": 105.84, "wse": 580.2000122070312, "wse_var": 0, "x": -148.82536898066104, "y": 63.596100275122694}}, {"type": "Feature", "geometry": {"type": "Point", "coordinates": [-148.82824989911512, 63.594985768076555]}, "id": "001b00000000000265c4", "properties": {"dist_out": 1821656, "edit_flag": "NaN", "facc": 2150.422396976769, "grod_id": 0, "hfalls_id": 0, "lakeflag": 0, "manual_add": 0, "max_width": 54, "meand_len": 931.5711355626466, "n_chan_max": 1, "n_chan_mod": 1, "node_id": 81246000120131, "node_len": 200.109058006753, "obstr_type": 0, "reach_id": 81246000121, "river_name": "Nenana River", "sinuosity": 1.187494062788536, "trib_flag": 0, "type": 1, "width": 54, "width_var": 244.8, "wse": 580.2000122070312, "wse_var": 0, "x": -148.82824896972562, "y": 63.59498636499734}}, {"type": "Feature", "geometry": {"type": "Point", "coordinates": [-148.83062214087556, 63.59347413281945]}, "id": "001b00000000000265c5", "properties": {"dist_out": 1821864, "edit_flag": "NaN", "facc": 2147.787781042125, "grod_id": 0, "hfalls_id": 0, "lakeflag": 0, "manual_add": 0, "max_width": 67, "meand_len": 853.0032817489378, "n_chan_max": 1, "n_chan_mod": 1, "node_id": 81246000120141, "node_len": 207.99786171859796, "obstr_type": 0, "reach_id": 81246000121, "river_name": "Nenana River", "sinuosity": 1.142531205864914, "trib_flag": 0, "type": 1, "width": 67, "width_var": 8.888888888888888, "wse": 580.2000122070312, "wse_var": 0, "x": -148.83062339673194, "y": 63.59347486224877}}, {"type": "Feature", "geometry": {"type": "Point", "coordinates": [-148.83228984466956, 63.59183764273284]}, "id": "001b00000000000265c6", "properties": {"dist_out": 1822066, "edit_flag": "NaN", "facc": 2144.626241920553, "grod_id": 0, "hfalls_id": 0, "lakeflag": 0, "manual_add": 0, "max_width": 64.5, "meand_len": 695.8675741215203, "n_chan_max": 1, "n_chan_mod": 1, "node_id": 81246000120151, "node_len": 201.89010414608447, "obstr_type": 0, "reach_id": 81246000121, "river_name": "Nenana River", "sinuosity": 1.052605492017669, "trib_flag": 0, "type": 1, "width": 64.5, "width_var": 180.1388888888889, "wse": 580.2000122070312, "wse_var": 0, "x": -148.83229203407572, "y": 63.59183766576741}}, {"type": "Feature", "geometry": {"type": "Point", "coordinates": [-148.8342384718299, 63.590330466576766]}, "id": "001b00000000000265c7", "properties": {"dist_out": 1822262, "edit_flag": "NaN", "facc": 2141.4647027989804, "grod_id": 0, "hfalls_id": 0, "lakeflag": 0, "manual_add": 0, "max_width": 84, "meand_len": 777.594107159075, "n_chan_max": 1, "n_chan_mod": 1, "node_id": 81246000120161, "node_len": 196.67602344860597, "obstr_type": 0, "reach_id": 81246000121, "river_name": "Nenana River", "sinuosity": 1.279937017136848, "trib_flag": 0, "type": 1, "width": 84, "width_var": 466.55999999999995, "wse": 580.2000122070312, "wse_var": 0, "x": -148.83423901624647, "y": 63.59033155059772}}, {"type": "Feature", "geometry": {"type": "Point", "coordinates": [-148.8370075735841, 63.588992736260735]}, "id": "001b00000000000265c8", "properties": {"dist_out": 1822453, "edit_flag": "NaN", "facc": 2138.8300868643373, "grod_id": 0, "hfalls_id": 0, "lakeflag": 0, "manual_add": 0, "max_width": 84, "meand_len": 859.3206401966296, "n_chan_max": 1, "n_chan_mod": 1, "node_id": 81246000120171, "node_len": 190.568270803396, "obstr_type": 0, "reach_id": 81246000121, "river_name": "Nenana River", "sinuosity": 1.507268542256027, "trib_flag": 0, "type": 1, "width": 84, "width_var": 34.559999999999995, "wse": 580.2000122070312, "wse_var": 0, "x": -148.8370068318661, "y": 63.588992658050415}}, {"type": "Feature", "geometry": {"type": "Point", "coordinates": [-148.84019137173627, 63.588065243241616]}, "id": "001b00000000000265c9", "properties": {"dist_out": 1822654, "edit_flag": "NaN", "facc": 2136.1954709296933, "grod_id": 0, "hfalls_id": 0, "lakeflag": 0, "manual_add": 0, "max_width": 42, "meand_len": 859.3206401966297, "n_chan_max": 1, "n_chan_mod": 1, "node_id": 81246000120181, "node_len": 200.84552553334697, "obstr_type": 0, "reach_id": 81246000121, "river_name": "Nenana River", "sinuosity": 1.507268542256027, "trib_flag": 0, "type": 1, "width": 42, "width_var": 61.25, "wse": 580.2000122070312, "wse_var": 0, "x": -148.84019195400205, "y": 63.58806491027381}}, {"type": "Feature", "geometry": {"type": "Point", "coordinates": [-148.84146667463756, 63.58660265809609]}, "id": "001b00000000000265ca", "properties": {"dist_out": 1822851, "edit_flag": "NaN", "facc": 2133.0339318081215, "grod_id": 0, "hfalls_id": 0, "lakeflag": 0, "manual_add": 0, "max_width": 58.5, "meand_len": 1295.7369572260334, "n_chan_max": 1, "n_chan_mod": 1, "node_id": 81246000120191, "node_len": 196.90368350039853, "obstr_type": 0, "reach_id": 81246000121, "river_name": "Nenana River", "sinuosity": 1.440078665340692, "trib_flag": 0, "type": 1, "width": 58.5, "width_var": 80.47222222222221, "wse": 580.2000122070312, "wse_var": 0, "x": -148.84146801239365, "y": 63.58660320057975}}, {"type": "Feature", "geometry": {"type": "Point", "coordinates": [-148.83949129287086, 63.585010759020015]}, "id": "001b00000000000265cb", "properties": {"dist_out": 1823053, "edit_flag": "NaN", "facc": 2129.8723926865487, "grod_id": 0, "hfalls_id": 0, "lakeflag": 0, "manual_add": 0, "max_width": 39, "meand_len": 3041.4022253436474, "n_chan_max": 1, "n_chan_mod": 1, "node_id": 81246000120201, "node_len": 202.64841730415492, "obstr_type": 0, "reach_id": 81246000121, "river_name": "Nenana River", "sinuosity": 1.17131915767935, "trib_flag": 0, "type": 1, "width": 39, "width_var": 20, "wse": 580.2000122070312, "wse_var": 0.286462910990748, "x": -148.83949098997854, "y": 63.58501262324557}}, {"type": "Feature", "geometry": {"type": "Point", "coordinates": [-148.83781467087476, 63.58328508691232]}, "id": "001b00000000000265cc", "properties": {"dist_out": 1823276, "edit_flag": "NaN", "facc": 2126.710853564977, "grod_id": 0, "hfalls_id": 0, "lakeflag": 0, "manual_add": 0, "max_width": 63, "meand_len": 3041.402225343648, "n_chan_max": 1, "n_chan_mod": 1, "node_id": 81246000120211, "node_len": 222.74318162210875, "obstr_type": 0, "reach_id": 81246000121, "river_name": "Nenana River", "sinuosity": 1.17131915767935, "trib_flag": 0, "type": 1, "width": 63, "width_var": 195.83673469387756, "wse": 582.1000366210938, "wse_var": 0.916397880078579, "x": -148.83781328332608, "y": 63.58328353020873}}, {"type": "Feature", "geometry": {"type": "Point", "coordinates": [-148.83652599067034, 63.58155049660253]}, "id": "001b00000000000265cd", "properties": {"dist_out": 1823461, "edit_flag": "NaN", "facc": 2123.022391256475, "grod_id": 0, "hfalls_id": 0, "lakeflag": 0, "manual_add": 0, "max_width": 67, "meand_len": 3041.4022253436474, "n_chan_max": 1, "n_chan_mod": 1, "node_id": 81246000120221, "node_len": 185.28157576346803, "obstr_type": 0, "reach_id": 81246000121, "river_name": "Nenana River", "sinuosity": 1.17131915767935, "trib_flag": 0, "type": 1, "width": 67, "width_var": 241, "wse": 587.7000122070312, "wse_var": 6.088212178916566, "x": -148.83652694938328, "y": 63.581549412573}}, {"type": "Feature", "geometry": {"type": "Point", "coordinates": [-148.83589725742183, 63.579806988090645]}, "id": "001b00000000000265ce", "properties": {"dist_out": 1823680, "edit_flag": "NaN", "facc": 2119.8608521349033, "grod_id": 0, "hfalls_id": 0, "lakeflag": 0, "manual_add": 0, "max_width": 63, "meand_len": 3041.4022253436474, "n_chan_max": 1, "n_chan_mod": 1, "node_id": 81246000120231, "node_len": 218.48493585404594, "obstr_type": 0, "reach_id": 81246000121, "river_name": "Nenana River", "sinuosity": 1.17131915767935, "trib_flag": 0, "type": 1, "width": 63, "width_var": 105.67346938775509, "wse": 593.2000122070312, "wse_var": 0.32459402905435, "x": -148.8358965172415, "y": 63.57980689719216}}, {"type": "Feature", "geometry": {"type": "Point", "coordinates": [-148.8372751196473, 63.57817495710508]}, "id": "001b00000000000265cf", "properties": {"dist_out": 1823859, "edit_flag": "NaN", "facc": 2116.172389826402, "grod_id": 0, "hfalls_id": 0, "lakeflag": 0, "manual_add": 0, "max_width": 54, "meand_len": 3041.402225343648, "n_chan_max": 1, "n_chan_mod": 1, "node_id": 81246000120241, "node_len": 179.1199071552901, "obstr_type": 0, "reach_id": 81246000121, "river_name": "Nenana River", "sinuosity": 1.17131915767935, "trib_flag": 0, "type": 1, "width": 54, "width_var": 62.55999999999999, "wse": 594.300048828125, "wse_var": 0.025601172447205, "x": -148.83727646196377, "y": 63.57817331963831}}, {"type": "Feature", "geometry": {"type": "Point", "coordinates": [-148.83844786322436, 63.576542926119515]}, "id": "001b00000000000265d0", "properties": {"dist_out": 1824074, "edit_flag": "NaN", "facc": 2113.5377738917587, "grod_id": 0, "hfalls_id": 0, "lakeflag": 0, "manual_add": 0, "max_width": 67, "meand_len": 3041.4022253436474, "n_chan_max": 1, "n_chan_mod": 1, "node_id": 81246000120251, "node_len": 215.28157545768772, "obstr_type": 0, "reach_id": 81246000121, "river_name": "Nenana River", "sinuosity": 1.17131915767935, "trib_flag": 0, "type": 1, "width": 67, "width_var": 117.26530612244899, "wse": 594.550048828125, "wse_var": 0.022652837542855, "x": -148.83844921298217, "y": 63.57654238340768}}, {"type": "Feature", "geometry": {"type": "Point", "coordinates": [-148.83748023829577, 63.57493764974027]}, "id": "001b00000000000265d1", "properties": {"dist_out": 1824247, "edit_flag": "NaN", "facc": 2109.8493115832575, "grod_id": 0, "hfalls_id": 0, "lakeflag": 0, "manual_add": 0, "max_width": 36, "meand_len": 3041.4022253436474, "n_chan_max": 1, "n_chan_mod": 1, "node_id": 81246000120261, "node_len": 173.01215093223345, "obstr_type": 0, "reach_id": 81246000121, "river_name": "Nenana River", "sinuosity": 1.17131915767935, "trib_flag": 0, "type": 1, "width": 36, "width_var": 196.95999999999998, "wse": 595.2999877929688, "wse_var": 0.029395898580551, "x": -148.8374789444394, "y": 63.574938885772454}}, {"type": "Feature", "geometry": {"type": "Point", "coordinates": [-148.83563417045963, 63.573345750664195]}, "id": "001b00000000000265d2", "properties": {"dist_out": 1824466, "edit_flag": "NaN", "facc": 2107.214695648614, "grod_id": 0, "hfalls_id": 0, "lakeflag": 0, "manual_add": 0, "max_width": 48, "meand_len": 3041.4022253436474, "n_chan_max": 1, "n_chan_mod": 1, "node_id": 81246000120271, "node_len": 218.4849364655447, "obstr_type": 0, "reach_id": 81246000121, "river_name": "Nenana River", "sinuosity": 1.17131915767935, "trib_flag": 0, "type": 1, "width": 48, "width_var": 201.67346938775512, "wse": 595.2999877929688, "wse_var": 0, "x": -148.8356358026024, "y": 63.573346549919414}}, {"type": "Feature", "geometry": {"type": "Point", "coordinates": [-148.83516150574798, 63.571602242152295]}, "id": "001b00000000000265d3", "properties": {"dist_out": 1824648, "edit_flag": "NaN", "facc": 2103.526233340113, "grod_id": 0, "hfalls_id": 0, "lakeflag": 0, "manual_add": 0, "max_width": 42, "meand_len": 2705.976869751126, "n_chan_max": 1, "n_chan_mod": 1, "node_id": 81246000120281, "node_len": 182.37646910328658, "obstr_type": 0, "reach_id": 81246000121, "river_name": "Nenana River", "sinuosity": 1.17582895724694, "trib_flag": 0, "type": 1, "width": 42, "width_var": 53, "wse": 595.2999877929688, "wse_var": 0, "x": -148.8351608799062, "y": 63.57160204269047}}, {"type": "Feature", "geometry": {"type": "Point", "coordinates": [-148.8343231947499, 63.56986319274146]}, "id": "001b00000000000265d4", "properties": {"dist_out": 1824862, "edit_flag": "NaN", "facc": 2100.3646942185405, "grod_id": 0, "hfalls_id": 0, "lakeflag": 0, "manual_add": 0, "max_width": 42, "meand_len": 1028.8500917885178, "n_chan_max": 1, "n_chan_mod": 1, "node_id": 81246000120291, "node_len": 214.15882087725913, "obstr_type": 0, "reach_id": 81246000121, "river_name": "Nenana River", "sinuosity": 1.198377955084889, "trib_flag": 0, "type": 1, "width": 42, "width_var": 35.26530612244898, "wse": 595.2999877929688, "wse_var": 0, "x": -148.83432376322418, "y": 63.56986216369749}}, {"type": "Feature", "geometry": {"type": "Point", "coordinates": [-148.83316382847602, 63.56812860243168]}, "id": "001b00000000000265d5", "properties": {"dist_out": 1825066, "edit_flag": "NaN", "facc": 2096.67623191004, "grod_id": 0, "hfalls_id": 0, "lakeflag": 0, "manual_add": 0, "max_width": 48, "meand_len": 1028.8500917885178, "n_chan_max": 1, "n_chan_mod": 1, "node_id": 81246000120301, "node_len": 203.60626817405773, "obstr_type": 0, "reach_id": 81246000121, "river_name": "Nenana River", "sinuosity": 1.198377955084889, "trib_flag": 0, "type": 1, "width": 48, "width_var": 68, "wse": 595.2999877929688, "wse_var": 0, "x": -148.8331647611368, "y": 63.56812639230899}}, {"type": "Feature", "geometry": {"type": "Point", "coordinates": [-148.83092981884826, 63.56667493548824]}, "id": "001b00000000000265d6", "properties": {"dist_out": 1825245, "edit_flag": "NaN", "facc": 2093.514692788467, "grod_id": 0, "hfalls_id": 0, "lakeflag": 0, "manual_add": 0, "max_width": 42, "meand_len": 1028.8500917885178, "n_chan_max": 1, "n_chan_mod": 1, "node_id": 81246000120311, "node_len": 179.11990861829145, "obstr_type": 0, "reach_id": 81246000121, "river_name": "Nenana River", "sinuosity": 1.198377955084889, "trib_flag": 0, "type": 1, "width": 42, "width_var": 261.36, "wse": 595.2999877929688, "wse_var": 0.64, "x": -148.83092848212436, "y": 63.5666736821516}}, {"type": "Feature", "geometry": {"type": "Point", "coordinates": [-148.8295965476333, 63.56507411821005]}, "id": "001b00000000000265d7", "properties": {"dist_out": 1825469, "edit_flag": "NaN", "facc": 2090.880076853824, "grod_id": 0, "hfalls_id": 0, "lakeflag": 0, "manual_add": 0, "max_width": 45, "meand_len": 704.1454215637094, "n_chan_max": 1, "n_chan_mod": 1, "node_id": 81246000120321, "node_len": 223.70103169199228, "obstr_type": 0, "reach_id": 81246000121, "river_name": "Nenana River", "sinuosity": 1.10538130963455, "trib_flag": 0, "type": 1, "width": 45, "width_var": 24.979591836734695, "wse": 600.5999755859375, "wse_var": 2.222432537498523, "x": -148.8295967670954, "y": 63.56507474978531}}, {"type": "Feature", "geometry": {"type": "Point", "coordinates": [-148.8300157031323, 63.56331723239499]}, "id": "001b00000000000265d8", "properties": {"dist_out": 1825656, "edit_flag": "NaN", "facc": 2087.1916145453224, "grod_id": 0, "hfalls_id": 0, "lakeflag": 0, "manual_add": 0, "max_width": 33, "meand_len": 704.1454215637094, "n_chan_max": 1, "n_chan_mod": 1, "node_id": 81246000120331, "node_len": 187.52708541710217, "obstr_type": 0, "reach_id": 81246000121, "river_name": "Nenana River", "sinuosity": 1.10538130963455, "trib_flag": 0, "type": 1, "width": 33, "width_var": 29.25, "wse": 600.5999755859375, "wse_var": 2.41998209638728, "x": -148.83001631335404, "y": 63.56331881985539}}, {"type": "Feature", "geometry": {"type": "Point", "coordinates": [-148.8298328799891, 63.56170303781364]}, "id": "001b00000000000265d9", "properties": {"dist_out": 1825844, "edit_flag": "NaN", "facc": 2084.0300754237505, "grod_id": 0, "hfalls_id": 0, "lakeflag": 0, "manual_add": 0, "max_width": 57, "meand_len": 869.9164367819448, "n_chan_max": 1, "n_chan_mod": 1, "node_id": 81246000120341, "node_len": 188.1212019439563, "obstr_type": 0, "reach_id": 81246000121, "river_name": "Nenana River", "sinuosity": 1.541097083536758, "trib_flag": 0, "type": 1, "width": 57, "width_var": 95.22222222222221, "wse": 597.2999877929688, "wse_var": 2.41998209638728, "x": -148.82983221456902, "y": 63.56170524765552}}, {"type": "Feature", "geometry": {"type": "Point", "coordinates": [-148.83002908043545, 63.55995061109964]}, "id": "001b00000000000265da", "properties": {"dist_out": 1826064, "edit_flag": "NaN", "facc": 2080.8685363021777, "grod_id": 0, "hfalls_id": 0, "lakeflag": 0, "manual_add": 0, "max_width": 48, "meand_len": 869.9164367819448, "n_chan_max": 1, "n_chan_mod": 1, "node_id": 81246000120351, "node_len": 219.83807493262975, "obstr_type": 0, "reach_id": 81246000121, "river_name": "Nenana River", "sinuosity": 1.541097083536757, "trib_flag": 0, "type": 1, "width": 48, "width_var": 139.9591836734694, "wse": 595.2999877929688, "wse_var": 0, "x": -148.83002752764315, "y": 63.55995217610551}}, {"type": "Feature", "geometry": {"type": "Point", "coordinates": [-148.82894551887946, 63.55821602078984]}, "id": "001b00000000000265db", "properties": {"dist_out": 1826247, "edit_flag": "NaN", "facc": 2077.180073993677, "grod_id": 0, "hfalls_id": 0, "lakeflag": 0, "manual_add": 0, "max_width": 63, "meand_len": 869.9164367819448, "n_chan_max": 1, "n_chan_mod": 1, "node_id": 81246000120361, "node_len": 182.37646909494197, "obstr_type": 0, "reach_id": 81246000121, "river_name": "Nenana River", "sinuosity": 1.541097083536758, "trib_flag": 0, "type": 1, "width": 63, "width_var": 118.55555555555556, "wse": 595.2999877929688, "wse_var": 0, "x": -148.82894391383113, "y": 63.558215414032894}}, {"type": "Feature", "geometry": {"type": "Point", "coordinates": [-148.82783520271715, 63.55661520351166]}, "id": "001b00000000000265dc", "properties": {"dist_out": 1826455, "edit_flag": "NaN", "facc": 2074.0185348721047, "grod_id": 0, "hfalls_id": 0, "lakeflag": 0, "manual_add": 0, "max_width": 45, "meand_len": 904.7658136482983, "n_chan_max": 1, "n_chan_mod": 1, "node_id": 81246000120371, "node_len": 208.7561749473798, "obstr_type": 0, "reach_id": 81246000121, "river_name": "Nenana River", "sinuosity": 1.425666240084235, "trib_flag": 0, "type": 1, "width": 45, "width_var": 361.25, "wse": 595.2999877929688, "wse_var": 0, "x": -148.82783458101983, "y": 63.556613631115944}}, {"type": "Feature", "geometry": {"type": "Point", "coordinates": [-148.82486990051663, 63.55525963679142]}, "id": "001b00000000000265dd", "properties": {"dist_out": 1826672, "edit_flag": "NaN", "facc": 2070.8569957505324, "grod_id": 0, "hfalls_id": 0, "lakeflag": 0, "manual_add": 0, "max_width": 63, "meand_len": 922.190502081475, "n_chan_max": 1, "n_chan_mod": 1, "node_id": 81246000120381, "node_len": 216.78035243589238, "obstr_type": 0, "reach_id": 81246000121, "river_name": "Nenana River", "sinuosity": 1.367950818357973, "trib_flag": 0, "type": 1, "width": 63, "width_var": 208.25, "wse": 595.2999877929688, "wse_var": 0, "x": -148.82486900432076, "y": 63.55525989733794}}, {"type": "Feature", "geometry": {"type": "Point", "coordinates": [-148.82186892550766, 63.55399771119329]}, "id": "001b00000000000265de", "properties": {"dist_out": 1826869, "edit_flag": "NaN", "facc": 2067.69545662896, "grod_id": 0, "hfalls_id": 0, "lakeflag": 0, "manual_add": 0, "max_width": 42, "meand_len": 922.1905020814748, "n_chan_max": 1, "n_chan_mod": 1, "node_id": 81246000120391, "node_len": 196.90368351593315, "obstr_type": 0, "reach_id": 81246000121, "river_name": "Nenana River", "sinuosity": 1.367950818357974, "trib_flag": 0, "type": 1, "width": 42, "width_var": 32, "wse": 595.2999877929688, "wse_var": 0, "x": -148.82186920438286, "y": 63.55399631834615}}, {"type": "Feature", "geometry": {"type": "Point", "coordinates": [-148.82075860934535, 63.55239243481406]}, "id": "001b00000000000265df", "properties": {"dist_out": 1827058, "edit_flag": "NaN", "facc": 2064.5339175073877, "grod_id": 0, "hfalls_id": 0, "lakeflag": 0, "manual_add": 0, "max_width": 65, "meand_len": 941.9424270868506, "n_chan_max": 1, "n_chan_mod": 1, "node_id": 81246000120401, "node_len": 188.7153200031653, "obstr_type": 0, "reach_id": 81246000121, "river_name": "Nenana River", "sinuosity": 1.338230756619982, "trib_flag": 0, "type": 1, "width": 65, "width_var": 109.80555555555554, "wse": 595.2999877929688, "wse_var": 0, "x": -148.82076042824553, "y": 63.5523944793397}}, {"type": "Feature", "geometry": {"type": "Point", "coordinates": [-148.81975085250727, 63.550791617535864]}, "id": "001b00000000000265e0", "properties": {"dist_out": 1827241, "edit_flag": "NaN", "facc": 2061.3723783858154, "grod_id": 0, "hfalls_id": 0, "lakeflag": 0, "manual_add": 0, "max_width": 60.5, "meand_len": 971.570314594914, "n_chan_max": 1, "n_chan_mod": 1, "node_id": 81246000120411, "node_len": 182.97058632968037, "obstr_type": 0, "reach_id": 81246000121, "river_name": "Nenana River", "sinuosity": 1.293650664012994, "trib_flag": 0, "type": 1, "width": 60.5, "width_var": 88.25, "wse": 595.2999877929688, "wse_var": 0, "x": -148.81975233771186, "y": 63.55079135534563}}, {"type": "Feature", "geometry": {"type": "Point", "coordinates": [-148.81839974488807, 63.54921309576295]}, "id": "001b00000000000265e1", "properties": {"dist_out": 1827457, "edit_flag": "NaN", "facc": 2058.210839264243, "grod_id": 0, "hfalls_id": 0, "lakeflag": 0, "manual_add": 0, "max_width": 67, "meand_len": 971.5703145949141, "n_chan_max": 1, "n_chan_mod": 1, "node_id": 81246000120421, "node_len": 215.8102248180585, "obstr_type": 0, "reach_id": 81246000121, "river_name": "Nenana River", "sinuosity": 1.293650664012994, "trib_flag": 0, "type": 1, "width": 67, "width_var": 142, "wse": 595.2999877929688, "wse_var": 0, "x": -148.81840083286144, "y": 63.54921181369428}}, {"type": "Feature", "geometry": {"type": "Point", "coordinates": [-148.81480125033795, 63.54891433599237]}, "id": "001b00000000000265e2", "properties": {"dist_out": 1827638, "edit_flag": "NaN", "facc": 2054.5223769557424, "grod_id": 0, "hfalls_id": 0, "lakeflag": 0, "manual_add": 0, "max_width": 75, "meand_len": 947.8689864275706, "n_chan_max": 1, "n_chan_mod": 1, "node_id": 81246000120431, "node_len": 181.78236908961844, "obstr_type": 0, "reach_id": 81246000121, "river_name": "Nenana River", "sinuosity": 1.513082193459101, "trib_flag": 0, "type": 1, "width": 75, "width_var": 43.138888888888886, "wse": 595.2999877929688, "wse_var": 0, "x": -148.81480214197407, "y": 63.54891497125963}}, {"type": "Feature", "geometry": {"type": "Point", "coordinates": [-148.81123842859623, 63.5485754443123]}, "id": "001b00000000000265e3", "properties": {"dist_out": 1827842, "edit_flag": "NaN", "facc": 2051.3608378341696, "grod_id": 0, "hfalls_id": 0, "lakeflag": 0, "manual_add": 0, "max_width": 52.5, "meand_len": 829.3623455908534, "n_chan_max": 1, "n_chan_mod": 1, "node_id": 81246000120441, "node_len": 203.5202497518585, "obstr_type": 0, "reach_id": 81246000121, "river_name": "Nenana River", "sinuosity": 2.61023984068964, "trib_flag": 0, "type": 1, "width": 52.5, "width_var": 230.25, "wse": 595.2999877929688, "wse_var": 0, "x": -148.81123813011547, "y": 63.54857399917078}}, {"type": "Feature", "geometry": {"type": "Point", "coordinates": [-148.80908468278741, 63.54701921804464]}, "id": "001b00000000000265e4", "properties": {"dist_out": 1828058, "edit_flag": "NaN", "facc": 2048.1992987125977, "grod_id": 0, "hfalls_id": 0, "lakeflag": 0, "manual_add": 0, "max_width": 54, "meand_len": 829.3623455908534, "n_chan_max": 1, "n_chan_mod": 1, "node_id": 81246000120451, "node_len": 215.87569295502362, "obstr_type": 0, "reach_id": 81246000121, "river_name": "Nenana River", "sinuosity": 2.61023984068964, "trib_flag": 0, "type": 1, "width": 54, "width_var": 128.77551020408166, "wse": 595.2999877929688, "wse_var": 0, "x": -148.80908386124867, "y": 63.547021187571396}}, {"type": "Feature", "geometry": {"type": "Point", "coordinates": [-148.80831325830516, 63.5452801686338]}, "id": "001b00000000000265e5", "properties": {"dist_out": 1828242, "edit_flag": "NaN", "facc": 2044.5108364040966, "grod_id": 0, "hfalls_id": 0, "lakeflag": 0, "manual_add": 0, "max_width": 33, "meand_len": 829.3623455908535, "n_chan_max": 1, "n_chan_mod": 1, "node_id": 81246000120461, "node_len": 184.09334090482844, "obstr_type": 0, "reach_id": 81246000121, "river_name": "Nenana River", "sinuosity": 2.61023984068964, "trib_flag": 0, "type": 1, "width": 33, "width_var": 121.25, "wse": 595.2999877929688, "wse_var": 0, "x": -148.80831226775163, "y": 63.545280347329175}}, {"type": "Feature", "geometry": {"type": "Point", "coordinates": [-148.80921399671797, 63.5436525967493]}, "id": "001b00000000000265e6", "properties": {"dist_out": 1828438, "edit_flag": "NaN", "facc": 2041.3492972825243, "grod_id": 0, "hfalls_id": 0, "lakeflag": 0, "manual_add": 0, "max_width": 54, "meand_len": 829.3623455908535, "n_chan_max": 1, "n_chan_mod": 1, "node_id": 81246000120471, "node_len": 195.7816370688488, "obstr_type": 0, "reach_id": 81246000121, "river_name": "Nenana River", "sinuosity": 2.61023984068964, "trib_flag": 0, "type": 1, "width": 54, "width_var": 89.55555555555554, "wse": 595.2999877929688, "wse_var": 0, "x": -148.80921532504212, "y": 63.54365304462831}}, {"type": "Feature", "geometry": {"type": "Point", "coordinates": [-148.8097089569349, 63.54189571093424]}, "id": "001b00000000000265e7", "properties": {"dist_out": 1828656, "edit_flag": "NaN", "facc": 2038.187758160952, "grod_id": 0, "hfalls_id": 0, "lakeflag": 0, "manual_add": 0, "max_width": 60, "meand_len": 829.3623455908534, "n_chan_max": 1, "n_chan_mod": 1, "node_id": 81246000120481, "node_len": 218.4849363806261, "obstr_type": 0, "reach_id": 81246000121, "river_name": "Nenana River", "sinuosity": 2.61023984068964, "trib_flag": 0, "type": 1, "width": 60, "width_var": 144.9795918367347, "wse": 595.2999877929688, "wse_var": 0, "x": -148.8097076454813, "y": 63.54189626090986}}, {"type": "Feature", "geometry": {"type": "Point", "coordinates": [-148.8078495117956, 63.54041083028344]}, "id": "001b00000000000265e8", "properties": {"dist_out": 1828839, "edit_flag": "NaN", "facc": 2034.4992958524508, "grod_id": 0, "hfalls_id": 0, "lakeflag": 0, "manual_add": 0, "max_width": 42, "meand_len": 1238.7580633597638, "n_chan_max": 1, "n_chan_mod": 1, "node_id": 81246000120491, "node_len": 183.13849845537516, "obstr_type": 0, "reach_id": 81246000121, "river_name": "Nenana River", "sinuosity": 2.527884113219409, "trib_flag": 0, "type": 1, "width": 42, "width_var": 43.2, "wse": 595.2999877929688, "wse_var": 0, "x": -148.80785090636812, "y": 63.54041149346084}}, {"type": "Feature", "geometry": {"type": "Point", "coordinates": [-148.80487975049402, 63.539264841312715]}, "id": "001b00000000000265e9", "properties": {"dist_out": 1829034, "edit_flag": "NaN", "facc": 2031.8646799178073, "grod_id": 0, "hfalls_id": 0, "lakeflag": 0, "manual_add": 0, "max_width": 42, "meand_len": 1443.4559222442188, "n_chan_max": 1, "n_chan_mod": 1, "node_id": 81246000120501, "node_len": 194.57592931734507, "obstr_type": 0, "reach_id": 81246000121, "river_name": "Nenana River", "sinuosity": 2.486706249484293, "trib_flag": 0, "type": 1, "width": 42, "width_var": 0, "wse": 595.2999877929688, "wse_var": 0, "x": -148.80488090735375, "y": 63.539263904612014}}, {"type": "Feature", "geometry": {"type": "Point", "coordinates": [-148.80319866939686, 63.537668483135576]}, "id": "001b00000000000265ea", "properties": {"dist_out": 1829248, "edit_flag": "NaN", "facc": 2029.2300639831637, "grod_id": 0, "hfalls_id": 0, "lakeflag": 0, "manual_add": 0, "max_width": 54, "meand_len": 1443.4559222442188, "n_chan_max": 1, "n_chan_mod": 1, "node_id": 81246000120511, "node_len": 214.68745824545476, "obstr_type": 0, "reach_id": 81246000121, "river_name": "Nenana River", "sinuosity": 2.486706249484293, "trib_flag": 0, "type": 1, "width": 54, "width_var": 16.53061224489796, "wse": 595.2999877929688, "wse_var": 0, "x": -148.80319698670132, "y": 63.53766918165096}}, {"type": "Feature", "geometry": {"type": "Point", "coordinates": [-148.8035331019759, 63.53591605642156]}, "id": "001b00000000000265eb", "properties": {"dist_out": 1829440, "edit_flag": "NaN", "facc": 2025.5416016746626, "grod_id": 0, "hfalls_id": 0, "lakeflag": 0, "manual_add": 0, "max_width": 80, "meand_len": 1443.4559222442188, "n_chan_max": 1, "n_chan_mod": 1, "node_id": 81246000120521, "node_len": 191.39004205557103, "obstr_type": 0, "reach_id": 81246000121, "river_name": "Nenana River", "sinuosity": 2.486706249484293, "trib_flag": 0, "type": 1, "width": 80, "width_var": 342.8055555555555, "wse": 595.2999877929688, "wse_var": 0, "x": -148.803534490312, "y": 63.53591436639517}}, {"type": "Feature", "geometry": {"type": "Point", "coordinates": [-148.80528106958883, 63.5342751072339]}, "id": "001b00000000000265ec", "properties": {"dist_out": 1829653, "edit_flag": "NaN", "facc": 2022.3800625530903, "grod_id": 0, "hfalls_id": 0, "lakeflag": 0, "manual_add": 0, "max_width": 254, "meand_len": 1443.4559222442188, "n_chan_max": 2, "n_chan_mod": 2, "node_id": 81246000120531, "node_len": 213.34730762503386, "obstr_type": 0, "reach_id": 81246000121, "river_name": "Nenana River", "sinuosity": 2.486706249484293, "trib_flag": 0, "type": 1, "width": 85.5, "width_var": 65.13888888888889, "wse": 596.4249877929688, "wse_var": 0.3125, "x": -148.80528176818697, "y": 63.53427646382131}}, {"type": "Feature", "geometry": {"type": "Point", "coordinates": [-148.8075150792166, 63.53283035849258]}, "id": "001b00000000000265ed", "properties": {"dist_out": 1829841, "edit_flag": "NaN", "facc": 2019.218523431518, "grod_id": 0, "hfalls_id": 0, "lakeflag": 0, "manual_add": 0, "max_width": 84, "meand_len": 1443.4559222442188, "n_chan_max": 2, "n_chan_mod": 1, "node_id": 81246000120541, "node_len": 187.61611666023782, "obstr_type": 0, "reach_id": 81246000121, "river_name": "Nenana River", "sinuosity": 2.486706249484293, "trib_flag": 0, "type": 1, "width": 84, "width_var": 176.4, "wse": 596.7999877929688, "wse_var": 0, "x": -148.80751581036856, "y": 63.53283169827703}}, {"type": "Feature", "geometry": {"type": "Point", "coordinates": [-148.8102752627687, 63.53151046458077]}, "id": "001b00000000000265ee", "properties": {"dist_out": 1830046, "edit_flag": "NaN", "facc": 2016.5839074968744, "grod_id": 0, "hfalls_id": 0, "lakeflag": 0, "manual_add": 0, "max_width": 254, "meand_len": 1443.4559222442188, "n_chan_max": 2, "n_chan_mod": 2, "node_id": 81246000120551, "node_len": 204.7283129402822, "obstr_type": 0, "reach_id": 81246000121, "river_name": "Nenana River", "sinuosity": 2.486706249484293, "trib_flag": 0, "type": 1, "width": 84, "width_var": 74, "wse": 596.7999877929688, "wse_var": 0, "x": -148.8102764734521, "y": 63.53151131669477}}, {"type": "Feature", "geometry": {"type": "Point", "coordinates": [-148.8108683232088, 63.52976249696782]}, "id": "001b00000000000265ef", "properties": {"dist_out": 1830256, "edit_flag": "NaN", "facc": 2013.422368375302, "grod_id": 0, "hfalls_id": 0, "lakeflag": 0, "manual_add": 0, "max_width": 60, "meand_len": 1443.4559222442188, "n_chan_max": 1, "n_chan_mod": 1, "node_id": 81246000120561, "node_len": 210.0000000782311, "obstr_type": 0, "reach_id": 81246000121, "river_name": "Nenana River", "sinuosity": 2.486706249484293, "trib_flag": 0, "type": 1, "width": 60, "width_var": 1.102040816326531, "wse": 596.7999877929688, "wse_var": 0, "x": -148.81086958666447, "y": 63.52976222885395}}, {"type": "Feature", "geometry": {"type": "Point", "coordinates": [-148.81045808591188, 63.52801898845592]}, "id": "001b00000000000265f0", "properties": {"dist_out": 1830438, "edit_flag": "NaN", "facc": 2009.733906066801, "grod_id": 0, "hfalls_id": 0, "lakeflag": 0, "manual_add": 0, "max_width": 51, "meand_len": 1443.4559222442188, "n_chan_max": 1, "n_chan_mod": 1, "node_id": 81246000120571, "node_len": 182.97058631534128, "obstr_type": 0, "reach_id": 81246000121, "river_name": "Nenana River", "sinuosity": 2.486706249484293, "trib_flag": 0, "type": 1, "width": 51, "width_var": 66.22222222222221, "wse": 597.1500244140625, "wse_var": 0.088343099277053, "x": -148.81045723765814, "y": 63.528016860749496}}, {"type": "Feature", "geometry": {"type": "Point", "coordinates": [-148.80985610726967, 63.52627547994402]}, "id": "001b00000000000265f1", "properties": {"dist_out": 1830658, "edit_flag": "NaN", "facc": 2006.5723669452286, "grod_id": 0, "hfalls_id": 0, "lakeflag": 0, "manual_add": 0, "max_width": 54, "meand_len": 1260.1390331450368, "n_chan_max": 1, "n_chan_mod": 1, "node_id": 81246000120581, "node_len": 219.07905363338432, "obstr_type": 0, "reach_id": 81246000121, "river_name": "Nenana River", "sinuosity": 1.916951643566622, "trib_flag": 0, "type": 1, "width": 54, "width_var": 124.40816326530611, "wse": 598.1000366210938, "wse_var": 0.018365852230666, "x": -148.80985547016806, "y": 63.526273883409885}}, {"type": "Feature", "geometry": {"type": "Point", "coordinates": [-148.80810813965672, 63.52467912176688]}, "id": "001b00000000000265f2", "properties": {"dist_out": 1830843, "edit_flag": "NaN", "facc": 2002.8839046367277, "grod_id": 0, "hfalls_id": 0, "lakeflag": 0, "manual_add": 0, "max_width": 67, "meand_len": 1122.6513663206506, "n_chan_max": 1, "n_chan_mod": 1, "node_id": 81246000120591, "node_len": 185.22766614306965, "obstr_type": 0, "reach_id": 81246000121, "river_name": "Nenana River", "sinuosity": 1.489635689128368, "trib_flag": 0, "type": 1, "width": 67, "width_var": 123.35999999999999, "wse": 598.1000366210938, "wse_var": 0, "x": -148.8081100573648, "y": 63.52467999315762}}, {"type": "Feature", "geometry": {"type": "Point", "coordinates": [-148.80615059429425, 63.52322545482346]}, "id": "001b00000000000265f3", "properties": {"dist_out": 1831038, "edit_flag": "NaN", "facc": 2000.2492887020842, "grod_id": 0, "hfalls_id": 0, "lakeflag": 0, "manual_add": 0, "max_width": 51, "meand_len": 1122.6513663206506, "n_chan_max": 1, "n_chan_mod": 1, "node_id": 81246000120601, "node_len": 194.8237872564514, "obstr_type": 0, "reach_id": 81246000121, "river_name": "Nenana River", "sinuosity": 1.489635689128368, "trib_flag": 0, "type": 1, "width": 51, "width_var": 92.22222222222221, "wse": 598.2999877929688, "wse_var": 0.005344611592591, "x": -148.80615174485132, "y": 63.52322342805559}}, {"type": "Feature", "geometry": {"type": "Point", "coordinates": [-148.8046211226329, 63.52162463754528]}, "id": "001b00000000000265f4", "properties": {"dist_out": 1831228, "edit_flag": "NaN", "facc": 1997.0877495805119, "grod_id": 0, "hfalls_id": 0, "lakeflag": 0, "manual_add": 0, "max_width": 67.5, "meand_len": 1122.6513663206506, "n_chan_max": 1, "n_chan_mod": 1, "node_id": 81246000120611, "node_len": 190.43219207618677, "obstr_type": 0, "reach_id": 81246000121, "river_name": "Nenana River", "sinuosity": 1.489635689128368, "trib_flag": 0, "type": 1, "width": 67.5, "width_var": 517.9166666666666, "wse": 598.9000244140625, "wse_var": 0.022020094614062, "x": -148.8046231405357, "y": 63.52162676752413}}, {"type": "Feature", "geometry": {"type": "Point", "coordinates": [-148.80326555591267, 63.51989450633653]}, "id": "001b00000000000265f5", "properties": {"dist_out": 1831446, "edit_flag": "NaN", "facc": 1993.9262104589395, "grod_id": 0, "hfalls_id": 0, "lakeflag": 0, "manual_add": 0, "max_width": 63, "meand_len": 1184.1054122525416, "n_chan_max": 1, "n_chan_mod": 1, "node_id": 81246000120621, "node_len": 218.1212027047095, "obstr_type": 0, "reach_id": 81246000121, "river_name": "Nenana River", "sinuosity": 1.430163207826194, "trib_flag": 0, "type": 1, "width": 63, "width_var": 404.85714285714283, "wse": 599, "wse_var": 0.000305972993374, "x": -148.80326416389622, "y": 63.51989329823281}}, {"type": "Feature", "geometry": {"type": "Point", "coordinates": [-148.8029355824347, 63.51814653872359]}, "id": "001b00000000000265f6", "properties": {"dist_out": 1831632, "edit_flag": "NaN", "facc": 1990.2377481504386, "grod_id": 0, "hfalls_id": 0, "lakeflag": 0, "manual_add": 0, "max_width": 30, "meand_len": 1552.8296878438885, "n_chan_max": 1, "n_chan_mod": 1, "node_id": 81246000120631, "node_len": 185.81021275420608, "obstr_type": 0, "reach_id": 81246000121, "river_name": "Nenana River", "sinuosity": 1.073328320013148, "trib_flag": 0, "type": 1, "width": 30, "width_var": 331.25, "wse": 599, "wse_var": 0, "x": -148.8029356466559, "y": 63.51814685764622}}, {"type": "Feature", "geometry": {"type": "Point", "coordinates": [-148.80476381386663, 63.516603689759094]}, "id": "001b00000000000265f7", "properties": {"dist_out": 1831856, "edit_flag": "NaN", "facc": 1987.0762090288663, "grod_id": 0, "hfalls_id": 0, "lakeflag": 0, "manual_add": 0, "max_width": 42, "meand_len": 1552.8296878438885, "n_chan_max": 1, "n_chan_mod": 1, "node_id": 81246000120641, "node_len": 224.1429458286584, "obstr_type": 0, "reach_id": 81246000121, "river_name": "Nenana River", "sinuosity": 1.073328320013148, "trib_flag": 0, "type": 1, "width": 42, "width_var": 140.28571428571428, "wse": 599, "wse_var": 0, "x": -148.8047625684043, "y": 63.5166041288794}}, {"type": "Feature", "geometry": {"type": "Point", "coordinates": [-148.8084916223473, 63.516001711116886]}, "id": "001b00000000000265f8", "properties": {"dist_out": 1832039, "edit_flag": "NaN", "facc": 1983.3877467203652, "grod_id": 0, "hfalls_id": 0, "lakeflag": 0, "manual_add": 0, "max_width": 45, "meand_len": 1552.8296878438885, "n_chan_max": 1, "n_chan_mod": 1, "node_id": 81246000120651, "node_len": 182.37648593293125, "obstr_type": 0, "reach_id": 81246000121, "river_name": "Nenana River", "sinuosity": 1.073328320013148, "trib_flag": 0, "type": 1, "width": 45, "width_var": 207.2222222222222, "wse": 599, "wse_var": 0, "x": -148.80848979690953, "y": 63.51600311186343}}, {"type": "Feature", "geometry": {"type": "Point", "coordinates": [-148.81208119869532, 63.51556471921365]}, "id": "001b00000000000265f9", "properties": {"dist_out": 1832229, "edit_flag": "NaN", "facc": 1980.2262075987928, "grod_id": 0, "hfalls_id": 0, "lakeflag": 0, "manual_add": 0, "max_width": 73.5, "meand_len": 1552.8296878438885, "n_chan_max": 1, "n_chan_mod": 1, "node_id": 81246000120661, "node_len": 190.43220619029125, "obstr_type": 0, "reach_id": 81246000121, "river_name": "Nenana River", "sinuosity": 1.073328320013148, "trib_flag": 0, "type": 1, "width": 73.5, "width_var": 63.13888888888889, "wse": 599.1500244140625, "wse_var": 0.003886990249157, "x": -148.81208057881324, "y": 63.51556274895446}}, {"type": "Feature", "geometry": {"type": "Point", "coordinates": [-148.81594278020762, 63.514931526864046]}, "id": "001b00000000000265fa", "properties": {"dist_out": 1832450, "edit_flag": "NaN", "facc": 1977.0646684772205, "grod_id": 0, "hfalls_id": 0, "lakeflag": 0, "manual_add": 0, "max_width": 75, "meand_len": 1162.3818929884292, "n_chan_max": 1, "n_chan_mod": 1, "node_id": 81246000120671, "node_len": 220.7959397536597, "obstr_type": 0, "reach_id": 81246000121, "river_name": "Nenana River", "sinuosity": 1.677869211293494, "trib_flag": 0, "type": 1, "width": 75, "width_var": 84.12244897959184, "wse": 599.2000122070312, "wse_var": 0.001225386803247, "x": -148.815943451065, "y": 63.51493160431381}}, {"type": "Feature", "geometry": {"type": "Point", "coordinates": [-148.81859148623337, 63.51363838755855]}, "id": "001b00000000000265fb", "properties": {"dist_out": 1832647, "edit_flag": "NaN", "facc": 1973.3762061687194, "grod_id": 0, "hfalls_id": 0, "lakeflag": 0, "manual_add": 0, "max_width": 67, "meand_len": 1064.7699442745645, "n_chan_max": 1, "n_chan_mod": 1, "node_id": 81246000120681, "node_len": 197.49850914998387, "obstr_type": 0, "reach_id": 81246000121, "river_name": "Nenana River", "sinuosity": 1.82900443411358, "trib_flag": 0, "type": 1, "width": 67, "width_var": 14.222222222222223, "wse": 599.5, "wse_var": 0.000347052700818, "x": -148.8185924202309, "y": 63.513639903461524}}, {"type": "Feature", "geometry": {"type": "Point", "coordinates": [-148.8197553116083, 63.51201081567405]}, "id": "001b00000000000265fc", "properties": {"dist_out": 1832834, "edit_flag": "NaN", "facc": 1970.214667047147, "grod_id": 0, "hfalls_id": 0, "lakeflag": 0, "manual_add": 0, "max_width": 52.5, "meand_len": 1064.7699442745645, "n_chan_max": 1, "n_chan_mod": 1, "node_id": 81246000120691, "node_len": 186.99844736532032, "obstr_type": 0, "reach_id": 81246000121, "river_name": "Nenana River", "sinuosity": 1.82900443411358, "trib_flag": 0, "type": 1, "width": 52.5, "width_var": 54, "wse": 599.8750305175781, "wse_var": 0.029521010402176, "x": -148.81975503763087, "y": 63.51200921948558}}, {"type": "Feature", "geometry": {"type": "Point", "coordinates": [-148.81960816127355, 63.51025838896004]}, "id": "001b00000000000265fd", "properties": {"dist_out": 1833050, "edit_flag": "NaN", "facc": 1967.053127925575, "grod_id": 0, "hfalls_id": 0, "lakeflag": 0, "manual_add": 0, "max_width": 60, "meand_len": 1064.7699442745645, "n_chan_max": 1, "n_chan_mod": 1, "node_id": 81246000120701, "node_len": 215.2815751270191, "obstr_type": 0, "reach_id": 81246000121, "river_name": "Nenana River", "sinuosity": 1.82900443411358, "trib_flag": 0, "type": 1, "width": 60, "width_var": 30.122448979591837, "wse": 601.25, "wse_var": 0.213556082881227, "x": -148.819609242413, "y": 63.51026048560522}}, {"type": "Feature", "geometry": {"type": "Point", "coordinates": [-148.8206382136169, 63.508497044043935]}, "id": "001b00000000000265fe", "properties": {"dist_out": 1833246, "edit_flag": "NaN", "facc": 1963.364665617074, "grod_id": 0, "hfalls_id": 0, "lakeflag": 0, "manual_add": 0, "max_width": 65, "meand_len": 1064.7699442745645, "n_chan_max": 1, "n_chan_mod": 1, "node_id": 81246000120711, "node_len": 196.54065821945005, "obstr_type": 0, "reach_id": 81246000121, "river_name": "Nenana River", "sinuosity": 1.82900443411358, "trib_flag": 0, "type": 1, "width": 65, "width_var": 34, "wse": 601.7000122070312, "wse_var": 0.017014736620088, "x": -148.8206368551287, "y": 63.50849684490402}}, {"type": "Feature", "geometry": {"type": "Point", "coordinates": [-148.82231929471405, 63.50686055395732]}, "id": "001b00000000000265ff", "properties": {"dist_out": 1833448, "edit_flag": "NaN", "facc": 1960.2031264955017, "grod_id": 0, "hfalls_id": 0, "lakeflag": 0, "manual_add": 0, "max_width": 48, "meand_len": 1568.1340223282896, "n_chan_max": 1, "n_chan_mod": 1, "node_id": 81246000120721, "node_len": 201.89010418037105, "obstr_type": 0, "reach_id": 81246000121, "river_name": "Nenana River", "sinuosity": 1.495720481383262, "trib_flag": 0, "type": 1, "width": 48, "width_var": 68, "wse": 602.2000122070312, "wse_var": 0.009721205155883, "x": -148.82232125914751, "y": 63.50685950342223}}, {"type": "Feature", "geometry": {"type": "Point", "coordinates": [-148.82350541559427, 63.505228522971755]}, "id": "001b0000000000026600", "properties": {"dist_out": 1833634, "edit_flag": "NaN", "facc": 1957.0415873739294, "grod_id": 0, "hfalls_id": 0, "lakeflag": 0, "manual_add": 0, "max_width": 51, "meand_len": 1693.975041841721, "n_chan_max": 1, "n_chan_mod": 1, "node_id": 81246000120731, "node_len": 186.40432990828776, "obstr_type": 0, "reach_id": 81246000121, "river_name": "Nenana River", "sinuosity": 1.412399493200682, "trib_flag": 0, "type": 1, "width": 51, "width_var": 216.55555555555554, "wse": 602.6500244140625, "wse_var": 0.260009358843995, "x": -148.82350347448815, "y": 63.505228534037435}}, {"type": "Feature", "geometry": {"type": "Point", "coordinates": [-148.82396470300276, 63.50347163715669]}, "id": "001b0000000000026601", "properties": {"dist_out": 1833851, "edit_flag": "NaN", "facc": 1953.880048252357, "grod_id": 0, "hfalls_id": 0, "lakeflag": 0, "manual_add": 0, "max_width": 63, "meand_len": 1693.9750418417211, "n_chan_max": 1, "n_chan_mod": 1, "node_id": 81246000120741, "node_len": 216.99844767923787, "obstr_type": 0, "reach_id": 81246000121, "river_name": "Nenana River", "sinuosity": 1.412399493200682, "trib_flag": 0, "type": 1, "width": 63, "width_var": 338.2040816326531, "wse": 604.5, "wse_var": 0.325000000243284, "x": -148.82396560203006, "y": 63.50347206183233}}, {"type": "Feature", "geometry": {"type": "Point", "coordinates": [-148.82326016503634, 63.501732587745856]}, "id": "001b0000000000026602", "properties": {"dist_out": 1834033, "edit_flag": "NaN", "facc": 1950.191585943856, "grod_id": 0, "hfalls_id": 0, "lakeflag": 0, "manual_add": 0, "max_width": 30, "meand_len": 1693.975041841721, "n_chan_max": 1, "n_chan_mod": 1, "node_id": 81246000120751, "node_len": 181.7823517271372, "obstr_type": 0, "reach_id": 81246000121, "river_name": "Nenana River", "sinuosity": 1.412399493200682, "trib_flag": 0, "type": 1, "width": 30, "width_var": 5, "wse": 605, "wse_var": 0, "x": -148.82326029290292, "y": 63.5017304508578}}, {"type": "Feature", "geometry": {"type": "Point", "coordinates": [-148.82188230281082, 63.5003101345098]}, "id": "001b0000000000026603", "properties": {"dist_out": 1834230, "edit_flag": "NaN", "facc": 1947.0300468222836, "grod_id": 0, "hfalls_id": 0, "lakeflag": 0, "manual_add": 0, "max_width": 39, "meand_len": 1693.9750418417211, "n_chan_max": 1, "n_chan_mod": 1, "node_id": 81246000120761, "node_len": 196.81766893834902, "obstr_type": 0, "reach_id": 81246000121, "river_name": "Nenana River", "sinuosity": 1.412399493200682, "trib_flag": 0, "type": 1, "width": 39, "width_var": 44, "wse": 605, "wse_var": 0, "x": -148.8218838792514, "y": 63.500311579285174}}, {"type": "Feature", "geometry": {"type": "Point", "coordinates": [-148.8181857080375, 63.49977504238339]}, "id": "001b0000000000026604", "properties": {"dist_out": 1834446, "edit_flag": "NaN", "facc": 1943.8685077007112, "grod_id": 0, "hfalls_id": 0, "lakeflag": 0, "manual_add": 0, "max_width": 36, "meand_len": 1693.975041841721, "n_chan_max": 1, "n_chan_mod": 1, "node_id": 81246000120771, "node_len": 215.81022491568365, "obstr_type": 0, "reach_id": 81246000121, "river_name": "Nenana River", "sinuosity": 1.412399493200682, "trib_flag": 0, "type": 1, "width": 36, "width_var": 250, "wse": 605, "wse_var": 0, "x": -148.81818423140197, "y": 63.49977505656741}}, {"type": "Feature", "geometry": {"type": "Point", "coordinates": [-148.81641098581824, 63.498316916338915]}, "id": "001b0000000000026605", "properties": {"dist_out": 1834629, "edit_flag": "NaN", "facc": 1940.18004539221, "grod_id": 0, "hfalls_id": 0, "lakeflag": 0, "manual_add": 1, "max_width": 54, "meand_len": 1191.6524059606654, "n_chan_max": 1, "n_chan_mod": 1, "node_id": 81246000120781, "node_len": 182.97058632538938, "obstr_type": 0, "reach_id": 81246000121, "river_name": "Nenana River", "sinuosity": 1.258483870872951, "trib_flag": 0, "type": 1, "width": 54, "width_var": 0, "wse": 605, "wse_var": 0, "x": -148.8164123981942, "y": 63.49831627360038}}, {"type": "Feature", "geometry": {"type": "Point", "coordinates": [-148.81637085390875, 63.496702721757565]}, "id": "001b0000000000026606", "properties": {"dist_out": 1834817, "edit_flag": "NaN", "facc": 1937.0185062706378, "grod_id": 0, "hfalls_id": 0, "lakeflag": 0, "manual_add": 0, "max_width": 48, "meand_len": 990.7233516082432, "n_chan_max": 1, "n_chan_mod": 1, "node_id": 81246000120791, "node_len": 188.71531910409067, "obstr_type": 0, "reach_id": 81246000121, "river_name": "Nenana River", "sinuosity": 1.196917621941858, "trib_flag": 0, "type": 1, "width": 48, "width_var": 320.1388888888889, "wse": 605, "wse_var": 0, "x": -148.81637006419638, "y": 63.49670088431085}}, {"type": "Feature", "geometry": {"type": "Point", "coordinates": [-148.81866283185022, 63.495088527176215]}, "id": "001b0000000000026607", "properties": {"dist_out": 1835033, "edit_flag": "NaN", "facc": 1933.8569671490657, "grod_id": 0, "hfalls_id": 0, "lakeflag": 0, "manual_add": 0, "max_width": 42, "meand_len": 990.7233516082431, "n_chan_max": 1, "n_chan_mod": 1, "node_id": 81246000120801, "node_len": 215.83748737780843, "obstr_type": 0, "reach_id": 81246000121, "river_name": "Nenana River", "sinuosity": 1.196917621941858, "trib_flag": 0, "type": 1, "width": 42, "width_var": 30.9375, "wse": 605, "wse_var": 0, "x": -148.8186633702676, "y": 63.49508951685917}}, {"type": "Feature", "geometry": {"type": "Point", "coordinates": [-148.82104399181276, 63.493545678211724]}, "id": "001b0000000000026608", "properties": {"dist_out": 1835247, "edit_flag": "NaN", "facc": 1929.641581653636, "grod_id": 0, "hfalls_id": 0, "lakeflag": 0, "manual_add": 0, "max_width": 54, "meand_len": 1022.9801274333541, "n_chan_max": 1, "n_chan_mod": 1, "node_id": 81246000130011, "node_len": 214.0933407242488, "obstr_type": 0, "reach_id": 81246000131, "river_name": "Nenana River", "sinuosity": 1.089770036810742, "trib_flag": 0, "type": 1, "width": 54, "width_var": 48.12244897959183, "wse": 605, "wse_var": 0, "x": -148.82104244482392, "y": 63.49354435867479}}, {"type": "Feature", "geometry": {"type": "Point", "coordinates": [-148.82111979653067, 63.49179325149772]}, "id": "001b0000000000026609", "properties": {"dist_out": 1835427, "edit_flag": "NaN", "facc": 1925.9531193451348, "grod_id": 0, "hfalls_id": 0, "lakeflag": 0, "manual_add": 0, "max_width": 30, "meand_len": 1039.1085153459096, "n_chan_max": 1, "n_chan_mod": 1, "node_id": 81246000130021, "node_len": 180.0000000689179, "obstr_type": 0, "reach_id": 81246000131, "river_name": "Nenana River", "sinuosity": 1.036196244245184, "trib_flag": 0, "type": 1, "width": 30, "width_var": 31.25, "wse": 605, "wse_var": 0, "x": -148.8211203329886, "y": 63.49179277809221}}, {"type": "Feature", "geometry": {"type": "Point", "coordinates": [-148.82107966462118, 63.49004082478372]}, "id": "001b000000000002660a", "properties": {"dist_out": 1835641, "edit_flag": "NaN", "facc": 1922.7915802235625, "grod_id": 0, "hfalls_id": 0, "lakeflag": 0, "manual_add": 0, "max_width": 45, "meand_len": 1039.1085153459096, "n_chan_max": 1, "n_chan_mod": 1, "node_id": 81246000130031, "node_len": 213.49922357721562, "obstr_type": 0, "reach_id": 81246000131, "river_name": "Nenana River", "sinuosity": 1.036196244245184, "trib_flag": 0, "type": 1, "width": 45, "width_var": 368.4897959183673, "wse": 605, "wse_var": 0, "x": -148.82107779134785, "y": 63.490042728305596}}, {"type": "Feature", "geometry": {"type": "Point", "coordinates": [-148.82152111562547, 63.48828839806972]}, "id": "001b000000000002660b", "properties": {"dist_out": 1835823, "edit_flag": "NaN", "facc": 1919.1031179150614, "grod_id": 0, "hfalls_id": 0, "lakeflag": 0, "manual_add": 0, "max_width": 58.5, "meand_len": 0, "n_chan_max": 1, "n_chan_mod": 1, "node_id": 81246000130041, "node_len": 181.78235162106512, "obstr_type": 0, "reach_id": 81246000131, "river_name": "Nenana River", "sinuosity": 1, "trib_flag": 0, "type": 1, "width": 58.5, "width_var": 123.22222222222223, "wse": 605, "wse_var": 0, "x": -148.8215197642937, "y": 63.4882865159156}}, {"type": "Feature", "geometry": {"type": "Point", "coordinates": [-148.82128478326965, 63.48654043045677]}, "id": "001b000000000002660c", "properties": {"dist_out": 1836039, "edit_flag": "NaN", "facc": 1915.941578793489, "grod_id": 0, "hfalls_id": 0, "lakeflag": 0, "manual_add": 0, "max_width": 45, "meand_len": 325.89495229511067, "n_chan_max": 1, "n_chan_mod": 1, "node_id": 81246000130051, "node_len": 216.4043301342722, "obstr_type": 0, "reach_id": 81246000131, "river_name": "Nenana River", "sinuosity": 1.003590647641231, "trib_flag": 0, "type": 1, "width": 45, "width_var": 74.20408163265306, "wse": 605, "wse_var": 0.000613441272658, "x": -148.82128513831853, "y": 63.48653890855299}}, {"type": "Feature", "geometry": {"type": "Point", "coordinates": [-148.82263589088885, 63.48494853138068]}, "id": "001b000000000002660d", "properties": {"dist_out": 1836220, "edit_flag": "NaN", "facc": 1912.2531164849881, "grod_id": 0, "hfalls_id": 0, "lakeflag": 0, "manual_add": 0, "max_width": 42, "meand_len": 279.04598585358787, "n_chan_max": 1, "n_chan_mod": 1, "node_id": 81246000130061, "node_len": 180.75004841959765, "obstr_type": 0, "reach_id": 81246000131, "river_name": "Nenana River", "sinuosity": 1.004823328219757, "trib_flag": 0, "type": 1, "width": 42, "width_var": 5.760000000000002, "wse": 605.1000366210938, "wse_var": 0.021396631002426, "x": -148.82263672755298, "y": 63.484948869159744}}, {"type": "Feature", "geometry": {"type": "Point", "coordinates": [-148.82602926679053, 63.484029956563674]}, "id": "001b000000000002660e", "properties": {"dist_out": 1836440, "edit_flag": "NaN", "facc": 1909.6185005503446, "grod_id": 0, "hfalls_id": 0, "lakeflag": 0, "manual_add": 0, "max_width": 42, "meand_len": 2661.895398241378, "n_chan_max": 1, "n_chan_mod": 1, "node_id": 81246000130071, "node_len": 219.8380892852083, "obstr_type": 0, "reach_id": 81246000131, "river_name": "Nenana River", "sinuosity": 1.07165898493924, "trib_flag": 0, "type": 1, "width": 42, "width_var": 236.20408163265304, "wse": 605.7999877929688, "wse_var": 0.029995814878113, "x": -148.8260311770937, "y": 63.48403147427018}}, {"type": "Feature", "geometry": {"type": "Point", "coordinates": [-148.8282811128225, 63.482803703773975]}, "id": "001b000000000002660f", "properties": {"dist_out": 1836618, "edit_flag": "NaN", "facc": 1905.9300382418437, "grod_id": 0, "hfalls_id": 0, "lakeflag": 0, "manual_add": 0, "max_width": 45, "meand_len": 2661.8953982413786, "n_chan_max": 1, "n_chan_mod": 1, "node_id": 81246000130081, "node_len": 178.6151679144939, "obstr_type": 0, "reach_id": 81246000131, "river_name": "Nenana River", "sinuosity": 1.07165898493924, "trib_flag": 0, "type": 1, "width": 45, "width_var": 204.2222222222222, "wse": 605.7999877929688, "wse_var": 0.013888888888889, "x": -148.8282794167744, "y": 63.48280494516684}}, {"type": "Feature", "geometry": {"type": "Point", "coordinates": [-148.827821825414, 63.48106911346419]}, "id": "001b0000000000026610", "properties": {"dist_out": 1836834, "edit_flag": "NaN", "facc": 1902.7684991202714, "grod_id": 0, "hfalls_id": 0, "lakeflag": 0, "manual_add": 0, "max_width": 42, "meand_len": 2661.8953982413786, "n_chan_max": 1, "n_chan_mod": 1, "node_id": 81246000130091, "node_len": 215.28157534420916, "obstr_type": 0, "reach_id": 81246000131, "river_name": "Nenana River", "sinuosity": 1.07165898493924, "trib_flag": 0, "type": 1, "width": 42, "width_var": 175.71428571428572, "wse": 606.2999877929688, "wse_var": 0.025510204081633, "x": -148.8278214421604, "y": 63.48106917317631}}, {"type": "Feature", "geometry": {"type": "Point", "coordinates": [-148.82890984607104, 63.479441541579675]}, "id": "001b0000000000026611", "properties": {"dist_out": 1837022, "edit_flag": "NaN", "facc": 1899.0800368117702, "grod_id": 0, "hfalls_id": 0, "lakeflag": 0, "manual_add": 0, "max_width": 54, "meand_len": 2661.895398241378, "n_chan_max": 1, "n_chan_mod": 1, "node_id": 81246000130101, "node_len": 188.66069942332592, "obstr_type": 0, "reach_id": 81246000131, "river_name": "Nenana River", "sinuosity": 1.07165898493924, "trib_flag": 0, "type": 1, "width": 54, "width_var": 205.2, "wse": 606.8499755859375, "wse_var": 0.001400781571865, "x": -148.82891172044756, "y": 63.479439312149985}}, {"type": "Feature", "geometry": {"type": "Point", "coordinates": [-148.83116169210305, 63.47784072430149]}, "id": "001b0000000000026612", "properties": {"dist_out": 1837242, "edit_flag": "NaN", "facc": 1896.4454208771267, "grod_id": 0, "hfalls_id": 0, "lakeflag": 0, "manual_add": 0, "max_width": 42, "meand_len": 2661.8953982413786, "n_chan_max": 1, "n_chan_mod": 1, "node_id": 81246000130111, "node_len": 219.60769458248365, "obstr_type": 0, "reach_id": 81246000131, "river_name": "Nenana River", "sinuosity": 1.07165898493924, "trib_flag": 0, "type": 1, "width": 42, "width_var": 58.775510204081634, "wse": 607.4500122070312, "wse_var": 0.308852290468557, "x": -148.8311603400914, "y": 63.477840800674656}}, {"type": "Feature", "geometry": {"type": "Point", "coordinates": [-148.83312369656656, 63.476280038932785]}, "id": "001b0000000000026613", "properties": {"dist_out": 1837433, "edit_flag": "NaN", "facc": 1892.7569585686256, "grod_id": 0, "hfalls_id": 0, "lakeflag": 0, "manual_add": 0, "max_width": 42, "meand_len": 2661.8953982413786, "n_chan_max": 1, "n_chan_mod": 1, "node_id": 81246000130121, "node_len": 191.55494705310366, "obstr_type": 0, "reach_id": 81246000131, "river_name": "Nenana River", "sinuosity": 1.07165898493924, "trib_flag": 0, "type": 1, "width": 42, "width_var": 60, "wse": 608.4250183105469, "wse_var": 0.0595206030541, "x": -148.8331225617503, "y": 63.47627926423606}}, {"type": "Feature", "geometry": {"type": "Point", "coordinates": [-148.83398430306985, 63.47466138525038]}, "id": "001b0000000000026614", "properties": {"dist_out": 1837615, "edit_flag": "NaN", "facc": 1889.5954194470532, "grod_id": 0, "hfalls_id": 0, "lakeflag": 0, "manual_add": 0, "max_width": 58.5, "meand_len": 2661.8953982413786, "n_chan_max": 1, "n_chan_mod": 1, "node_id": 81246000130131, "node_len": 181.1882343701468, "obstr_type": 0, "reach_id": 81246000131, "river_name": "Nenana River", "sinuosity": 1.07165898493924, "trib_flag": 0, "type": 1, "width": 58.5, "width_var": 56, "wse": 609.2000122070312, "wse_var": 0.000555284321308, "x": -148.8339825635459, "y": 63.474661287127425}}, {"type": "Feature", "geometry": {"type": "Point", "coordinates": [-148.83421617632465, 63.47290895853638]}, "id": "001b0000000000026615", "properties": {"dist_out": 1837828, "edit_flag": "NaN", "facc": 1886.433880325481, "grod_id": 0, "hfalls_id": 0, "lakeflag": 0, "manual_add": 0, "max_width": 54, "meand_len": 2190.8464495254757, "n_chan_max": 1, "n_chan_mod": 1, "node_id": 81246000130141, "node_len": 213.564703307115, "obstr_type": 0, "reach_id": 81246000131, "river_name": "Nenana River", "sinuosity": 1.137606857645138, "trib_flag": 0, "type": 1, "width": 54, "width_var": 344.6938775510204, "wse": 609.2000122070312, "wse_var": 0, "x": -148.83421721674307, "y": 63.47290767831998}}, {"type": "Feature", "geometry": {"type": "Point", "coordinates": [-148.83325746959815, 63.471303682157135]}, "id": "001b0000000000026616", "properties": {"dist_out": 1838011, "edit_flag": "NaN", "facc": 1882.7454180169798, "grod_id": 0, "hfalls_id": 0, "lakeflag": 0, "manual_add": 0, "max_width": 108, "meand_len": 1876.813817048207, "n_chan_max": 1, "n_chan_mod": 1, "node_id": 81246000130151, "node_len": 183.12757081039626, "obstr_type": 0, "reach_id": 81246000131, "river_name": "Nenana River", "sinuosity": 1.181572106115736, "trib_flag": 0, "type": 1, "width": 108, "width_var": 156.64000000000001, "wse": 609.300048828125, "wse_var": 0.002401758134365, "x": -148.83325766957245, "y": 63.47130402960221}}, {"type": "Feature", "geometry": {"type": "Point", "coordinates": [-148.83046161323765, 63.46985893341582]}, "id": "001b0000000000026617", "properties": {"dist_out": 1838242, "edit_flag": "NaN", "facc": 1880.1108020823362, "grod_id": 0, "hfalls_id": 0, "lakeflag": 0, "manual_add": 0, "max_width": 84, "meand_len": 1876.813817048207, "n_chan_max": 1, "n_chan_mod": 1, "node_id": 81246000130161, "node_len": 231.08711035632223, "obstr_type": 0, "reach_id": 81246000131, "river_name": "Nenana River", "sinuosity": 1.181572106115737, "trib_flag": 0, "type": 1, "width": 84, "width_var": 14, "wse": 609.4000244140625, "wse_var": 0.393689066689048, "x": -148.83046347607237, "y": 63.46985851093053}}, {"type": "Feature", "geometry": {"type": "Point", "coordinates": [-148.82789317103087, 63.46840972557345]}, "id": "001b0000000000026618", "properties": {"dist_out": 1838428, "edit_flag": "NaN", "facc": 1876.949262960764, "grod_id": 0, "hfalls_id": 0, "lakeflag": 0, "manual_add": 0, "max_width": 96, "meand_len": 1876.813817048207, "n_chan_max": 1, "n_chan_mod": 1, "node_id": 81246000130171, "node_len": 185.2276663909215, "obstr_type": 0, "reach_id": 81246000131, "river_name": "Nenana River", "sinuosity": 1.181572106115736, "trib_flag": 0, "type": 1, "width": 96, "width_var": 34.559999999999995, "wse": 611.1000366210938, "wse_var": 0.000399804711342, "x": -148.82789416053618, "y": 63.46841007127555}}, {"type": "Feature", "geometry": {"type": "Point", "coordinates": [-148.82549863376516, 63.467094290762674]}, "id": "001b0000000000026619", "properties": {"dist_out": 1838628, "edit_flag": "NaN", "facc": 1874.3146470261204, "grod_id": 0, "hfalls_id": 0, "lakeflag": 0, "manual_add": 0, "max_width": 339, "meand_len": 1876.813817048207, "n_chan_max": 2, "n_chan_mod": 2, "node_id": 81246000130181, "node_len": 200.10906078996868, "obstr_type": 0, "reach_id": 81246000131, "river_name": "Nenana River", "sinuosity": 1.181572106115737, "trib_flag": 0, "type": 1, "width": 105, "width_var": 305.04, "wse": 611.7999877929688, "wse_var": 0.019597265720367, "x": -148.82549812757583, "y": 63.46709403688302}}, {"type": "Feature", "geometry": {"type": "Point", "coordinates": [-148.8221899807835, 63.46597951549931]}, "id": "001b000000000002661a", "properties": {"dist_out": 1838841, "edit_flag": "NaN", "facc": 1871.6800310914768, "grod_id": 0, "hfalls_id": 0, "lakeflag": 0, "manual_add": 0, "max_width": 339, "meand_len": 1876.813817048207, "n_chan_max": 2, "n_chan_mod": 2, "node_id": 81246000130191, "node_len": 213.34731871328404, "obstr_type": 0, "reach_id": 81246000131, "river_name": "Nenana River", "sinuosity": 1.181572106115737, "trib_flag": 0, "type": 1, "width": 138, "width_var": 517.2222222222223, "wse": 611.7999877929688, "wse_var": 0, "x": -148.82218787196214, "y": 63.465978132428006}}, {"type": "Feature", "geometry": {"type": "Point", "coordinates": [-148.8188189003871, 63.4651010725918]}, "id": "001b000000000002661b", "properties": {"dist_out": 1839011, "edit_flag": "NaN", "facc": 1868.5184919699045, "grod_id": 0, "hfalls_id": 0, "lakeflag": 0, "manual_add": 0, "max_width": 105, "meand_len": 1501.7807052643964, "n_chan_max": 3, "n_chan_mod": 1, "node_id": 81246000130201, "node_len": 169.57912596559026, "obstr_type": 0, "reach_id": 81246000131, "river_name": "Nenana River", "sinuosity": 1.241227831485765, "trib_flag": 0, "type": 1, "width": 105, "width_var": 419.76000000000005, "wse": 611.7999877929688, "wse_var": 0, "x": -148.81882072331027, "y": 63.46509988323843}}, {"type": "Feature", "geometry": {"type": "Point", "coordinates": [-148.8154567381928, 63.464276138896906]}, "id": "001b000000000002661c", "properties": {"dist_out": 1839242, "edit_flag": "NaN", "facc": 1865.883876035261, "grod_id": 0, "hfalls_id": 0, "lakeflag": 0, "manual_add": 0, "max_width": 52.5, "meand_len": 1501.7807052643964, "n_chan_max": 1, "n_chan_mod": 1, "node_id": 81246000130211, "node_len": 231.6617426279263, "obstr_type": 0, "reach_id": 81246000131, "river_name": "Nenana River", "sinuosity": 1.241227831485765, "trib_flag": 0, "type": 1, "width": 52.5, "width_var": 245, "wse": 611.9500122070312, "wse_var": 0.008056369506651, "x": -148.81545731573465, "y": 63.46427716676715}}, {"type": "Feature", "geometry": {"type": "Point", "coordinates": [-148.8123710402638, 63.46308555891564]}, "id": "001b000000000002661d", "properties": {"dist_out": 1839412, "edit_flag": "NaN", "facc": 1862.7223369136887, "grod_id": 0, "hfalls_id": 0, "lakeflag": 0, "manual_add": 0, "max_width": 127, "meand_len": 1501.7807052643964, "n_chan_max": 2, "n_chan_mod": 1, "node_id": 81246000130221, "node_len": 169.70563683684486, "obstr_type": 0, "reach_id": 81246000131, "river_name": "Nenana River", "sinuosity": 1.241227831485765, "trib_flag": 1, "type": 1, "width": 127, "width_var": 1644.75, "wse": 612, "wse_var": 0, "x": -148.8123718085943, "y": 63.46308637491546}}, {"type": "Feature", "geometry": {"type": "Point", "coordinates": [-148.80957964300435, 63.46180133781224]}, "id": "001b000000000002661e", "properties": {"dist_out": 1839634, "edit_flag": "NaN", "facc": 1860.614644165974, "grod_id": 0, "hfalls_id": 0, "lakeflag": 0, "manual_add": 0, "max_width": 105, "meand_len": 1501.7807052643964, "n_chan_max": 2, "n_chan_mod": 1, "node_id": 81246000130231, "node_len": 221.55724399749852, "obstr_type": 0, "reach_id": 81246000131, "river_name": "Nenana River", "sinuosity": 1.241227831485765, "trib_flag": 1, "type": 1, "width": 105, "width_var": 6946.333333333333, "wse": 612, "wse_var": 0, "x": -148.80958165008386, "y": 63.46180200745383}}, {"type": "Feature", "geometry": {"type": "Point", "coordinates": [-148.8066366363091, 63.46056616682044]}, "id": "001b000000000002661f", "properties": {"dist_out": 1839821, "edit_flag": "NaN", "facc": 1857.4531050444016, "grod_id": 0, "hfalls_id": 0, "lakeflag": 0, "manual_add": 0, "max_width": 84, "meand_len": 1447.8369880412486, "n_chan_max": 1, "n_chan_mod": 1, "node_id": 81246000130241, "node_len": 187.6161166005404, "obstr_type": 0, "reach_id": 81246000131, "river_name": "Nenana River", "sinuosity": 1.198107573814869, "trib_flag": 0, "type": 1, "width": 84, "width_var": 12.959999999999999, "wse": 612, "wse_var": 0, "x": -148.80663840562872, "y": 63.4605679998464}}, {"type": "Feature", "geometry": {"type": "Point", "coordinates": [-148.804295608256, 63.459148172685445]}, "id": "001b0000000000026620", "properties": {"dist_out": 1840017, "edit_flag": "NaN", "facc": 1854.8184891097578, "grod_id": 0, "hfalls_id": 0, "lakeflag": 0, "manual_add": 0, "max_width": 67, "meand_len": 1312.977694983379, "n_chan_max": 1, "n_chan_mod": 1, "node_id": 81246000130251, "node_len": 196.1453718414641, "obstr_type": 0, "reach_id": 81246000131, "river_name": "Nenana River", "sinuosity": 1.090306929637629, "trib_flag": 0, "type": 1, "width": 67, "width_var": 177.8888888888889, "wse": 612, "wse_var": 0, "x": -148.80429770587648, "y": 63.45914858582656}}, {"type": "Feature", "geometry": {"type": "Point", "coordinates": [-148.80342162444956, 63.4574091232746]}, "id": "001b0000000000026621", "properties": {"dist_out": 1840230, "edit_flag": "NaN", "facc": 1851.6569499881857, "grod_id": 0, "hfalls_id": 0, "lakeflag": 0, "manual_add": 0, "max_width": 62, "meand_len": 1312.9776949833793, "n_chan_max": 1, "n_chan_mod": 1, "node_id": 81246000130261, "node_len": 212.97058631765321, "obstr_type": 0, "reach_id": 81246000131, "river_name": "Nenana River", "sinuosity": 1.090306929637629, "trib_flag": 0, "type": 1, "width": 62, "width_var": 272, "wse": 612, "wse_var": 0, "x": -148.80342289207942, "y": 63.457409027122914}}, {"type": "Feature", "geometry": {"type": "Point", "coordinates": [-148.80291328692945, 63.4556656147627]}, "id": "001b0000000000026622", "properties": {"dist_out": 1840416, "edit_flag": "NaN", "facc": 1847.9684876796846, "grod_id": 0, "hfalls_id": 0, "lakeflag": 0, "manual_add": 0, "max_width": 67, "meand_len": 1312.9776949833793, "n_chan_max": 1, "n_chan_mod": 1, "node_id": 81246000130271, "node_len": 185.81021285760562, "obstr_type": 0, "reach_id": 81246000131, "river_name": "Nenana River", "sinuosity": 1.090306929637629, "trib_flag": 0, "type": 1, "width": 67, "width_var": 81.22222222222223, "wse": 612, "wse_var": 0, "x": -148.80291473545398, "y": 63.45566484323849}}, {"type": "Feature", "geometry": {"type": "Point", "coordinates": [-148.8034929700664, 63.453908728947646]}, "id": "001b0000000000026623", "properties": {"dist_out": 1840636, "edit_flag": "NaN", "facc": 1844.8069485581123, "grod_id": 0, "hfalls_id": 0, "lakeflag": 0, "manual_add": 0, "max_width": 67, "meand_len": 1905.5570034624088, "n_chan_max": 1, "n_chan_mod": 1, "node_id": 81246000130281, "node_len": 219.67317058346816, "obstr_type": 0, "reach_id": 81246000131, "river_name": "Nenana River", "sinuosity": 1.044873089257834, "trib_flag": 0, "type": 1, "width": 67, "width_var": 81.6734693877551, "wse": 612, "wse_var": 0, "x": -148.8034947734653, "y": 63.45390694446678}}, {"type": "Feature", "geometry": {"type": "Point", "coordinates": [-148.8017405433524, 63.45234358447789]}, "id": "001b0000000000026624", "properties": {"dist_out": 1840828, "edit_flag": "NaN", "facc": 1841.1184862496111, "grod_id": 0, "hfalls_id": 0, "lakeflag": 0, "manual_add": 0, "max_width": 42, "meand_len": 2201.846657701924, "n_chan_max": 1, "n_chan_mod": 1, "node_id": 81246000130291, "node_len": 192.66836621395123, "obstr_type": 0, "reach_id": 81246000131, "river_name": "Nenana River", "sinuosity": 1.022156169067936, "trib_flag": 0, "type": 1, "width": 42, "width_var": 34.56, "wse": 612, "wse_var": 0, "x": -148.80173904097757, "y": 63.45234545475959}}, {"type": "Feature", "geometry": {"type": "Point", "coordinates": [-148.79840513576443, 63.45158999639985]}, "id": "001b0000000000026625", "properties": {"dist_out": 1841023, "edit_flag": "NaN", "facc": 1838.4838703149676, "grod_id": 0, "hfalls_id": 0, "lakeflag": 0, "manual_add": 0, "max_width": 58.5, "meand_len": 2201.846657701924, "n_chan_max": 1, "n_chan_mod": 1, "node_id": 81246000130301, "node_len": 194.82309156561587, "obstr_type": 0, "reach_id": 81246000131, "river_name": "Nenana River", "sinuosity": 1.022156169067936, "trib_flag": 0, "type": 1, "width": 58.5, "width_var": 340.55555555555554, "wse": 612, "wse_var": 0, "x": -148.79840605078104, "y": 63.45159199519943}}, {"type": "Feature", "geometry": {"type": "Point", "coordinates": [-148.79537740614913, 63.45061345326915]}, "id": "001b0000000000026626", "properties": {"dist_out": 1841215, "edit_flag": "NaN", "facc": 1835.3223311933953, "grod_id": 0, "hfalls_id": 0, "lakeflag": 0, "manual_add": 0, "max_width": 107, "meand_len": 2201.8466577019235, "n_chan_max": 1, "n_chan_mod": 1, "node_id": 81246000130311, "node_len": 191.97559562692186, "obstr_type": 0, "reach_id": 81246000131, "river_name": "Nenana River", "sinuosity": 1.022156169067936, "trib_flag": 0, "type": 1, "width": 107, "width_var": 790.2222222222222, "wse": 612, "wse_var": 0, "x": -148.7953761996398, "y": 63.45061561223358}}, {"type": "Feature", "geometry": {"type": "Point", "coordinates": [-148.7954755063723, 63.448892240262516]}, "id": "001b0000000000026627", "properties": {"dist_out": 1841430, "edit_flag": "NaN", "facc": 1832.160792071823, "grod_id": 0, "hfalls_id": 0, "lakeflag": 0, "manual_add": 0, "max_width": 105, "meand_len": 2201.846657701924, "n_chan_max": 2, "n_chan_mod": 1, "node_id": 81246000130321, "node_len": 215.2815750274567, "obstr_type": 0, "reach_id": 81246000131, "river_name": "Nenana River", "sinuosity": 1.022156169067936, "trib_flag": 0, "type": 1, "width": 105, "width_var": 563.6734693877551, "wse": 612, "wse_var": 0, "x": -148.79547729342042, "y": 63.44889069104196}}, {"type": "Feature", "geometry": {"type": "Point", "coordinates": [-148.79509202368172, 63.44729142298433]}, "id": "001b0000000000026628", "properties": {"dist_out": 1841609, "edit_flag": "NaN", "facc": 1828.4723297633218, "grod_id": 0, "hfalls_id": 0, "lakeflag": 0, "manual_add": 0, "max_width": 84, "meand_len": 2201.846657701924, "n_chan_max": 1, "n_chan_mod": 1, "node_id": 81246000130331, "node_len": 178.07532412664477, "obstr_type": 0, "reach_id": 81246000131, "river_name": "Nenana River", "sinuosity": 1.022156169067936, "trib_flag": 0, "type": 1, "width": 84, "width_var": 538.96, "wse": 612, "wse_var": 0, "x": -148.79509169191806, "y": 63.44729037748984}}, {"type": "Feature", "geometry": {"type": "Point", "coordinates": [-148.7922203626033, 63.446051792891474]}, "id": "001b0000000000026629", "properties": {"dist_out": 1841822, "edit_flag": "NaN", "facc": 1825.8377138286783, "grod_id": 0, "hfalls_id": 0, "lakeflag": 0, "manual_add": 0, "max_width": 58.5, "meand_len": 760.2887964084097, "n_chan_max": 1, "n_chan_mod": 1, "node_id": 81246000130341, "node_len": 213.06103735759825, "obstr_type": 0, "reach_id": 81246000131, "river_name": "Nenana River", "sinuosity": 1.004193903486256, "trib_flag": 0, "type": 1, "width": 58.5, "width_var": 181.25, "wse": 612.7000122070312, "wse_var": 0.151669921974341, "x": -148.79222237849913, "y": 63.44604977489271}}, {"type": "Feature", "geometry": {"type": "Point", "coordinates": [-148.79024052173557, 63.44451340302804]}, "id": "001b000000000002662a", "properties": {"dist_out": 1842014, "edit_flag": "NaN", "facc": 1822.676174707106, "grod_id": 0, "hfalls_id": 0, "lakeflag": 0, "manual_add": 0, "max_width": 57.5, "meand_len": 760.2887964084097, "n_chan_max": 1, "n_chan_mod": 1, "node_id": 81246000130351, "node_len": 192.149064163792, "obstr_type": 0, "reach_id": 81246000131, "river_name": "Nenana River", "sinuosity": 1.004193903486256, "trib_flag": 0, "type": 1, "width": 57.5, "width_var": 90.25, "wse": 613.1000366210938, "wse_var": 0, "x": -148.79024121523034, "y": 63.44451252713477}}, {"type": "Feature", "geometry": {"type": "Point", "coordinates": [-148.7879975939057, 63.4430998679941]}, "id": "001b000000000002662b", "properties": {"dist_out": 1842220, "edit_flag": "NaN", "facc": 1819.5146355855336, "grod_id": 0, "hfalls_id": 0, "lakeflag": 0, "manual_add": 0, "max_width": 54, "meand_len": 745.5351975288933, "n_chan_max": 1, "n_chan_mod": 1, "node_id": 81246000130361, "node_len": 206.20991376978327, "obstr_type": 0, "reach_id": 81246000131, "river_name": "Nenana River", "sinuosity": 1.003015864128139, "trib_flag": 0, "type": 1, "width": 54, "width_var": 8.816326530612244, "wse": 613.1000366210938, "wse_var": 0, "x": -148.78799863635479, "y": 63.44309778790118}}, {"type": "Feature", "geometry": {"type": "Point", "coordinates": [-148.7856966977621, 63.44397831090163]}, "id": "001b000000000002662c", "properties": {"dist_out": 1842436, "edit_flag": "NaN", "facc": 1815.8261732770327, "grod_id": 0, "hfalls_id": 0, "lakeflag": 0, "manual_add": 0, "max_width": 48, "meand_len": 745.5351975288933, "n_chan_max": 1, "n_chan_mod": 1, "node_id": 81246000130371, "node_len": 216.4940712079051, "obstr_type": 0, "reach_id": 81246000131, "river_name": "Nenana River", "sinuosity": 1.003015864128139, "trib_flag": 0, "type": 1, "width": 48, "width_var": 134, "wse": 613.1000366210938, "wse_var": 0, "x": -148.7856957579871, "y": 63.44397683988726}}, {"type": "Feature", "geometry": {"type": "Point", "coordinates": [-148.78329770139536, 63.44541414144082]}, "id": "001b000000000002662d", "properties": {"dist_out": 1842623, "edit_flag": "NaN", "facc": 1812.6646341554604, "grod_id": 0, "hfalls_id": 0, "lakeflag": 0, "manual_add": 0, "max_width": 70, "meand_len": 739.250657578396, "n_chan_max": 1, "n_chan_mod": 1, "node_id": 81246000130381, "node_len": 186.1739475623599, "obstr_type": 0, "reach_id": 81246000131, "river_name": "Nenana River", "sinuosity": 1.022321679857445, "trib_flag": 0, "type": 1, "width": 70, "width_var": 607.8888888888888, "wse": 613.5000305175781, "wse_var": 0.04534830732478, "x": -148.78329870500815, "y": 63.445416188087684}}, {"type": "Feature", "geometry": {"type": "Point", "coordinates": [-148.7828562503911, 63.44699266321375]}, "id": "001b000000000002662e", "properties": {"dist_out": 1842806, "edit_flag": "NaN", "facc": 1809.503095033888, "grod_id": 0, "hfalls_id": 0, "lakeflag": 0, "manual_add": 0, "max_width": 88, "meand_len": 775.6422185410252, "n_chan_max": 2, "n_chan_mod": 1, "node_id": 81246000130391, "node_len": 182.90511089771826, "obstr_type": 0, "reach_id": 81246000131, "river_name": "Nenana River", "sinuosity": 1.126036363851475, "trib_flag": 0, "type": 1, "width": 88, "width_var": 912.1388888888888, "wse": 613.6250305175781, "wse_var": 0.000624694861472, "x": -148.78285529825033, "y": 63.44699274714549}}, {"type": "Feature", "geometry": {"type": "Point", "coordinates": [-148.77981960257367, 63.44780867870654]}, "id": "001b000000000002662f", "properties": {"dist_out": 1843031, "edit_flag": "NaN", "facc": 1806.341555912316, "grod_id": 0, "hfalls_id": 0, "lakeflag": 0, "manual_add": 0, "max_width": 339, "meand_len": 957.6000233541708, "n_chan_max": 2, "n_chan_mod": 2, "node_id": 81246000130401, "node_len": 225.18753694621137, "obstr_type": 0, "reach_id": 81246000131, "river_name": "Nenana River", "sinuosity": 1.644609783821627, "trib_flag": 0, "type": 1, "width": 123, "width_var": 376.40816326530614, "wse": 613.7000122070312, "wse_var": 0, "x": -148.77981747148993, "y": 63.44780903402318}}, {"type": "Feature", "geometry": {"type": "Point", "coordinates": [-148.7764663585815, 63.44710859984114]}, "id": "001b0000000000026630", "properties": {"dist_out": 1843200, "edit_flag": "NaN", "facc": 1802.6530936038148, "grod_id": 0, "hfalls_id": 0, "lakeflag": 0, "manual_add": 0, "max_width": 90, "meand_len": 957.6000233541708, "n_chan_max": 1, "n_chan_mod": 1, "node_id": 81246000130411, "node_len": 169.70563642253728, "obstr_type": 0, "reach_id": 81246000131, "river_name": "Nenana River", "sinuosity": 1.644609783821627, "trib_flag": 0, "type": 1, "width": 90, "width_var": 78.1875, "wse": 613.75, "wse_var": 0.000468521146104, "x": -148.7764648157067, "y": 63.447108160485826}}, {"type": "Feature", "geometry": {"type": "Point", "coordinates": [-148.77371063413045, 63.44593139716303]}, "id": "001b0000000000026631", "properties": {"dist_out": 1843405, "edit_flag": "NaN", "facc": 1800.5454008560998, "grod_id": 0, "hfalls_id": 0, "lakeflag": 0, "manual_add": 0, "max_width": 127, "meand_len": 957.6000233541708, "n_chan_max": 1, "n_chan_mod": 1, "node_id": 81246000130421, "node_len": 204.11672134476976, "obstr_type": 0, "reach_id": 81246000131, "river_name": "Nenana River", "sinuosity": 1.644609783821628, "trib_flag": 0, "type": 1, "width": 127, "width_var": 77.44000000000001, "wse": 613.7999877929688, "wse_var": 0, "x": -148.77370852859764, "y": 63.44593042752166}}, {"type": "Feature", "geometry": {"type": "Point", "coordinates": [-148.77102625529625, 63.44448218932066]}, "id": "001b0000000000026632", "properties": {"dist_out": 1843618, "edit_flag": "NaN", "facc": 1797.9107849214563, "grod_id": 0, "hfalls_id": 0, "lakeflag": 0, "manual_add": 0, "max_width": 87, "meand_len": 1077.5164660054227, "n_chan_max": 1, "n_chan_mod": 1, "node_id": 81246000130431, "node_len": 213.34730896644578, "obstr_type": 0, "reach_id": 81246000131, "river_name": "Nenana River", "sinuosity": 1.573169982091351, "trib_flag": 0, "type": 1, "width": 87, "width_var": 435.55555555555566, "wse": 614.2000122070312, "wse_var": 0.020353224645886, "x": -148.77102801366684, "y": 63.44448238805716}}, {"type": "Feature", "geometry": {"type": "Point", "coordinates": [-148.76862279982845, 63.44306419518567]}, "id": "001b0000000000026633", "properties": {"dist_out": 1843804, "edit_flag": "NaN", "facc": 1794.749245799884, "grod_id": 0, "hfalls_id": 0, "lakeflag": 0, "manual_add": 0, "max_width": 115, "meand_len": 1677.0986792616825, "n_chan_max": 1, "n_chan_mod": 1, "node_id": 81246000130441, "node_len": 185.985981311067, "obstr_type": 0, "reach_id": 81246000131, "river_name": "Nenana River", "sinuosity": 1.215970973439968, "trib_flag": 0, "type": 1, "width": 115, "width_var": 317.76000000000005, "wse": 614.4000244140625, "wse_var": 0.013598730564117, "x": -148.76862226675277, "y": 63.44306322007186}}, {"type": "Feature", "geometry": {"type": "Point", "coordinates": [-148.76499309157094, 63.442422084633954]}, "id": "001b0000000000026634", "properties": {"dist_out": 1844005, "edit_flag": "NaN", "facc": 1792.1146298652402, "grod_id": 0, "hfalls_id": 0, "lakeflag": 0, "manual_add": 0, "max_width": 339, "meand_len": 1677.0986792616825, "n_chan_max": 2, "n_chan_mod": 2, "node_id": 81246000130451, "node_len": 200.8533147681337, "obstr_type": 0, "reach_id": 81246000131, "river_name": "Nenana River", "sinuosity": 1.215970973439968, "trib_flag": 0, "type": 1, "width": 123, "width_var": 7.632653061224489, "wse": 614.9000244140625, "wse_var": 0.002039819955826, "x": -148.76499393780247, "y": 63.44242165869756}}, {"type": "Feature", "geometry": {"type": "Point", "coordinates": [-148.76172902959982, 63.44294379945722]}, "id": "001b0000000000026635", "properties": {"dist_out": 1844223, "edit_flag": "NaN", "facc": 1787.8992443698107, "grod_id": 0, "hfalls_id": 0, "lakeflag": 0, "manual_add": 0, "max_width": 339, "meand_len": 1677.0986792616825, "n_chan_max": 2, "n_chan_mod": 2, "node_id": 81246000130461, "node_len": 218.12420958375333, "obstr_type": 0, "reach_id": 81246000131, "river_name": "Nenana River", "sinuosity": 1.215970973439968, "trib_flag": 0, "type": 1, "width": 118, "width_var": 22.88888888888889, "wse": 615.2000122070312, "wse_var": 0.008889973991447, "x": -148.76172898089666, "y": 63.4429454034231}}, {"type": "Feature", "geometry": {"type": "Point", "coordinates": [-148.75821971707077, 63.44393817899212]}, "id": "001b0000000000026636", "properties": {"dist_out": 1844413, "edit_flag": "NaN", "facc": 1785.2646284351672, "grod_id": 0, "hfalls_id": 0, "lakeflag": 0, "manual_add": 0, "max_width": 339, "meand_len": 1677.0986792616825, "n_chan_max": 2, "n_chan_mod": 2, "node_id": 81246000130471, "node_len": 190.43220542346353, "obstr_type": 0, "reach_id": 81246000131, "river_name": "Nenana River", "sinuosity": 1.215970973439968, "trib_flag": 0, "type": 1, "width": 119.5, "width_var": 88.55555555555556, "wse": 615.2000122070312, "wse_var": 0, "x": -148.75822067933328, "y": 63.44394016128024}}, {"type": "Feature", "geometry": {"type": "Point", "coordinates": [-148.75434475825531, 63.44453569853331]}, "id": "001b0000000000026637", "properties": {"dist_out": 1844628, "edit_flag": "NaN", "facc": 1782.1030893135949, "grod_id": 0, "hfalls_id": 0, "lakeflag": 0, "manual_add": 0, "max_width": 80, "meand_len": 1677.0986792616825, "n_chan_max": 1, "n_chan_mod": 1, "node_id": 81246000130481, "node_len": 214.68747649054603, "obstr_type": 0, "reach_id": 81246000131, "river_name": "Nenana River", "sinuosity": 1.215970973439968, "trib_flag": 0, "type": 1, "width": 80, "width_var": 89.06122448979592, "wse": 615.2000122070312, "wse_var": 0, "x": -148.75434691917357, "y": 63.444537901306155}}, {"type": "Feature", "geometry": {"type": "Point", "coordinates": [-148.75073734550307, 63.44452232123014]}, "id": "001b0000000000026638", "properties": {"dist_out": 1844797, "edit_flag": "NaN", "facc": 1778.4146270050937, "grod_id": 0, "hfalls_id": 0, "lakeflag": 0, "manual_add": 0, "max_width": 75, "meand_len": 1381.2015994979502, "n_chan_max": 1, "n_chan_mod": 1, "node_id": 81246000130491, "node_len": 168.62056471261894, "obstr_type": 0, "reach_id": 81246000131, "river_name": "Nenana River", "sinuosity": 1.011179095608522, "trib_flag": 0, "type": 1, "width": 75, "width_var": 13.6, "wse": 615.5, "wse_var": 0.014399560689926, "x": -148.75073634723648, "y": 63.4445221222703}}, {"type": "Feature", "geometry": {"type": "Point", "coordinates": [-148.74737518330878, 63.44365279652472]}, "id": "001b0000000000026639", "properties": {"dist_out": 1845007, "edit_flag": "NaN", "facc": 1775.7800110704502, "grod_id": 0, "hfalls_id": 0, "lakeflag": 0, "manual_add": 0, "max_width": 92.5, "meand_len": 1381.2015994979502, "n_chan_max": 1, "n_chan_mod": 1, "node_id": 81246000130501, "node_len": 210.67259492044104, "obstr_type": 0, "reach_id": 81246000131, "river_name": "Nenana River", "sinuosity": 1.011179095608522, "trib_flag": 0, "type": 1, "width": 92.5, "width_var": 78.8888888888889, "wse": 615.5, "wse_var": 0, "x": -148.74737445038838, "y": 63.44365114385161}}, {"type": "Feature", "geometry": {"type": "Point", "coordinates": [-148.74341996067437, 63.442908126648796]}, "id": "001b000000000002663a", "properties": {"dist_out": 1845229, "edit_flag": "NaN", "facc": 1772.6184719488779, "grod_id": 0, "hfalls_id": 0, "lakeflag": 0, "manual_add": 0, "max_width": 339, "meand_len": 1381.2015994979502, "n_chan_max": 2, "n_chan_mod": 2, "node_id": 81246000130511, "node_len": 221.39005943091252, "obstr_type": 0, "reach_id": 81246000131, "river_name": "Nenana River", "sinuosity": 1.011179095608522, "trib_flag": 0, "type": 1, "width": 99, "width_var": 124.12244897959188, "wse": 615.5, "wse_var": 0, "x": -148.7434190465311, "y": 63.4429094136484}}, {"type": "Feature", "geometry": {"type": "Point", "coordinates": [-148.73918827377466, 63.44261382597926]}, "id": "001b000000000002663b", "properties": {"dist_out": 1845413, "edit_flag": "NaN", "facc": 1768.9300096403767, "grod_id": 0, "hfalls_id": 0, "lakeflag": 0, "manual_add": 0, "max_width": 339, "meand_len": 1600.989293738349, "n_chan_max": 2, "n_chan_mod": 2, "node_id": 81246000130521, "node_len": 184.68747359961708, "obstr_type": 0, "reach_id": 81246000131, "river_name": "Nenana River", "sinuosity": 1.010873191864602, "trib_flag": 0, "type": 1, "width": 95, "width_var": 186.24489795918367, "wse": 615.5, "wse_var": 0.095002441533974, "x": -148.73919019178427, "y": 63.44261463292544}}, {"type": "Feature", "geometry": {"type": "Point", "coordinates": [-148.73529101945394, 63.44276543541509]}, "id": "001b000000000002663c", "properties": {"dist_out": 1845598, "edit_flag": "NaN", "facc": 1765.2415473318756, "grod_id": 0, "hfalls_id": 0, "lakeflag": 0, "manual_add": 0, "max_width": 93, "meand_len": 2040.5646822191468, "n_chan_max": 2, "n_chan_mod": 1, "node_id": 81246000140011, "node_len": 184.68747365661596, "obstr_type": 0, "reach_id": 81246000141, "river_name": "Nenana River", "sinuosity": 1.010261384376761, "trib_flag": 0, "type": 1, "width": 93, "width_var": 5.222222222222221, "wse": 616.2000122070312, "wse_var": 0, "x": -148.73528921248214, "y": 63.442765893888684}}, {"type": "Feature", "geometry": {"type": "Point", "coordinates": [-148.73137146962796, 63.44262274418137]}, "id": "001b000000000002663d", "properties": {"dist_out": 1845808, "edit_flag": "NaN", "facc": 1762.0800082103033, "grod_id": 0, "hfalls_id": 0, "lakeflag": 0, "manual_add": 0, "max_width": 342, "meand_len": 2040.5646822191468, "n_chan_max": 2, "n_chan_mod": 2, "node_id": 81246000140021, "node_len": 210.00001946330303, "obstr_type": 0, "reach_id": 81246000141, "river_name": "Nenana River", "sinuosity": 1.010261384376761, "trib_flag": 0, "type": 1, "width": 78, "width_var": 231.0612244897959, "wse": 616.2000122070312, "wse_var": 0, "x": -148.73137053915815, "y": 63.44262485990651}}, {"type": "Feature", "geometry": {"type": "Point", "coordinates": [-148.72716653733457, 63.442716385303484]}, "id": "001b000000000002663e", "properties": {"dist_out": 1846022, "edit_flag": "NaN", "facc": 1758.3915459018024, "grod_id": 0, "hfalls_id": 0, "lakeflag": 0, "manual_add": 0, "max_width": 342, "meand_len": 2040.5646822191468, "n_chan_max": 2, "n_chan_mod": 2, "node_id": 81246000140031, "node_len": 213.49924213940693, "obstr_type": 0, "reach_id": 81246000141, "river_name": "Nenana River", "sinuosity": 1.010261384376761, "trib_flag": 0, "type": 1, "width": 93, "width_var": 327.26530612244903, "wse": 616.2000122070312, "wse_var": 0, "x": -148.72716501217974, "y": 63.44271417857774}}, {"type": "Feature", "geometry": {"type": "Point", "coordinates": [-148.7232380693065, 63.442453298341334]}, "id": "001b000000000002663f", "properties": {"dist_out": 1846209, "edit_flag": "NaN", "facc": 1754.7030835933015, "grod_id": 0, "hfalls_id": 0, "lakeflag": 0, "manual_add": 0, "max_width": 342, "meand_len": 2040.5646822191468, "n_chan_max": 2, "n_chan_mod": 2, "node_id": 81246000140041, "node_len": 186.9984622068239, "obstr_type": 0, "reach_id": 81246000141, "river_name": "Nenana River", "sinuosity": 1.010261384376761, "trib_flag": 0, "type": 1, "width": 83.5, "width_var": 432.25, "wse": 616.2000122070312, "wse_var": 0, "x": -148.72323922552602, "y": 63.442453742883515}}, {"type": "Feature", "geometry": {"type": "Point", "coordinates": [-148.71960390194792, 63.44201184733706]}, "id": "001b0000000000026640", "properties": {"dist_out": 1846399, "edit_flag": "NaN", "facc": 1751.5415444717291, "grod_id": 0, "hfalls_id": 0, "lakeflag": 0, "manual_add": 0, "max_width": 64, "meand_len": 2026.8629758415939, "n_chan_max": 1, "n_chan_mod": 1, "node_id": 81246000140051, "node_len": 190.43220543681002, "obstr_type": 0, "reach_id": 81246000141, "river_name": "Nenana River", "sinuosity": 1.059796413386761, "trib_flag": 0, "type": 1, "width": 64, "width_var": 397, "wse": 616.2000122070312, "wse_var": 0, "x": -148.71960345441107, "y": 63.442012734183066}}, {"type": "Feature", "geometry": {"type": "Point", "coordinates": [-148.71566205661668, 63.44148121431169]}, "id": "001b0000000000026641", "properties": {"dist_out": 1846617, "edit_flag": "NaN", "facc": 1748.3800053501568, "grod_id": 0, "hfalls_id": 0, "lakeflag": 0, "manual_add": 0, "max_width": 67, "meand_len": 1958.3544439538296, "n_chan_max": 1, "n_chan_mod": 1, "node_id": 81246000140061, "node_len": 218.12121931009642, "obstr_type": 0, "reach_id": 81246000141, "river_name": "Nenana River", "sinuosity": 1.307471558436761, "trib_flag": 0, "type": 1, "width": 67, "width_var": 218.69387755102042, "wse": 616.2000122070312, "wse_var": 0, "x": -148.71566172039462, "y": 63.44148296681185}}, {"type": "Feature", "geometry": {"type": "Point", "coordinates": [-148.71176034319492, 63.44160606914119]}, "id": "001b0000000000026642", "properties": {"dist_out": 1846804, "edit_flag": "NaN", "facc": 1744.6915430416557, "grod_id": 0, "hfalls_id": 0, "lakeflag": 0, "manual_add": 0, "max_width": 67, "meand_len": 1958.3544439538298, "n_chan_max": 1, "n_chan_mod": 1, "node_id": 81246000140071, "node_len": 186.99846146201048, "obstr_type": 0, "reach_id": 81246000141, "river_name": "Nenana River", "sinuosity": 1.307471558436761, "trib_flag": 0, "type": 1, "width": 67, "width_var": 227.55555555555557, "wse": 616.2000122070312, "wse_var": 0, "x": -148.71175899020332, "y": 63.44160411103465}}, {"type": "Feature", "geometry": {"type": "Point", "coordinates": [-148.70818414415004, 63.442150079469705]}, "id": "001b0000000000026643", "properties": {"dist_out": 1846997, "edit_flag": "NaN", "facc": 1741.5300039200833, "grod_id": 0, "hfalls_id": 0, "lakeflag": 0, "manual_add": 0, "max_width": 120, "meand_len": 1958.3544439538298, "n_chan_max": 1, "n_chan_mod": 1, "node_id": 81246000140081, "node_len": 193.10692689273424, "obstr_type": 0, "reach_id": 81246000141, "river_name": "Nenana River", "sinuosity": 1.307471558436761, "trib_flag": 0, "type": 1, "width": 120, "width_var": 481.2222222222222, "wse": 616.2000122070312, "wse_var": 0, "x": -148.70818229009856, "y": 63.44214959043442}}, {"type": "Feature", "geometry": {"type": "Point", "coordinates": [-148.70461686330728, 63.44288137204247]}, "id": "001b0000000000026644", "properties": {"dist_out": 1847194, "edit_flag": "NaN", "facc": 1738.368464798511, "grod_id": 0, "hfalls_id": 0, "lakeflag": 0, "manual_add": 0, "max_width": 342, "meand_len": 1958.3544439538296, "n_chan_max": 3, "n_chan_mod": 2, "node_id": 81246000140091, "node_len": 196.54067001551493, "obstr_type": 0, "reach_id": 81246000141, "river_name": "Nenana River", "sinuosity": 1.307471558436761, "trib_flag": 0, "type": 1, "width": 125.5, "width_var": 405.8055555555555, "wse": 616.2000122070312, "wse_var": 0, "x": -148.70461665351422, "y": 63.44288336650781}}, {"type": "Feature", "geometry": {"type": "Point", "coordinates": [-148.70105404156558, 63.44369738753525]}, "id": "001b0000000000026645", "properties": {"dist_out": 1847401, "edit_flag": "NaN", "facc": 1735.2069256769387, "grod_id": 0, "hfalls_id": 0, "lakeflag": 0, "manual_add": 0, "max_width": 342, "meand_len": 1958.3544439538298, "n_chan_max": 3, "n_chan_mod": 2, "node_id": 81246000140101, "node_len": 207.23955921322954, "obstr_type": 0, "reach_id": 81246000141, "river_name": "Nenana River", "sinuosity": 1.307471558436761, "trib_flag": 0, "type": 1, "width": 167, "width_var": 861.5555555555557, "wse": 616.2000122070312, "wse_var": 0, "x": -148.70105562408128, "y": 63.44369779105424}}, {"type": "Feature", "geometry": {"type": "Point", "coordinates": [-148.69750459712705, 63.44469176707017]}, "id": "001b0000000000026646", "properties": {"dist_out": 1847612, "edit_flag": "NaN", "facc": 1732.0453865553663, "grod_id": 0, "hfalls_id": 0, "lakeflag": 0, "manual_add": 0, "max_width": 106.5, "meand_len": 1958.3544439538296, "n_chan_max": 2, "n_chan_mod": 1, "node_id": 81246000140111, "node_len": 210.6725929938268, "obstr_type": 0, "reach_id": 81246000141, "river_name": "Nenana River", "sinuosity": 1.307471558436761, "trib_flag": 0, "type": 1, "width": 106.5, "width_var": 450.5833333333333, "wse": 616.2000122070312, "wse_var": 0, "x": -148.69750501665033, "y": 63.44469154304852}}, {"type": "Feature", "geometry": {"type": "Point", "coordinates": [-148.69395515268852, 63.445677228402985]}, "id": "001b0000000000026647", "properties": {"dist_out": 1847816, "edit_flag": "NaN", "facc": 1728.883847433794, "grod_id": 0, "hfalls_id": 0, "lakeflag": 0, "manual_add": 0, "max_width": 48, "meand_len": 1871.0648578606713, "n_chan_max": 1, "n_chan_mod": 1, "node_id": 81246000140121, "node_len": 204.56483678950644, "obstr_type": 0, "reach_id": 81246000141, "river_name": "Nenana River", "sinuosity": 1.167215065356351, "trib_flag": 0, "type": 1, "width": 48, "width_var": 235.25, "wse": 616.2000122070312, "wse_var": 0, "x": -148.69395363404982, "y": 63.445676236688456}}, {"type": "Feature", "geometry": {"type": "Point", "coordinates": [-148.69037895364363, 63.44628366614626]}, "id": "001b0000000000026648", "properties": {"dist_out": 1847999, "edit_flag": "NaN", "facc": 1725.7223083122217, "grod_id": 0, "hfalls_id": 0, "lakeflag": 0, "manual_add": 0, "max_width": 65, "meand_len": 1836.1490234234082, "n_chan_max": 1, "n_chan_mod": 1, "node_id": 81246000140131, "node_len": 182.37648394916368, "obstr_type": 0, "reach_id": 81246000141, "river_name": "Nenana River", "sinuosity": 1.111112468124188, "trib_flag": 0, "type": 1, "width": 65, "width_var": 273.88888888888886, "wse": 616.2000122070312, "wse_var": 0, "x": -148.69037979357944, "y": 63.44628406862143}}, {"type": "Feature", "geometry": {"type": "Point", "coordinates": [-148.68647278112084, 63.44632379805574]}, "id": "001b0000000000026649", "properties": {"dist_out": 1848210, "edit_flag": "NaN", "facc": 1722.5607691906496, "grod_id": 0, "hfalls_id": 0, "lakeflag": 0, "manual_add": 0, "max_width": 342, "meand_len": 1836.1490234234082, "n_chan_max": 2, "n_chan_mod": 2, "node_id": 81246000140141, "node_len": 211.78236957218678, "obstr_type": 0, "reach_id": 81246000141, "river_name": "Nenana River", "sinuosity": 1.111112468124188, "trib_flag": 0, "type": 1, "width": 96, "width_var": 38.57142857142857, "wse": 616.2000122070312, "wse_var": 0, "x": -148.68647155507833, "y": 63.44632378484746}}, {"type": "Feature", "geometry": {"type": "Point", "coordinates": [-148.68257106769906, 63.446502162097865]}, "id": "001b000000000002664a", "properties": {"dist_out": 1848397, "edit_flag": "NaN", "facc": 1718.8723068821487, "grod_id": 0, "hfalls_id": 0, "lakeflag": 0, "manual_add": 0, "max_width": 342, "meand_len": 1836.1490234234084, "n_chan_max": 2, "n_chan_mod": 2, "node_id": 81246000140151, "node_len": 186.99846094522263, "obstr_type": 0, "reach_id": 81246000141, "river_name": "Nenana River", "sinuosity": 1.111112468124188, "trib_flag": 0, "type": 1, "width": 97.5, "width_var": 421.5555555555555, "wse": 616.2000122070312, "wse_var": 0, "x": -148.68257142082618, "y": 63.446501804543516}}, {"type": "Feature", "geometry": {"type": "Point", "coordinates": [-148.6786871906815, 63.44694807220321]}, "id": "001b000000000002664b", "properties": {"dist_out": 1848611, "edit_flag": "NaN", "facc": 1715.7107677605763, "grod_id": 0, "hfalls_id": 0, "lakeflag": 0, "manual_add": 0, "max_width": 77, "meand_len": 1836.1490234234082, "n_chan_max": 2, "n_chan_mod": 1, "node_id": 81246000140161, "node_len": 214.093357886361, "obstr_type": 0, "reach_id": 81246000141, "river_name": "Nenana River", "sinuosity": 1.111112468124188, "trib_flag": 0, "type": 1, "width": 77, "width_var": 371.9183673469388, "wse": 616.2000122070312, "wse_var": 0, "x": -148.67868685270335, "y": 63.4469462780588}}, {"type": "Feature", "geometry": {"type": "Point", "coordinates": [-148.67478547725975, 63.44707738613377]}, "id": "001b000000000002664c", "properties": {"dist_out": 1848793, "edit_flag": "NaN", "facc": 1712.0223054520752, "grod_id": 0, "hfalls_id": 0, "lakeflag": 0, "manual_add": 0, "max_width": 69, "meand_len": 2314.534867187806, "n_chan_max": 1, "n_chan_mod": 1, "node_id": 81246000140171, "node_len": 181.18824965586964, "obstr_type": 0, "reach_id": 81246000141, "river_name": "Nenana River", "sinuosity": 1.08528336659757, "trib_flag": 0, "type": 1, "width": 69, "width_var": 286.25, "wse": 616.2000122070312, "wse_var": 0, "x": -148.67478389630173, "y": 63.4470779498047}}, {"type": "Feature", "geometry": {"type": "Point", "coordinates": [-148.67087484563586, 63.4471219771443]}, "id": "001b000000000002664d", "properties": {"dist_out": 1849005, "edit_flag": "NaN", "facc": 1708.8607663305029, "grod_id": 0, "hfalls_id": 0, "lakeflag": 0, "manual_add": 0, "max_width": 54, "meand_len": 2673.3242500111046, "n_chan_max": 1, "n_chan_mod": 1, "node_id": 81246000140181, "node_len": 212.37648634597235, "obstr_type": 0, "reach_id": 81246000141, "river_name": "Nenana River", "sinuosity": 1.065911540452606, "trib_flag": 0, "type": 1, "width": 54, "width_var": 62.81632653061225, "wse": 616.2000122070312, "wse_var": 0, "x": -148.6708758194081, "y": 63.44712236660141}}, {"type": "Feature", "geometry": {"type": "Point", "coordinates": [-148.66694191850672, 63.4467295762516]}, "id": "001b000000000002664e", "properties": {"dist_out": 1849209, "edit_flag": "NaN", "facc": 1705.1723040220018, "grod_id": 0, "hfalls_id": 0, "lakeflag": 0, "manual_add": 0, "max_width": 87, "meand_len": 2673.3242500111046, "n_chan_max": 2, "n_chan_mod": 1, "node_id": 81246000140191, "node_len": 203.60627703578484, "obstr_type": 0, "reach_id": 81246000141, "river_name": "Nenana River", "sinuosity": 1.065911540452606, "trib_flag": 0, "type": 1, "width": 87, "width_var": 262.22222222222223, "wse": 616.2000122070312, "wse_var": 0, "x": -148.66694231779852, "y": 63.44672966752619}}, {"type": "Feature", "geometry": {"type": "Point", "coordinates": [-148.66328099654186, 63.44583775604091]}, "id": "001b000000000002664f", "properties": {"dist_out": 1849410, "edit_flag": "NaN", "facc": 1702.0107649004294, "grod_id": 0, "hfalls_id": 0, "lakeflag": 0, "manual_add": 0, "max_width": 342, "meand_len": 2673.3242500111046, "n_chan_max": 2, "n_chan_mod": 2, "node_id": 81246000140201, "node_len": 200.93155460442904, "obstr_type": 0, "reach_id": 81246000141, "river_name": "Nenana River", "sinuosity": 1.065911540452606, "trib_flag": 0, "type": 1, "width": 109, "width_var": 980.8888888888888, "wse": 616.2000122070312, "wse_var": 0, "x": -148.6632808221826, "y": 63.44583868064789}}, {"type": "Feature", "geometry": {"type": "Point", "coordinates": [-148.65970479749697, 63.445351714026074]}, "id": "001b0000000000026650", "properties": {"dist_out": 1849588, "edit_flag": "NaN", "facc": 1698.849225778857, "grod_id": 0, "hfalls_id": 0, "lakeflag": 0, "manual_add": 0, "max_width": 342, "meand_len": 2673.3242500111046, "n_chan_max": 3, "n_chan_mod": 3, "node_id": 81246000140211, "node_len": 178.61517984698867, "obstr_type": 0, "reach_id": 81246000141, "river_name": "Nenana River", "sinuosity": 1.065911540452606, "trib_flag": 0, "type": 1, "width": 134.5, "width_var": 135.13888888888889, "wse": 616.2000122070312, "wse_var": 0, "x": -148.65970304081853, "y": 63.44535059523403}}, {"type": "Feature", "geometry": {"type": "Point", "coordinates": [-148.6568019227112, 63.44445097561329]}, "id": "001b0000000000026651", "properties": {"dist_out": 1849797, "edit_flag": "NaN", "facc": 1695.6876866572848, "grod_id": 0, "hfalls_id": 0, "lakeflag": 0, "manual_add": 0, "max_width": 342, "meand_len": 2673.3242500111046, "n_chan_max": 2, "n_chan_mod": 2, "node_id": 81246000140221, "node_len": 208.5505721433865, "obstr_type": 0, "reach_id": 81246000141, "river_name": "Nenana River", "sinuosity": 1.065911540452606, "trib_flag": 0, "type": 1, "width": 113, "width_var": 1295.25, "wse": 616.2000122070312, "wse_var": 0, "x": -148.6568034442293, "y": 63.444450604964366}}, {"type": "Feature", "geometry": {"type": "Point", "coordinates": [-148.6537964886012, 63.44305973608461]}, "id": "001b0000000000026652", "properties": {"dist_out": 1850009, "edit_flag": "NaN", "facc": 1692.5261475357124, "grod_id": 0, "hfalls_id": 0, "lakeflag": 0, "manual_add": 0, "max_width": 84, "meand_len": 2673.3242500111046, "n_chan_max": 1, "n_chan_mod": 1, "node_id": 81246000140231, "node_len": 212.13204381142987, "obstr_type": 0, "reach_id": 81246000141, "river_name": "Nenana River", "sinuosity": 1.065911540452606, "trib_flag": 0, "type": 1, "width": 84, "width_var": 105.84, "wse": 616.2000122070312, "wse_var": 0, "x": -148.65379540784224, "y": 63.443058076083005}}, {"type": "Feature", "geometry": {"type": "Point", "coordinates": [-148.65042986730583, 63.44203860194337]}, "id": "001b0000000000026653", "properties": {"dist_out": 1850200, "edit_flag": "NaN", "facc": 1689.891531601069, "grod_id": 0, "hfalls_id": 0, "lakeflag": 0, "manual_add": 0, "max_width": 60.5, "meand_len": 1943.2706917033447, "n_chan_max": 1, "n_chan_mod": 1, "node_id": 81246000140241, "node_len": 190.79593776875117, "obstr_type": 0, "reach_id": 81246000141, "river_name": "Nenana River", "sinuosity": 1.044229504553222, "trib_flag": 0, "type": 1, "width": 60.5, "width_var": 191.55555555555557, "wse": 616.2000122070312, "wse_var": 0, "x": -148.65042811581603, "y": 63.442037686912464}}, {"type": "Feature", "geometry": {"type": "Point", "coordinates": [-148.64678678174516, 63.441476755210644]}, "id": "001b0000000000026654", "properties": {"dist_out": 1850408, "edit_flag": "NaN", "facc": 1686.7299924794966, "grod_id": 0, "hfalls_id": 0, "lakeflag": 0, "manual_add": 0, "max_width": 105, "meand_len": 493.1648741291606, "n_chan_max": 1, "n_chan_mod": 1, "node_id": 81246000140251, "node_len": 207.9978707036862, "obstr_type": 0, "reach_id": 81246000141, "river_name": "Nenana River", "sinuosity": 1.002173455281716, "trib_flag": 0, "type": 1, "width": 105, "width_var": 415.25, "wse": 616.2000122070312, "wse_var": 0, "x": -148.64678679838406, "y": 63.441478201174}}, {"type": "Feature", "geometry": {"type": "Point", "coordinates": [-148.64343353775297, 63.44068749432418]}, "id": "001b0000000000026655", "properties": {"dist_out": 1850584, "edit_flag": "NaN", "facc": 1683.5684533579242, "grod_id": 0, "hfalls_id": 0, "lakeflag": 0, "manual_add": 0, "max_width": 129, "meand_len": 553.1726683771748, "n_chan_max": 3, "n_chan_mod": 1, "node_id": 81246000140261, "node_len": 176.4451909373429, "obstr_type": 0, "reach_id": 81246000141, "river_name": "Nenana River", "sinuosity": 1.010021590445278, "trib_flag": 0, "type": 1, "width": 129, "width_var": 371.44, "wse": 616.300048828125, "wse_var": 0.309594336152077, "x": -148.6434332098531, "y": 63.440689100458634}}, {"type": "Feature", "geometry": {"type": "Point", "coordinates": [-148.6404816128556, 63.43956825995977]}, "id": "001b0000000000026656", "properties": {"dist_out": 1850800, "edit_flag": "NaN", "facc": 1680.9338374232807, "grod_id": 0, "hfalls_id": 0, "lakeflag": 0, "manual_add": 0, "max_width": 342, "meand_len": 1311.3021564457038, "n_chan_max": 3, "n_chan_mod": 2, "node_id": 81246000140271, "node_len": 215.73575711695776, "obstr_type": 0, "reach_id": 81246000141, "river_name": "Nenana River", "sinuosity": 1.179385081675166, "trib_flag": 0, "type": 1, "width": 142.5, "width_var": 976.8888888888888, "wse": 621.1000366210938, "wse_var": 0.253138733096421, "x": -148.64048179151783, "y": 63.439566754255374}}, {"type": "Feature", "geometry": {"type": "Point", "coordinates": [-148.63801572997303, 63.43812351121845]}, "id": "001b0000000000026657", "properties": {"dist_out": 1850985, "edit_flag": "NaN", "facc": 1677.7722983017084, "grod_id": 0, "hfalls_id": 0, "lakeflag": 0, "manual_add": 0, "max_width": 108, "meand_len": 1690.3669004799683, "n_chan_max": 2, "n_chan_mod": 1, "node_id": 81246000140281, "node_len": 185.2276646627588, "obstr_type": 0, "reach_id": 81246000141, "river_name": "Nenana River", "sinuosity": 1.264066827290111, "trib_flag": 0, "type": 1, "width": 108, "width_var": 793.36, "wse": 633, "wse_var": 2.56, "x": -148.63801744817212, "y": 63.4381227828564}}, {"type": "Feature", "geometry": {"type": "Point", "coordinates": [-148.63592441157897, 63.43666538517397]}, "id": "001b0000000000026658", "properties": {"dist_out": 1851190, "edit_flag": "NaN", "facc": 1675.1376823670648, "grod_id": 0, "hfalls_id": 0, "lakeflag": 0, "manual_add": 0, "max_width": 48, "meand_len": 1690.3669004799683, "n_chan_max": 1, "n_chan_mod": 1, "node_id": 81246000140291, "node_len": 204.56482733847497, "obstr_type": 0, "reach_id": 81246000141, "river_name": "Nenana River", "sinuosity": 1.264066827290111, "trib_flag": 0, "type": 1, "width": 48, "width_var": 24, "wse": 633, "wse_var": 0.012504069341554, "x": -148.635925479401, "y": 63.43666553499702}}, {"type": "Feature", "geometry": {"type": "Point", "coordinates": [-148.63391335700385, 63.43510024070421]}, "id": "001b0000000000026659", "properties": {"dist_out": 1851392, "edit_flag": "NaN", "facc": 1671.9761432454925, "grod_id": 0, "hfalls_id": 0, "lakeflag": 0, "manual_add": 0, "max_width": 42, "meand_len": 1690.3669004799683, "n_chan_max": 1, "n_chan_mod": 1, "node_id": 81246000140301, "node_len": 202.4756582136406, "obstr_type": 0, "reach_id": 81246000141, "river_name": "Nenana River", "sinuosity": 1.264066827290111, "trib_flag": 0, "type": 1, "width": 42, "width_var": 32, "wse": 633.6000366210938, "wse_var": 0.123881971670522, "x": -148.6339117290764, "y": 63.435099640750565}}, {"type": "Feature", "geometry": {"type": "Point", "coordinates": [-148.6310238595212, 63.43402113824928]}, "id": "001b000000000002665a", "properties": {"dist_out": 1851577, "edit_flag": "NaN", "facc": 1668.8146041239202, "grod_id": 0, "hfalls_id": 0, "lakeflag": 0, "manual_add": 0, "max_width": 42, "meand_len": 1690.3669004799683, "n_chan_max": 1, "n_chan_mod": 1, "node_id": 81246000140311, "node_len": 185.2276686948635, "obstr_type": 0, "reach_id": 81246000141, "river_name": "Nenana River", "sinuosity": 1.264066827290111, "trib_flag": 0, "type": 1, "width": 42, "width_var": 282.24, "wse": 634.25, "wse_var": 0.001599218845367, "x": -148.6310240017895, "y": 63.43402305693836}}, {"type": "Feature", "geometry": {"type": "Point", "coordinates": [-148.62831272608074, 63.43284839467222]}, "id": "001b000000000002665b", "properties": {"dist_out": 1851769, "edit_flag": "NaN", "facc": 1666.1799881892766, "grod_id": 0, "hfalls_id": 0, "lakeflag": 0, "manual_add": 0, "max_width": 54, "meand_len": 1901.2058358170214, "n_chan_max": 1, "n_chan_mod": 1, "node_id": 81246000140321, "node_len": 192.09373366324417, "obstr_type": 0, "reach_id": 81246000141, "river_name": "Nenana River", "sinuosity": 1.195575372813483, "trib_flag": 0, "type": 1, "width": 54, "width_var": 64.8, "wse": 635.0999755859375, "wse_var": 0.27240761756897, "x": -148.6283112778571, "y": 63.43284747534866}}, {"type": "Feature", "geometry": {"type": "Point", "coordinates": [-148.62570415196447, 63.4313947277288]}, "id": "001b000000000002665c", "properties": {"dist_out": 1851980, "edit_flag": "NaN", "facc": 1663.545372254633, "grod_id": 0, "hfalls_id": 0, "lakeflag": 0, "manual_add": 0, "max_width": 42, "meand_len": 2428.3031741596537, "n_chan_max": 1, "n_chan_mod": 1, "node_id": 81246000140331, "node_len": 210.47233590156338, "obstr_type": 0, "reach_id": 81246000141, "river_name": "Nenana River", "sinuosity": 1.024346736621915, "trib_flag": 0, "type": 1, "width": 42, "width_var": 262.1388888888889, "wse": 636.7000122070312, "wse_var": 0.227020874205563, "x": -148.62570340196112, "y": 63.43139595791232}}, {"type": "Feature", "geometry": {"type": "Point", "coordinates": [-148.62498623669487, 63.42965567831795]}, "id": "001b000000000002665d", "properties": {"dist_out": 1852193, "edit_flag": "NaN", "facc": 1660.3838331330608, "grod_id": 0, "hfalls_id": 0, "lakeflag": 0, "manual_add": 0, "max_width": 77, "meand_len": 2428.3031741596537, "n_chan_max": 1, "n_chan_mod": 1, "node_id": 81246000140341, "node_len": 213.49922351196165, "obstr_type": 0, "reach_id": 81246000141, "river_name": "Nenana River", "sinuosity": 1.024346736621915, "trib_flag": 0, "type": 1, "width": 77, "width_var": 393.3877551020408, "wse": 637.6000366210938, "wse_var": 0.000305972993374, "x": -148.6249861969932, "y": 63.42965361549518}}, {"type": "Feature", "geometry": {"type": "Point", "coordinates": [-148.62514676433278, 63.42790325160395]}, "id": "001b000000000002665e", "properties": {"dist_out": 1852376, "edit_flag": "NaN", "facc": 1656.6953708245596, "grod_id": 0, "hfalls_id": 0, "lakeflag": 0, "manual_add": 0, "max_width": 58.5, "meand_len": 2428.3031741596537, "n_chan_max": 1, "n_chan_mod": 1, "node_id": 81246000140351, "node_len": 182.37646874633083, "obstr_type": 0, "reach_id": 81246000141, "river_name": "Nenana River", "sinuosity": 1.024346736621915, "trib_flag": 0, "type": 1, "width": 58.5, "width_var": 273.55555555555554, "wse": 637.6000366210938, "wse_var": 0, "x": -148.62514461082262, "y": 63.42790131872105}}, {"type": "Feature", "geometry": {"type": "Point", "coordinates": [-148.62435304434527, 63.42629351612366]}, "id": "001b000000000002665f", "properties": {"dist_out": 1852579, "edit_flag": "NaN", "facc": 1653.5338317029873, "grod_id": 0, "hfalls_id": 0, "lakeflag": 0, "manual_add": 0, "max_width": 36, "meand_len": 2428.3031741596537, "n_chan_max": 1, "n_chan_mod": 1, "node_id": 81246000140361, "node_len": 203.60626681652593, "obstr_type": 0, "reach_id": 81246000141, "river_name": "Nenana River", "sinuosity": 1.024346736621915, "trib_flag": 0, "type": 1, "width": 36, "width_var": 12, "wse": 637.6000366210938, "wse_var": 0, "x": -148.62435220221505, "y": 63.42629447947789}}, {"type": "Feature", "geometry": {"type": "Point", "coordinates": [-148.62239995808386, 63.42470161704758]}, "id": "001b0000000000026660", "properties": {"dist_out": 1852777, "edit_flag": "NaN", "facc": 1650.372292581415, "grod_id": 0, "hfalls_id": 0, "lakeflag": 0, "manual_add": 0, "max_width": 65, "meand_len": 2428.3031741596537, "n_chan_max": 1, "n_chan_mod": 1, "node_id": 81246000140371, "node_len": 197.49850934401275, "obstr_type": 0, "reach_id": 81246000141, "river_name": "Nenana River", "sinuosity": 1.024346736621915, "trib_flag": 0, "type": 1, "width": 65, "width_var": 169.80555555555557, "wse": 637.7999877929688, "wse_var": 0.00138821080327, "x": -148.62239837257258, "y": 63.42470082144887}}, {"type": "Feature", "geometry": {"type": "Point", "coordinates": [-148.6204245763172, 63.42310525887044]}, "id": "001b0000000000026661", "properties": {"dist_out": 1852991, "edit_flag": "NaN", "facc": 1647.2107534598426, "grod_id": 0, "hfalls_id": 0, "lakeflag": 0, "manual_add": 0, "max_width": 78, "meand_len": 2428.3031741596537, "n_chan_max": 1, "n_chan_mod": 1, "node_id": 81246000140381, "node_len": 214.10561924296417, "obstr_type": 0, "reach_id": 81246000141, "river_name": "Nenana River", "sinuosity": 1.024346736621915, "trib_flag": 0, "type": 1, "width": 78, "width_var": 246.33333333333334, "wse": 637.9499816894531, "wse_var": 0.022498168982565, "x": -148.6204247404597, "y": 63.42310736156009}}, {"type": "Feature", "geometry": {"type": "Point", "coordinates": [-148.61873011791687, 63.42150890069331]}, "id": "001b0000000000026662", "properties": {"dist_out": 1853177, "edit_flag": "NaN", "facc": 1644.0492143382705, "grod_id": 0, "hfalls_id": 0, "lakeflag": 0, "manual_add": 0, "max_width": 342, "meand_len": 856.1678353175463, "n_chan_max": 2, "n_chan_mod": 2, "node_id": 81246000140391, "node_len": 186.4043301255224, "obstr_type": 0, "reach_id": 81246000141, "river_name": "Nenana River", "sinuosity": 1.037679999198623, "trib_flag": 0, "type": 1, "width": 94, "width_var": 80.58333333333333, "wse": 638.4000244140625, "wse_var": 0, "x": -148.61873164861757, "y": 63.42151070224721}}, {"type": "Feature", "geometry": {"type": "Point", "coordinates": [-148.61705795502183, 63.41991254251617]}, "id": "001b0000000000026663", "properties": {"dist_out": 1853401, "edit_flag": "NaN", "facc": 1640.8876752166982, "grod_id": 0, "hfalls_id": 0, "lakeflag": 0, "manual_add": 0, "max_width": 64.5, "meand_len": 856.1678353175463, "n_chan_max": 1, "n_chan_mod": 1, "node_id": 81246000140401, "node_len": 223.6464112131398, "obstr_type": 0, "reach_id": 81246000141, "river_name": "Nenana River", "sinuosity": 1.037679999198623, "trib_flag": 0, "type": 1, "width": 64.5, "width_var": 888, "wse": 638.4000244140625, "wse_var": 0, "x": -148.6170587852998, "y": 63.419913791904555}}, {"type": "Feature", "geometry": {"type": "Point", "coordinates": [-148.61453856292664, 63.4184633346738]}, "id": "001b0000000000026664", "properties": {"dist_out": 1853577, "edit_flag": "NaN", "facc": 1637.7261360951259, "grod_id": 0, "hfalls_id": 0, "lakeflag": 0, "manual_add": 0, "max_width": 42, "meand_len": 1513.1710120301232, "n_chan_max": 1, "n_chan_mod": 1, "node_id": 81246000140411, "node_len": 175.68687249199138, "obstr_type": 0, "reach_id": 81246000141, "river_name": "Nenana River", "sinuosity": 1.023853931214066, "trib_flag": 0, "type": 1, "width": 42, "width_var": 8.639999999999999, "wse": 638.4000244140625, "wse_var": 0, "x": -148.61453674439312, "y": 63.41846111307335}}, {"type": "Feature", "geometry": {"type": "Point", "coordinates": [-148.61327217822745, 63.41685805829456]}, "id": "001b0000000000026665", "properties": {"dist_out": 1853788, "edit_flag": "NaN", "facc": 1635.0915201604823, "grod_id": 0, "hfalls_id": 0, "lakeflag": 0, "manual_add": 0, "max_width": 45, "meand_len": 2005.9233945645556, "n_chan_max": 1, "n_chan_mod": 1, "node_id": 81246000140421, "node_len": 211.1882344346932, "obstr_type": 0, "reach_id": 81246000141, "river_name": "Nenana River", "sinuosity": 1.013484380225649, "trib_flag": 0, "type": 1, "width": 45, "width_var": 223.1020408163265, "wse": 638.4000244140625, "wse_var": 0, "x": -148.61327212658716, "y": 63.41685955236138}}, {"type": "Feature", "geometry": {"type": "Point", "coordinates": [-148.61310273238743, 63.41511009068161]}, "id": "001b0000000000026666", "properties": {"dist_out": 1853969, "edit_flag": "NaN", "facc": 1631.4030578519812, "grod_id": 0, "hfalls_id": 0, "lakeflag": 0, "manual_add": 0, "max_width": 33, "meand_len": 2005.9233945645556, "n_chan_max": 1, "n_chan_mod": 1, "node_id": 81246000140431, "node_len": 181.18823442718167, "obstr_type": 0, "reach_id": 81246000141, "river_name": "Nenana River", "sinuosity": 1.013484380225649, "trib_flag": 0, "type": 1, "width": 33, "width_var": 20, "wse": 638.4000244140625, "wse_var": 0, "x": -148.61310230472523, "y": 63.415110975788714}}, {"type": "Feature", "geometry": {"type": "Point", "coordinates": [-148.61220199397462, 63.41337104127077]}, "id": "001b0000000000026667", "properties": {"dist_out": 1854195, "edit_flag": "NaN", "facc": 1628.241518730409, "grod_id": 0, "hfalls_id": 0, "lakeflag": 0, "manual_add": 0, "max_width": 69, "meand_len": 2005.9233945645556, "n_chan_max": 2, "n_chan_mod": 1, "node_id": 81246000140441, "node_len": 225.41790357018908, "obstr_type": 0, "reach_id": 81246000141, "river_name": "Nenana River", "sinuosity": 1.013484380225649, "trib_flag": 0, "type": 1, "width": 69, "width_var": 212.20408163265307, "wse": 638.4000244140625, "wse_var": 0, "x": -148.61220042238463, "y": 63.4133706576078}}, {"type": "Feature", "geometry": {"type": "Point", "coordinates": [-148.61026674411744, 63.41177468309363]}, "id": "001b0000000000026668", "properties": {"dist_out": 1854383, "edit_flag": "NaN", "facc": 1624.553056421908, "grod_id": 0, "hfalls_id": 0, "lakeflag": 0, "manual_add": 0, "max_width": 42, "meand_len": 2005.9233945645556, "n_chan_max": 2, "n_chan_mod": 1, "node_id": 81246000140451, "node_len": 188.66069965450515, "obstr_type": 0, "reach_id": 81246000141, "river_name": "Nenana River", "sinuosity": 1.013484380225649, "trib_flag": 0, "type": 1, "width": 42, "width_var": 105.84, "wse": 638.4000244140625, "wse_var": 0, "x": -148.61026702918943, "y": 63.41177661270491}}, {"type": "Feature", "geometry": {"type": "Point", "coordinates": [-148.60746642865587, 63.410686662436596]}, "id": "001b0000000000026669", "properties": {"dist_out": 1854565, "edit_flag": "NaN", "facc": 1621.9184404872644, "grod_id": 0, "hfalls_id": 0, "lakeflag": 0, "manual_add": 0, "max_width": 63, "meand_len": 1811.4918026813143, "n_chan_max": 1, "n_chan_mod": 1, "node_id": 81246000140461, "node_len": 181.79463520612808, "obstr_type": 0, "reach_id": 81246000141, "river_name": "Nenana River", "sinuosity": 1.027848495529974, "trib_flag": 0, "type": 1, "width": 63, "width_var": 70.56, "wse": 638.4000244140625, "wse_var": 0, "x": -148.60746600592392, "y": 63.410687828162885}}, {"type": "Feature", "geometry": {"type": "Point", "coordinates": [-148.60442978083847, 63.409678905598504]}, "id": "001b000000000002666a", "properties": {"dist_out": 1854765, "edit_flag": "NaN", "facc": 1619.2838245526207, "grod_id": 0, "hfalls_id": 0, "lakeflag": 0, "manual_add": 0, "max_width": 84, "meand_len": 1519.844414856452, "n_chan_max": 1, "n_chan_mod": 1, "node_id": 81246000140471, "node_len": 200.10905803409514, "obstr_type": 0, "reach_id": 81246000141, "river_name": "Nenana River", "sinuosity": 1.049394668486461, "trib_flag": 0, "type": 1, "width": 84, "width_var": 105.83999999999999, "wse": 638.4000244140625, "wse_var": 0, "x": -148.6044292244854, "y": 63.40967704426148}}, {"type": "Feature", "geometry": {"type": "Point", "coordinates": [-148.60178553391378, 63.408372388989854]}, "id": "001b000000000002666b", "properties": {"dist_out": 1854965, "edit_flag": "NaN", "facc": 1616.6492086179771, "grod_id": 0, "hfalls_id": 0, "lakeflag": 0, "manual_add": 0, "max_width": 84, "meand_len": 1519.844414856452, "n_chan_max": 1, "n_chan_mod": 1, "node_id": 81246000140481, "node_len": 200.10905733376785, "obstr_type": 0, "reach_id": 81246000141, "river_name": "Nenana River", "sinuosity": 1.049394668486461, "trib_flag": 0, "type": 1, "width": 84, "width_var": 70.56, "wse": 638.4000244140625, "wse_var": 0, "x": -148.6017847410469, "y": 63.40837095092313}}, {"type": "Feature", "geometry": {"type": "Point", "coordinates": [-148.59896292294695, 63.406923181147484]}, "id": "001b000000000002666c", "properties": {"dist_out": 1855180, "edit_flag": "NaN", "facc": 1614.0145926833334, "grod_id": 0, "hfalls_id": 0, "lakeflag": 0, "manual_add": 0, "max_width": 54, "meand_len": 1519.844414856452, "n_chan_max": 1, "n_chan_mod": 1, "node_id": 81246000140491, "node_len": 214.86393067870813, "obstr_type": 0, "reach_id": 81246000141, "river_name": "Nenana River", "sinuosity": 1.049394668486461, "trib_flag": 0, "type": 1, "width": 54, "width_var": 74, "wse": 638.4000244140625, "wse_var": 0, "x": -148.5989642911992, "y": 63.40692135392353}}, {"type": "Feature", "geometry": {"type": "Point", "coordinates": [-148.59695186837183, 63.405326822970345]}, "id": "001b000000000002666d", "properties": {"dist_out": 1855388, "edit_flag": "NaN", "facc": 1610.8530535617613, "grod_id": 0, "hfalls_id": 0, "lakeflag": 0, "manual_add": 0, "max_width": 97.5, "meand_len": 1924.7753042718812, "n_chan_max": 1, "n_chan_mod": 1, "node_id": 81246000140501, "node_len": 207.99786162834243, "obstr_type": 0, "reach_id": 81246000141, "river_name": "Nenana River", "sinuosity": 1.050600506596862, "trib_flag": 0, "type": 1, "width": 97.5, "width_var": 733.25, "wse": 638.4000244140625, "wse_var": 0, "x": -148.59695315955315, "y": 63.40532800873811}}, {"type": "Feature", "geometry": {"type": "Point", "coordinates": [-148.5946866450367, 63.403873156026926]}, "id": "001b000000000002666e", "properties": {"dist_out": 1855577, "edit_flag": "NaN", "facc": 1607.691514440189, "grod_id": 0, "hfalls_id": 0, "lakeflag": 0, "manual_add": 0, "max_width": 108, "meand_len": 2464.683156825787, "n_chan_max": 2, "n_chan_mod": 1, "node_id": 81246000140511, "node_len": 188.66069885625257, "obstr_type": 0, "reach_id": 81246000141, "river_name": "Nenana River", "sinuosity": 1.052208290744062, "trib_flag": 0, "type": 1, "width": 108, "width_var": 475.2, "wse": 638.4000244140625, "wse_var": 0, "x": -148.5946855734478, "y": 63.403872150851626}}, {"type": "Feature", "geometry": {"type": "Point", "coordinates": [-148.59169012912878, 63.40251313020563]}, "id": "001b000000000002666f", "properties": {"dist_out": 1855773, "edit_flag": "NaN", "facc": 1605.0568985055452, "grod_id": 0, "hfalls_id": 0, "lakeflag": 0, "manual_add": 0, "max_width": 342, "meand_len": 2464.683156825787, "n_chan_max": 2, "n_chan_mod": 2, "node_id": 81246000140521, "node_len": 196.10139793824965, "obstr_type": 0, "reach_id": 81246000141, "river_name": "Nenana River", "sinuosity": 1.052208290744062, "trib_flag": 0, "type": 1, "width": 105, "width_var": 98, "wse": 638.4000244140625, "wse_var": 0, "x": -148.5916908041732, "y": 63.40251412756616}}, {"type": "Feature", "geometry": {"type": "Point", "coordinates": [-148.58802474806285, 63.40140727314437]}, "id": "001b0000000000026670", "properties": {"dist_out": 1855971, "edit_flag": "NaN", "facc": 1601.895359383973, "grod_id": 0, "hfalls_id": 0, "lakeflag": 0, "manual_add": 0, "max_width": 547, "meand_len": 2464.683156825787, "n_chan_max": 2, "n_chan_mod": 2, "node_id": 81246000150011, "node_len": 198.620564632428, "obstr_type": 0, "reach_id": 81246000151, "river_name": "Nenana River", "sinuosity": 1.052208290744062, "trib_flag": 0, "type": 1, "width": 101, "width_var": 605.5833333333334, "wse": 638.4000244140625, "wse_var": 0, "x": -148.58802536390087, "y": 63.40140587606219}}, {"type": "Feature", "geometry": {"type": "Point", "coordinates": [-148.58410519823687, 63.40109067696959]}, "id": "001b0000000000026671", "properties": {"dist_out": 1856184, "edit_flag": "NaN", "facc": 1598.7338202624007, "grod_id": 0, "hfalls_id": 0, "lakeflag": 0, "manual_add": 0, "max_width": 547, "meand_len": 2464.683156825787, "n_chan_max": 2, "n_chan_mod": 2, "node_id": 81246000150021, "node_len": 212.3764845898296, "obstr_type": 0, "reach_id": 81246000151, "river_name": "Nenana River", "sinuosity": 1.052208290744062, "trib_flag": 0, "type": 1, "width": 90, "width_var": 421.95918367346945, "wse": 639.5, "wse_var": 0.234581423505228, "x": -148.58410353730355, "y": 63.40108905273979}}, {"type": "Feature", "geometry": {"type": "Point", "coordinates": [-148.58018118930983, 63.40077408079478]}, "id": "001b0000000000026672", "properties": {"dist_out": 1856375, "edit_flag": "NaN", "facc": 1595.0453579538998, "grod_id": 0, "hfalls_id": 0, "lakeflag": 0, "manual_add": 0, "max_width": 547, "meand_len": 2464.683156825787, "n_chan_max": 2, "n_chan_mod": 2, "node_id": 81246000150031, "node_len": 191.39005363487684, "obstr_type": 0, "reach_id": 81246000151, "river_name": "Nenana River", "sinuosity": 1.052208290744062, "trib_flag": 0, "type": 1, "width": 106.5, "width_var": 111.47222222222223, "wse": 639.5, "wse_var": 0, "x": -148.58018194738153, "y": 63.40077468736262}}, {"type": "Feature", "geometry": {"type": "Point", "coordinates": [-148.57657823565864, 63.400805294502156]}, "id": "001b0000000000026673", "properties": {"dist_out": 1856575, "edit_flag": "NaN", "facc": 1591.8838188323275, "grod_id": 0, "hfalls_id": 0, "lakeflag": 0, "manual_add": 0, "max_width": 63, "meand_len": 2464.683156825787, "n_chan_max": 1, "n_chan_mod": 1, "node_id": 81246000150041, "node_len": 200.1732411888055, "obstr_type": 0, "reach_id": 81246000151, "river_name": "Nenana River", "sinuosity": 1.052208290744062, "trib_flag": 0, "type": 1, "width": 63, "width_var": 286.25, "wse": 639.5, "wse_var": 0, "x": -148.57657969944214, "y": 63.40080550360923}}, {"type": "Feature", "geometry": {"type": "Point", "coordinates": [-148.5730020366138, 63.401304713820146]}, "id": "001b0000000000026674", "properties": {"dist_out": 1856773, "edit_flag": "NaN", "facc": 1588.7222797107552, "grod_id": 0, "hfalls_id": 0, "lakeflag": 0, "manual_add": 0, "max_width": 33, "meand_len": 2410.505507945236, "n_chan_max": 1, "n_chan_mod": 1, "node_id": 81246000150051, "node_len": 197.49780970414395, "obstr_type": 0, "reach_id": 81246000151, "river_name": "Nenana River", "sinuosity": 1.099290796135902, "trib_flag": 0, "type": 1, "width": 33, "width_var": 433.25, "wse": 639.5, "wse_var": 0, "x": -148.57300301672987, "y": 63.40130274109572}}, {"type": "Feature", "geometry": {"type": "Point", "coordinates": [-148.56935895105312, 63.400560043944225]}, "id": "001b0000000000026675", "properties": {"dist_out": 1856969, "edit_flag": "NaN", "facc": 1585.5607405891828, "grod_id": 0, "hfalls_id": 0, "lakeflag": 0, "manual_add": 0, "max_width": 129, "meand_len": 2399.6699781691254, "n_chan_max": 2, "n_chan_mod": 1, "node_id": 81246000150061, "node_len": 196.30957560240972, "obstr_type": 0, "reach_id": 81246000151, "river_name": "Nenana River", "sinuosity": 1.10870729721427, "trib_flag": 0, "type": 1, "width": 129, "width_var": 672.8888888888889, "wse": 639.7000122070312, "wse_var": 0.005834554218584, "x": -148.56935855369434, "y": 63.40056183528487}}, {"type": "Feature", "geometry": {"type": "Point", "coordinates": [-148.56573370189668, 63.40014534754625]}, "id": "001b0000000000026676", "properties": {"dist_out": 1857169, "edit_flag": "NaN", "facc": 1582.3992014676105, "grod_id": 0, "hfalls_id": 0, "lakeflag": 0, "manual_add": 0, "max_width": 67.5, "meand_len": 2399.669978169126, "n_chan_max": 2, "n_chan_mod": 1, "node_id": 81246000150071, "node_len": 200.17324145188172, "obstr_type": 0, "reach_id": 81246000151, "river_name": "Nenana River", "sinuosity": 1.10870729721427, "trib_flag": 0, "type": 1, "width": 67.5, "width_var": 220.25, "wse": 639.7000122070312, "wse_var": 0, "x": -148.56573188058675, "y": 63.40014380724349}}, {"type": "Feature", "geometry": {"type": "Point", "coordinates": [-148.56208615723494, 63.399356086659786]}, "id": "001b0000000000026677", "properties": {"dist_out": 1857381, "edit_flag": "NaN", "facc": 1579.2376623460382, "grod_id": 0, "hfalls_id": 0, "lakeflag": 0, "manual_add": 0, "max_width": 63, "meand_len": 2399.6699781691254, "n_chan_max": 1, "n_chan_mod": 1, "node_id": 81246000150081, "node_len": 211.43090320720694, "obstr_type": 0, "reach_id": 81246000151, "river_name": "Nenana River", "sinuosity": 1.10870729721427, "trib_flag": 0, "type": 1, "width": 63, "width_var": 98, "wse": 641.6750183105469, "wse_var": 0.977830064793428, "x": -148.56208530822573, "y": 63.399357857791195}}, {"type": "Feature", "geometry": {"type": "Point", "coordinates": [-148.55843861257324, 63.39856236667227]}, "id": "001b0000000000026678", "properties": {"dist_out": 1857567, "edit_flag": "NaN", "facc": 1576.0761232244658, "grod_id": 0, "hfalls_id": 0, "lakeflag": 0, "manual_add": 0, "max_width": 42, "meand_len": 2399.669978169126, "n_chan_max": 1, "n_chan_mod": 1, "node_id": 81246000150091, "node_len": 186.4043421685094, "obstr_type": 0, "reach_id": 81246000151, "river_name": "Nenana River", "sinuosity": 1.10870729721427, "trib_flag": 0, "type": 1, "width": 42, "width_var": 62, "wse": 642.9000244140625, "wse_var": 0, "x": -148.55843844049167, "y": 63.39856284329844}}, {"type": "Feature", "geometry": {"type": "Point", "coordinates": [-148.55484457712416, 63.39871843520915]}, "id": "001b0000000000026679", "properties": {"dist_out": 1857760, "edit_flag": "NaN", "facc": 1572.9145841028935, "grod_id": 0, "hfalls_id": 0, "lakeflag": 0, "manual_add": 0, "max_width": 40.5, "meand_len": 2399.669978169126, "n_chan_max": 1, "n_chan_mod": 1, "node_id": 81246000150101, "node_len": 192.51280753892866, "obstr_type": 0, "reach_id": 81246000151, "river_name": "Nenana River", "sinuosity": 1.10870729721427, "trib_flag": 0, "type": 1, "width": 40.5, "width_var": 180.8888888888889, "wse": 642.9000244140625, "wse_var": 0, "x": -148.55484324141935, "y": 63.398718711298926}}, {"type": "Feature", "geometry": {"type": "Point", "coordinates": [-148.5509517819045, 63.3989146356555]}, "id": "001b000000000002667a", "properties": {"dist_out": 1857972, "edit_flag": "NaN", "facc": 1569.7530449813212, "grod_id": 0, "hfalls_id": 0, "lakeflag": 0, "manual_add": 0, "max_width": 36, "meand_len": 2399.669978169126, "n_chan_max": 1, "n_chan_mod": 1, "node_id": 81246000150111, "node_len": 211.7823667937123, "obstr_type": 0, "reach_id": 81246000151, "river_name": "Nenana River", "sinuosity": 1.10870729721427, "trib_flag": 0, "type": 1, "width": 36, "width_var": 560.7755102040816, "wse": 643.0999755859375, "wse_var": 0.054588474029181, "x": -148.55094982697287, "y": 63.398913631580854}}, {"type": "Feature", "geometry": {"type": "Point", "coordinates": [-148.54706344578588, 63.399262445537666]}, "id": "001b000000000002667b", "properties": {"dist_out": 1858169, "edit_flag": "NaN", "facc": 1566.06458267282, "grod_id": 0, "hfalls_id": 0, "lakeflag": 0, "manual_add": 0, "max_width": 48, "meand_len": 1470.4304693898123, "n_chan_max": 1, "n_chan_mod": 1, "node_id": 81246000150121, "node_len": 197.49851840104157, "obstr_type": 0, "reach_id": 81246000151, "river_name": "Nenana River", "sinuosity": 1.040404789631366, "trib_flag": 0, "type": 1, "width": 48, "width_var": 106.80555555555556, "wse": 643.5, "wse_var": 0.000347052700818, "x": -148.5470645612373, "y": 63.39926096437816}}, {"type": "Feature", "geometry": {"type": "Point", "coordinates": [-148.54350508314525, 63.39973956935038]}, "id": "001b000000000002667c", "properties": {"dist_out": 1858357, "edit_flag": "NaN", "facc": 1562.9030435512477, "grod_id": 0, "hfalls_id": 0, "lakeflag": 0, "manual_add": 0, "max_width": 36, "meand_len": 1470.4304693898123, "n_chan_max": 1, "n_chan_mod": 1, "node_id": 81246000150131, "node_len": 188.0344769502576, "obstr_type": 0, "reach_id": 81246000151, "river_name": "Nenana River", "sinuosity": 1.040404789631366, "trib_flag": 0, "type": 1, "width": 36, "width_var": 29, "wse": 643.5, "wse_var": 0, "x": -148.54350659418517, "y": 63.399739305057956}}, {"type": "Feature", "geometry": {"type": "Point", "coordinates": [-148.5408652953216, 63.39867384419862]}, "id": "001b000000000002667d", "properties": {"dist_out": 1858556, "edit_flag": "NaN", "facc": 1559.7415044296754, "grod_id": 0, "hfalls_id": 0, "lakeflag": 0, "manual_add": 0, "max_width": 51, "meand_len": 1470.4304693898123, "n_chan_max": 1, "n_chan_mod": 1, "node_id": 81246000150141, "node_len": 199.21538099753298, "obstr_type": 0, "reach_id": 81246000151, "river_name": "Nenana River", "sinuosity": 1.040404789631366, "trib_flag": 0, "type": 1, "width": 51, "width_var": 92.22222222222221, "wse": 643.6000366210938, "wse_var": 0.000347052700818, "x": -148.54086668608292, "y": 63.39867264192399}}, {"type": "Feature", "geometry": {"type": "Point", "coordinates": [-148.53848859446012, 63.39724247276046]}, "id": "001b000000000002667e", "properties": {"dist_out": 1858768, "edit_flag": "NaN", "facc": 1556.5799653081033, "grod_id": 0, "hfalls_id": 0, "lakeflag": 0, "manual_add": 0, "max_width": 84, "meand_len": 1891.8219625095546, "n_chan_max": 1, "n_chan_mod": 1, "node_id": 81246000150151, "node_len": 211.25814066900875, "obstr_type": 0, "reach_id": 81246000151, "river_name": "Nenana River", "sinuosity": 1.043947867532533, "trib_flag": 0, "type": 1, "width": 84, "width_var": 11.25, "wse": 643.6000366210938, "wse_var": 0.183668857336872, "x": -148.5384878622319, "y": 63.39724404631284}}, {"type": "Feature", "geometry": {"type": "Point", "coordinates": [-148.53489455901104, 63.39632389794345]}, "id": "001b000000000002667f", "properties": {"dist_out": 1858965, "edit_flag": "NaN", "facc": 1553.418426186531, "grod_id": 0, "hfalls_id": 0, "lakeflag": 0, "manual_add": 0, "max_width": 67, "meand_len": 2945.3006953089102, "n_chan_max": 1, "n_chan_mod": 1, "node_id": 81246000150161, "node_len": 197.49851855622046, "obstr_type": 0, "reach_id": 81246000151, "river_name": "Nenana River", "sinuosity": 1.052805562285452, "trib_flag": 0, "type": 1, "width": 67, "width_var": 415.47222222222223, "wse": 647.0250244140625, "wse_var": 0.552508952303065, "x": -148.53489522134356, "y": 63.39632217969589}}, {"type": "Feature", "geometry": {"type": "Point", "coordinates": [-148.53128268715776, 63.39613661569919]}, "id": "001b0000000000026680", "properties": {"dist_out": 1859174, "edit_flag": "NaN", "facc": 1550.2568870649586, "grod_id": 0, "hfalls_id": 0, "lakeflag": 0, "manual_add": 0, "max_width": 48, "meand_len": 2945.3006953089102, "n_chan_max": 1, "n_chan_mod": 1, "node_id": 81246000150171, "node_len": 209.33009797069144, "obstr_type": 0, "reach_id": 81246000151, "river_name": "Nenana River", "sinuosity": 1.052805562285452, "trib_flag": 0, "type": 1, "width": 48, "width_var": 90, "wse": 648, "wse_var": 0, "x": -148.5312819920131, "y": 63.396136535166626}}, {"type": "Feature", "geometry": {"type": "Point", "coordinates": [-148.52803646159083, 63.397220177255186]}, "id": "001b0000000000026681", "properties": {"dist_out": 1859355, "edit_flag": "NaN", "facc": 1547.0953479433863, "grod_id": 0, "hfalls_id": 0, "lakeflag": 0, "manual_add": 0, "max_width": 42, "meand_len": 2945.3006953089102, "n_chan_max": 1, "n_chan_mod": 1, "node_id": 81246000150181, "node_len": 180.45285032434822, "obstr_type": 0, "reach_id": 81246000151, "river_name": "Nenana River", "sinuosity": 1.052805562285452, "trib_flag": 0, "type": 1, "width": 42, "width_var": 70.56, "wse": 648, "wse_var": 0, "x": -148.52803668313243, "y": 63.39722155633274}}, {"type": "Feature", "geometry": {"type": "Point", "coordinates": [-148.5247768587208, 63.39802727454586]}, "id": "001b0000000000026682", "properties": {"dist_out": 1859560, "edit_flag": "NaN", "facc": 1544.4607320087428, "grod_id": 0, "hfalls_id": 0, "lakeflag": 0, "manual_add": 0, "max_width": 46.5, "meand_len": 2945.3006953089102, "n_chan_max": 1, "n_chan_mod": 1, "node_id": 81246000150191, "node_len": 205.32314595461958, "obstr_type": 0, "reach_id": 81246000151, "river_name": "Nenana River", "sinuosity": 1.052805562285452, "trib_flag": 0, "type": 1, "width": 46.5, "width_var": 138, "wse": 648, "wse_var": 0, "x": -148.5247763658781, "y": 63.39802838238533}}, {"type": "Feature", "geometry": {"type": "Point", "coordinates": [-148.52119620057485, 63.398486561954364]}, "id": "001b0000000000026683", "properties": {"dist_out": 1859760, "edit_flag": "NaN", "facc": 1541.2991928871704, "grod_id": 0, "hfalls_id": 0, "lakeflag": 0, "manual_add": 0, "max_width": 46.5, "meand_len": 2945.3006953089102, "n_chan_max": 1, "n_chan_mod": 1, "node_id": 81246000150201, "node_len": 200.25069937237367, "obstr_type": 0, "reach_id": 81246000151, "river_name": "Nenana River", "sinuosity": 1.052805562285452, "trib_flag": 0, "type": 1, "width": 46.5, "width_var": 88.25, "wse": 648, "wse_var": 0, "x": -148.5211972190579, "y": 63.398488438274654}}, {"type": "Feature", "geometry": {"type": "Point", "coordinates": [-148.51835129410276, 63.397295981973095]}, "id": "001b0000000000026684", "properties": {"dist_out": 1859968, "edit_flag": "NaN", "facc": 1538.137653765598, "grod_id": 0, "hfalls_id": 0, "lakeflag": 0, "manual_add": 0, "max_width": 55.5, "meand_len": 2945.3006953089107, "n_chan_max": 1, "n_chan_mod": 1, "node_id": 81246000150211, "node_len": 207.9978611257843, "obstr_type": 0, "reach_id": 81246000151, "river_name": "Nenana River", "sinuosity": 1.052805562285452, "trib_flag": 0, "type": 1, "width": 55.5, "width_var": 176.25, "wse": 648, "wse_var": 0, "x": -148.5183515301105, "y": 63.39729788397798}}, {"type": "Feature", "geometry": {"type": "Point", "coordinates": [-148.5156357015612, 63.395882446939154]}, "id": "001b0000000000026685", "properties": {"dist_out": 1860175, "edit_flag": "NaN", "facc": 1534.9761146440258, "grod_id": 0, "hfalls_id": 0, "lakeflag": 0, "manual_add": 0, "max_width": 84, "meand_len": 2945.3006953089102, "n_chan_max": 1, "n_chan_mod": 1, "node_id": 81246000150221, "node_len": 206.44519076603137, "obstr_type": 0, "reach_id": 81246000151, "river_name": "Nenana River", "sinuosity": 1.052805562285452, "trib_flag": 0, "type": 1, "width": 84, "width_var": 42.88888888888889, "wse": 648, "wse_var": 0, "x": -148.51563429052862, "y": 63.39588149026998}}, {"type": "Feature", "geometry": {"type": "Point", "coordinates": [-148.51202828880898, 63.39540978222749]}, "id": "001b0000000000026686", "properties": {"dist_out": 1860357, "edit_flag": "NaN", "facc": 1531.8145755224534, "grod_id": 0, "hfalls_id": 0, "lakeflag": 0, "manual_add": 0, "max_width": 101, "meand_len": 2640.2216507233775, "n_chan_max": 1, "n_chan_mod": 1, "node_id": 81246000150231, "node_len": 182.6430394688423, "obstr_type": 0, "reach_id": 81246000151, "river_name": "Nenana River", "sinuosity": 1.039724998768277, "trib_flag": 0, "type": 1, "width": 101, "width_var": 291.22222222222223, "wse": 649.8750305175781, "wse_var": 0.392843763861391, "x": -148.51202613943312, "y": 63.395408053153126}}, {"type": "Feature", "geometry": {"type": "Point", "coordinates": [-148.50886678616206, 63.39467848965472]}, "id": "001b0000000000026687", "properties": {"dist_out": 1860579, "edit_flag": "NaN", "facc": 1528.653036400881, "grod_id": 0, "hfalls_id": 0, "lakeflag": 0, "manual_add": 0, "max_width": 547, "meand_len": 2182.6030838450774, "n_chan_max": 2, "n_chan_mod": 2, "node_id": 81246000150241, "node_len": 221.1538182162103, "obstr_type": 0, "reach_id": 81246000151, "river_name": "Nenana River", "sinuosity": 1.020104153492514, "trib_flag": 0, "type": 1, "width": 90, "width_var": 90, "wse": 650.2000122070312, "wse_var": 0, "x": -148.5088650724019, "y": 63.394678459550455}}, {"type": "Feature", "geometry": {"type": "Point", "coordinates": [-148.5059148612647, 63.393389809450284]}, "id": "001b0000000000026688", "properties": {"dist_out": 1860748, "edit_flag": "NaN", "facc": 1525.491497279309, "grod_id": 0, "hfalls_id": 0, "lakeflag": 0, "manual_add": 0, "max_width": 84, "meand_len": 2182.6030838450774, "n_chan_max": 2, "n_chan_mod": 1, "node_id": 81246000150251, "node_len": 169.70563364578447, "obstr_type": 0, "reach_id": 81246000151, "river_name": "Nenana River", "sinuosity": 1.020104153492514, "trib_flag": 0, "type": 1, "width": 84, "width_var": 744.1875, "wse": 650.2000122070312, "wse_var": 0, "x": -148.50591506247417, "y": 63.393390021238986}}, {"type": "Feature", "geometry": {"type": "Point", "coordinates": [-148.5025616172725, 63.39243110272378]}, "id": "001b0000000000026689", "properties": {"dist_out": 1860976, "edit_flag": "NaN", "facc": 1523.383804531594, "grod_id": 0, "hfalls_id": 0, "lakeflag": 0, "manual_add": 0, "max_width": 63, "meand_len": 2182.6030838450774, "n_chan_max": 1, "n_chan_mod": 1, "node_id": 81246000150261, "node_len": 227.49781071029793, "obstr_type": 0, "reach_id": 81246000151, "river_name": "Nenana River", "sinuosity": 1.020104153492514, "trib_flag": 0, "type": 1, "width": 63, "width_var": 35.63265306122449, "wse": 650.2000122070312, "wse_var": 0, "x": -148.50256211978382, "y": 63.392428916700965}}, {"type": "Feature", "geometry": {"type": "Point", "coordinates": [-148.499016631935, 63.391681973746806]}, "id": "001b000000000002668a", "properties": {"dist_out": 1861158, "edit_flag": "NaN", "facc": 1519.695342223093, "grod_id": 0, "hfalls_id": 0, "lakeflag": 0, "manual_add": 0, "max_width": 42, "meand_len": 2182.6030838450774, "n_chan_max": 1, "n_chan_mod": 1, "node_id": 81246000150271, "node_len": 182.55294193783357, "obstr_type": 0, "reach_id": 81246000151, "river_name": "Nenana River", "sinuosity": 1.020104153492514, "trib_flag": 0, "type": 1, "width": 42, "width_var": 105.83999999999999, "wse": 650.2000122070312, "wse_var": 0, "x": -148.49901631767904, "y": 63.391679818674824}}, {"type": "Feature", "geometry": {"type": "Point", "coordinates": [-148.49750053757683, 63.39011237017599]}, "id": "001b000000000002668b", "properties": {"dist_out": 1861377, "edit_flag": "NaN", "facc": 1517.0607262884494, "grod_id": 0, "hfalls_id": 0, "lakeflag": 0, "manual_add": 0, "max_width": 63, "meand_len": 2182.6030838450774, "n_chan_max": 1, "n_chan_mod": 1, "node_id": 81246000150281, "node_len": 218.48493558843802, "obstr_type": 0, "reach_id": 81246000151, "river_name": "Nenana River", "sinuosity": 1.020104153492514, "trib_flag": 0, "type": 1, "width": 63, "width_var": 330.6938775510204, "wse": 650.2000122070312, "wse_var": 0, "x": -148.49750039835752, "y": 63.39011224350361}}, {"type": "Feature", "geometry": {"type": "Point", "coordinates": [-148.4954448919912, 63.38872558974838]}, "id": "001b000000000002668c", "properties": {"dist_out": 1861567, "edit_flag": "NaN", "facc": 1513.3722639799485, "grod_id": 0, "hfalls_id": 0, "lakeflag": 0, "manual_add": 0, "max_width": 55.5, "meand_len": 958.5168596929653, "n_chan_max": 1, "n_chan_mod": 1, "node_id": 81246000150291, "node_len": 190.11508234819394, "obstr_type": 0, "reach_id": 81246000151, "river_name": "Nenana River", "sinuosity": 1.190065982216245, "trib_flag": 0, "type": 1, "width": 55.5, "width_var": 77.80555555555556, "wse": 650.2000122070312, "wse_var": 0.019998372428947, "x": -148.49544394345892, "y": 63.388724454502885}}, {"type": "Feature", "geometry": {"type": "Point", "coordinates": [-148.49185085654213, 63.38855614390833]}, "id": "001b000000000002668d", "properties": {"dist_out": 1861749, "edit_flag": "NaN", "facc": 1510.2107248583761, "grod_id": 0, "hfalls_id": 0, "lakeflag": 0, "manual_add": 0, "max_width": 99, "meand_len": 958.5168596929653, "n_chan_max": 1, "n_chan_mod": 1, "node_id": 81246000150301, "node_len": 181.78236359559287, "obstr_type": 0, "reach_id": 81246000151, "river_name": "Nenana River", "sinuosity": 1.190065982216245, "trib_flag": 0, "type": 1, "width": 99, "width_var": 616.9166666666666, "wse": 651.75, "wse_var": 0.061665039095614, "x": -148.49185285535987, "y": 63.388555543249964}}, {"type": "Feature", "geometry": {"type": "Point", "coordinates": [-148.4879536022214, 63.38858735761571]}, "id": "001b000000000002668e", "properties": {"dist_out": 1861963, "edit_flag": "NaN", "facc": 1507.0491857368038, "grod_id": 0, "hfalls_id": 0, "lakeflag": 0, "manual_add": 0, "max_width": 67, "meand_len": 958.5168596929653, "n_chan_max": 1, "n_chan_mod": 1, "node_id": 81246000150311, "node_len": 214.68747136150432, "obstr_type": 0, "reach_id": 81246000151, "river_name": "Nenana River", "sinuosity": 1.190065982216245, "trib_flag": 0, "type": 1, "width": 67, "width_var": 345.83673469387753, "wse": 651.7999877929688, "wse_var": 0, "x": -148.48795206863124, "y": 63.38858853492489}}, {"type": "Feature", "geometry": {"type": "Point", "coordinates": [-148.48402513419333, 63.388150365712484]}, "id": "001b000000000002668f", "properties": {"dist_out": 1862154, "edit_flag": "NaN", "facc": 1503.3607234283027, "grod_id": 0, "hfalls_id": 0, "lakeflag": 0, "manual_add": 0, "max_width": 63, "meand_len": 1670.9257803835499, "n_chan_max": 1, "n_chan_mod": 1, "node_id": 81246000150321, "node_len": 190.20181791617506, "obstr_type": 0, "reach_id": 81246000151, "river_name": "Nenana River", "sinuosity": 1.200708925858879, "trib_flag": 0, "type": 1, "width": 63, "width_var": 18.805555555555554, "wse": 651.7999877929688, "wse_var": 1.088879394551946, "x": -148.48402705196017, "y": 63.38815232688614}}, {"type": "Feature", "geometry": {"type": "Point", "coordinates": [-148.480408803239, 63.38788281964927]}, "id": "001b0000000000026690", "properties": {"dist_out": 1862354, "edit_flag": "NaN", "facc": 1500.1991843067303, "grod_id": 0, "hfalls_id": 0, "lakeflag": 0, "manual_add": 0, "max_width": 42, "meand_len": 1670.9257803835499, "n_chan_max": 1, "n_chan_mod": 1, "node_id": 81246000150331, "node_len": 200.70116820427938, "obstr_type": 0, "reach_id": 81246000151, "river_name": "Nenana River", "sinuosity": 1.200708925858879, "trib_flag": 0, "type": 1, "width": 42, "width_var": 107.25, "wse": 655.3500061035156, "wse_var": 1.370340847720702, "x": -148.48041101807618, "y": 63.387884645964476}}, {"type": "Feature", "geometry": {"type": "Point", "coordinates": [-148.47676571767832, 63.38702667224701]}, "id": "001b0000000000026691", "properties": {"dist_out": 1862555, "edit_flag": "NaN", "facc": 1497.037645185158, "grod_id": 0, "hfalls_id": 0, "lakeflag": 0, "manual_add": 0, "max_width": 63, "meand_len": 1670.9257803835499, "n_chan_max": 1, "n_chan_mod": 1, "node_id": 81246000150341, "node_len": 200.93155152663076, "obstr_type": 0, "reach_id": 81246000151, "river_name": "Nenana River", "sinuosity": 1.200708925858879, "trib_flag": 0, "type": 1, "width": 63, "width_var": 18.805555555555554, "wse": 658.5, "wse_var": 0.013124694944256, "x": -148.47676462601297, "y": 63.38702473382034}}, {"type": "Feature", "geometry": {"type": "Point", "coordinates": [-148.4731449276229, 63.38665656685957]}, "id": "001b0000000000026692", "properties": {"dist_out": 1862748, "edit_flag": "NaN", "facc": 1493.8761060635857, "grod_id": 0, "hfalls_id": 0, "lakeflag": 0, "manual_add": 0, "max_width": 116, "meand_len": 1670.9257803835499, "n_chan_max": 2, "n_chan_mod": 1, "node_id": 81246000150351, "node_len": 193.10692337258206, "obstr_type": 0, "reach_id": 81246000151, "river_name": "Nenana River", "sinuosity": 1.200708925858879, "trib_flag": 0, "type": 1, "width": 116, "width_var": 195.55555555555554, "wse": 658.5, "wse_var": 0, "x": -148.4731437307992, "y": 63.38665817853336}}, {"type": "Feature", "geometry": {"type": "Point", "coordinates": [-148.46926996880748, 63.387187199884934]}, "id": "001b0000000000026693", "properties": {"dist_out": 1862965, "edit_flag": "NaN", "facc": 1490.7145669420133, "grod_id": 0, "hfalls_id": 0, "lakeflag": 0, "manual_add": 0, "max_width": 547, "meand_len": 1670.9257803835499, "n_chan_max": 3, "n_chan_mod": 2, "node_id": 81246000150361, "node_len": 216.17395922392097, "obstr_type": 0, "reach_id": 81246000151, "river_name": "Nenana River", "sinuosity": 1.200708925858879, "trib_flag": 0, "type": 1, "width": 114, "width_var": 559.3469387755101, "wse": 658.5, "wse_var": 0, "x": -148.46926866075697, "y": 63.38718923676719}}, {"type": "Feature", "geometry": {"type": "Point", "coordinates": [-148.46538609178992, 63.387552846171324]}, "id": "001b0000000000026694", "properties": {"dist_out": 1863153, "edit_flag": "NaN", "facc": 1487.0261046335124, "grod_id": 0, "hfalls_id": 0, "lakeflag": 0, "manual_add": 0, "max_width": 86, "meand_len": 790.3821538114926, "n_chan_max": 3, "n_chan_mod": 1, "node_id": 81246000150371, "node_len": 188.12121215597472, "obstr_type": 0, "reach_id": 81246000151, "river_name": "Nenana River", "sinuosity": 2.176458564652975, "trib_flag": 0, "type": 1, "width": 86, "width_var": 1730.222222222222, "wse": 658.5, "wse_var": 0, "x": -148.46538501433096, "y": 63.38755485448025}}, {"type": "Feature", "geometry": {"type": "Point", "coordinates": [-148.46148437836817, 63.38757514167659]}, "id": "001b0000000000026695", "properties": {"dist_out": 1863366, "edit_flag": "NaN", "facc": 1483.86456551194, "grod_id": 0, "hfalls_id": 0, "lakeflag": 0, "manual_add": 0, "max_width": 67, "meand_len": 614.2734284970812, "n_chan_max": 1, "n_chan_mod": 1, "node_id": 81246000150381, "node_len": 212.97059917346905, "obstr_type": 0, "reach_id": 81246000151, "river_name": "Nenana River", "sinuosity": 2.371608492411795, "trib_flag": 0, "type": 1, "width": 67, "width_var": 3.26530612244898, "wse": 658.5, "wse_var": 0, "x": -148.4614838089381, "y": 63.38757686950412}}, {"type": "Feature", "geometry": {"type": "Point", "coordinates": [-148.45759158314848, 63.387780260325044]}, "id": "001b0000000000026696", "properties": {"dist_out": 1863548, "edit_flag": "NaN", "facc": 1480.1761032034392, "grod_id": 0, "hfalls_id": 0, "lakeflag": 0, "manual_add": 0, "max_width": 61.5, "meand_len": 287.12257315114715, "n_chan_max": 1, "n_chan_mod": 1, "node_id": 81246000150391, "node_len": 182.3764800322515, "obstr_type": 0, "reach_id": 81246000151, "river_name": "Nenana River", "sinuosity": 2.271271638489115, "trib_flag": 0, "type": 1, "width": 61.5, "width_var": 6.472222222222222, "wse": 658.5, "wse_var": 0, "x": -148.45759168666333, "y": 63.387778218598974}}, {"type": "Feature", "geometry": {"type": "Point", "coordinates": [-148.4537032470299, 63.388070101893526]}, "id": "001b0000000000026697", "properties": {"dist_out": 1863762, "edit_flag": "NaN", "facc": 1477.0145640818669, "grod_id": 0, "hfalls_id": 0, "lakeflag": 0, "manual_add": 0, "max_width": 63, "meand_len": 346.75814586797804, "n_chan_max": 1, "n_chan_mod": 1, "node_id": 81246000150401, "node_len": 213.56471601197063, "obstr_type": 0, "reach_id": 81246000151, "river_name": "Nenana River", "sinuosity": 1.109297424190669, "trib_flag": 0, "type": 1, "width": 63, "width_var": 169.9183673469388, "wse": 658.5, "wse_var": 0, "x": -148.45370417830404, "y": 63.38807174144216}}, {"type": "Feature", "geometry": {"type": "Point", "coordinates": [-148.44980599270917, 63.38817266121775]}, "id": "001b0000000000026698", "properties": {"dist_out": 1863964, "edit_flag": "NaN", "facc": 1473.3261017733657, "grod_id": 0, "hfalls_id": 0, "lakeflag": 0, "manual_add": 0, "max_width": 39, "meand_len": 263.18379435327773, "n_chan_max": 1, "n_chan_mod": 1, "node_id": 81246000150411, "node_len": 202.4173299725835, "obstr_type": 0, "reach_id": 81246000151, "river_name": "Nenana River", "sinuosity": 1.002094585863706, "trib_flag": 0, "type": 1, "width": 39, "width_var": 35.25, "wse": 658.5, "wse_var": 0, "x": -148.44980683638224, "y": 63.38817162421527}}, {"type": "Feature", "geometry": {"type": "Point", "coordinates": [-148.44645274871698, 63.38713814977334]}, "id": "001b0000000000026699", "properties": {"dist_out": 1864172, "edit_flag": "NaN", "facc": 1470.1645626517934, "grod_id": 0, "hfalls_id": 0, "lakeflag": 0, "manual_add": 0, "max_width": 84, "meand_len": 167.22923338092008, "n_chan_max": 1, "n_chan_mod": 1, "node_id": 81246000150421, "node_len": 208.12438009934795, "obstr_type": 0, "reach_id": 81246000151, "river_name": "Nenana River", "sinuosity": 4.213631373070659, "trib_flag": 0, "type": 1, "width": 84, "width_var": 70.56000000000002, "wse": 658.5, "wse_var": 0.025603125095367, "x": -148.44645276124962, "y": 63.387137425247566}}, {"type": "Feature", "geometry": {"type": "Point", "coordinates": [-148.44339380539432, 63.3859921608026]}, "id": "001b000000000002669a", "properties": {"dist_out": 1864357, "edit_flag": "NaN", "facc": 1467.5299467171499, "grod_id": 0, "hfalls_id": 0, "lakeflag": 0, "manual_add": 0, "max_width": 84, "meand_len": 239.75784433885212, "n_chan_max": 1, "n_chan_mod": 1, "node_id": 81246000150431, "node_len": 185.2276670168285, "obstr_type": 0, "reach_id": 81246000151, "river_name": "Nenana River", "sinuosity": 3.899492500976747, "trib_flag": 0, "type": 1, "width": 84, "width_var": 105.84, "wse": 658.9000244140625, "wse_var": 0, "x": -148.44339361116383, "y": 63.38599424535876}}, {"type": "Feature", "geometry": {"type": "Point", "coordinates": [-148.44005393870532, 63.385251950027744]}, "id": "001b000000000002669b", "properties": {"dist_out": 1864548, "edit_flag": "NaN", "facc": 1464.8953307825063, "grod_id": 0, "hfalls_id": 0, "lakeflag": 0, "manual_add": 0, "max_width": 54, "meand_len": 292.47500824474497, "n_chan_max": 1, "n_chan_mod": 1, "node_id": 81246000150441, "node_len": 190.43220059051419, "obstr_type": 0, "reach_id": 81246000151, "river_name": "Nenana River", "sinuosity": 1.038177962949978, "trib_flag": 0, "type": 1, "width": 54, "width_var": 101.55555555555554, "wse": 658.9000244140625, "wse_var": 0, "x": -148.44005475316126, "y": 63.38525417238484}}, {"type": "Feature", "geometry": {"type": "Point", "coordinates": [-148.43612992977828, 63.38481941722556]}, "id": "001b000000000002669c", "properties": {"dist_out": 1864762, "edit_flag": "NaN", "facc": 1461.733791660934, "grod_id": 0, "hfalls_id": 0, "lakeflag": 0, "manual_add": 0, "max_width": 54, "meand_len": 2837.2588518330103, "n_chan_max": 1, "n_chan_mod": 1, "node_id": 81246000150451, "node_len": 214.1588328334965, "obstr_type": 0, "reach_id": 81246000151, "river_name": "Nenana River", "sinuosity": 1.211868818832833, "trib_flag": 0, "type": 1, "width": 54, "width_var": 108.9795918367347, "wse": 658.9000244140625, "wse_var": 0, "x": -148.4361309626875, "y": 63.38481792428106}}, {"type": "Feature", "geometry": {"type": "Point", "coordinates": [-148.4322192981544, 63.384623216779204]}, "id": "001b000000000002669d", "properties": {"dist_out": 1864944, "edit_flag": "NaN", "facc": 1458.0453293524329, "grod_id": 0, "hfalls_id": 0, "lakeflag": 0, "manual_add": 0, "max_width": 65, "meand_len": 2837.258851833011, "n_chan_max": 1, "n_chan_mod": 1, "node_id": 81246000150461, "node_len": 182.376479651115, "obstr_type": 0, "reach_id": 81246000151, "river_name": "Nenana River", "sinuosity": 1.211868818832832, "trib_flag": 0, "type": 1, "width": 65, "width_var": 45.25, "wse": 658.9000244140625, "wse_var": 0, "x": -148.4322193558231, "y": 63.3846238146157}}, {"type": "Feature", "geometry": {"type": "Point", "coordinates": [-148.42832650293474, 63.38482833542766]}, "id": "001b000000000002669e", "properties": {"dist_out": 1865160, "edit_flag": "NaN", "facc": 1454.8837902308605, "grod_id": 0, "hfalls_id": 0, "lakeflag": 0, "manual_add": 0, "max_width": 60, "meand_len": 2837.2588518330103, "n_chan_max": 1, "n_chan_mod": 1, "node_id": 81246000150471, "node_len": 215.2815872772644, "obstr_type": 0, "reach_id": 81246000151, "river_name": "Nenana River", "sinuosity": 1.211868818832833, "trib_flag": 0, "type": 1, "width": 60, "width_var": 126.6938775510204, "wse": 658.9000244140625, "wse_var": 0, "x": -148.42832755115685, "y": 63.38482692657787}}, {"type": "Feature", "geometry": {"type": "Point", "coordinates": [-148.42463436726248, 63.384177306673855]}, "id": "001b000000000002669f", "properties": {"dist_out": 1865360, "edit_flag": "NaN", "facc": 1451.1953279223594, "grod_id": 0, "hfalls_id": 0, "lakeflag": 0, "manual_add": 0, "max_width": 547, "meand_len": 2837.2588518330103, "n_chan_max": 2, "n_chan_mod": 2, "node_id": 81246000150481, "node_len": 199.94285136799954, "obstr_type": 0, "reach_id": 81246000151, "river_name": "Nenana River", "sinuosity": 1.211868818832833, "trib_flag": 0, "type": 1, "width": 125.5, "width_var": 557.8888888888889, "wse": 658.9000244140625, "wse_var": 0, "x": -148.42463364432385, "y": 63.38417904633684}}, {"type": "Feature", "geometry": {"type": "Point", "coordinates": [-148.4218920201146, 63.38296889028838]}, "id": "001b00000000000266a0", "properties": {"dist_out": 1865557, "edit_flag": "NaN", "facc": 1448.0337888007873, "grod_id": 0, "hfalls_id": 0, "lakeflag": 0, "manual_add": 0, "max_width": 547, "meand_len": 2837.2588518330103, "n_chan_max": 2, "n_chan_mod": 2, "node_id": 81246000150491, "node_len": 197.86224925460374, "obstr_type": 0, "reach_id": 81246000151, "river_name": "Nenana River", "sinuosity": 1.211868818832833, "trib_flag": 0, "type": 1, "width": 81, "width_var": 670.4722222222222, "wse": 658.9000244140625, "wse_var": 0, "x": -148.42189245893775, "y": 63.382967610711944}}, {"type": "Feature", "geometry": {"type": "Point", "coordinates": [-148.4183202801708, 63.38277714894308]}, "id": "001b00000000000266a1", "properties": {"dist_out": 1865754, "edit_flag": "NaN", "facc": 1444.872249679215, "grod_id": 0, "hfalls_id": 0, "lakeflag": 0, "manual_add": 0, "max_width": 119, "meand_len": 2837.2588518330103, "n_chan_max": 2, "n_chan_mod": 1, "node_id": 81246000150501, "node_len": 196.90439953101122, "obstr_type": 0, "reach_id": 81246000151, "river_name": "Nenana River", "sinuosity": 1.211868818832833, "trib_flag": 0, "type": 1, "width": 119, "width_var": 1140.138888888889, "wse": 658.9000244140625, "wse_var": 0.055555555555556, "x": -148.41832160334607, "y": 63.382778704849635}}, {"type": "Feature", "geometry": {"type": "Point", "coordinates": [-148.4148823132586, 63.383673428254816]}, "id": "001b00000000000266a2", "properties": {"dist_out": 1865962, "edit_flag": "NaN", "facc": 1441.7107105576426, "grod_id": 0, "hfalls_id": 0, "lakeflag": 0, "manual_add": 0, "max_width": 105, "meand_len": 2837.2588518330103, "n_chan_max": 2, "n_chan_mod": 1, "node_id": 81246000150511, "node_len": 207.53882947766942, "obstr_type": 0, "reach_id": 81246000151, "river_name": "Nenana River", "sinuosity": 1.211868818832833, "trib_flag": 0, "type": 1, "width": 105, "width_var": 1491.138888888889, "wse": 660.9500427246094, "wse_var": 0.120008545203341, "x": -148.4148842342058, "y": 63.38367453756007}}, {"type": "Feature", "geometry": {"type": "Point", "coordinates": [-148.41180107443066, 63.38481941722556]}, "id": "001b00000000000266a3", "properties": {"dist_out": 1866154, "edit_flag": "NaN", "facc": 1438.5491714360703, "grod_id": 0, "hfalls_id": 0, "lakeflag": 0, "manual_add": 0, "max_width": 95.5, "meand_len": 2775.8181549595233, "n_chan_max": 2, "n_chan_mod": 1, "node_id": 81246000150521, "node_len": 192.5128047027556, "obstr_type": 0, "reach_id": 81246000151, "river_name": "Nenana River", "sinuosity": 1.222380460794657, "trib_flag": 0, "type": 1, "width": 95.5, "width_var": 410.47222222222223, "wse": 661.1000366210938, "wse_var": 0.002221137285233, "x": -148.41179899320042, "y": 63.38481814406155}}, {"type": "Feature", "geometry": {"type": "Point", "coordinates": [-148.40822041628473, 63.38489968104451]}, "id": "001b00000000000266a4", "properties": {"dist_out": 1866368, "edit_flag": "NaN", "facc": 1435.387632314498, "grod_id": 0, "hfalls_id": 0, "lakeflag": 0, "manual_add": 0, "max_width": 547, "meand_len": 2530.0553674655744, "n_chan_max": 2, "n_chan_mod": 2, "node_id": 81246000150531, "node_len": 213.1470631109296, "obstr_type": 0, "reach_id": 81246000151, "river_name": "Nenana River", "sinuosity": 1.264427028641956, "trib_flag": 0, "type": 1, "width": 91.5, "width_var": 367.25, "wse": 661.4500122070312, "wse_var": 0.007015211404198, "x": -148.4082211905172, "y": 63.384898345803045}}, {"type": "Feature", "geometry": {"type": "Point", "coordinates": [-148.40517485026524, 63.383767069376944]}, "id": "001b00000000000266a5", "properties": {"dist_out": 1866545, "edit_flag": "NaN", "facc": 1432.2260931929256, "grod_id": 0, "hfalls_id": 0, "lakeflag": 0, "manual_add": 0, "max_width": 547, "meand_len": 2530.0553674655744, "n_chan_max": 2, "n_chan_mod": 2, "node_id": 81246000150541, "node_len": 177.3170087842318, "obstr_type": 0, "reach_id": 81246000151, "river_name": "Nenana River", "sinuosity": 1.264427028641956, "trib_flag": 0, "type": 1, "width": 63, "width_var": 176.4, "wse": 661.7000122070312, "wse_var": 0.027594580352306, "x": -148.40517649333873, "y": 63.38376858234278}}, {"type": "Feature", "geometry": {"type": "Point", "coordinates": [-148.4029274633343, 63.3824873073746]}, "id": "001b00000000000266a6", "properties": {"dist_out": 1866737, "edit_flag": "NaN", "facc": 1429.591477258282, "grod_id": 0, "hfalls_id": 0, "lakeflag": 0, "manual_add": 0, "max_width": 547, "meand_len": 2530.0553674655744, "n_chan_max": 2, "n_chan_mod": 2, "node_id": 81246000150551, "node_len": 192.09373335534838, "obstr_type": 0, "reach_id": 81246000151, "river_name": "Nenana River", "sinuosity": 1.264427028641956, "trib_flag": 0, "type": 1, "width": 63, "width_var": 105.84, "wse": 662.5, "wse_var": 0, "x": -148.40292897708034, "y": 63.38248730137097}}, {"type": "Feature", "geometry": {"type": "Point", "coordinates": [-148.39994432472955, 63.38137699121229]}, "id": "001b00000000000266a7", "properties": {"dist_out": 1866941, "edit_flag": "NaN", "facc": 1426.9568613236386, "grod_id": 0, "hfalls_id": 0, "lakeflag": 0, "manual_add": 0, "max_width": 547, "meand_len": 2530.0553674655744, "n_chan_max": 3, "n_chan_mod": 2, "node_id": 81246000150561, "node_len": 204.1167182977042, "obstr_type": 0, "reach_id": 81246000151, "river_name": "Nenana River", "sinuosity": 1.264427028641956, "trib_flag": 0, "type": 1, "width": 105, "width_var": 438.64, "wse": 662.5, "wse_var": 0, "x": -148.39994561255804, "y": 63.3813747768397}}, {"type": "Feature", "geometry": {"type": "Point", "coordinates": [-148.39699685893322, 63.37995453797624]}, "id": "001b00000000000266a8", "properties": {"dist_out": 1867161, "edit_flag": "NaN", "facc": 1424.3222453889948, "grod_id": 0, "hfalls_id": 0, "lakeflag": 0, "manual_add": 0, "max_width": 547, "meand_len": 2530.0553674655744, "n_chan_max": 3, "n_chan_mod": 3, "node_id": 81246000150571, "node_len": 220.21337490131918, "obstr_type": 0, "reach_id": 81246000151, "river_name": "Nenana River", "sinuosity": 1.264427028641956, "trib_flag": 0, "type": 1, "width": 134.5, "width_var": 262.80555555555554, "wse": 662.5, "wse_var": 0, "x": -148.39699556144922, "y": 63.379954874161}}, {"type": "Feature", "geometry": {"type": "Point", "coordinates": [-148.39440612122118, 63.37850087103283]}, "id": "001b00000000000266a9", "properties": {"dist_out": 1867361, "edit_flag": "NaN", "facc": 1421.1607062674225, "grod_id": 0, "hfalls_id": 0, "lakeflag": 0, "manual_add": 0, "max_width": 547, "meand_len": 2530.0553674655744, "n_chan_max": 2, "n_chan_mod": 2, "node_id": 81246000150581, "node_len": 200.10905539640225, "obstr_type": 0, "reach_id": 81246000151, "river_name": "Nenana River", "sinuosity": 1.264427028641956, "trib_flag": 0, "type": 1, "width": 84, "width_var": 105.84, "wse": 662.5, "wse_var": 0, "x": -148.39440415852067, "y": 63.37849909462371}}, {"type": "Feature", "geometry": {"type": "Point", "coordinates": [-148.3914987873343, 63.37719881352522]}, "id": "001b00000000000266aa", "properties": {"dist_out": 1867545, "edit_flag": "NaN", "facc": 1418.526090332779, "grod_id": 0, "hfalls_id": 0, "lakeflag": 0, "manual_add": 0, "max_width": 547, "meand_len": 2530.0553674655744, "n_chan_max": 2, "n_chan_mod": 2, "node_id": 81246000150591, "node_len": 183.15738618766773, "obstr_type": 0, "reach_id": 81246000151, "river_name": "Nenana River", "sinuosity": 1.264427028641956, "trib_flag": 0, "type": 1, "width": 128, "width_var": 968.5833333333334, "wse": 662.5, "wse_var": 0, "x": -148.39150048224118, "y": 63.37719891152188}}, {"type": "Feature", "geometry": {"type": "Point", "coordinates": [-148.38832836648533, 63.376565621175615]}, "id": "001b00000000000266ab", "properties": {"dist_out": 1867753, "edit_flag": "NaN", "facc": 1415.3645512112066, "grod_id": 0, "hfalls_id": 0, "lakeflag": 0, "manual_add": 0, "max_width": 547, "meand_len": 2407.826698355912, "n_chan_max": 2, "n_chan_mod": 2, "node_id": 81246000150601, "node_len": 208.96991969546798, "obstr_type": 0, "reach_id": 81246000151, "river_name": "Nenana River", "sinuosity": 1.248250655058127, "trib_flag": 0, "type": 1, "width": 103, "width_var": 64.24489795918369, "wse": 662.5, "wse_var": 0, "x": -148.38832635385987, "y": 63.37656555121464}}, {"type": "Feature", "geometry": {"type": "Point", "coordinates": [-148.38467636272256, 63.37590121511866]}, "id": "001b00000000000266ac", "properties": {"dist_out": 1867935, "edit_flag": "NaN", "facc": 1411.6760889027057, "grod_id": 0, "hfalls_id": 0, "lakeflag": 0, "manual_add": 0, "max_width": 117, "meand_len": 1796.6833528075979, "n_chan_max": 2, "n_chan_mod": 1, "node_id": 81246000150611, "node_len": 181.79463242795646, "obstr_type": 0, "reach_id": 81246000151, "river_name": "Nenana River", "sinuosity": 1.167368787138983, "trib_flag": 0, "type": 1, "width": 117, "width_var": 599.0400000000001, "wse": 662.5, "wse_var": 0, "x": -148.38467649736168, "y": 63.37590083430176}}, {"type": "Feature", "geometry": {"type": "Point", "coordinates": [-148.38103773626293, 63.37508074052483]}, "id": "001b00000000000266ad", "properties": {"dist_out": 1868157, "edit_flag": "NaN", "facc": 1409.041472968062, "grod_id": 0, "hfalls_id": 0, "lakeflag": 0, "manual_add": 0, "max_width": 57, "meand_len": 1796.6833528075979, "n_chan_max": 1, "n_chan_mod": 1, "node_id": 81246000150621, "node_len": 222.14907314490847, "obstr_type": 0, "reach_id": 81246000151, "river_name": "Nenana River", "sinuosity": 1.167368787138983, "trib_flag": 0, "type": 1, "width": 57, "width_var": 37.714285714285715, "wse": 662.5, "wse_var": 0, "x": -148.3810365564037, "y": 63.37508204389106}}, {"type": "Feature", "geometry": {"type": "Point", "coordinates": [-148.37712710463907, 63.37487116277532]}, "id": "001b00000000000266ae", "properties": {"dist_out": 1868339, "edit_flag": "NaN", "facc": 1405.353010659561, "grod_id": 0, "hfalls_id": 0, "lakeflag": 0, "manual_add": 0, "max_width": 60, "meand_len": 1796.6833528075979, "n_chan_max": 1, "n_chan_mod": 1, "node_id": 81246000150631, "node_len": 181.1882447251137, "obstr_type": 0, "reach_id": 81246000151, "river_name": "Nenana River", "sinuosity": 1.167368787138983, "trib_flag": 1, "type": 1, "width": 60, "width_var": 62, "wse": 662.5, "wse_var": 0, "x": -148.37712582742458, "y": 63.37486975855948}}, {"type": "Feature", "geometry": {"type": "Point", "coordinates": [-148.3732253912173, 63.374857785472145]}, "id": "001b00000000000266af", "properties": {"dist_out": 1868550, "edit_flag": "NaN", "facc": 1402.1914715379887, "grod_id": 0, "hfalls_id": 0, "lakeflag": 0, "manual_add": 0, "max_width": 75, "meand_len": 1796.6833528075979, "n_chan_max": 1, "n_chan_mod": 1, "node_id": 81246000150641, "node_len": 211.18824642756226, "obstr_type": 0, "reach_id": 81246000151, "river_name": "Nenana River", "sinuosity": 1.167368787138983, "trib_flag": 0, "type": 1, "width": 75, "width_var": 204.24489795918367, "wse": 662.5, "wse_var": 0, "x": -148.3732247132833, "y": 63.37485731567965}}, {"type": "Feature", "geometry": {"type": "Point", "coordinates": [-148.36931475959344, 63.374621453116326]}, "id": "001b00000000000266b0", "properties": {"dist_out": 1868745, "edit_flag": "NaN", "facc": 1398.5030092294878, "grod_id": 0, "hfalls_id": 0, "lakeflag": 0, "manual_add": 0, "max_width": 64.5, "meand_len": 1796.6833528075979, "n_chan_max": 1, "n_chan_mod": 1, "node_id": 81246000150651, "node_len": 194.82379359164406, "obstr_type": 0, "reach_id": 81246000151, "river_name": "Nenana River", "sinuosity": 1.167368787138983, "trib_flag": 0, "type": 1, "width": 64.5, "width_var": 390.8888888888889, "wse": 662.5, "wse_var": 0, "x": -148.3693129883009, "y": 63.37462174451024}}, {"type": "Feature", "geometry": {"type": "Point", "coordinates": [-148.36568505133593, 63.374028392676216]}, "id": "001b00000000000266b1", "properties": {"dist_out": 1868942, "edit_flag": "NaN", "facc": 1395.3414701079155, "grod_id": 0, "hfalls_id": 0, "lakeflag": 0, "manual_add": 0, "max_width": 94, "meand_len": 917.9676366550148, "n_chan_max": 1, "n_chan_mod": 1, "node_id": 81246000150661, "node_len": 197.49851594756183, "obstr_type": 0, "reach_id": 81246000151, "river_name": "Nenana River", "sinuosity": 1.058809144916204, "trib_flag": 0, "type": 1, "width": 94, "width_var": 50.25, "wse": 662.5, "wse_var": 0, "x": -148.36568435542569, "y": 63.37402815169065}}, {"type": "Feature", "geometry": {"type": "Point", "coordinates": [-148.36175658330785, 63.37342195493295]}, "id": "001b00000000000266b2", "properties": {"dist_out": 1869159, "edit_flag": "NaN", "facc": 1392.1799309863432, "grod_id": 0, "hfalls_id": 0, "lakeflag": 0, "manual_add": 0, "max_width": 67, "meand_len": 719.1923259236131, "n_chan_max": 1, "n_chan_mod": 1, "node_id": 81246000150671, "node_len": 216.40434073361212, "obstr_type": 0, "reach_id": 81246000151, "river_name": "Nenana River", "sinuosity": 1.068107904970024, "trib_flag": 0, "type": 1, "width": 67, "width_var": 143.71428571428572, "wse": 662.5, "wse_var": 0, "x": -148.36175519160392, "y": 63.3734206624283}}, {"type": "Feature", "geometry": {"type": "Point", "coordinates": [-148.3581580887577, 63.37350667785295]}, "id": "001b00000000000266b3", "properties": {"dist_out": 1869325, "edit_flag": "NaN", "facc": 1388.491468677842, "grod_id": 0, "hfalls_id": 0, "lakeflag": 0, "manual_add": 0, "max_width": 51, "meand_len": 1100.9697652476925, "n_chan_max": 1, "n_chan_mod": 1, "node_id": 81246000150681, "node_len": 166.81766134879217, "obstr_type": 0, "reach_id": 81246000151, "river_name": "Nenana River", "sinuosity": 1.199914447327351, "trib_flag": 0, "type": 1, "width": 51, "width_var": 249.84, "wse": 662.5, "wse_var": 0, "x": -148.35815891150452, "y": 63.37350569705302}}, {"type": "Feature", "geometry": {"type": "Point", "coordinates": [-148.35563423756145, 63.37468833963212]}, "id": "001b00000000000266b4", "properties": {"dist_out": 1869523, "edit_flag": "NaN", "facc": 1385.8568527431985, "grod_id": 0, "hfalls_id": 0, "lakeflag": 0, "manual_add": 0, "max_width": 87, "meand_len": 1100.9697652476925, "n_chan_max": 1, "n_chan_mod": 1, "node_id": 81246000150691, "node_len": 198.02643757340047, "obstr_type": 0, "reach_id": 81246000151, "river_name": "Nenana River", "sinuosity": 1.199914447327351, "trib_flag": 0, "type": 1, "width": 87, "width_var": 18, "wse": 662.5, "wse_var": 0, "x": -148.35563449840973, "y": 63.37468942685914}}, {"type": "Feature", "geometry": {"type": "Point", "coordinates": [-148.352927563222, 63.37604390635238]}, "id": "001b00000000000266b5", "properties": {"dist_out": 1869758, "edit_flag": "NaN", "facc": 1382.6953136216262, "grod_id": 0, "hfalls_id": 0, "lakeflag": 0, "manual_add": 0, "max_width": 63, "meand_len": 1073.723324978157, "n_chan_max": 1, "n_chan_mod": 1, "node_id": 81246000150701, "node_len": 234.55590390553334, "obstr_type": 0, "reach_id": 81246000151, "river_name": "Nenana River", "sinuosity": 1.20236246496447, "trib_flag": 0, "type": 1, "width": 63, "width_var": 158.69387755102042, "wse": 662.5, "wse_var": 0, "x": -148.35292929129636, "y": 63.37604357199552}}, {"type": "Feature", "geometry": {"type": "Point", "coordinates": [-148.34929339586347, 63.37643184814402]}, "id": "001b00000000000266b6", "properties": {"dist_out": 1869927, "edit_flag": "NaN", "facc": 1379.006851313125, "grod_id": 0, "hfalls_id": 0, "lakeflag": 0, "manual_add": 0, "max_width": 62, "meand_len": 964.7375639000152, "n_chan_max": 1, "n_chan_mod": 1, "node_id": 81246000150711, "node_len": 168.98429288760235, "obstr_type": 0, "reach_id": 81246000151, "river_name": "Nenana River", "sinuosity": 1.212154535512948, "trib_flag": 0, "type": 1, "width": 62, "width_var": 500.56000000000006, "wse": 662.5, "wse_var": 0, "x": -148.34929556014785, "y": 63.37643341716699}}, {"type": "Feature", "geometry": {"type": "Point", "coordinates": [-148.34632363456186, 63.375259104566965]}, "id": "001b00000000000266b7", "properties": {"dist_out": 1870153, "edit_flag": "NaN", "facc": 1376.3722353784815, "grod_id": 0, "hfalls_id": 0, "lakeflag": 0, "manual_add": 0, "max_width": 547, "meand_len": 937.4911236304796, "n_chan_max": 2, "n_chan_mod": 2, "node_id": 81246000150721, "node_len": 225.9928127381554, "obstr_type": 0, "reach_id": 81246000151, "river_name": "Nenana River", "sinuosity": 1.214602553150067, "trib_flag": 0, "type": 1, "width": 114, "width_var": 597.5510204081633, "wse": 662.5, "wse_var": 0, "x": -148.3463257981874, "y": 63.37525965045977}}, {"type": "Feature", "geometry": {"type": "Point", "coordinates": [-148.34291242225598, 63.37464820772264]}, "id": "001b00000000000266b8", "properties": {"dist_out": 1870334, "edit_flag": "NaN", "facc": 1372.6837730699806, "grod_id": 0, "hfalls_id": 0, "lakeflag": 0, "manual_add": 0, "max_width": 92, "meand_len": 937.4911236304796, "n_chan_max": 2, "n_chan_mod": 1, "node_id": 81246000150731, "node_len": 180.5941271548072, "obstr_type": 0, "reach_id": 81246000151, "river_name": "Nenana River", "sinuosity": 1.214602553150067, "trib_flag": 0, "type": 1, "width": 92, "width_var": 145.2222222222222, "wse": 662.5, "wse_var": 0, "x": -148.34291103784406, "y": 63.374648075676696}}, {"type": "Feature", "geometry": {"type": "Point", "coordinates": [-148.33901516793526, 63.374768603451095]}, "id": "001b00000000000266b9", "properties": {"dist_out": 1870546, "edit_flag": "NaN", "facc": 1369.5222339484083, "grod_id": 0, "hfalls_id": 0, "lakeflag": 0, "manual_add": 0, "max_width": 103, "meand_len": 1025.1034784871479, "n_chan_max": 2, "n_chan_mod": 1, "node_id": 81246000150741, "node_len": 212.3764799100736, "obstr_type": 0, "reach_id": 81246000151, "river_name": "Nenana River", "sinuosity": 1.246680446956262, "trib_flag": 0, "type": 1, "width": 103, "width_var": 133.6326530612245, "wse": 662.5, "wse_var": 0, "x": -148.33901610313887, "y": 63.3747667198653}}, {"type": "Feature", "geometry": {"type": "Point", "coordinates": [-148.33512683181667, 63.374991558503766]}, "id": "001b00000000000266ba", "properties": {"dist_out": 1870730, "edit_flag": "NaN", "facc": 1365.8337716399071, "grod_id": 0, "hfalls_id": 0, "lakeflag": 0, "manual_add": 0, "max_width": 108.5, "meand_len": 1025.1034784871479, "n_chan_max": 2, "n_chan_mod": 1, "node_id": 81246000150751, "node_len": 184.09334986865724, "obstr_type": 0, "reach_id": 81246000151, "river_name": "Nenana River", "sinuosity": 1.246680446956262, "trib_flag": 0, "type": 1, "width": 108.5, "width_var": 153.13888888888889, "wse": 662.5, "wse_var": 0, "x": -148.33512601969184, "y": 63.37499036548285}}, {"type": "Feature", "geometry": {"type": "Point", "coordinates": [-148.3315015826602, 63.374469843680515]}, "id": "001b00000000000266bb", "properties": {"dist_out": 1870944, "edit_flag": "NaN", "facc": 1362.6722325183348, "grod_id": 0, "hfalls_id": 0, "lakeflag": 0, "manual_add": 0, "max_width": 63, "meand_len": 1025.1034784871479, "n_chan_max": 1, "n_chan_mod": 1, "node_id": 81246000150761, "node_len": 214.10562222508088, "obstr_type": 0, "reach_id": 81246000151, "river_name": "Nenana River", "sinuosity": 1.246680446956262, "trib_flag": 0, "type": 1, "width": 63, "width_var": 240.8888888888889, "wse": 662.5, "wse_var": 0, "x": -148.33150136912073, "y": 63.37446768148407}}, {"type": "Feature", "geometry": {"type": "Point", "coordinates": [-148.32829548900278, 63.37340857762979]}, "id": "001b00000000000266bc", "properties": {"dist_out": 1871127, "edit_flag": "NaN", "facc": 1359.5106933967625, "grod_id": 0, "hfalls_id": 0, "lakeflag": 0, "manual_add": 0, "max_width": 84, "meand_len": 2087.583220508038, "n_chan_max": 1, "n_chan_mod": 1, "node_id": 81246000150771, "node_len": 183.13849210615626, "obstr_type": 0, "reach_id": 81246000151, "river_name": "Nenana River", "sinuosity": 1.321372027239999, "trib_flag": 0, "type": 1, "width": 84, "width_var": 113.76000000000002, "wse": 662.5, "wse_var": 0, "x": -148.32829615316467, "y": 63.37340961307741}}, {"type": "Feature", "geometry": {"type": "Point", "coordinates": [-148.32586973802972, 63.3720173381011]}, "id": "001b00000000000266bd", "properties": {"dist_out": 1871336, "edit_flag": "NaN", "facc": 1356.876077462119, "grod_id": 0, "hfalls_id": 0, "lakeflag": 0, "manual_add": 0, "max_width": 67, "meand_len": 2300.0791689122157, "n_chan_max": 1, "n_chan_mod": 1, "node_id": 81246000150781, "node_len": 208.86968584835813, "obstr_type": 0, "reach_id": 81246000151, "river_name": "Nenana River", "sinuosity": 1.336310343296746, "trib_flag": 0, "type": 1, "width": 67, "width_var": 58, "wse": 662.5, "wse_var": 0, "x": -148.3258677254891, "y": 63.372015731187815}}, {"type": "Feature", "geometry": {"type": "Point", "coordinates": [-148.3229311904355, 63.37078662621036]}, "id": "001b00000000000266be", "properties": {"dist_out": 1871534, "edit_flag": "NaN", "facc": 1353.7145383405466, "grod_id": 0, "hfalls_id": 0, "lakeflag": 0, "manual_add": 0, "max_width": 63, "meand_len": 2300.0791689122157, "n_chan_max": 1, "n_chan_mod": 1, "node_id": 81246000150791, "node_len": 197.49780591047056, "obstr_type": 0, "reach_id": 81246000151, "river_name": "Nenana River", "sinuosity": 1.336310343296746, "trib_flag": 0, "type": 1, "width": 63, "width_var": 62, "wse": 662.5, "wse_var": 0, "x": -148.3229311076735, "y": 63.37078629327279}}, {"type": "Feature", "geometry": {"type": "Point", "coordinates": [-148.3193371549864, 63.37092039924197]}, "id": "001b00000000000266bf", "properties": {"dist_out": 1871727, "edit_flag": "NaN", "facc": 1350.5529992189743, "grod_id": 0, "hfalls_id": 0, "lakeflag": 0, "manual_add": 0, "max_width": 73.5, "meand_len": 2300.0791689122157, "n_chan_max": 1, "n_chan_mod": 1, "node_id": 81246000150801, "node_len": 193.86594209756186, "obstr_type": 0, "reach_id": 81246000151, "river_name": "Nenana River", "sinuosity": 1.336310343296746, "trib_flag": 0, "type": 1, "width": 73.5, "width_var": 141.13888888888889, "wse": 662.5, "wse_var": 0, "x": -148.31933722708655, "y": 63.37091828561631}}, {"type": "Feature", "geometry": {"type": "Point", "coordinates": [-148.31547111437308, 63.371691823724206]}, "id": "001b00000000000266c0", "properties": {"dist_out": 1871953, "edit_flag": "NaN", "facc": 1347.3914600974022, "grod_id": 0, "hfalls_id": 0, "lakeflag": 0, "manual_add": 0, "max_width": 60, "meand_len": 2300.0791689122157, "n_chan_max": 1, "n_chan_mod": 1, "node_id": 81246000150811, "node_len": 225.7816451366216, "obstr_type": 0, "reach_id": 81246000151, "river_name": "Nenana River", "sinuosity": 1.336310343296746, "trib_flag": 0, "type": 1, "width": 60, "width_var": 273.55102040816325, "wse": 662.5, "wse_var": 0, "x": -148.31547270789673, "y": 63.37169255632117}}, {"type": "Feature", "geometry": {"type": "Point", "coordinates": [-148.31157386005236, 63.3716829055221]}, "id": "001b00000000000266c1", "properties": {"dist_out": 1872148, "edit_flag": "NaN", "facc": 1343.702997788901, "grod_id": 0, "hfalls_id": 0, "lakeflag": 0, "manual_add": 0, "max_width": 60, "meand_len": 2300.0791689122157, "n_chan_max": 1, "n_chan_mod": 1, "node_id": 81246000150821, "node_len": 194.82379276553547, "obstr_type": 0, "reach_id": 81246000151, "river_name": "Nenana River", "sinuosity": 1.336310343296746, "trib_flag": 0, "type": 1, "width": 60, "width_var": 340.88888888888886, "wse": 662.5, "wse_var": 0, "x": -148.31157216487796, "y": 63.371680994287566}}, {"type": "Feature", "geometry": {"type": "Point", "coordinates": [-148.30764539202428, 63.371058631374616]}, "id": "001b00000000000266c2", "properties": {"dist_out": 1872338, "edit_flag": "NaN", "facc": 1340.5414586673287, "grod_id": 0, "hfalls_id": 0, "lakeflag": 0, "manual_add": 0, "max_width": 77, "meand_len": 2300.0791689122157, "n_chan_max": 1, "n_chan_mod": 1, "node_id": 81246000150831, "node_len": 189.67317767205168, "obstr_type": 0, "reach_id": 81246000151, "river_name": "Nenana River", "sinuosity": 1.336310343296746, "trib_flag": 0, "type": 1, "width": 77, "width_var": 89.9591836734694, "wse": 663.5999755859375, "wse_var": 0.680002790324542, "x": -148.30764374984076, "y": 63.371056631354335}}, {"type": "Feature", "geometry": {"type": "Point", "coordinates": [-148.30345383703403, 63.3712325363157]}, "id": "001b00000000000266c3", "properties": {"dist_out": 1872552, "edit_flag": "NaN", "facc": 1336.8529963588276, "grod_id": 0, "hfalls_id": 0, "lakeflag": 0, "manual_add": 0, "max_width": 60, "meand_len": 2300.0791689122157, "n_chan_max": 1, "n_chan_mod": 1, "node_id": 81246000160011, "node_len": 214.68746804911137, "obstr_type": 0, "reach_id": 81246000161, "river_name": "Nenana River", "sinuosity": 1.336310343296746, "trib_flag": 0, "type": 1, "width": 60, "width_var": 20.816326530612248, "wse": 664.5, "wse_var": 0, "x": -148.30345182671337, "y": 63.371233450623016}}, {"type": "Feature", "geometry": {"type": "Point", "coordinates": [-148.29987763798917, 63.37069744418929]}, "id": "001b00000000000266c4", "properties": {"dist_out": 1872732, "edit_flag": "NaN", "facc": 1333.1645340503267, "grod_id": 0, "hfalls_id": 0, "lakeflag": 0, "manual_add": 0, "max_width": 62, "meand_len": 2028.647473372148, "n_chan_max": 1, "n_chan_mod": 1, "node_id": 81246000160021, "node_len": 179.11990699802254, "obstr_type": 0, "reach_id": 81246000161, "river_name": "Nenana River", "sinuosity": 1.092377392273703, "trib_flag": 0, "type": 1, "width": 62, "width_var": 138.16000000000003, "wse": 664.5, "wse_var": 0, "x": -148.29987568541054, "y": 63.3706982464577}}, {"type": "Feature", "geometry": {"type": "Point", "coordinates": [-148.29852653036997, 63.36917243162902]}, "id": "001b00000000000266c5", "properties": {"dist_out": 1872943, "edit_flag": "NaN", "facc": 1330.529918115683, "grod_id": 0, "hfalls_id": 0, "lakeflag": 0, "manual_add": 0, "max_width": 63, "meand_len": 2028.647473372148, "n_chan_max": 1, "n_chan_mod": 1, "node_id": 81246000160031, "node_len": 211.78235143812043, "obstr_type": 0, "reach_id": 81246000161, "river_name": "Nenana River", "sinuosity": 1.092377392273703, "trib_flag": 0, "type": 1, "width": 63, "width_var": 130.57142857142858, "wse": 664.5, "wse_var": 0, "x": -148.29852444527359, "y": 63.3691702291956}}, {"type": "Feature", "geometry": {"type": "Point", "coordinates": [-148.2973850005003, 63.367491350531864]}, "id": "001b00000000000266c6", "properties": {"dist_out": 1873153, "edit_flag": "NaN", "facc": 1326.841455807182, "grod_id": 0, "hfalls_id": 0, "lakeflag": 0, "manual_add": 0, "max_width": 90, "meand_len": 2028.647473372148, "n_chan_max": 1, "n_chan_mod": 1, "node_id": 81246000160041, "node_len": 209.62799942632398, "obstr_type": 0, "reach_id": 81246000161, "river_name": "Nenana River", "sinuosity": 1.092377392273703, "trib_flag": 0, "type": 1, "width": 90, "width_var": 348.5555555555555, "wse": 664.5, "wse_var": 0.37554850263728, "x": -148.29738318462228, "y": 63.36749307787454}}, {"type": "Feature", "geometry": {"type": "Point", "coordinates": [-148.29394257448703, 63.36653710290643]}, "id": "001b00000000000266c7", "properties": {"dist_out": 1873352, "edit_flag": "NaN", "facc": 1323.6799166856097, "grod_id": 0, "hfalls_id": 0, "lakeflag": 0, "manual_add": 0, "max_width": 79.5, "meand_len": 2028.647473372148, "n_chan_max": 1, "n_chan_mod": 1, "node_id": 81246000160051, "node_len": 199.2153866237344, "obstr_type": 0, "reach_id": 81246000161, "river_name": "Nenana River", "sinuosity": 1.092377392273703, "trib_flag": 0, "type": 1, "width": 79.5, "width_var": 165, "wse": 665.8499755859375, "wse_var": 0.000555284321308, "x": -148.29394065688203, "y": 63.36653693755566}}, {"type": "Feature", "geometry": {"type": "Point", "coordinates": [-148.29070080802117, 63.365698791908386]}, "id": "001b00000000000266c8", "properties": {"dist_out": 1873534, "edit_flag": "NaN", "facc": 1320.5183775640373, "grod_id": 0, "hfalls_id": 0, "lakeflag": 0, "manual_add": 0, "max_width": 84, "meand_len": 2028.647473372148, "n_chan_max": 1, "n_chan_mod": 1, "node_id": 81246000160061, "node_len": 181.79462926941972, "obstr_type": 0, "reach_id": 81246000161, "river_name": "Nenana River", "sinuosity": 1.092377392273703, "trib_flag": 0, "type": 1, "width": 84, "width_var": 135.35999999999999, "wse": 665.9000244140625, "wse_var": 0, "x": -148.29069955525793, "y": 63.365697383523425}}, {"type": "Feature", "geometry": {"type": "Point", "coordinates": [-148.28893946310507, 63.364142565640726]}, "id": "001b00000000000266c9", "properties": {"dist_out": 1873749, "edit_flag": "NaN", "facc": 1317.8837616293938, "grod_id": 0, "hfalls_id": 0, "lakeflag": 0, "manual_add": 0, "max_width": 63, "meand_len": 1903.0607996563508, "n_chan_max": 1, "n_chan_mod": 1, "node_id": 81246000160071, "node_len": 214.6874576551902, "obstr_type": 0, "reach_id": 81246000161, "river_name": "Nenana River", "sinuosity": 1.100076364072122, "trib_flag": 0, "type": 1, "width": 63, "width_var": 69.26530612244899, "wse": 666, "wse_var": 0.072748973813592, "x": -148.2889398666195, "y": 63.36414065705564}}, {"type": "Feature", "geometry": {"type": "Point", "coordinates": [-148.28921592737038, 63.36238567982567]}, "id": "001b00000000000266ca", "properties": {"dist_out": 1873942, "edit_flag": "NaN", "facc": 1314.195299320893, "grod_id": 0, "hfalls_id": 0, "lakeflag": 0, "manual_add": 0, "max_width": 94, "meand_len": 1400.7141047931616, "n_chan_max": 1, "n_chan_mod": 1, "node_id": 81246000160081, "node_len": 193.10691335233537, "obstr_type": 0, "reach_id": 81246000161, "river_name": "Nenana River", "sinuosity": 1.130872251265801, "trib_flag": 0, "type": 1, "width": 94, "width_var": 336.88888888888886, "wse": 667.1500244140625, "wse_var": 0.168058268311951, "x": -148.28921550605622, "y": 63.36238781248189}}, {"type": "Feature", "geometry": {"type": "Point", "coordinates": [-148.29072310352643, 63.360758107941166]}, "id": "001b00000000000266cb", "properties": {"dist_out": 1874136, "edit_flag": "NaN", "facc": 1311.0337601993206, "grod_id": 0, "hfalls_id": 0, "lakeflag": 0, "manual_add": 0, "max_width": 67, "meand_len": 1400.7141047931616, "n_chan_max": 1, "n_chan_mod": 1, "node_id": 81246000160091, "node_len": 194.22966814285996, "obstr_type": 0, "reach_id": 81246000161, "river_name": "Nenana River", "sinuosity": 1.130872251265801, "trib_flag": 0, "type": 1, "width": 67, "width_var": 265.22222222222223, "wse": 668.7000122070312, "wse_var": 0.002221137285233, "x": -148.29072190771276, "y": 63.36075848617085}}, {"type": "Feature", "geometry": {"type": "Point", "coordinates": [-148.2903931300485, 63.35917958616824]}, "id": "001b00000000000266cc", "properties": {"dist_out": 1874346, "edit_flag": "NaN", "facc": 1307.8722210777482, "grod_id": 0, "hfalls_id": 0, "lakeflag": 0, "manual_add": 0, "max_width": 58.5, "meand_len": 1400.7141047931616, "n_chan_max": 1, "n_chan_mod": 1, "node_id": 81246000160101, "node_len": 209.7140248479077, "obstr_type": 0, "reach_id": 81246000161, "river_name": "Nenana River", "sinuosity": 1.130872251265801, "trib_flag": 0, "type": 1, "width": 58.5, "width_var": 314, "wse": 668.7999877929688, "wse_var": 0, "x": -148.29039131210854, "y": 63.359181664650805}}, {"type": "Feature", "geometry": {"type": "Point", "coordinates": [-148.2869819177426, 63.35847504820179]}, "id": "001b00000000000266cd", "properties": {"dist_out": 1874527, "edit_flag": "NaN", "facc": 1304.710681956176, "grod_id": 0, "hfalls_id": 0, "lakeflag": 0, "manual_add": 0, "max_width": 65, "meand_len": 1260.3044878894973, "n_chan_max": 1, "n_chan_mod": 1, "node_id": 81246000160111, "node_len": 181.18824340682045, "obstr_type": 0, "reach_id": 81246000161, "river_name": "Nenana River", "sinuosity": 1.096006798731292, "trib_flag": 0, "type": 1, "width": 65, "width_var": 40.22222222222222, "wse": 668.7999877929688, "wse_var": 0, "x": -148.28698122371688, "y": 63.3584764034564}}, {"type": "Feature", "geometry": {"type": "Point", "coordinates": [-148.2833789640914, 63.35843491629232]}, "id": "001b00000000000266ce", "properties": {"dist_out": 1874719, "edit_flag": "NaN", "facc": 1301.5491428346036, "grod_id": 0, "hfalls_id": 0, "lakeflag": 0, "manual_add": 0, "max_width": 52.5, "meand_len": 979.4852540821693, "n_chan_max": 1, "n_chan_mod": 1, "node_id": 81246000160121, "node_len": 192.42606807227048, "obstr_type": 0, "reach_id": 81246000161, "river_name": "Nenana River", "sinuosity": 1.026275893662275, "trib_flag": 0, "type": 1, "width": 52.5, "width_var": 119, "wse": 668.7999877929688, "wse_var": 0, "x": -148.2833811180776, "y": 63.35843700896728}}, {"type": "Feature", "geometry": {"type": "Point", "coordinates": [-148.28040028458773, 63.35748512776793]}, "id": "001b00000000000266cf", "properties": {"dist_out": 1874915, "edit_flag": "NaN", "facc": 1298.3876037130312, "grod_id": 0, "hfalls_id": 0, "lakeflag": 0, "manual_add": 0, "max_width": 63, "meand_len": 979.4852540821693, "n_chan_max": 1, "n_chan_mod": 1, "node_id": 81246000160131, "node_len": 196.1013927371264, "obstr_type": 0, "reach_id": 81246000161, "river_name": "Nenana River", "sinuosity": 1.026275893662275, "trib_flag": 0, "type": 1, "width": 63, "width_var": 246.96000000000004, "wse": 668.7999877929688, "wse_var": 0, "x": -148.28040013682607, "y": 63.35748538029094}}, {"type": "Feature", "geometry": {"type": "Point", "coordinates": [-148.27728337295136, 63.35620982486665]}, "id": "001b00000000000266d0", "properties": {"dist_out": 1875124, "edit_flag": "NaN", "facc": 1295.7529877783877, "grod_id": 0, "hfalls_id": 0, "lakeflag": 0, "manual_add": 0, "max_width": 65, "meand_len": 1932.2082935669043, "n_chan_max": 1, "n_chan_mod": 1, "node_id": 81246000160141, "node_len": 208.73597762318923, "obstr_type": 0, "reach_id": 81246000161, "river_name": "Nenana River", "sinuosity": 1.051085444848236, "trib_flag": 0, "type": 1, "width": 65, "width_var": 62.138888888888886, "wse": 668.7999877929688, "wse_var": 0, "x": -148.27728512209038, "y": 63.35621174407461}}, {"type": "Feature", "geometry": {"type": "Point", "coordinates": [-148.27337274132748, 63.355862014984474]}, "id": "001b00000000000266d1", "properties": {"dist_out": 1875344, "edit_flag": "NaN", "facc": 1292.5914486568154, "grod_id": 0, "hfalls_id": 0, "lakeflag": 0, "manual_add": 0, "max_width": 60, "meand_len": 2313.297509360799, "n_chan_max": 1, "n_chan_mod": 1, "node_id": 81246000160151, "node_len": 220.20181630549405, "obstr_type": 0, "reach_id": 81246000161, "river_name": "Nenana River", "sinuosity": 1.06100926532262, "trib_flag": 0, "type": 1, "width": 60, "width_var": 99.91836734693877, "wse": 668.7999877929688, "wse_var": 0, "x": -148.27337180128134, "y": 63.35586329953465}}, {"type": "Feature", "geometry": {"type": "Point", "coordinates": [-148.26973857396894, 63.35509059050223]}, "id": "001b00000000000266d2", "properties": {"dist_out": 1875544, "edit_flag": "NaN", "facc": 1288.9029863483142, "grod_id": 0, "hfalls_id": 0, "lakeflag": 0, "manual_add": 0, "max_width": 84, "meand_len": 2313.297509360799, "n_chan_max": 1, "n_chan_mod": 1, "node_id": 81246000160161, "node_len": 200.10905569999613, "obstr_type": 0, "reach_id": 81246000161, "river_name": "Nenana River", "sinuosity": 1.06100926532262, "trib_flag": 0, "type": 1, "width": 84, "width_var": 0, "wse": 668.7999877929688, "wse_var": 0, "x": -148.26973978591582, "y": 63.355092422494955}}, {"type": "Feature", "geometry": {"type": "Point", "coordinates": [-148.26668854884838, 63.35390446962202]}, "id": "001b00000000000266d3", "properties": {"dist_out": 1875737, "edit_flag": "NaN", "facc": 1286.2683704136707, "grod_id": 0, "hfalls_id": 0, "lakeflag": 0, "manual_add": 0, "max_width": 63, "meand_len": 2313.297509360799, "n_chan_max": 1, "n_chan_mod": 1, "node_id": 81246000160171, "node_len": 192.66836039115879, "obstr_type": 0, "reach_id": 81246000161, "river_name": "Nenana River", "sinuosity": 1.06100926532262, "trib_flag": 0, "type": 1, "width": 63, "width_var": 105.84, "wse": 668.7999877929688, "wse_var": 0, "x": -148.2666891507807, "y": 63.35390236452139}}, {"type": "Feature", "geometry": {"type": "Point", "coordinates": [-148.26334868215935, 63.3529680584008]}, "id": "001b00000000000266d4", "properties": {"dist_out": 1875944, "edit_flag": "NaN", "facc": 1283.6337544790272, "grod_id": 0, "hfalls_id": 0, "lakeflag": 0, "manual_add": 0, "max_width": 63, "meand_len": 2313.297509360799, "n_chan_max": 1, "n_chan_mod": 1, "node_id": 81246000160181, "node_len": 207.23955349129346, "obstr_type": 0, "reach_id": 81246000161, "river_name": "Nenana River", "sinuosity": 1.06100926532262, "trib_flag": 0, "type": 1, "width": 63, "width_var": 121.25, "wse": 668.7999877929688, "wse_var": 0, "x": -148.26335026687184, "y": 63.35296971596432}}, {"type": "Feature", "geometry": {"type": "Point", "coordinates": [-148.2597234330029, 63.352312570545934]}, "id": "001b00000000000266d5", "properties": {"dist_out": 1876130, "edit_flag": "NaN", "facc": 1280.4722153574548, "grod_id": 0, "hfalls_id": 0, "lakeflag": 0, "manual_add": 0, "max_width": 71, "meand_len": 2313.297509360799, "n_chan_max": 1, "n_chan_mod": 1, "node_id": 81246000160191, "node_len": 185.81022049801277, "obstr_type": 0, "reach_id": 81246000161, "river_name": "Nenana River", "sinuosity": 1.06100926532262, "trib_flag": 0, "type": 1, "width": 71, "width_var": 53.555555555555564, "wse": 668.7999877929688, "wse_var": 0, "x": -148.25972377211966, "y": 63.35231061000758}}, {"type": "Feature", "geometry": {"type": "Point", "coordinates": [-148.2561026429475, 63.3517507238132]}, "id": "001b00000000000266d6", "properties": {"dist_out": 1876340, "edit_flag": "NaN", "facc": 1277.3106762358825, "grod_id": 0, "hfalls_id": 0, "lakeflag": 0, "manual_add": 0, "max_width": 79.5, "meand_len": 1981.8605177392071, "n_chan_max": 1, "n_chan_mod": 1, "node_id": 81246000160201, "node_len": 209.91427582088045, "obstr_type": 0, "reach_id": 81246000161, "river_name": "Nenana River", "sinuosity": 1.265293669470299, "trib_flag": 0, "type": 1, "width": 79.5, "width_var": 503, "wse": 668.7999877929688, "wse_var": 0, "x": -148.2561017644344, "y": 63.35175011078394}}, {"type": "Feature", "geometry": {"type": "Point", "coordinates": [-148.2529500585027, 63.3507162123688]}, "id": "001b00000000000266d7", "properties": {"dist_out": 1876518, "edit_flag": "NaN", "facc": 1274.1491371143102, "grod_id": 0, "hfalls_id": 0, "lakeflag": 0, "manual_add": 0, "max_width": 63, "meand_len": 1816.1420219284114, "n_chan_max": 1, "n_chan_mod": 1, "node_id": 81246000160211, "node_len": 178.1613450984869, "obstr_type": 0, "reach_id": 81246000161, "river_name": "Nenana River", "sinuosity": 1.367435871544138, "trib_flag": 0, "type": 1, "width": 63, "width_var": 80.56, "wse": 668.7999877929688, "wse_var": 0, "x": -148.25295096058187, "y": 63.350716833005}}, {"type": "Feature", "geometry": {"type": "Point", "coordinates": [-148.25163462369193, 63.34925808632432]}, "id": "001b00000000000266d8", "properties": {"dist_out": 1876721, "edit_flag": "NaN", "facc": 1271.5145211796666, "grod_id": 0, "hfalls_id": 0, "lakeflag": 0, "manual_add": 0, "max_width": 58, "meand_len": 1816.1420219284116, "n_chan_max": 1, "n_chan_mod": 1, "node_id": 81246000160221, "node_len": 203.01143882887482, "obstr_type": 0, "reach_id": 81246000161, "river_name": "Nenana River", "sinuosity": 1.367435871544138, "trib_flag": 0, "type": 1, "width": 58, "width_var": 234.13888888888889, "wse": 668.7999877929688, "wse_var": 0, "x": -148.25163645513825, "y": 63.34925808071017}}, {"type": "Feature", "geometry": {"type": "Point", "coordinates": [-148.24874066710825, 63.34790251960408]}, "id": "001b00000000000266d9", "properties": {"dist_out": 1876941, "edit_flag": "NaN", "facc": 1268.3529820580943, "grod_id": 0, "hfalls_id": 0, "lakeflag": 0, "manual_add": 0, "max_width": 63, "meand_len": 1816.1420219284116, "n_chan_max": 1, "n_chan_mod": 1, "node_id": 81246000160231, "node_len": 220.2133775672346, "obstr_type": 0, "reach_id": 81246000161, "river_name": "Nenana River", "sinuosity": 1.367435871544138, "trib_flag": 0, "type": 1, "width": 63, "width_var": 61.25, "wse": 668.7999877929688, "wse_var": 0, "x": -148.248739836459, "y": 63.34790113245942}}, {"type": "Feature", "geometry": {"type": "Point", "coordinates": [-148.24540525952028, 63.34701069939339]}, "id": "001b00000000000266da", "properties": {"dist_out": 1877117, "edit_flag": "NaN", "facc": 1265.191442936522, "grod_id": 0, "hfalls_id": 0, "lakeflag": 0, "manual_add": 0, "max_width": 63, "meand_len": 1816.1420219284116, "n_chan_max": 1, "n_chan_mod": 1, "node_id": 81246000160241, "node_len": 175.6868745980728, "obstr_type": 0, "reach_id": 81246000161, "river_name": "Nenana River", "sinuosity": 1.367435871544138, "trib_flag": 0, "type": 1, "width": 63, "width_var": 246.95999999999998, "wse": 668.7999877929688, "wse_var": 0.16, "x": -148.2454041631473, "y": 63.34701292643994}}, {"type": "Feature", "geometry": {"type": "Point", "coordinates": [-148.2423953663092, 63.34583795581633]}, "id": "001b00000000000266db", "properties": {"dist_out": 1877330, "edit_flag": "NaN", "facc": 1262.5568270018784, "grod_id": 0, "hfalls_id": 0, "lakeflag": 0, "manual_add": 0, "max_width": 63, "meand_len": 1816.1420219284116, "n_chan_max": 1, "n_chan_mod": 1, "node_id": 81246000160251, "node_len": 212.76312352829427, "obstr_type": 0, "reach_id": 81246000161, "river_name": "Nenana River", "sinuosity": 1.367435871544138, "trib_flag": 0, "type": 1, "width": 63, "width_var": 78.88888888888887, "wse": 672.8500061035156, "wse_var": 1.943108011968434, "x": -148.24239603830003, "y": 63.34583814691654}}, {"type": "Feature", "geometry": {"type": "Point", "coordinates": [-148.2409684539721, 63.3442326794371]}, "id": "001b00000000000266dc", "properties": {"dist_out": 1877527, "edit_flag": "NaN", "facc": 1259.3952878803061, "grod_id": 0, "hfalls_id": 0, "lakeflag": 0, "manual_add": 0, "max_width": 48, "meand_len": 1710.6563827888651, "n_chan_max": 1, "n_chan_mod": 1, "node_id": 81246000160261, "node_len": 197.41177327572132, "obstr_type": 0, "reach_id": 81246000161, "river_name": "Nenana River", "sinuosity": 1.262818612087976, "trib_flag": 0, "type": 1, "width": 48, "width_var": 56, "wse": 677.7999877929688, "wse_var": 0, "x": -148.24096816965462, "y": 63.34423487455792}}, {"type": "Feature", "geometry": {"type": "Point", "coordinates": [-148.23831528884529, 63.3429484583337]}, "id": "001b00000000000266dd", "properties": {"dist_out": 1877726, "edit_flag": "NaN", "facc": 1256.2337487587338, "grod_id": 0, "hfalls_id": 0, "lakeflag": 0, "manual_add": 0, "max_width": 48, "meand_len": 1499.685104509772, "n_chan_max": 1, "n_chan_mod": 1, "node_id": 81246000160271, "node_len": 199.1286503577021, "obstr_type": 0, "reach_id": 81246000161, "river_name": "Nenana River", "sinuosity": 1.053584093175651, "trib_flag": 0, "type": 1, "width": 48, "width_var": 36, "wse": 677.9249877929688, "wse_var": 0.034722222222222, "x": -148.23831531033073, "y": 63.34294740913162}}, {"type": "Feature", "geometry": {"type": "Point", "coordinates": [-148.23472125339623, 63.34257389384521]}, "id": "001b00000000000266de", "properties": {"dist_out": 1877909, "edit_flag": "NaN", "facc": 1253.0722096371614, "grod_id": 0, "hfalls_id": 0, "lakeflag": 0, "manual_add": 0, "max_width": 51, "meand_len": 1499.685104509772, "n_chan_max": 1, "n_chan_mod": 1, "node_id": 81246000160281, "node_len": 182.376476794052, "obstr_type": 0, "reach_id": 81246000161, "river_name": "Nenana River", "sinuosity": 1.053584093175651, "trib_flag": 0, "type": 1, "width": 51, "width_var": 97.47222222222221, "wse": 678.2999877929688, "wse_var": 0, "x": -148.23472292669172, "y": 63.34257461765242}}, {"type": "Feature", "geometry": {"type": "Point", "coordinates": [-148.2308418354797, 63.34291724462632]}, "id": "001b00000000000266df", "properties": {"dist_out": 1878131, "edit_flag": "NaN", "facc": 1249.9106705155891, "grod_id": 0, "hfalls_id": 0, "lakeflag": 0, "manual_add": 0, "max_width": 42, "meand_len": 1499.685104509772, "n_chan_max": 1, "n_chan_mod": 1, "node_id": 81246000160291, "node_len": 222.51280439220682, "obstr_type": 0, "reach_id": 81246000161, "river_name": "Nenana River", "sinuosity": 1.053584093175651, "trib_flag": 0, "type": 1, "width": 42, "width_var": 92.57142857142857, "wse": 678.2999877929688, "wse_var": 0, "x": -148.23084160730784, "y": 63.34291846794492}}, {"type": "Feature", "geometry": {"type": "Point", "coordinates": [-148.22731468654644, 63.34230188868095]}, "id": "001b00000000000266e0", "properties": {"dist_out": 1878312, "edit_flag": "NaN", "facc": 1246.222208207088, "grod_id": 0, "hfalls_id": 0, "lakeflag": 0, "manual_add": 0, "max_width": 63, "meand_len": 1308.5526335121338, "n_chan_max": 2, "n_chan_mod": 1, "node_id": 81246000160301, "node_len": 180.8360681248405, "obstr_type": 0, "reach_id": 81246000161, "river_name": "Nenana River", "sinuosity": 1.045826106742215, "trib_flag": 0, "type": 1, "width": 63, "width_var": 102.4, "wse": 678.2999877929688, "wse_var": 0, "x": -148.22731484726393, "y": 63.342301034878275}}, {"type": "Feature", "geometry": {"type": "Point", "coordinates": [-148.22628017510203, 63.340727826009086]}, "id": "001b00000000000266e1", "properties": {"dist_out": 1878527, "edit_flag": "NaN", "facc": 1243.5875922724445, "grod_id": 0, "hfalls_id": 0, "lakeflag": 0, "manual_add": 0, "max_width": 67, "meand_len": 1053.7093388486157, "n_chan_max": 1, "n_chan_mod": 1, "node_id": 81246000160311, "node_len": 214.6874576012424, "obstr_type": 0, "reach_id": 81246000161, "river_name": "Nenana River", "sinuosity": 1.035482124830967, "trib_flag": 0, "type": 1, "width": 67, "width_var": 381.91836734693874, "wse": 678.2999877929688, "wse_var": 0, "x": -148.2262785128753, "y": 63.34072656735459}}, {"type": "Feature", "geometry": {"type": "Point", "coordinates": [-148.22516094073762, 63.33897539929507]}, "id": "001b00000000000266e2", "properties": {"dist_out": 1878714, "edit_flag": "NaN", "facc": 1239.8991299639436, "grod_id": 0, "hfalls_id": 0, "lakeflag": 0, "manual_add": 0, "max_width": 82, "meand_len": 1053.7093388486157, "n_chan_max": 2, "n_chan_mod": 1, "node_id": 81246000160321, "node_len": 186.9329690671966, "obstr_type": 0, "reach_id": 81246000161, "river_name": "Nenana River", "sinuosity": 1.035482124830967, "trib_flag": 0, "type": 1, "width": 82, "width_var": 146.55555555555557, "wse": 678.2999877929688, "wse_var": 0, "x": -148.22515951367862, "y": 63.33897686860241}}, {"type": "Feature", "geometry": {"type": "Point", "coordinates": [-148.22257020302558, 63.33852503008868]}, "id": "001b00000000000266e3", "properties": {"dist_out": 1878938, "edit_flag": "NaN", "facc": 1236.7375908423712, "grod_id": 0, "hfalls_id": 0, "lakeflag": 0, "manual_add": 0, "max_width": 75, "meand_len": 2347.900784829982, "n_chan_max": 2, "n_chan_mod": 1, "node_id": 81246000160331, "node_len": 224.19701542736766, "obstr_type": 0, "reach_id": 81246000161, "river_name": "Nenana River", "sinuosity": 1.301144239046116, "trib_flag": 0, "type": 1, "width": 75, "width_var": 284.6938775510204, "wse": 678.2999877929688, "wse_var": 0, "x": -148.22257193270684, "y": 63.338527179283}}, {"type": "Feature", "geometry": {"type": "Point", "coordinates": [-148.21972975565453, 63.34001882894158]}, "id": "001b00000000000266e4", "properties": {"dist_out": 1879120, "edit_flag": "NaN", "facc": 1233.04912853387, "grod_id": 0, "hfalls_id": 0, "lakeflag": 0, "manual_add": 0, "max_width": 63, "meand_len": 3210.695082150894, "n_chan_max": 1, "n_chan_mod": 1, "node_id": 81246000160341, "node_len": 182.26008695042765, "obstr_type": 0, "reach_id": 81246000161, "river_name": "Nenana River", "sinuosity": 1.478252315189548, "trib_flag": 0, "type": 1, "width": 63, "width_var": 2385.138888888889, "wse": 678.2999877929688, "wse_var": 0, "x": -148.21972995776528, "y": 63.3400197352673}}, {"type": "Feature", "geometry": {"type": "Point", "coordinates": [-148.21695619479928, 63.34004558354791]}, "id": "001b00000000000266e5", "properties": {"dist_out": 1879310, "edit_flag": "NaN", "facc": 1229.8875894122978, "grod_id": 0, "hfalls_id": 0, "lakeflag": 0, "manual_add": 0, "max_width": 77.5, "meand_len": 3210.695082150894, "n_chan_max": 1, "n_chan_mod": 1, "node_id": 81246000160351, "node_len": 190.2018093745255, "obstr_type": 0, "reach_id": 81246000161, "river_name": "Nenana River", "sinuosity": 1.478252315189548, "trib_flag": 0, "type": 1, "width": 77.5, "width_var": 79.80555555555556, "wse": 678.2999877929688, "wse_var": 0, "x": -148.21695407173993, "y": 63.34004343994985}}, {"type": "Feature", "geometry": {"type": "Point", "coordinates": [-148.21619814762022, 63.338391257057076]}, "id": "001b00000000000266e6", "properties": {"dist_out": 1879522, "edit_flag": "NaN", "facc": 1226.7260502907254, "grod_id": 0, "hfalls_id": 0, "lakeflag": 0, "manual_add": 0, "max_width": 92, "meand_len": 3210.695082150894, "n_chan_max": 1, "n_chan_mod": 1, "node_id": 81246000160361, "node_len": 211.18823427690677, "obstr_type": 0, "reach_id": 81246000161, "river_name": "Nenana River", "sinuosity": 1.478252315189548, "trib_flag": 0, "type": 1, "width": 92, "width_var": 33.42857142857143, "wse": 678.2999877929688, "wse_var": 0, "x": -148.21619641233954, "y": 63.33838933109683}}, {"type": "Feature", "geometry": {"type": "Point", "coordinates": [-148.2161490975086, 63.33663883034306]}, "id": "001b00000000000266e7", "properties": {"dist_out": 1879702, "edit_flag": "NaN", "facc": 1223.0375879822245, "grod_id": 0, "hfalls_id": 0, "lakeflag": 0, "manual_add": 0, "max_width": 60, "meand_len": 3210.695082150894, "n_chan_max": 1, "n_chan_mod": 1, "node_id": 81246000160371, "node_len": 180.5941171385075, "obstr_type": 0, "reach_id": 81246000161, "river_name": "Nenana River", "sinuosity": 1.478252315189548, "trib_flag": 0, "type": 1, "width": 60, "width_var": 2, "wse": 678.2999877929688, "wse_var": 0, "x": -148.21615106248703, "y": 63.3366393855268}}, {"type": "Feature", "geometry": {"type": "Point", "coordinates": [-148.2163720525613, 63.33488640362906]}, "id": "001b00000000000266e8", "properties": {"dist_out": 1879915, "edit_flag": "NaN", "facc": 1219.8760488606522, "grod_id": 0, "hfalls_id": 0, "lakeflag": 0, "manual_add": 0, "max_width": 80, "meand_len": 3210.6950821508935, "n_chan_max": 1, "n_chan_mod": 1, "node_id": 81246000160381, "node_len": 212.97058568867942, "obstr_type": 0, "reach_id": 81246000161, "river_name": "Nenana River", "sinuosity": 1.478252315189548, "trib_flag": 0, "type": 1, "width": 80, "width_var": 173.55102040816323, "wse": 678.2999877929688, "wse_var": 0.033163265306122, "x": -148.21637384532764, "y": 63.33488715330914}}, {"type": "Feature", "geometry": {"type": "Point", "coordinates": [-148.21628287054023, 63.333138436016114]}, "id": "001b00000000000266e9", "properties": {"dist_out": 1880104, "edit_flag": "NaN", "facc": 1216.187586552151, "grod_id": 0, "hfalls_id": 0, "lakeflag": 0, "manual_add": 0, "max_width": 94, "meand_len": 3210.695082150894, "n_chan_max": 1, "n_chan_mod": 1, "node_id": 81246000160391, "node_len": 188.71531855080138, "obstr_type": 0, "reach_id": 81246000161, "river_name": "Nenana River", "sinuosity": 1.478252315189548, "trib_flag": 0, "type": 1, "width": 94, "width_var": 10.888888888888891, "wse": 678.7999877929688, "wse_var": 0, "x": -148.21628286615638, "y": 63.333137595865615}}, {"type": "Feature", "geometry": {"type": "Point", "coordinates": [-148.2146374622515, 63.33153761873793]}, "id": "001b00000000000266ea", "properties": {"dist_out": 1880325, "edit_flag": "NaN", "facc": 1213.0260474305787, "grod_id": 0, "hfalls_id": 0, "lakeflag": 0, "manual_add": 0, "max_width": 82, "meand_len": 3210.695082150894, "n_chan_max": 1, "n_chan_mod": 1, "node_id": 81246000160401, "node_len": 221.54631271330527, "obstr_type": 0, "reach_id": 81246000161, "river_name": "Nenana River", "sinuosity": 1.478252315189548, "trib_flag": 0, "type": 1, "width": 82, "width_var": 162.47222222222226, "wse": 678.7999877929688, "wse_var": 0, "x": -148.2146374837149, "y": 63.331535922907584}}, {"type": "Feature", "geometry": {"type": "Point", "coordinates": [-148.2117256692636, 63.330217724826106]}, "id": "001b00000000000266eb", "properties": {"dist_out": 1880500, "edit_flag": "NaN", "facc": 1209.8645083090064, "grod_id": 0, "hfalls_id": 0, "lakeflag": 0, "manual_add": 0, "max_width": 78, "meand_len": 3210.695082150894, "n_chan_max": 1, "n_chan_mod": 1, "node_id": 81246000160411, "node_len": 174.34438133469212, "obstr_type": 0, "reach_id": 81246000161, "river_name": "Nenana River", "sinuosity": 1.478252315189548, "trib_flag": 0, "type": 1, "width": 78, "width_var": 12.959999999999999, "wse": 678.7999877929688, "wse_var": 0, "x": -148.21172615317, "y": 63.33021966002658}}, {"type": "Feature", "geometry": {"type": "Point", "coordinates": [-148.2084393117872, 63.33042284347457]}, "id": "001b00000000000266ec", "properties": {"dist_out": 1880702, "edit_flag": "NaN", "facc": 1207.2298923743629, "grod_id": 0, "hfalls_id": 0, "lakeflag": 0, "manual_add": 0, "max_width": 63, "meand_len": 3210.695082150894, "n_chan_max": 1, "n_chan_mod": 1, "node_id": 81246000160421, "node_len": 201.8901079981324, "obstr_type": 0, "reach_id": 81246000161, "river_name": "Nenana River", "sinuosity": 1.478252315189548, "trib_flag": 0, "type": 1, "width": 63, "width_var": 218, "wse": 678.7999877929688, "wse_var": 0, "x": -148.20843941371638, "y": 63.33042167855651}}, {"type": "Feature", "geometry": {"type": "Point", "coordinates": [-148.20485865364128, 63.33137709110001]}, "id": "001b00000000000266ed", "properties": {"dist_out": 1880919, "edit_flag": "NaN", "facc": 1204.0683532527905, "grod_id": 0, "hfalls_id": 0, "lakeflag": 0, "manual_add": 0, "max_width": 63, "meand_len": 3210.695082150894, "n_chan_max": 1, "n_chan_mod": 1, "node_id": 81246000160431, "node_len": 217.29670550412447, "obstr_type": 0, "reach_id": 81246000161, "river_name": "Nenana River", "sinuosity": 1.478252315189548, "trib_flag": 0, "type": 1, "width": 63, "width_var": 295.34693877551024, "wse": 678.7999877929688, "wse_var": 0, "x": -148.2048588782574, "y": 63.331376502558484}}, {"type": "Feature", "geometry": {"type": "Point", "coordinates": [-148.20192010604708, 63.332148515582254]}, "id": "001b00000000000266ee", "properties": {"dist_out": 1881117, "edit_flag": "NaN", "facc": 1200.3798909442896, "grod_id": 0, "hfalls_id": 0, "lakeflag": 0, "manual_add": 0, "max_width": 36, "meand_len": 3210.695082150894, "n_chan_max": 1, "n_chan_mod": 1, "node_id": 81246000160441, "node_len": 197.533978574731, "obstr_type": 0, "reach_id": 81246000161, "river_name": "Nenana River", "sinuosity": 1.478252315189548, "trib_flag": 0, "type": 1, "width": 36, "width_var": 73.25, "wse": 678.7999877929688, "wse_var": 0, "x": -148.2019209355835, "y": 63.33214630000655}}, {"type": "Feature", "geometry": {"type": "Point", "coordinates": [-148.1997708193393, 63.33085537627676]}, "id": "001b00000000000266ef", "properties": {"dist_out": 1881302, "edit_flag": "NaN", "facc": 1197.2183518227173, "grod_id": 0, "hfalls_id": 0, "lakeflag": 0, "manual_add": 0, "max_width": 45, "meand_len": 3014.943334564337, "n_chan_max": 1, "n_chan_mod": 1, "node_id": 81246000160451, "node_len": 185.81021283804876, "obstr_type": 0, "reach_id": 81246000161, "river_name": "Nenana River", "sinuosity": 1.675860901070169, "trib_flag": 0, "type": 1, "width": 45, "width_var": 170.80555555555557, "wse": 678.7999877929688, "wse_var": 0, "x": -148.19977003720143, "y": 63.33085390926586}}, {"type": "Feature", "geometry": {"type": "Point", "coordinates": [-148.19759923712627, 63.32957115517336]}, "id": "001b00000000000266f0", "properties": {"dist_out": 1881499, "edit_flag": "NaN", "facc": 1194.056812701145, "grod_id": 0, "hfalls_id": 0, "lakeflag": 0, "manual_add": 0, "max_width": 48, "meand_len": 2917.0674607710584, "n_chan_max": 1, "n_chan_mod": 1, "node_id": 81246000160461, "node_len": 196.81766113757476, "obstr_type": 0, "reach_id": 81246000161, "river_name": "Nenana River", "sinuosity": 1.77466519401048, "trib_flag": 0, "type": 1, "width": 48, "width_var": 212.58333333333334, "wse": 678.7999877929688, "wse_var": 0, "x": -148.19759974700807, "y": 63.3295706195449}}, {"type": "Feature", "geometry": {"type": "Point", "coordinates": [-148.19372427831084, 63.329508727758615]}, "id": "001b00000000000266f1", "properties": {"dist_out": 1881722, "edit_flag": "NaN", "facc": 1190.8952735795726, "grod_id": 0, "hfalls_id": 0, "lakeflag": 0, "manual_add": 0, "max_width": 42, "meand_len": 2917.067460771058, "n_chan_max": 1, "n_chan_mod": 1, "node_id": 81246000160471, "node_len": 223.10692090257362, "obstr_type": 0, "reach_id": 81246000161, "river_name": "Nenana River", "sinuosity": 1.77466519401048, "trib_flag": 0, "type": 1, "width": 42, "width_var": 315.9591836734694, "wse": 678.7999877929688, "wse_var": 0, "x": -148.19372289669872, "y": 63.32950822759405}}, {"type": "Feature", "geometry": {"type": "Point", "coordinates": [-148.19010348825543, 63.32890229001534]}, "id": "001b00000000000266f2", "properties": {"dist_out": 1881930, "edit_flag": "NaN", "facc": 1187.2068112710717, "grod_id": 0, "hfalls_id": 0, "lakeflag": 0, "manual_add": 0, "max_width": 42, "meand_len": 2917.0674607710584, "n_chan_max": 1, "n_chan_mod": 1, "node_id": 81246000160481, "node_len": 208.1243776905303, "obstr_type": 0, "reach_id": 81246000161, "river_name": "Nenana River", "sinuosity": 1.77466519401048, "trib_flag": 0, "type": 1, "width": 42, "width_var": 105.84, "wse": 678.7999877929688, "wse_var": 0, "x": -148.1901033201679, "y": 63.32890451375139}}, {"type": "Feature", "geometry": {"type": "Point", "coordinates": [-148.1873878957139, 63.327725087337235]}, "id": "001b00000000000266f3", "properties": {"dist_out": 1882092, "edit_flag": "NaN", "facc": 1184.572195336428, "grod_id": 0, "hfalls_id": 0, "lakeflag": 0, "manual_add": 0, "max_width": 49.5, "meand_len": 2917.067460771058, "n_chan_max": 1, "n_chan_mod": 1, "node_id": 81246000160491, "node_len": 161.69030777204898, "obstr_type": 0, "reach_id": 81246000161, "river_name": "Nenana River", "sinuosity": 1.77466519401048, "trib_flag": 0, "type": 1, "width": 49.5, "width_var": 406.6875, "wse": 678.7999877929688, "wse_var": 0, "x": -148.1873887801387, "y": 63.327726148100176}}, {"type": "Feature", "geometry": {"type": "Point", "coordinates": [-148.1847926989008, 63.32648991634542]}, "id": "001b00000000000266f4", "properties": {"dist_out": 1882301, "edit_flag": "NaN", "facc": 1182.4645025887132, "grod_id": 0, "hfalls_id": 0, "lakeflag": 0, "manual_add": 0, "max_width": 71, "meand_len": 2917.0674607710584, "n_chan_max": 1, "n_chan_mod": 1, "node_id": 81246000160501, "node_len": 208.6694393340331, "obstr_type": 0, "reach_id": 81246000161, "river_name": "Nenana River", "sinuosity": 1.77466519401048, "trib_flag": 0, "type": 1, "width": 71, "width_var": 80.22222222222221, "wse": 678.7999877929688, "wse_var": 0, "x": -148.18479195179393, "y": 63.32649110030656}}, {"type": "Feature", "geometry": {"type": "Point", "coordinates": [-148.18143945490863, 63.32630263410118]}, "id": "001b00000000000266f5", "properties": {"dist_out": 1882496, "edit_flag": "NaN", "facc": 1179.302963467141, "grod_id": 0, "hfalls_id": 0, "lakeflag": 0, "manual_add": 0, "max_width": 54, "meand_len": 2917.067460771058, "n_chan_max": 1, "n_chan_mod": 1, "node_id": 81246000160511, "node_len": 195.04834768006185, "obstr_type": 0, "reach_id": 81246000161, "river_name": "Nenana River", "sinuosity": 1.77466519401048, "trib_flag": 0, "type": 1, "width": 54, "width_var": 78.12244897959184, "wse": 678.7999877929688, "wse_var": 0.002450773606495, "x": -148.18143809293778, "y": 63.326302216518734}}, {"type": "Feature", "geometry": {"type": "Point", "coordinates": [-148.17939272752506, 63.327729546438285]}, "id": "001b00000000000266f6", "properties": {"dist_out": 1882704, "edit_flag": "NaN", "facc": 1175.6145011586398, "grod_id": 0, "hfalls_id": 0, "lakeflag": 0, "manual_add": 0, "max_width": 36, "meand_len": 2917.0674607710584, "n_chan_max": 1, "n_chan_mod": 1, "node_id": 81246000160521, "node_len": 207.9111270991216, "obstr_type": 0, "reach_id": 81246000161, "river_name": "Nenana River", "sinuosity": 1.77466519401048, "trib_flag": 0, "type": 1, "width": 36, "width_var": 17, "wse": 679.7250061035156, "wse_var": 0.23979207376639, "x": -148.1793913041437, "y": 63.3277296716123}}, {"type": "Feature", "geometry": {"type": "Point", "coordinates": [-148.1757005918528, 63.328282474968915]}, "id": "001b00000000000266f7", "properties": {"dist_out": 1882916, "edit_flag": "NaN", "facc": 1172.4529620370674, "grod_id": 0, "hfalls_id": 0, "lakeflag": 0, "manual_add": 0, "max_width": 63, "meand_len": 2917.067460771058, "n_chan_max": 1, "n_chan_mod": 1, "node_id": 81246000160531, "node_len": 211.7823602597582, "obstr_type": 0, "reach_id": 81246000161, "river_name": "Nenana River", "sinuosity": 1.77466519401048, "trib_flag": 0, "type": 1, "width": 63, "width_var": 168.69387755102042, "wse": 680.1000366210938, "wse_var": 0, "x": -148.17569956195584, "y": 63.328280756383606}}, {"type": "Feature", "geometry": {"type": "Point", "coordinates": [-148.17183901034053, 63.328616907547925]}, "id": "001b00000000000266f8", "properties": {"dist_out": 1883124, "edit_flag": "NaN", "facc": 1168.7644997285665, "grod_id": 0, "hfalls_id": 0, "lakeflag": 0, "manual_add": 0, "max_width": 55.5, "meand_len": 2917.0674607710584, "n_chan_max": 1, "n_chan_mod": 1, "node_id": 81246000160541, "node_len": 208.6694396168641, "obstr_type": 0, "reach_id": 81246000161, "river_name": "Nenana River", "sinuosity": 1.77466519401048, "trib_flag": 0, "type": 1, "width": 55.5, "width_var": 147.80555555555554, "wse": 680.2999877929688, "wse_var": 0.005830485373735, "x": -148.17183919231505, "y": 63.32861771078638}}, {"type": "Feature", "geometry": {"type": "Point", "coordinates": [-148.16927056813375, 63.3298832922471]}, "id": "001b00000000000266f9", "properties": {"dist_out": 1883293, "edit_flag": "NaN", "facc": 1165.6029606069942, "grod_id": 0, "hfalls_id": 0, "lakeflag": 0, "manual_add": 0, "max_width": 63, "meand_len": 2917.0674607710584, "n_chan_max": 1, "n_chan_mod": 1, "node_id": 81246000160551, "node_len": 168.89826236338195, "obstr_type": 0, "reach_id": 81246000161, "river_name": "Nenana River", "sinuosity": 1.77466519401048, "trib_flag": 0, "type": 1, "width": 63, "width_var": 149.2, "wse": 680.2999877929688, "wse_var": 0, "x": -148.1692705915025, "y": 63.32988465983897}}, {"type": "Feature", "geometry": {"type": "Point", "coordinates": [-148.1665237618848, 63.330512025495636]}, "id": "001b00000000000266fa", "properties": {"dist_out": 1883492, "edit_flag": "NaN", "facc": 1162.9683446723507, "grod_id": 0, "hfalls_id": 0, "lakeflag": 0, "manual_add": 0, "max_width": 36, "meand_len": 2917.0674607710584, "n_chan_max": 1, "n_chan_mod": 1, "node_id": 81246000160561, "node_len": 198.53453177531264, "obstr_type": 0, "reach_id": 81246000161, "river_name": "Nenana River", "sinuosity": 1.77466519401048, "trib_flag": 0, "type": 1, "width": 36, "width_var": 12, "wse": 680.2999877929688, "wse_var": 0, "x": -148.16652403051725, "y": 63.33051033191993}}, {"type": "Feature", "geometry": {"type": "Point", "coordinates": [-148.1645037891076, 63.32912524506801]}, "id": "001b00000000000266fb", "properties": {"dist_out": 1883712, "edit_flag": "NaN", "facc": 1159.8068055507783, "grod_id": 0, "hfalls_id": 0, "lakeflag": 0, "manual_add": 0, "max_width": 54, "meand_len": 2917.0674607710584, "n_chan_max": 1, "n_chan_mod": 1, "node_id": 81246000160571, "node_len": 220.2672864604374, "obstr_type": 0, "reach_id": 81246000161, "river_name": "Nenana River", "sinuosity": 1.77466519401048, "trib_flag": 0, "type": 1, "width": 54, "width_var": 234.57142857142858, "wse": 680.2999877929688, "wse_var": 0, "x": -148.16450524690185, "y": 63.32912657963873}}, {"type": "Feature", "geometry": {"type": "Point", "coordinates": [-148.16440568888444, 63.32751105048667]}, "id": "001b00000000000266fc", "properties": {"dist_out": 1883887, "edit_flag": "NaN", "facc": 1156.1183432422772, "grod_id": 0, "hfalls_id": 0, "lakeflag": 0, "manual_add": 0, "max_width": 30, "meand_len": 4271.360665401841, "n_chan_max": 1, "n_chan_mod": 1, "node_id": 81246000160581, "node_len": 174.72831038525874, "obstr_type": 0, "reach_id": 81246000161, "river_name": "Nenana River", "sinuosity": 1.340001909519215, "trib_flag": 0, "type": 1, "width": 30, "width_var": 23.04, "wse": 680.2999877929688, "wse_var": 0, "x": -148.16440576471297, "y": 63.327511716143285}}, {"type": "Feature", "geometry": {"type": "Point", "coordinates": [-148.16154294600813, 63.32636060241488]}, "id": "001b00000000000266fd", "properties": {"dist_out": 1884090, "edit_flag": "NaN", "facc": 1153.4837273076337, "grod_id": 0, "hfalls_id": 0, "lakeflag": 0, "manual_add": 0, "max_width": 48, "meand_len": 4948.507267717233, "n_chan_max": 1, "n_chan_mod": 1, "node_id": 81246000160591, "node_len": 203.01215261596917, "obstr_type": 0, "reach_id": 81246000161, "river_name": "Nenana River", "sinuosity": 1.122670267273584, "trib_flag": 0, "type": 1, "width": 48, "width_var": 125.55555555555554, "wse": 680.2999877929688, "wse_var": 0, "x": -148.16154371142218, "y": 63.3263591984859}}, {"type": "Feature", "geometry": {"type": "Point", "coordinates": [-148.1576456916874, 63.326235747585386]}, "id": "001b00000000000266fe", "properties": {"dist_out": 1884304, "edit_flag": "NaN", "facc": 1150.3221881860613, "grod_id": 0, "hfalls_id": 0, "lakeflag": 0, "manual_add": 0, "max_width": 48, "meand_len": 4948.507267717233, "n_chan_max": 1, "n_chan_mod": 1, "node_id": 81246000160601, "node_len": 214.09334874877095, "obstr_type": 0, "reach_id": 81246000161, "river_name": "Nenana River", "sinuosity": 1.122670267273584, "trib_flag": 0, "type": 1, "width": 48, "width_var": 194.81632653061226, "wse": 680.2999877929688, "wse_var": 0, "x": -148.15764497952506, "y": 63.32623574020004}}, {"type": "Feature", "geometry": {"type": "Point", "coordinates": [-148.15376627377094, 63.32655680286122]}, "id": "001b00000000000266ff", "properties": {"dist_out": 1884499, "edit_flag": "NaN", "facc": 1146.6337258775602, "grod_id": 0, "hfalls_id": 0, "lakeflag": 0, "manual_add": 0, "max_width": 43.5, "meand_len": 4948.507267717233, "n_chan_max": 1, "n_chan_mod": 1, "node_id": 81246000160611, "node_len": 195.78164152684076, "obstr_type": 0, "reach_id": 81246000161, "river_name": "Nenana River", "sinuosity": 1.122670267273584, "trib_flag": 0, "type": 1, "width": 43.5, "width_var": 112.25, "wse": 682.125, "wse_var": 0.710372518334124, "x": -148.1537640992243, "y": 63.326556984746986}}, {"type": "Feature", "geometry": {"type": "Point", "coordinates": [-148.15040857067766, 63.32758239610353]}, "id": "001b0000000000026700", "properties": {"dist_out": 1884703, "edit_flag": "NaN", "facc": 1143.4721867559879, "grod_id": 0, "hfalls_id": 0, "lakeflag": 0, "manual_add": 0, "max_width": 36, "meand_len": 4948.507267717233, "n_chan_max": 1, "n_chan_mod": 1, "node_id": 81246000160621, "node_len": 203.68372563099, "obstr_type": 0, "reach_id": 81246000161, "river_name": "Nenana River", "sinuosity": 1.122670267273584, "trib_flag": 1, "type": 1, "width": 36, "width_var": 17, "wse": 682.4000244140625, "wse_var": 0.036458333333333, "x": -148.15041037150172, "y": 63.32758040747509}}, {"type": "Feature", "geometry": {"type": "Point", "coordinates": [-148.14861155295313, 63.329040522148]}, "id": "001b0000000000026701", "properties": {"dist_out": 1884882, "edit_flag": "NaN", "facc": 1140.3106476344158, "grod_id": 0, "hfalls_id": 0, "lakeflag": 0, "manual_add": 0, "max_width": 42, "meand_len": 4948.507267717233, "n_chan_max": 1, "n_chan_mod": 1, "node_id": 81246000160631, "node_len": 178.3609532073733, "obstr_type": 0, "reach_id": 81246000161, "river_name": "Nenana River", "sinuosity": 1.122670267273584, "trib_flag": 1, "type": 1, "width": 42, "width_var": 107, "wse": 682.9000244140625, "wse_var": 0.079993489715788, "x": -148.1486114533786, "y": 63.32904003349472}}, {"type": "Feature", "geometry": {"type": "Point", "coordinates": [-148.14635970692115, 63.330208806624]}, "id": "001b0000000000026702", "properties": {"dist_out": 1885096, "edit_flag": "NaN", "facc": 1137.1491085128434, "grod_id": 0, "hfalls_id": 0, "lakeflag": 0, "manual_add": 0, "max_width": 39, "meand_len": 4948.507267717233, "n_chan_max": 1, "n_chan_mod": 1, "node_id": 81246000160641, "node_len": 214.2496124966765, "obstr_type": 0, "reach_id": 81246000161, "river_name": "Nenana River", "sinuosity": 1.122670267273584, "trib_flag": 0, "type": 1, "width": 39, "width_var": 9, "wse": 684.1750183105469, "wse_var": 1.443057251059347, "x": -148.14636134979844, "y": 63.33020705547114}}, {"type": "Feature", "geometry": {"type": "Point", "coordinates": [-148.14425055212286, 63.331849755811675]}, "id": "001b0000000000026703", "properties": {"dist_out": 1885287, "edit_flag": "NaN", "facc": 1133.987569391271, "grod_id": 0, "hfalls_id": 0, "lakeflag": 0, "manual_add": 0, "max_width": 36, "meand_len": 4948.507267717233, "n_chan_max": 1, "n_chan_mod": 1, "node_id": 81246000160651, "node_len": 191.39004119381025, "obstr_type": 0, "reach_id": 81246000161, "river_name": "Nenana River", "sinuosity": 1.122670267273584, "trib_flag": 0, "type": 1, "width": 36, "width_var": 8, "wse": 690.1000061035156, "wse_var": 2.302488606940541, "x": -148.14424975479065, "y": 63.33184865609045}}, {"type": "Feature", "geometry": {"type": "Point", "coordinates": [-148.14469200312715, 63.333593264323575]}, "id": "001b0000000000026704", "properties": {"dist_out": 1885500, "edit_flag": "NaN", "facc": 1130.8260302696988, "grod_id": 0, "hfalls_id": 0, "lakeflag": 0, "manual_add": 0, "max_width": 45, "meand_len": 4948.507267717233, "n_chan_max": 1, "n_chan_mod": 1, "node_id": 81246000160661, "node_len": 212.37646851824502, "obstr_type": 0, "reach_id": 81246000161, "river_name": "Nenana River", "sinuosity": 1.122670267273584, "trib_flag": 0, "type": 1, "width": 45, "width_var": 138.48979591836735, "wse": 695, "wse_var": 1.885700334851839, "x": -148.14469006042486, "y": 63.33359542996833}}, {"type": "Feature", "geometry": {"type": "Point", "coordinates": [-148.1433854865185, 63.33522083620807]}, "id": "001b0000000000026705", "properties": {"dist_out": 1885710, "edit_flag": "NaN", "facc": 1127.1375679611976, "grod_id": 0, "hfalls_id": 0, "lakeflag": 0, "manual_add": 0, "max_width": 36, "meand_len": 4948.507267717233, "n_chan_max": 1, "n_chan_mod": 1, "node_id": 81246000160671, "node_len": 210.33204467418, "obstr_type": 0, "reach_id": 81246000161, "river_name": "Nenana River", "sinuosity": 1.122670267273584, "trib_flag": 0, "type": 1, "width": 36, "width_var": 17.632653061224488, "wse": 695, "wse_var": 0, "x": -148.14338501430652, "y": 63.33522156003266}}, {"type": "Feature", "geometry": {"type": "Point", "coordinates": [-148.14020168836635, 63.335894160467156]}, "id": "001b0000000000026706", "properties": {"dist_out": 1885883, "edit_flag": "NaN", "facc": 1123.4491056526967, "grod_id": 0, "hfalls_id": 0, "lakeflag": 0, "manual_add": 0, "max_width": 42, "meand_len": 4948.507267717233, "n_chan_max": 1, "n_chan_mod": 1, "node_id": 81246000160681, "node_len": 173.08960904063133, "obstr_type": 0, "reach_id": 81246000161, "river_name": "Nenana River", "sinuosity": 1.122670267273584, "trib_flag": 0, "type": 1, "width": 42, "width_var": 5.760000000000002, "wse": 695.5, "wse_var": 1.136038574576378, "x": -148.140199774427, "y": 63.335893321788866}}, {"type": "Feature", "geometry": {"type": "Point", "coordinates": [-148.13739245470265, 63.33719175887369]}, "id": "001b0000000000026707", "properties": {"dist_out": 1886098, "edit_flag": "NaN", "facc": 1120.8144897180532, "grod_id": 0, "hfalls_id": 0, "lakeflag": 0, "manual_add": 0, "max_width": 39, "meand_len": 4948.507267717233, "n_chan_max": 1, "n_chan_mod": 1, "node_id": 81246000160691, "node_len": 214.84373205411794, "obstr_type": 0, "reach_id": 81246000161, "river_name": "Nenana River", "sinuosity": 1.122670267273584, "trib_flag": 0, "type": 1, "width": 39, "width_var": 29, "wse": 699.7750244140625, "wse_var": 1.044676649901602, "x": -148.1373906280179, "y": 63.3371903243004}}, {"type": "Feature", "geometry": {"type": "Point", "coordinates": [-148.1338251738599, 63.3374503867348]}, "id": "001b0000000000026708", "properties": {"dist_out": 1886285, "edit_flag": "NaN", "facc": 1117.6529505964809, "grod_id": 0, "hfalls_id": 0, "lakeflag": 0, "manual_add": 0, "max_width": 39, "meand_len": 4948.507267717233, "n_chan_max": 1, "n_chan_mod": 1, "node_id": 81246000160701, "node_len": 186.99845296738567, "obstr_type": 0, "reach_id": 81246000161, "river_name": "Nenana River", "sinuosity": 1.122670267273584, "trib_flag": 0, "type": 1, "width": 39, "width_var": 9, "wse": 701, "wse_var": 0.118055555555556, "x": -148.1338253491737, "y": 63.337452077608525}}, {"type": "Feature", "geometry": {"type": "Point", "coordinates": [-148.1302043838045, 63.33682611258732]}, "id": "001b0000000000026709", "properties": {"dist_out": 1886493, "edit_flag": "NaN", "facc": 1114.4914114749085, "grod_id": 0, "hfalls_id": 0, "lakeflag": 0, "manual_add": 0, "max_width": 42, "meand_len": 4948.507267717233, "n_chan_max": 1, "n_chan_mod": 1, "node_id": 81246000160711, "node_len": 207.99786343102824, "obstr_type": 0, "reach_id": 81246000161, "river_name": "Nenana River", "sinuosity": 1.122670267273584, "trib_flag": 0, "type": 1, "width": 42, "width_var": 8, "wse": 704.550048828125, "wse_var": 2.5006470747499, "x": -148.13020517003648, "y": 63.3368255626599}}, {"type": "Feature", "geometry": {"type": "Point", "coordinates": [-148.12628929307957, 63.336313315966166]}, "id": "001b000000000002670a", "properties": {"dist_out": 1886708, "edit_flag": "NaN", "facc": 1111.3298723533362, "grod_id": 0, "hfalls_id": 0, "lakeflag": 0, "manual_add": 0, "max_width": 36, "meand_len": 1644.1412329713864, "n_chan_max": 1, "n_chan_mod": 1, "node_id": 81246000160721, "node_len": 214.68746532911973, "obstr_type": 0, "reach_id": 81246000161, "river_name": "Nenana River", "sinuosity": 1.023750187310849, "trib_flag": 0, "type": 1, "width": 36, "width_var": 51.06122448979592, "wse": 707.550048828125, "wse_var": 0.250618299051207, "x": -148.1262899120509, "y": 63.33631156059671}}, {"type": "Feature", "geometry": {"type": "Point", "coordinates": [-148.1223964978599, 63.33633115237039]}, "id": "001b000000000002670b", "properties": {"dist_out": 1886890, "edit_flag": "NaN", "facc": 1107.641410044835, "grod_id": 0, "hfalls_id": 0, "lakeflag": 0, "manual_add": 0, "max_width": 39, "meand_len": 983.2680260222169, "n_chan_max": 1, "n_chan_mod": 1, "node_id": 81246000160731, "node_len": 182.9705923743677, "obstr_type": 0, "reach_id": 81246000161, "river_name": "Nenana River", "sinuosity": 1.003966171318303, "trib_flag": 0, "type": 1, "width": 39, "width_var": 29, "wse": 708.2999877929688, "wse_var": 0.028126525899602, "x": -148.1223955877589, "y": 63.336330713887484}}, {"type": "Feature", "geometry": {"type": "Point", "coordinates": [-148.11849924353922, 63.33633561147143]}, "id": "001b000000000002670c", "properties": {"dist_out": 1887113, "edit_flag": "NaN", "facc": 1104.4798709232628, "grod_id": 0, "hfalls_id": 0, "lakeflag": 0, "manual_add": 0, "max_width": 42, "meand_len": 912.2559376268865, "n_chan_max": 1, "n_chan_mod": 1, "node_id": 81246000160741, "node_len": 222.42606730532134, "obstr_type": 0, "reach_id": 81246000161, "river_name": "Nenana River", "sinuosity": 1.00381686162111, "trib_flag": 0, "type": 1, "width": 42, "width_var": 80.81632653061224, "wse": 709.5, "wse_var": 0.902666090550471, "x": -148.11850064603587, "y": 63.33633437575942}}, {"type": "Feature", "geometry": {"type": "Point", "coordinates": [-148.11554731864183, 63.3374503867348]}, "id": "001b000000000002670d", "properties": {"dist_out": 1887290, "edit_flag": "NaN", "facc": 1100.7914086147618, "grod_id": 0, "hfalls_id": 0, "lakeflag": 0, "manual_add": 0, "max_width": 48, "meand_len": 770.231760836226, "n_chan_max": 1, "n_chan_mod": 1, "node_id": 81246000160751, "node_len": 177.1274467712392, "obstr_type": 0, "reach_id": 81246000161, "river_name": "Nenana River", "sinuosity": 1.003518242226725, "trib_flag": 0, "type": 1, "width": 48, "width_var": 386, "wse": 716.0999755859375, "wse_var": 1.03995605558157, "x": -148.11554773652344, "y": 63.33745255760281}}, {"type": "Feature", "geometry": {"type": "Point", "coordinates": [-148.11257309823918, 63.337989937962256]}, "id": "001b000000000002670e", "properties": {"dist_out": 1887506, "edit_flag": "NaN", "facc": 1097.6298694931895, "grod_id": 0, "hfalls_id": 0, "lakeflag": 0, "manual_add": 0, "max_width": 48, "meand_len": 733.6332484107555, "n_chan_max": 1, "n_chan_mod": 1, "node_id": 81246000160761, "node_len": 216.40433682315233, "obstr_type": 0, "reach_id": 81246000161, "river_name": "Nenana River", "sinuosity": 1.004113907612006, "trib_flag": 0, "type": 1, "width": 48, "width_var": 97.3469387755102, "wse": 717.300048828125, "wse_var": 0.331024195162617, "x": -148.11257212904738, "y": 63.33798869636643}}, {"type": "Feature", "geometry": {"type": "Point", "coordinates": [-148.1091618859333, 63.338498275482365]}, "id": "001b000000000002670f", "properties": {"dist_out": 1887684, "edit_flag": "NaN", "facc": 1093.9414071846884, "grod_id": 0, "hfalls_id": 0, "lakeflag": 0, "manual_add": 0, "max_width": 36, "meand_len": 660.4362235598146, "n_chan_max": 1, "n_chan_mod": 1, "node_id": 81246000160771, "node_len": 177.31700799354257, "obstr_type": 0, "reach_id": 81246000161, "river_name": "Nenana River", "sinuosity": 1.005305238382565, "trib_flag": 0, "type": 1, "width": 36, "width_var": 20.16, "wse": 718.1000366210938, "wse_var": 0.019597265720367, "x": -148.10916382886046, "y": 63.338496857396876}}, {"type": "Feature", "geometry": {"type": "Point", "coordinates": [-148.10653101631178, 63.339827087596284]}, "id": "001b0000000000026710", "properties": {"dist_out": 1887908, "edit_flag": "NaN", "facc": 1091.3067912500449, "grod_id": 0, "hfalls_id": 0, "lakeflag": 0, "manual_add": 0, "max_width": 36, "meand_len": 551.9466956334087, "n_chan_max": 1, "n_chan_mod": 1, "node_id": 81246000160781, "node_len": 224.14293770616496, "obstr_type": 0, "reach_id": 81246000161, "river_name": "Nenana River", "sinuosity": 1.007789940751148, "trib_flag": 0, "type": 1, "width": 36, "width_var": 17.632653061224488, "wse": 724.75, "wse_var": 8.460705566467071, "x": -148.10653017224627, "y": 63.339828293373515}}, {"type": "Feature", "geometry": {"type": "Point", "coordinates": [-148.10277645322475, 63.34038893432901]}, "id": "001b0000000000026711", "properties": {"dist_out": 1888091, "edit_flag": "NaN", "facc": 1087.618328941544, "grod_id": 0, "hfalls_id": 0, "lakeflag": 0, "manual_add": 0, "max_width": 30, "meand_len": 583.9938695848308, "n_chan_max": 1, "n_chan_mod": 1, "node_id": 81246000160791, "node_len": 183.4992297314002, "obstr_type": 0, "reach_id": 81246000161, "river_name": "Nenana River", "sinuosity": 1.005778739237295, "trib_flag": 0, "type": 1, "width": 30, "width_var": 8, "wse": 726.8999938964844, "wse_var": 0.105336304340098, "x": -148.1027759476033, "y": 63.340388217939385}}, {"type": "Feature", "geometry": {"type": "Point", "coordinates": [-148.0992002541799, 63.3409463219607]}, "id": "001b0000000000026712", "properties": {"dist_out": 1888289, "edit_flag": "NaN", "facc": 1084.4567898199716, "grod_id": 0, "hfalls_id": 0, "lakeflag": 0, "manual_add": 0, "max_width": 36, "meand_len": 659.4368547068153, "n_chan_max": 1, "n_chan_mod": 1, "node_id": 81246000160801, "node_len": 197.86224626476724, "obstr_type": 0, "reach_id": 81246000161, "river_name": "Nenana River", "sinuosity": 1.002773656776011, "trib_flag": 0, "type": 1, "width": 36, "width_var": 17, "wse": 727.6749877929688, "wse_var": 0.180629882961512, "x": -148.0992012574481, "y": 63.34094537731304}}, {"type": "Feature", "geometry": {"type": "Point", "coordinates": [-148.09532529536446, 63.34141452757131]}, "id": "001b0000000000026713", "properties": {"dist_out": 1888506, "edit_flag": "NaN", "facc": 1081.2952506983993, "grod_id": 0, "hfalls_id": 0, "lakeflag": 0, "manual_add": 0, "max_width": 36, "meand_len": 2113.327266763293, "n_chan_max": 1, "n_chan_mod": 1, "node_id": 81246000160811, "node_len": 216.9984536423217, "obstr_type": 0, "reach_id": 81246000161, "river_name": "Nenana River", "sinuosity": 1.124447622891697, "trib_flag": 0, "type": 1, "width": 36, "width_var": 35.632653061224495, "wse": 730.7000122070312, "wse_var": 0.298469387755102, "x": -148.09532344092904, "y": 63.341415013971925}}, {"type": "Feature", "geometry": {"type": "Point", "coordinates": [-148.09142358194268, 63.341276295438654]}, "id": "001b0000000000026714", "properties": {"dist_out": 1888690, "edit_flag": "NaN", "facc": 1077.6067883898982, "grod_id": 0, "hfalls_id": 0, "lakeflag": 0, "manual_add": 0, "max_width": 30, "meand_len": 2404.1053491745884, "n_chan_max": 1, "n_chan_mod": 1, "node_id": 81246000160821, "node_len": 183.4992295798038, "obstr_type": 0, "reach_id": 81246000161, "river_name": "Nenana River", "sinuosity": 1.148782416114835, "trib_flag": 0, "type": 1, "width": 30, "width_var": 8, "wse": 732.5750122070312, "wse_var": 0.140625, "x": -148.09142237399183, "y": 63.341274369128094}}, {"type": "Feature", "geometry": {"type": "Point", "coordinates": [-148.08783846469572, 63.341570596108184]}, "id": "001b0000000000026715", "properties": {"dist_out": 1888897, "edit_flag": "NaN", "facc": 1074.4452492683258, "grod_id": 0, "hfalls_id": 0, "lakeflag": 0, "manual_add": 0, "max_width": 42, "meand_len": 2404.105349174589, "n_chan_max": 1, "n_chan_mod": 1, "node_id": 81246000160831, "node_len": 207.03930285298156, "obstr_type": 0, "reach_id": 81246000161, "river_name": "Nenana River", "sinuosity": 1.148782416114835, "trib_flag": 0, "type": 1, "width": 42, "width_var": 32, "wse": 736.2999877929688, "wse_var": 0.496362169583638, "x": -148.08783752073336, "y": 63.34157102090878}}, {"type": "Feature", "geometry": {"type": "Point", "coordinates": [-148.08498909912257, 63.3428236035042]}, "id": "001b0000000000026716", "properties": {"dist_out": 1889089, "edit_flag": "NaN", "facc": 1071.2837101467535, "grod_id": 0, "hfalls_id": 0, "lakeflag": 0, "manual_add": 0, "max_width": 36, "meand_len": 2404.1053491745884, "n_chan_max": 1, "n_chan_mod": 1, "node_id": 81246000160841, "node_len": 192.42606110740599, "obstr_type": 0, "reach_id": 81246000161, "river_name": "Nenana River", "sinuosity": 1.148782416114835, "trib_flag": 0, "type": 1, "width": 36, "width_var": 12, "wse": 738.9000244140625, "wse_var": 0.952834472888046, "x": -148.08498782063035, "y": 63.342822408432546}}, {"type": "Feature", "geometry": {"type": "Point", "coordinates": [-148.08448076160246, 63.3445002255003]}, "id": "001b0000000000026717", "properties": {"dist_out": 1889307, "edit_flag": "NaN", "facc": 1068.1221710251812, "grod_id": 0, "hfalls_id": 0, "lakeflag": 0, "manual_add": 0, "max_width": 36, "meand_len": 2404.1053491745884, "n_chan_max": 1, "n_chan_mod": 1, "node_id": 81246000160851, "node_len": 217.99247552877569, "obstr_type": 0, "reach_id": 81246000161, "river_name": "Nenana River", "sinuosity": 1.148782416114835, "trib_flag": 0, "type": 1, "width": 36, "width_var": 8.816326530612244, "wse": 743.25, "wse_var": 1.999900749447395, "x": -148.08448010016124, "y": 63.34449833279491}}, {"type": "Feature", "geometry": {"type": "Point", "coordinates": [-148.08172503715144, 63.345708641885786]}, "id": "001b0000000000026718", "properties": {"dist_out": 1889500, "edit_flag": "NaN", "facc": 1064.4337087166803, "grod_id": 0, "hfalls_id": 0, "lakeflag": 0, "manual_add": 0, "max_width": 42, "meand_len": 2404.1053491745884, "n_chan_max": 1, "n_chan_mod": 1, "node_id": 81246000160861, "node_len": 192.6683582216756, "obstr_type": 0, "reach_id": 81246000161, "river_name": "Nenana River", "sinuosity": 1.148782416114835, "trib_flag": 0, "type": 1, "width": 42, "width_var": 124.56000000000002, "wse": 746.5499877929688, "wse_var": 0.777376611530781, "x": -148.08172375920293, "y": 63.345708675294496}}, {"type": "Feature", "geometry": {"type": "Point", "coordinates": [-148.07892918079094, 63.34692597647337]}, "id": "001b0000000000026719", "properties": {"dist_out": 1889691, "edit_flag": "NaN", "facc": 1061.7990927820367, "grod_id": 0, "hfalls_id": 0, "lakeflag": 0, "manual_add": 0, "max_width": 36, "meand_len": 2404.1053491745884, "n_chan_max": 1, "n_chan_mod": 1, "node_id": 81246000160871, "node_len": 190.9750430615495, "obstr_type": 0, "reach_id": 81246000161, "river_name": "Nenana River", "sinuosity": 1.148782416114835, "trib_flag": 0, "type": 1, "width": 36, "width_var": 17, "wse": 748.9750061035156, "wse_var": 0.203897840860817, "x": -148.07892804138456, "y": 63.346925416536784}}, {"type": "Feature", "geometry": {"type": "Point", "coordinates": [-148.07545108196925, 63.346899221867055]}, "id": "001b000000000002671a", "properties": {"dist_out": 1889875, "edit_flag": "NaN", "facc": 1058.6375536604644, "grod_id": 0, "hfalls_id": 0, "lakeflag": 0, "manual_add": 0, "max_width": 39, "meand_len": 1068.8922131619986, "n_chan_max": 1, "n_chan_mod": 1, "node_id": 81246000160881, "node_len": 184.09334643530383, "obstr_type": 0, "reach_id": 81246000161, "river_name": "Nenana River", "sinuosity": 1.297211914082652, "trib_flag": 0, "type": 1, "width": 39, "width_var": 101, "wse": 750.1499938964844, "wse_var": 0.564730292496582, "x": -148.0754501648007, "y": 63.346897814049335}}, {"type": "Feature", "geometry": {"type": "Point", "coordinates": [-148.07157166405275, 63.34692597647337]}, "id": "001b000000000002671b", "properties": {"dist_out": 1890088, "edit_flag": "NaN", "facc": 1055.476014538892, "grod_id": 0, "hfalls_id": 0, "lakeflag": 0, "manual_add": 0, "max_width": 42, "meand_len": 1068.8922131619986, "n_chan_max": 1, "n_chan_mod": 1, "node_id": 81246000160891, "node_len": 213.49922936787698, "obstr_type": 0, "reach_id": 81246000161, "river_name": "Nenana River", "sinuosity": 1.297211914082652, "trib_flag": 0, "type": 1, "width": 42, "width_var": 72, "wse": 752.4000244140625, "wse_var": 0.207452069131695, "x": -148.07157190148615, "y": 63.34692698841359}}, {"type": "Feature", "geometry": {"type": "Point", "coordinates": [-148.06832097938477, 63.3479292742104]}, "id": "001b000000000002671c", "properties": {"dist_out": 1890291, "edit_flag": "NaN", "facc": 1051.787552230391, "grod_id": 0, "hfalls_id": 0, "lakeflag": 0, "manual_add": 0, "max_width": 51, "meand_len": 1068.8922131619986, "n_chan_max": 1, "n_chan_mod": 1, "node_id": 81246000160901, "node_len": 202.88278213098238, "obstr_type": 0, "reach_id": 81246000161, "river_name": "Nenana River", "sinuosity": 1.297211914082652, "trib_flag": 0, "type": 1, "width": 51, "width_var": 115.34693877551021, "wse": 755.550048828125, "wse_var": 0.351413051692807, "x": -148.06832060627457, "y": 63.34792844515885}}, {"type": "Feature", "geometry": {"type": "Point", "coordinates": [-148.06471356663255, 63.34839747982101]}, "id": "001b000000000002671d", "properties": {"dist_out": 1890500, "edit_flag": "NaN", "facc": 1048.09908992189, "grod_id": 0, "hfalls_id": 0, "lakeflag": 0, "manual_add": 0, "max_width": 36, "meand_len": 1122.0222600033005, "n_chan_max": 1, "n_chan_mod": 1, "node_id": 81246000160911, "node_len": 208.73597520101976, "obstr_type": 0, "reach_id": 81246000161, "river_name": "Nenana River", "sinuosity": 1.245490701369227, "trib_flag": 0, "type": 1, "width": 36, "width_var": 5, "wse": 757, "wse_var": 0.414730631642871, "x": -148.06471535914557, "y": 63.348396483481565}}, {"type": "Feature", "geometry": {"type": "Point", "coordinates": [-148.0617571826341, 63.34944982766962]}, "id": "001b000000000002671e", "properties": {"dist_out": 1890670, "edit_flag": "NaN", "facc": 1044.9375508003177, "grod_id": 0, "hfalls_id": 0, "lakeflag": 0, "manual_add": 0, "max_width": 36, "meand_len": 1334.5424473685082, "n_chan_max": 1, "n_chan_mod": 1, "node_id": 81246000160921, "node_len": 169.70563050542842, "obstr_type": 0, "reach_id": 81246000161, "river_name": "Nenana River", "sinuosity": 1.038605850515527, "trib_flag": 0, "type": 1, "width": 36, "width_var": 0, "wse": 760, "wse_var": 0.622979278676212, "x": -148.0617568033403, "y": 63.349450740894405}}, {"type": "Feature", "geometry": {"type": "Point", "coordinates": [-148.05880079863567, 63.35059581664036]}, "id": "001b000000000002671f", "properties": {"dist_out": 1890875, "edit_flag": "NaN", "facc": 1042.8298580526027, "grod_id": 0, "hfalls_id": 0, "lakeflag": 0, "manual_add": 0, "max_width": 36, "meand_len": 1334.5424473685082, "n_chan_max": 1, "n_chan_mod": 1, "node_id": 81246000160931, "node_len": 205.3224308306344, "obstr_type": 0, "reach_id": 81246000161, "river_name": "Nenana River", "sinuosity": 1.038605850515527, "trib_flag": 0, "type": 1, "width": 36, "width_var": 17, "wse": 764.2750244140625, "wse_var": 1.682067939390739, "x": -148.0588013285169, "y": 63.35059466610949}}, {"type": "Feature", "geometry": {"type": "Point", "coordinates": [-148.05492138071918, 63.35102834944254]}, "id": "001b0000000000026720", "properties": {"dist_out": 1891087, "edit_flag": "NaN", "facc": 1039.6683189310304, "grod_id": 0, "hfalls_id": 0, "lakeflag": 0, "manual_add": 0, "max_width": 36, "meand_len": 1334.5424473685082, "n_chan_max": 1, "n_chan_mod": 1, "node_id": 81246000160941, "node_len": 212.3764755467564, "obstr_type": 0, "reach_id": 81246000161, "river_name": "Nenana River", "sinuosity": 1.038605850515527, "trib_flag": 0, "type": 1, "width": 36, "width_var": 20.571428571428573, "wse": 764.6000366210938, "wse_var": 0, "x": -148.05492027966264, "y": 63.35102859635147}}, {"type": "Feature", "geometry": {"type": "Point", "coordinates": [-148.0510419628027, 63.35148763685105]}, "id": "001b0000000000026721", "properties": {"dist_out": 1891288, "edit_flag": "NaN", "facc": 1035.9798566225295, "grod_id": 0, "hfalls_id": 0, "lakeflag": 0, "manual_add": 0, "max_width": 42, "meand_len": 964.3913979082594, "n_chan_max": 1, "n_chan_mod": 1, "node_id": 81246000160951, "node_len": 200.17323450321783, "obstr_type": 0, "reach_id": 81246000161, "river_name": "Nenana River", "sinuosity": 1.027558798976251, "trib_flag": 0, "type": 1, "width": 42, "width_var": 32, "wse": 767.5500183105469, "wse_var": 2.601355319739216, "x": -148.0510399906648, "y": 63.35148678024598}}, {"type": "Feature", "geometry": {"type": "Point", "coordinates": [-148.04796072397474, 63.35256673930598]}, "id": "001b0000000000026722", "properties": {"dist_out": 1891486, "edit_flag": "NaN", "facc": 1032.8183175009572, "grod_id": 0, "hfalls_id": 0, "lakeflag": 0, "manual_add": 0, "max_width": 39, "meand_len": 890.3611880162097, "n_chan_max": 1, "n_chan_mod": 1, "node_id": 81246000160961, "node_len": 198.5338186247027, "obstr_type": 0, "reach_id": 81246000161, "river_name": "Nenana River", "sinuosity": 1.025349388668396, "trib_flag": 0, "type": 1, "width": 39, "width_var": 29, "wse": 768.7000122070312, "wse_var": 0.362237955960963, "x": -148.04796171345768, "y": 63.352568555983964}}]}