river_name,reach_id,node_id,lat,lon,width_m,max_width,n_chan_mod,dist_out
Killik River,81380600021,81380600020011,68.96886554897144,-153.70574217294498,119.5,119.5,1,330864.0
Killik River,81380600021,81380600020021,68.96938136408997,-153.700889492761,92.0,92.0,1,331078.0
Killik River,81380600021,81380600020031,68.96988325770711,-153.6959612130155,90.0,90.0,1,331267.0
Killik River,81380600021,81380600020041,68.97076495861458,-153.69263283313072,84.0,84.0,1,331458.0
Killik River,81380600021,81380600020051,68.97226856480198,-153.68941854332186,54.0,54.0,1,331659.0
Killik River,81380600021,81380600020061,68.97372883242919,-153.68664202127297,63.0,63.0,1,331879.0
Killik River,81380600021,81380600020071,68.9740744060227,-153.68193243491132,119.5,119.5,1,332066.0
Killik River,81380600021,81380600020081,68.97376708427417,-153.67705276607253,54.0,54.0,1,332278.0
Killik River,81380600021,81380600020091,68.97416679061168,-153.6721947922155,71.0,71.0,1,332470.0
Killik River,81380600021,81380600020101,68.9753817105793,-153.66918109204133,80.0,80.0,1,332671.0
Killik River,81380600021,81380600020111,68.97629690795519,-153.6651410400861,63.0,63.0,1,332887.0
Killik River,81380600021,81380600020121,68.97680516923735,-153.66028556295376,99.5,99.5,1,333084.0
Killik River,81380600021,81380600020131,68.97765493821221,-153.65621438893888,85.5,85.5,1,333262.0
Killik River,81380600021,81380600020141,68.97877455056296,-153.65258269408514,63.0,63.0,1,333477.0
Killik River,81380600021,81380600020151,68.97936863409116,-153.64797518233155,54.0,54.0,1,333686.0
Killik River,81380600021,81380600020161,68.97913072683247,-153.6431182777401,142.5,142.5,1,333869.0
Killik River,81380600021,81380600020171,68.9790208683273,-153.6382437879641,94.0,94.0,1,334083.0
Killik River,81380600021,81380600020181,68.97877251523114,-153.63336537017446,69.0,69.0,1,334270.0
Killik River,81380600021,81380600020191,68.9784958350285,-153.6284862536434,82.0,82.0,1,334490.0
Killik River,81380600021,81380600020201,68.97806400531364,-153.62360286536415,63.0,63.0,1,334672.0
Killik River,81380600021,81380600020211,68.97840318523669,-153.61911601218716,65.0,65.0,1,334878.0
Killik River,81380600021,81380600020221,68.97933411913439,-153.6146455472987,90.5,90.5,1,335078.0
Killik River,81380600021,81380600020231,68.97989346865099,-153.609789697214,42.0,42.0,1,335297.0
Killik River,81380600021,81380600020241,68.97964686581805,-153.60491147630495,282.5,551.0,2,335482.0
Killik River,81380600021,81380600020251,68.97918742317397,-153.6004022919136,273.0,551.0,2,335687.0
Killik River,81380600021,81380600020261,68.9782525689002,-153.59588043390377,216.5,551.0,2,335897.0
Killik River,81380600021,81380600020271,68.97730015780466,-153.59173317161577,129.0,551.0,2,336098.0
Killik River,81380600021,81380600020281,68.97608628996272,-153.58795396052966,233.0,551.0,2,336287.0
Killik River,81380600021,81380600020291,68.9751372700804,-153.58380754445295,297.0,551.0,2,336497.0
Killik River,81380600021,81380600020301,68.97412126537267,-153.57928509837305,283.5,551.0,3,336707.0
Killik River,81380600021,81380600020311,68.97344591806548,-153.57477194608103,295.5,551.0,3,336902.0
Killik River,81380600021,81380600020321,68.97268077303352,-153.57025676264,233.5,551.0,2,337113.0
Killik River,81380600021,81380600020331,68.97173670659807,-153.5661118812327,213.0,551.0,2,337294.0
Killik River,81380600021,81380600020341,68.97071597597036,-153.56233998123122,233.0,551.0,3,337494.0
Killik River,81380600021,81380600020351,68.96959879877004,-153.55841616114722,401.5,551.0,2,337689.0
Killik River,81380600021,81380600020361,68.96804718329705,-153.55568029270327,279.0,279.0,1,337915.0
Killik River,81380600021,81380600020371,68.96661302233484,-153.55321739405144,175.0,551.0,2,338086.0
Killik River,81380600021,81380600020381,68.96591715604582,-153.54873604719836,214.0,551.0,2,338305.0
Killik River,81380600021,81380600020391,68.96539464824615,-153.54385483557738,282.0,551.0,2,338522.0
Killik River,81380600021,81380600020401,68.9646914599337,-153.53934388198755,255.0,255.0,1,338711.0
Killik River,81380600021,81380600020411,68.96485803800715,-153.53485434123354,181.0,551.0,2,338901.0
Killik River,81380600021,81380600020421,68.96406493272495,-153.53034166107133,96.5,551.0,2,339125.0
Killik River,81380600021,81380600020431,68.96292025588643,-153.5263750688742,84.0,84.0,1,339300.0
Killik River,81380600021,81380600020441,68.96155715276514,-153.5234171381953,102.0,102.0,1,339517.0
Killik River,81380600021,81380600020451,68.95995070941838,-153.52083319615284,160.0,551.0,2,339710.0
Killik River,81380600021,81380600020461,68.95834142090686,-153.51917298902313,126.5,551.0,2,339910.0
Killik River,81380600021,81380600020471,68.9567330239217,-153.51721357491903,119.5,551.0,2,340106.0
Killik River,81380600021,81380600020481,68.95509980359975,-153.51455518679947,55.5,55.5,1,340313.0
Killik River,81380600021,81380600020491,68.95392562573981,-153.51133392487642,111.0,111.0,1,340510.0
Killik River,81380600021,81380600020501,68.95317658820129,-153.50687523467218,62.5,62.5,1,340701.0
Killik River,81380600021,81380600020511,68.95249273674017,-153.50199418826256,110.0,110.0,1,340933.0
Killik River,81380600021,81380600020521,68.95153348269399,-153.4977509283878,54.0,54.0,1,341111.0
Killik River,81380600021,81380600020531,68.9499322918385,-153.49693215404406,51.0,51.0,1,341325.0
Killik River,81380600021,81380600020541,68.94818233569954,-153.49730614974314,40.5,40.5,1,341508.0
Killik River,81380600021,81380600020551,68.94675455883437,-153.49482948865355,106.5,106.5,1,341720.0
Killik River,81380600021,81380600020561,68.94510154629783,-153.49269728271352,92.0,92.0,1,341935.0
Killik River,81380600021,81380600020571,68.94352863807188,-153.49076672619665,113.0,113.0,1,342130.0
Killik River,81380600021,81380600020581,68.94274475384127,-153.48621033010303,63.0,63.0,1,342325.0
Killik River,81380600031,81380600030011,68.94109047376067,-153.48403638566333,54.0,54.0,1,342540.0
Killik River,81380600031,81380600030021,68.9393446312941,-153.48296862910007,64.5,64.5,1,342729.0
Killik River,81380600031,81380600030031,68.9377287688133,-153.48350676872988,131.5,131.5,1,342932.0
Killik River,81380600031,81380600030041,68.93612157208854,-153.48097840146872,152.5,1018.0,2,343138.0
Killik River,81380600031,81380600030051,68.93451224162729,-153.4791982423462,54.0,54.0,1,343325.0
Killik River,81380600031,81380600030061,68.93276673623923,-153.47799943898505,67.0,67.0,1,343543.0
Killik River,81380600031,81380600030071,68.93115583007292,-153.47677238699515,48.0,48.0,1,343721.0
Killik River,81380600031,81380600030081,68.92954563615244,-153.47769472048378,97.5,97.5,1,343928.0
Killik River,81380600031,81380600030091,68.92765311528622,-153.47855102926323,75.0,1018.0,2,344140.0
Killik River,81380600031,81380600030101,68.92577067114935,-153.47821121652743,30.0,30.0,1,344350.0
Killik River,81380600031,81380600030111,68.9240212095619,-153.47842253816145,60.5,60.5,1,344533.0
Killik River,81380600031,81380600030121,68.92226978832294,-153.4793314397973,67.0,67.0,1,344752.0
Killik River,81380600031,81380600030131,68.92052747083078,-153.48019058693146,106.5,1018.0,2,344945.0
Killik River,81380600031,81380600030141,68.91925071754208,-153.4775021632998,105.0,1018.0,2,345128.0
Killik River,81380600031,81380600030151,68.91784419662439,-153.47437780415555,84.0,1018.0,2,345340.0
Killik River,81380600031,81380600030161,68.91623431087457,-153.47277394512778,87.0,1018.0,2,345527.0
Killik River,81380600031,81380600030171,68.91448477478879,-153.4730140862784,124.0,1018.0,2,345744.0
Killik River,81380600031,81380600030181,68.9127396739615,-153.47165320412327,195.0,1018.0,2,345931.0
Killik River,81380600031,81380600030191,68.91098937001082,-153.47217084472757,109.0,1018.0,2,346160.0
Killik River,81380600031,81380600030201,68.90923599565453,-153.4737947192551,139.0,1018.0,2,346345.0
Killik River,81380600031,81380600030211,68.9074889368817,-153.4731419264202,125.0,1018.0,2,346559.0
Killik River,81380600031,81380600030221,68.90574212185582,-153.47240031265113,97.0,1018.0,2,346741.0
Killik River,81380600031,81380600030231,68.90399518499615,-153.4717014953405,188.0,1018.0,2,346960.0
Killik River,81380600031,81380600030241,68.90238702408139,-153.46946091331043,202.0,1018.0,2,347164.0
Killik River,81380600031,81380600030251,68.90121307590215,-153.46585147222746,127.0,1018.0,2,347337.0
Killik River,81380600031,81380600030261,68.89971113554653,-153.46410024157447,122.0,1018.0,2,347550.0
Killik River,81380600031,81380600030271,68.89783027977752,-153.4631648058178,163.0,1018.0,2,347768.0
Killik River,81380600031,81380600030281,68.89608621262795,-153.46139334682522,171.5,1018.0,2,347963.0
Killik River,81380600031,81380600030291,68.89447478769887,-153.46031457637622,136.0,1018.0,3,348153.0
Killik River,81380600031,81380600030301,68.89286543075231,-153.45846465024067,163.5,1018.0,2,348353.0
Killik River,81380600031,81380600030311,68.89111800481349,-153.45792727159747,99.0,1018.0,2,348567.0
Killik River,81380600031,81380600030321,68.88950749134219,-153.45649930806908,142.0,1018.0,2,348755.0
Killik River,81380600031,81380600030331,68.88799467612566,-153.45302221209474,117.0,1018.0,2,348989.0
Killik River,81380600031,81380600030341,68.88697672039136,-153.44901403019512,63.0,63.0,1,349179.0
Killik River,81380600031,81380600030351,68.88590398725609,-153.4456341120935,42.0,42.0,1,349348.0
Killik River,81380600031,81380600030361,68.88470196640546,-153.4422817972767,84.0,84.0,1,349552.0
Killik River,81380600031,81380600030371,68.88322202312713,-153.43886464161196,111.5,111.5,1,349762.0
Killik River,81380600031,81380600030381,68.88186729772262,-153.4355548568,159.5,1018.0,3,349965.0
Killik River,81380600031,81380600030391,68.88028311793302,-153.4342802520475,94.5,1018.0,2,350154.0
Killik River,81380600031,81380600030401,68.87853684145605,-153.43326199209122,123.0,1018.0,2,350366.0
Killik River,81380600031,81380600030411,68.87679155618684,-153.43184964070144,277.0,277.0,1,350587.0
Killik River,81380600031,81380600030421,68.87531888087761,-153.42902628525647,241.0,241.0,1,350759.0
Killik River,81380600031,81380600030431,68.87398032832587,-153.42634512865027,254.0,1018.0,2,350967.0
Killik River,81380600031,81380600030441,68.87250937700556,-153.42279165091722,308.5,1018.0,4,351181.0
Killik River,81380600031,81380600030451,68.87090157341409,-153.42015084423642,428.5,1018.0,4,351384.0
Killik River,81380600031,81380600030461,68.86929049370896,-153.41882774672234,527.5,1018.0,5,351566.0
Killik River,81380600031,81380600030471,68.8675437466704,-153.41796388925468,559.0,1018.0,6,351784.0
Killik River,81380600031,81380600030481,68.86579480921671,-153.4179912678475,635.0,1018.0,5,351970.0
Killik River,81380600031,81380600030491,68.86404940450561,-153.41657737614875,361.0,1018.0,3,352191.0
Killik River,81380600031,81380600030501,68.86230482736961,-153.4148193845152,268.0,1018.0,3,352387.0
Killik River,81380600031,81380600030511,68.8606951502676,-153.41290090455723,137.5,1018.0,2,352591.0
Killik River,81380600031,81380600030521,68.85908707005827,-153.41031191359264,131.5,1018.0,2,352789.0
Killik River,81380600031,81380600030531,68.85747495473613,-153.4093877162812,225.0,1018.0,3,352969.0
Killik River,81380600031,81380600030541,68.85572698911531,-153.40901122365807,292.0,1018.0,3,353182.0
Killik River,81380600031,81380600030551,68.85411051340934,-153.4098969133664,293.0,293.0,1,353368.0
Killik River,81380600031,81380600030561,68.85270348654517,-153.4131743581252,204.0,204.0,1,353576.0
Killik River,81380600031,81380600030571,68.85176951873312,-153.41735440694302,90.0,90.0,1,353779.0
Killik River,81380600031,81380600030581,68.85045135833067,-153.42090591324947,54.0,54.0,1,353989.0
Killik River,81380600031,81380600030591,68.84883129808615,-153.42320954685167,45.0,45.0,1,354191.0
Killik River,81380600031,81380600030601,68.84721114352895,-153.42553767116803,71.0,71.0,1,354388.0
Killik River,81380600031,81380600030611,68.84545951787213,-153.42663561768427,36.0,36.0,1,354603.0
Killik River,81380600031,81380600030621,68.84371181937145,-153.42616577307834,43.5,43.5,1,354792.0
Killik River,81380600031,81380600030631,68.84210158431412,-153.4245211601261,58.5,58.5,1,354994.0
Killik River,81380600031,81380600030641,68.8404926296606,-153.422355492516,61.0,61.0,1,355188.0
Killik River,81380600031,81380600030651,68.83888033004435,-153.42153048563253,61.0,61.0,1,355379.0
Killik River,81380600031,81380600030661,68.83713548311903,-153.41990175086104,63.0,63.0,1,355598.0
Killik River,81380600031,81380600030671,68.83538550420758,-153.42034727670853,79.0,79.0,1,355802.0
Killik River,81380600031,81380600030681,68.8337682219787,-153.42153270287872,48.0,48.0,1,355990.0
Killik River,81380600031,81380600030691,68.83216402381768,-153.4210555650842,61.5,61.5,1,356185.0
Killik River,81380600031,81380600030701,68.83091795696373,-153.42443140290456,30.0,30.0,1,356386.0
Killik River,81380600031,81380600030711,68.83076231489726,-153.4292670583857,57.0,57.0,1,356617.0
Killik River,81380600031,81380600030721,68.8298041707784,-153.43362543851063,42.0,42.0,1,356809.0
Killik River,81380600031,81380600030731,68.82839350740387,-153.4367389467237,65.0,65.0,1,357009.0
Killik River,81380600031,81380600030741,68.8277109053963,-153.44059590721182,63.0,63.0,1,357190.0
Killik River,81380600031,81380600030751,68.82644775078211,-153.44349826706616,63.0,63.0,1,357394.0
Killik River,81380600031,81380600030761,68.82469647018449,-153.44441660849412,54.0,54.0,1,357610.0
Killik River,81380600031,81380600030771,68.82294478289714,-153.44548713813654,48.0,48.0,1,357802.0
Killik River,81380600031,81380600030781,68.8214673025835,-153.44751971639977,63.0,63.0,1,357995.0
Killik River,81380600031,81380600030791,68.82075647825012,-153.4517784822999,80.0,80.0,1,358215.0
Killik River,81380600031,81380600030801,68.8191557075215,-153.45389295954047,54.0,54.0,1,358430.0
Killik River,81380600031,81380600030811,68.8176661830969,-153.45750797459584,84.0,84.0,1,358647.0
Killik River,81380600031,81380600030821,68.8163114284628,-153.46100627362603,84.0,84.0,1,358813.0
Killik River,81380600071,81380600070011,68.55303794377073,-153.8938767243989,108.0,108.0,1,402768.0
Killik River,81380600071,81380600070021,68.55140914862457,-153.89655970204973,87.0,87.0,1,402996.0
Killik River,81380600071,81380600070031,68.54965532823937,-153.8974526367089,114.0,114.0,1,403178.0
Killik River,81380600071,81380600070041,68.54809129699358,-153.89807642536582,203.0,203.0,1,403378.0
Killik River,81380600071,81380600070051,68.54717259810641,-153.9023767780499,121.0,121.0,1,403595.0
Killik River,81380600071,81380600070061,68.5470649074877,-153.90715046751956,67.0,67.0,1,403781.0
Killik River,81380600071,81380600070071,68.54741314425291,-153.91194255262238,60.0,60.0,1,404002.0
Killik River,81380600071,81380600070081,68.54662762343074,-153.9166641470388,151.5,151.5,1,404199.0
Killik River,81380600071,81380600070091,68.54524314486771,-153.91724487941303,133.5,133.5,1,404409.0
Killik River,81380600071,81380600070101,68.54377971391878,-153.91420624130234,127.0,127.0,1,404598.0
Killik River,81380600071,81380600070111,68.54231221935675,-153.9119076521154,148.5,148.5,1,404790.0
Killik River,81380600071,81380600070121,68.54057152000141,-153.91036400060696,123.0,123.0,1,405006.0
Killik River,81380600071,81380600070131,68.53882599960015,-153.90970915270378,129.0,129.0,1,405189.0
Killik River,81380600071,81380600070141,68.53707506246667,-153.91005486181288,180.0,180.0,1,405399.0
Killik River,81380600071,81380600070151,68.53519175035844,-153.90999983427585,155.0,510.0,2,405616.0
Killik River,81380600071,81380600070161,68.53343548508967,-153.91132824982935,208.0,510.0,2,405813.0
Killik River,81380600071,81380600070171,68.53194264204022,-153.9136969392147,127.0,127.0,1,406013.0
Killik River,81380600071,81380600070181,68.53057845878683,-153.91713807585012,105.0,105.0,1,406225.0
Killik River,81380600071,81380600070191,68.52933161273984,-153.92075987536947,127.0,127.0,1,406408.0
Killik River,81380600071,81380600070201,68.52860486372302,-153.92513707107605,94.0,94.0,1,406625.0
Killik River,81380600071,81380600070211,68.52807761673691,-153.92988943363875,51.0,51.0,1,406820.0
Killik River,81380600071,81380600070221,68.52738957835041,-153.93426769964725,101.0,101.0,1,407009.0
Killik River,81380600071,81380600070231,68.52686284197891,-153.93865241057787,99.5,99.5,1,407206.0
Killik River,81380600071,81380600070241,68.52616610764504,-153.94339701881322,108.0,108.0,1,407428.0
Killik River,81380600071,81380600070251,68.52549102130315,-153.9481422478838,126.0,126.0,1,407618.0
Killik River,81380600071,81380600070261,68.52538539648619,-153.95254407878608,108.0,108.0,1,407806.0
Killik River,81380600071,81380600070271,68.52591809933811,-153.95734013771698,134.0,134.0,1,408027.0
Killik River,81380600071,81380600070281,68.52628156741214,-153.96212919586807,120.0,120.0,1,408208.0
Killik River,81380600071,81380600070291,68.52614784096592,-153.96689710236,94.0,94.0,1,408424.0
Killik River,81380600071,81380600070301,68.52589722574473,-153.9716914095098,226.0,226.0,1,408635.0
Killik River,81380600071,81380600070311,68.52475617841058,-153.97489441503316,202.0,202.0,1,408814.0
Killik River,81380600071,81380600070321,68.52298331711788,-153.97567799943687,180.0,180.0,1,409026.0
Killik River,81380600071,81380600070331,68.52110149070758,-153.97536586328388,120.0,120.0,1,409239.0
Killik River,81380600071,81380600070341,68.5193600545524,-153.97404598795256,73.5,73.5,1,409438.0
Killik River,81380600071,81380600070351,68.51775130019602,-153.9730466345696,148.0,148.0,1,409624.0
Killik River,81380600071,81380600070361,68.51614516002695,-153.97469022528512,210.0,210.0,1,409832.0
Killik River,81380600071,81380600070371,68.51531460960432,-153.97891187596653,195.0,195.0,1,410046.0
Killik River,81380600071,81380600070381,68.51559932003842,-153.9836956408169,108.0,108.0,1,410246.0
Killik River,81380600071,81380600070391,68.51648672347679,-153.9877718271369,117.0,117.0,1,410435.0
Killik River,81380600071,81380600070401,68.5174529379615,-153.99185180032973,160.5,160.5,1,410637.0
Killik River,81380600071,81380600070411,68.51808572358111,-153.9966515530778,166.0,510.0,2,410854.0
Killik River,81380600071,81380600070421,68.51816752123466,-154.00142711833448,144.5,144.5,1,411039.0
Killik River,81380600071,81380600070431,68.51770601257076,-154.00617850931278,80.0,80.0,1,411254.0
Killik River,81380600071,81380600070441,68.51759922456452,-154.01094561449187,67.5,67.5,1,411436.0
Killik River,81380600071,81380600070451,68.5171597200624,-154.0154040264056,109.0,109.0,1,411645.0
Killik River,81380600071,81380600070461,68.51585784002542,-154.01857539670925,143.5,510.0,2,411850.0
Killik River,81380600071,81380600070471,68.5144767959067,-154.0214785620495,148.0,510.0,2,412038.0
Killik River,81380600071,81380600070481,68.51328169123015,-154.02506508452285,84.0,84.0,1,412242.0
Killik River,81380600071,81380600070491,68.51198245428154,-154.02894495965137,71.0,71.0,1,412466.0
Killik River,81380600071,81380600070501,68.51027565556123,-154.03082075690705,112.0,112.0,1,412656.0
Killik River,81380600081,81380600080011,68.50860072615639,-154.0289621000483,176.0,176.0,1,412842.0
Killik River,81380600081,81380600080021,68.50778068037596,-154.02518227025757,196.0,196.0,1,413057.0
Killik River,81380600081,81380600080031,68.50656724051574,-154.02117946691544,233.0,233.0,1,413251.0
Killik River,81380600081,81380600080041,68.50496740479609,-154.01875500949058,242.0,242.0,1,413472.0
Killik River,81380600081,81380600080051,68.50322016884589,-154.01844559134287,237.0,237.0,1,413659.0
Killik River,81380600081,81380600080061,68.5015975838757,-154.0197662877952,185.0,469.0,2,413851.0
Killik River,81380600081,81380600080071,68.4998378005296,-154.02152072452563,220.0,469.0,2,414080.0
Killik River,81380600081,81380600080081,68.49821098923135,-154.0235303132826,303.0,469.0,2,414252.0
Killik River,81380600081,81380600080091,68.49671827589206,-154.0256092631457,312.5,312.5,1,414449.0
Killik River,81380600081,81380600080101,68.49495693502575,-154.02760726729866,248.0,248.0,1,414676.0
Killik River,81380600081,81380600080111,68.49320321403638,-154.02835864663544,184.0,184.0,1,414858.0
Killik River,81380600081,81380600080121,68.49145274169392,-154.02857928039703,189.0,189.0,1,415070.0
Killik River,81380600081,81380600080131,68.48970100585149,-154.0290058311322,213.5,213.5,1,415258.0
Killik River,81380600081,81380600080141,68.48826639612165,-154.0268631804871,195.0,195.0,1,415455.0
Killik River,81380600081,81380600080151,68.48729249352498,-154.02242003301964,243.0,243.0,1,415682.0
Killik River,81380600081,81380600080161,68.48749716831297,-154.01784179982093,193.0,193.0,1,415886.0
Killik River,81380600081,81380600080171,68.48832109535228,-154.01403494717633,155.5,155.5,1,416071.0
Killik River,81380600081,81380600080181,68.48874218355682,-154.00965466523064,189.5,189.5,1,416273.0
Killik River,81380600081,81380600080191,68.48962049554353,-154.0052945676829,192.0,192.0,1,416472.0
Killik River,81380600081,81380600080201,68.49026900674203,-154.00055734123885,189.0,189.0,1,416687.0
Killik River,81380600081,81380600080211,68.49046645385884,-153.9957999768328,205.5,205.5,1,416871.0
Killik River,81380600081,81380600080221,68.48998135408843,-153.99137922253152,207.0,207.0,1,417090.0
Killik River,81380600081,81380600080231,68.48887307228398,-153.98766462536986,201.0,201.0,1,417260.0
Killik River,81380600081,81380600080241,68.48754862430603,-153.98408763142834,250.0,250.0,1,417495.0
Killik River,81380600081,81380600080251,68.48595036598527,-153.98130556703117,315.5,315.5,1,417686.0
Killik River,81380600081,81380600080261,68.48434207491715,-153.98023391793322,298.5,298.5,1,417871.0
Killik River,81380600081,81380600080271,68.48259575948553,-153.9797567892489,226.0,226.0,1,418088.0
Killik River,81380600081,81380600080281,68.48083789985036,-153.98125467280985,242.5,242.5,1,418279.0
Killik River,81380600081,81380600080291,68.47908350188246,-153.98215920158245,277.0,277.0,1,418492.0
Killik River,81380600081,81380600080301,68.47732985457237,-153.98293450145113,261.5,261.5,1,418685.0
Killik River,81380600081,81380600080311,68.47570381539525,-153.98489114939915,252.0,252.0,1,418887.0
Killik River,81380600081,81380600080321,68.47407574121614,-153.98718936359165,229.5,229.5,1,419101.0
Killik River,81380600081,81380600080331,68.472581140285,-153.98966405195156,258.0,258.0,1,419279.0
Killik River,81380600081,81380600080341,68.47108534532099,-153.99233371554638,228.5,228.5,1,419496.0
Killik River,81380600081,81380600080351,68.46945586742066,-153.99485064806686,191.0,191.0,1,419695.0
Killik River,81380600081,81380600080361,68.46783186710365,-153.99643960934756,182.0,182.0,1,419881.0
Killik River,81380600081,81380600080371,68.46607620273595,-153.99754119650257,175.0,175.0,1,420103.0
Killik River,81380600081,81380600080381,68.46431872403184,-153.99894596498328,107.5,107.5,1,420296.0
Killik River,81380600081,81380600080391,68.46269570395374,-154.0003634371351,97.5,97.5,1,420481.0
Killik River,81380600081,81380600080401,68.46094267933712,-154.00101824565886,80.0,80.0,1,420695.0
Killik River,81380600081,81380600080411,68.45917449461021,-154.00227898501754,94.0,94.0,1,420892.0
Killik River,81380600081,81380600080421,68.45906425739598,-154.0061340413303,154.5,154.5,1,421111.0
Killik River,81380600081,81380600080431,68.460305184718,-154.01009465587666,192.0,192.0,1,421309.0
Killik River,81380600081,81380600080441,68.46161215705072,-154.01320430728444,254.0,254.0,1,421505.0
Killik River,81380600081,81380600080451,68.46274140450997,-154.01691663219736,296.0,296.0,1,421713.0
Killik River,81380600081,81380600080461,68.46392122310445,-154.02026540794256,306.5,306.5,1,421883.0
Killik River,81380600081,81380600080471,68.46511173267326,-154.02361503194643,339.0,339.0,1,422095.0
Killik River,81380600081,81380600080481,68.46625285033493,-154.0276952241944,256.5,256.5,1,422291.0
Killik River,81380600081,81380600080491,68.46618998931704,-154.0320871512607,230.0,230.0,1,422490.0
Killik River,81380600081,81380600080501,68.46514060456157,-154.03643388020313,233.0,233.0,1,422720.0
Killik River,81380600081,81380600080511,68.46390096024965,-154.04020021006485,212.0,212.0,1,422901.0
Killik River,81380600081,81380600080521,68.46243582670014,-154.04299877978448,232.0,469.0,2,423125.0
Killik River,81380600081,81380600080531,68.46093848778358,-154.0457759878073,270.0,270.0,1,423310.0
Killik River,81380600081,81380600080541,68.45973430383854,-154.04900087757747,254.0,254.0,1,423506.0
Killik River,81380600081,81380600080551,68.45853843008912,-154.0526065708213,275.0,275.0,1,423698.0
Killik River,81380600081,81380600080561,68.45723543716599,-154.0555479289137,241.5,241.5,1,423895.0
Killik River,81380600081,81380600080571,68.45561521198887,-154.05786400238938,246.0,246.0,1,424105.0
Killik River,81380600081,81380600080581,68.45398629812193,-154.0601305447901,283.5,283.5,1,424300.0
Killik River,81380600081,81380600080591,68.45222812243539,-154.0615575852269,327.0,327.0,1,424518.0
Killik River,81380600081,81380600080601,68.45047375795694,-154.06238159081374,379.0,379.0,1,424700.0
Killik River,81380600081,81380600080611,68.4487283603529,-154.06179086620696,346.0,346.0,1,424912.0
Killik River,81380600081,81380600080621,68.44684933346595,-154.06105456985668,338.0,469.0,2,425125.0
Killik River,81380600081,81380600080631,68.44510681833363,-154.06000768083132,310.5,310.5,1,425320.0
Killik River,81380600081,81380600080641,68.44350657482941,-154.05773758959396,246.0,246.0,1,425531.0
Killik River,81380600081,81380600080651,68.44204194886959,-154.0552936430284,246.0,246.0,1,425706.0
Killik River,81380600081,81380600080661,68.44071415360786,-154.05248080798435,190.0,190.0,1,425915.0
Killik River,81380600081,81380600080671,68.43939181108816,-154.0487906263831,254.0,254.0,1,426123.0
Killik River,81380600081,81380600080681,68.43793216968345,-154.0455285995458,270.5,270.5,1,426328.0
Killik River,81380600081,81380600080691,68.43632990632757,-154.04355275870344,360.0,360.0,1,426519.0
Killik River,81380600081,81380600080701,68.43458558791755,-154.04277929376912,369.0,469.0,2,426730.0
Killik River,81380600081,81380600080711,68.4328305075408,-154.04373293449993,389.0,389.0,1,426922.0
Killik River,81380600081,81380600080721,68.43120436766812,-154.04558390984857,405.0,405.0,1,427133.0
Killik River,81380600081,81380600080731,68.42970707420322,-154.04834250666354,373.0,373.0,1,427325.0
Killik River,81380600081,81380600080741,68.42820912394097,-154.0511982074075,366.0,366.0,1,427542.0
Killik River,81380600081,81380600080751,68.42657753602425,-154.05390108794117,258.0,258.0,1,427744.0
Killik River,81380600081,81380600080761,68.42495328313481,-154.05543410485447,263.0,263.0,1,427929.0
Killik River,81380600081,81380600080771,68.42319990985706,-154.05610447139856,248.0,248.0,1,428141.0
Killik River,81380600081,81380600080781,68.42145217794238,-154.055880366045,230.5,469.0,2,428329.0
Killik River,81380600081,81380600080791,68.4197089664082,-154.05493944909352,184.0,184.0,1,428544.0
Killik River,81380600081,81380600080801,68.41796397366114,-154.05428051250945,212.0,212.0,1,428729.0
Killik River,81380600081,81380600080811,68.41647176287421,-154.05620884231112,256.0,256.0,1,428936.0
Killik River,81380600081,81380600080821,68.4149747592628,-154.05889189604702,150.0,150.0,1,429149.0
Killik River,81380600081,81380600080831,68.41351930146136,-154.0620880801742,137.0,137.0,1,429344.0
Killik River,81380600081,81380600080841,68.41198294326017,-154.06389169102346,150.5,150.5,1,429529.0
Killik River,81380600081,81380600080851,68.41023179169679,-154.06420623691443,121.0,121.0,1,429739.0
Killik River,81380600081,81380600080861,68.40848336083161,-154.0640929361564,124.5,124.5,1,429926.0
Killik River,81380600081,81380600080871,68.40673944120732,-154.0632701764684,105.0,105.0,1,430138.0
Killik River,81380600081,81380600080881,68.40499321858042,-154.0628092181488,118.5,118.5,1,430329.0
Killik River,81380600081,81380600080891,68.40327822572624,-154.06227324432024,101.0,101.0,1,430538.0
Killik River,81380600081,81380600080901,68.402195748231,-154.06564506866798,84.0,84.0,1,430745.0
Killik River,81380600081,81380600080911,68.40037017583768,-154.0671128226312,142.0,142.0,1,430946.0
Killik River,81380600091,81380600090011,68.39862191765117,-154.07024718446328,204.0,204.0,1,431139.0
Killik River,81380600091,81380600090021,68.3969935821489,-154.07239037635645,137.0,137.0,1,431358.0
Killik River,81380600091,81380600090031,68.39537121906172,-154.0735988943258,147.0,147.0,1,431521.0
Killik River,81380600091,81380600090041,68.39385907008531,-154.07560100200365,171.0,171.0,1,431750.0
Killik River,81380600091,81380600090051,68.39224379277846,-154.07868823223328,174.5,174.5,1,431949.0
Killik River,81380600091,81380600090061,68.39062119654608,-154.07992525127744,123.0,123.0,1,432133.0
Killik River,81380600091,81380600090071,68.3888754890746,-154.07939037595295,143.0,143.0,1,432349.0
Killik River,81380600091,81380600090081,68.38712865852166,-154.0790293051896,107.0,107.0,1,432532.0
Killik River,81380600091,81380600090091,68.38538321645542,-154.0784528826312,108.0,108.0,1,432746.0
Killik River,81380600091,81380600090101,68.38363846679772,-154.07776883661205,226.5,226.5,1,432929.0
Killik River,81380600091,81380600090111,68.38189174266128,-154.077390625008,228.0,228.0,1,433148.0
Killik River,81380600091,81380600090121,68.38015530818446,-154.07541455881406,170.0,170.0,1,433346.0
Killik River,81380600091,81380600090131,68.37854932128819,-154.07407383633128,180.0,180.0,1,433540.0
Killik River,81380600091,81380600090141,68.37708422770267,-154.07174284441584,190.0,190.0,1,433729.0
Killik River,81380600091,81380600090151,68.37575688017225,-154.06890793705492,127.0,127.0,1,433925.0
Killik River,81380600091,81380600090161,68.37443134524895,-154.06578164192103,117.0,117.0,1,434113.0
Killik River,81380600091,81380600090171,68.37283315185378,-154.06320569747785,190.0,190.0,1,434339.0
Killik River,81380600091,81380600090181,68.37109396577974,-154.06163776070693,190.0,190.0,1,434527.0
Killik River,81380600091,81380600090191,68.36948724703302,-154.0603957752573,202.0,202.0,1,434714.0
Killik River,81380600091,81380600090201,68.36774411461298,-154.05944627154668,189.0,189.0,1,434927.0
Killik River,81380600091,81380600090211,68.36599952333408,-154.05872604806754,196.0,196.0,1,435114.0
Killik River,81380600091,81380600090221,68.3642606875502,-154.05709645607072,256.0,256.0,1,435335.0
Killik River,81380600091,81380600090231,68.36251700826278,-154.05623072531787,266.5,266.5,1,435517.0
Killik River,81380600091,81380600090241,68.3609068686754,-154.05552410321332,190.0,190.0,1,435713.0
Killik River,81380600091,81380600090251,68.35944252114466,-154.05303578035756,254.0,254.0,1,435913.0
Killik River,81380600091,81380600090261,68.35798345562979,-154.04970239426902,264.0,264.0,1,436129.0
Killik River,81380600091,81380600090271,68.35651938906696,-154.04715645393884,283.0,283.0,1,436304.0
Killik River,81380600091,81380600090281,68.3549192071222,-154.04485450862742,365.0,365.0,1,436527.0
Killik River,81380600091,81380600090291,68.3531748539071,-154.04408722413146,330.0,330.0,1,436707.0
Killik River,81380600091,81380600090301,68.35142581011938,-154.04406945139803,324.0,551.0,2,436919.0
Killik River,81380600091,81380600090311,68.34967146881264,-154.04489813644787,220.0,551.0,2,437110.0
Killik River,81380600091,81380600090321,68.34791586325615,-154.04592790025475,175.0,551.0,2,437322.0
Killik River,81380600091,81380600090331,68.34616549262608,-154.0461215761505,199.5,199.5,1,437504.0
Killik River,81380600091,81380600090341,68.3444199903244,-154.0455383353267,152.0,152.0,1,437720.0
Killik River,81380600091,81380600090351,68.34267730867587,-154.04450432857288,115.5,115.5,1,437904.0
Killik River,81380600091,81380600090361,68.341189252629,-154.04578125548196,138.0,138.0,1,438117.0
Killik River,81380600091,81380600090371,68.33968692674381,-154.04825802375302,189.5,189.5,1,438300.0
Killik River,81380600091,81380600090381,68.3379329805875,-154.05008920091882,189.0,189.0,1,438520.0
Killik River,81380600091,81380600090391,68.33630728050896,-154.05184954401975,87.0,87.0,1,438696.0
Killik River,81380600091,81380600090401,68.33481441919244,-154.05387795251778,94.0,94.0,1,438891.0
Killik River,81380600091,81380600090411,68.33320089223044,-154.05370623850231,108.0,108.0,1,439088.0
Killik River,81380600091,81380600090421,68.33145937547322,-154.0524953330714,300.0,300.0,1,439300.0
Killik River,81380600091,81380600090431,68.32970726527066,-154.05296218231027,236.0,551.0,2,439508.0
Killik River,81380600091,81380600090441,68.32820631048652,-154.05626604158064,137.5,137.5,1,439721.0
Killik River,81380600091,81380600090451,68.32684467494065,-154.05880914065725,75.0,75.0,1,439884.0
Killik River,81380600091,81380600090461,68.32522218852205,-154.06004821231596,63.0,63.0,1,440098.0
Killik River,81380600091,81380600090471,68.32346838174904,-154.06077770802648,87.0,87.0,1,440294.0
Killik River,81380600091,81380600090481,68.32184281651809,-154.0624973772129,135.5,135.5,1,440484.0
Killik River,81380600091,81380600090491,68.32008533074523,-154.0638017005806,107.0,107.0,1,440701.0
Killik River,81380600091,81380600090501,68.318330822025,-154.06463814958852,163.0,163.0,1,440886.0
Killik River,81380600091,81380600090511,68.31672225582979,-154.06368984756057,173.0,173.0,1,441081.0
Killik River,81380600091,81380600090521,68.3149835665486,-154.06204609470288,246.0,246.0,1,441308.0
Killik River,81380600091,81380600090531,68.31349552573288,-154.0632967932489,219.0,219.0,1,441485.0
Killik River,81380600091,81380600090541,68.31200345794235,-154.06622822596267,286.5,286.5,1,441704.0
Killik River,81380600091,81380600090551,68.31023594007696,-154.06804307199067,381.5,381.5,1,441888.0
Killik River,81380600091,81380600090561,68.30862288973607,-154.06779782267088,362.5,362.5,1,442077.0
Killik River,81380600091,81380600090571,68.30702054287646,-154.0658801782544,384.0,384.0,1,442287.0
Killik River,81380600091,81380600090581,68.30555942878176,-154.06291235803084,445.0,445.0,1,442492.0
Killik River,81380600091,81380600090591,68.3042367191422,-154.05933074759983,487.0,551.0,2,442696.0
Killik River,81380600091,81380600090601,68.30277558209973,-154.05634916513034,381.5,551.0,2,442898.0
Killik River,81380600091,81380600090611,68.30117187641214,-154.05462665966158,447.0,551.0,2,443083.0
Killik River,81380600091,81380600090621,68.2995627897731,-154.05375246071614,416.0,551.0,2,443266.0
Killik River,81380600091,81380600090631,68.29781522525127,-154.05349865155748,336.0,551.0,2,443478.0
Killik River,81380600091,81380600090641,68.29592942644096,-154.0538270357756,351.0,551.0,2,443691.0
Killik River,81380600091,81380600090651,68.29404020899587,-154.05469522276675,371.0,371.0,1,443878.0
Killik River,81380600101,81380600100011,68.2921520398522,-154.05539718642527,298.0,298.0,1,444090.0
Killik River,81380600101,81380600100021,68.29040690887065,-154.05475927935277,322.0,322.0,1,444276.0
Killik River,81380600101,81380600100031,68.28866615358415,-154.05342950542303,270.0,270.0,1,444496.0
Killik River,81380600101,81380600100041,68.28691342063571,-154.05399230157855,223.5,223.5,1,444678.0
Killik River,81380600101,81380600100051,68.28516370800362,-154.05407764141248,255.0,255.0,1,444889.0
Killik River,81380600101,81380600100061,68.28341011714356,-154.05477520464487,249.0,249.0,1,445082.0
Killik River,81380600101,81380600100071,68.28178414731546,-154.05656493697384,266.0,266.0,1,445277.0
Killik River,81380600101,81380600100081,68.28015615605881,-154.05866913467995,250.5,250.5,1,445489.0
Killik River,81380600101,81380600100091,68.2783953914277,-154.06049014315278,151.0,151.0,1,445704.0
Killik River,81380600101,81380600100101,68.27664836143111,-154.06015309529198,206.5,206.5,1,445890.0
Killik River,81380600101,81380600100111,68.27490256338297,-154.05962245173166,175.0,175.0,1,446104.0
Killik River,81380600101,81380600100121,68.27329688636982,-154.05821578490756,121.0,121.0,1,446284.0
Killik River,81380600101,81380600100131,68.2716918054068,-154.05671387595385,232.0,480.0,2,446498.0
Killik River,81380600101,81380600100141,68.26993505879439,-154.05790517755534,229.0,480.0,2,446699.0
Killik River,81380600101,81380600100151,68.26817509277065,-154.05960098975737,203.0,203.0,1,446918.0
Killik River,81380600101,81380600100161,68.26641971485476,-154.060574149106,201.0,480.0,2,447103.0
Killik River,81380600101,81380600100171,68.26466322771824,-154.0617199571632,228.0,228.0,1,447322.0
Killik River,81380600101,81380600100181,68.26290525333606,-154.0630971406881,204.0,480.0,2,447514.0
Killik River,81380600101,81380600100191,68.26128228885437,-154.06440090070555,210.0,480.0,2,447698.0
Killik River,81380600101,81380600100201,68.25953320766655,-154.06438515909446,210.0,480.0,2,447911.0
Killik River,81380600101,81380600100211,68.25764565500758,-154.06498161102405,209.0,480.0,2,448125.0
Killik River,81380600101,81380600100221,68.25589188225902,-154.0656982554881,153.5,153.5,1,448307.0
Killik River,81380600101,81380600100231,68.25414235733379,-154.06575151217413,199.0,199.0,1,448520.0
Killik River,81380600101,81380600100241,68.25240075169422,-154.06456812025567,196.0,196.0,1,448712.0
Killik River,81380600101,81380600100251,68.25065975649531,-154.0632881879864,219.0,480.0,2,448929.0
Killik River,81380600101,81380600100261,68.24892088851749,-154.06167344013147,190.5,480.0,2,449139.0
Killik River,81380600101,81380600100271,68.24731953560597,-154.05959201656597,185.0,185.0,1,449325.0
Killik River,81380600101,81380600100281,68.24556732503123,-154.06006701480652,94.0,94.0,1,449538.0
Killik River,81380600101,81380600100291,68.24381387844309,-154.0607353107637,115.5,115.5,1,449744.0
Killik River,81380600101,81380600100301,68.2422014491003,-154.06319912131838,182.0,182.0,1,449922.0
Killik River,81380600101,81380600100311,68.24140472103768,-154.06654672819406,181.0,181.0,1,450134.0
Killik River,81380600101,81380600100321,68.24144126025655,-154.0716253609773,120.0,120.0,1,450346.0
Killik River,81380600101,81380600100331,68.24115716438412,-154.07632629119806,93.5,93.5,1,450530.0
Killik River,81380600101,81380600100341,68.24078078325016,-154.08041837107942,156.0,156.0,1,450724.0
Killik River,81380600101,81380600100351,68.23943691633046,-154.08429525801404,150.0,150.0,1,450939.0
Killik River,81380600101,81380600100361,68.23840417309842,-154.0874951593145,129.0,129.0,1,451123.0
Killik River,81380600101,81380600100371,68.236857861302,-154.09067858562884,138.0,138.0,1,451353.0
Killik River,81380600101,81380600100381,68.23594070694939,-154.09490956663646,67.0,67.0,1,451547.0
Killik River,81380600101,81380600100391,68.23469193097534,-154.09791929537155,115.5,115.5,1,451739.0
Killik River,81380600101,81380600100401,68.23293513972669,-154.0990675734644,108.0,108.0,1,451960.0
Killik River,81380600101,81380600100411,68.23117946028918,-154.10004658318408,63.0,63.0,1,452141.0
Killik River,81380600101,81380600100421,68.22955988530464,-154.10079033650604,71.5,71.5,1,452339.0
Killik River,81380600101,81380600100431,68.22851836064736,-154.10421967357368,101.0,101.0,1,452564.0
Killik River,81380600101,81380600100441,68.22978766638197,-154.1070113902924,130.0,130.0,1,452771.0
Killik River,81380600101,81380600100451,68.23070586888427,-154.11055965021953,94.0,94.0,1,452966.0
Killik River,81380600101,81380600100461,68.22947636318314,-154.11332714453027,101.0,101.0,1,453165.0
Killik River,81380600101,81380600100471,68.22784749327708,-154.11544668133658,63.0,63.0,1,453365.0
Killik River,81380600101,81380600100481,68.22622866228657,-154.11606850839695,78.5,78.5,1,453575.0
Killik River,81380600101,81380600100491,68.22490202513873,-154.11324978376834,73.5,73.5,1,453744.0
Killik River,81380600101,81380600100501,68.22357792314641,-154.11004499878035,65.0,65.0,1,453953.0
Killik River,81380600101,81380600100511,68.22183313013896,-154.1093841577393,67.0,67.0,1,454174.0
Killik River,81380600101,81380600100521,68.22007337538294,-154.11096209394896,57.5,57.5,1,454364.0
Killik River,81380600101,81380600100531,68.21859949935082,-154.11003084002516,57.0,57.0,1,454553.0
Killik River,81380600101,81380600100541,68.21700839582164,-154.1065009734587,75.0,75.0,1,454770.0
Killik River,81380600111,81380600110011,68.2151343331799,-154.10504436706634,54.0,54.0,1,454984.0
Killik River,81380600111,81380600110021,68.2133948106756,-154.1035876055071,54.0,54.0,1,455181.0
Killik River,81380600111,81380600110031,68.21179045162437,-154.10203752388506,67.0,67.0,1,455364.0
Killik River,81380600111,81380600110041,68.21017455037222,-154.10222539611235,67.0,67.0,1,455566.0
Killik River,81380600111,81380600110051,68.20854453518649,-154.10453701756492,67.0,67.0,1,455770.0
Killik River,81380600111,81380600110061,68.20691979637046,-154.10605197318097,61.5,61.5,1,455954.0
Killik River,81380600111,81380600110071,68.20516960877168,-154.10619857484554,90.0,90.0,1,456170.0
Killik River,81380600111,81380600110081,68.20341703175784,-154.10670364629286,107.0,107.0,1,456351.0
Killik River,81380600111,81380600110091,68.20167107034744,-154.10621599972302,77.0,77.0,1,456573.0
Killik River,81380600111,81380600110101,68.20004294442573,-154.1082349119281,127.0,127.0,1,456769.0
Killik River,81380600111,81380600110111,68.19872044082241,-154.1114962739807,162.0,162.0,1,456957.0
Killik River,81380600111,81380600110121,68.19791762315567,-154.11483561280943,196.0,577.0,2,457144.0
Killik River,81380600111,81380600110131,68.19732345605973,-154.11915005594514,137.0,137.0,1,457343.0
Killik River,81380600111,81380600110141,68.19687789013605,-154.12383351305522,42.0,42.0,1,457564.0
Killik River,81380600111,81380600110151,68.19574514115732,-154.1270353029271,85.0,85.0,1,457750.0
Killik River,81380600111,81380600110161,68.19399193883292,-154.12762126235071,136.0,136.0,1,457966.0
Killik River,81380600111,81380600110171,68.19224917329463,-154.12667059222937,101.0,101.0,1,458156.0
Killik River,81380600111,81380600110181,68.19063488108026,-154.12661543853037,72.0,72.0,1,458340.0
Killik River,81380600111,81380600110191,68.18888726981007,-154.12637803806658,67.0,67.0,1,458557.0
Killik River,81380600111,81380600110201,68.1871446367664,-154.12540699143628,71.5,71.5,1,458741.0
Killik River,81380600111,81380600110211,68.18553916773268,-154.12405006269793,80.0,80.0,1,458937.0
Killik River,81380600111,81380600110221,68.18393727657528,-154.12216294775092,67.0,67.0,1,459137.0
Killik River,81380600111,81380600110231,68.1823391061231,-154.11972166328044,67.0,67.0,1,459339.0
Killik River,81380600111,81380600110241,68.18073342854181,-154.1183895063758,67.0,67.0,1,459529.0
Killik River,81380600111,81380600110251,68.1791319573069,-154.1164308802254,57.0,57.0,1,459726.0
Killik River,81380600111,81380600110261,68.17767111580866,-154.11756527322382,98.5,98.5,1,459926.0
Killik River,81380600111,81380600110271,68.17745940192204,-154.12215976148704,94.0,94.0,1,460142.0
Killik River,81380600111,81380600110281,68.17732782907773,-154.12682350751373,281.0,281.0,1,460351.0
Killik River,81380600111,81380600110291,68.17582984413976,-154.12719082566778,190.5,190.5,1,460536.0
Killik River,81380600111,81380600110301,68.17429653495545,-154.1284172470379,127.5,127.5,1,460735.0
Killik River,81380600111,81380600110311,68.17284057256377,-154.13145512444598,71.0,71.0,1,460935.0
Killik River,81380600111,81380600110321,68.17155024939329,-154.1338741331239,94.5,577.0,2,461119.0
Killik River,81380600111,81380600110331,68.17162863920369,-154.13814421542898,99.0,99.0,1,461333.0
Killik River,81380600111,81380600110341,68.17266592903238,-154.14253431143928,54.0,54.0,1,461539.0
Killik River,81380600111,81380600110351,68.17323680052382,-154.14690150742032,69.0,69.0,1,461726.0
Killik River,81380600111,81380600110361,68.1726243723066,-154.15113728741966,69.0,69.0,1,461947.0
Killik River,81380600111,81380600110371,68.1710730462614,-154.15363849072043,63.0,63.0,1,462133.0
Killik River,81380600111,81380600110381,68.16945524028215,-154.15408745931882,92.0,92.0,1,462315.0
Killik River,81380600111,81380600110391,68.16771056385342,-154.15343177323214,108.0,108.0,1,462528.0
Killik River,81380600111,81380600110401,68.16596803747917,-154.15246647592676,95.0,95.0,1,462716.0
Killik River,81380600111,81380600110411,68.16421904910665,-154.15243036158276,137.0,137.0,1,462939.0
Killik River,81380600111,81380600110421,68.16267023887939,-154.1545658394352,90.0,90.0,1,463127.0
Killik River,81380600111,81380600110431,68.16177240554802,-154.15789368522798,73.5,73.5,1,463307.0
Killik River,81380600111,81380600110441,68.16058196915098,-154.16127186803865,67.0,67.0,1,463514.0
Killik River,81380600111,81380600110451,68.15889073419798,-154.16396359783684,42.0,42.0,1,463713.0
Killik River,81380600111,81380600110461,68.15726816116889,-154.16508583352902,58.5,58.5,1,463902.0
Killik River,81380600111,81380600110471,68.15580279352422,-154.1629835064952,42.0,42.0,1,464110.0
Killik River,81380600111,81380600110481,68.15434306939456,-154.16007246008766,39.0,39.0,1,464309.0
Killik River,81380600111,81380600110491,68.15298621736153,-154.16222996471706,90.0,90.0,1,464523.0
Killik River,81380600111,81380600110501,68.15260937472841,-154.1668004431751,61.5,61.5,1,464718.0
Killik River,81380600111,81380600110511,68.15132160117669,-154.16878204143737,39.0,39.0,1,464902.0
Killik River,81380600111,81380600110521,68.14957654358277,-154.168187662216,63.0,63.0,1,465120.0
Killik River,81380600111,81380600110531,68.14783640131127,-154.16689535967998,137.5,137.5,1,465303.0
Killik River,81380600111,81380600110541,68.1462310943448,-154.16556195191438,91.5,91.5,1,465521.0
Killik River,81380600111,81380600110551,68.14449581222286,-154.1635755469536,63.0,63.0,1,465709.0
Sagavanirktok River,81390500011,81390500010021,70.21148024809338,-147.97981108820534,203.0,2064.0,2,78424.0
Sagavanirktok River,81390500011,81390500010031,70.20972632999509,-147.98075620681666,189.0,2064.0,2,78647.0
Sagavanirktok River,81390500011,81390500010041,70.20796571162371,-147.9829257833999,269.5,2064.0,2,78847.0
Sagavanirktok River,81390500011,81390500010051,70.2064760603484,-147.98473897013025,319.0,2064.0,3,79013.0
Sagavanirktok River,81390500011,81390500010061,70.20498295939932,-147.98717619012965,307.0,2064.0,3,79227.0
Sagavanirktok River,81390500011,81390500010071,70.20322243225192,-147.98931450942746,285.0,2064.0,2,79440.0
Sagavanirktok River,81390500011,81390500010081,70.20147121254844,-147.98975969187373,271.5,2064.0,3,79633.0
Sagavanirktok River,81390500011,81390500010091,70.20013761209165,-147.99253166916614,275.0,2064.0,3,79824.0
Sagavanirktok River,81390500011,81390500010101,70.19887856239829,-147.99640733343853,190.0,2064.0,3,80037.0
Sagavanirktok River,81390500011,81390500010111,70.19757621764526,-148.00031218072496,148.0,2064.0,3,80233.0
Sagavanirktok River,81390500011,81390500010121,70.19640466864821,-148.00390550128805,169.0,2064.0,3,80420.0
Sagavanirktok River,81390500011,81390500010131,70.19505103662884,-148.00733083712922,212.0,2064.0,3,80628.0
Sagavanirktok River,81390500011,81390500010141,70.19368658313398,-148.01075520655388,212.0,2064.0,3,80824.0
Sagavanirktok River,81390500011,81390500010151,70.19236420090161,-148.0143398560795,278.0,2064.0,3,81015.0
Sagavanirktok River,81390500011,81390500010161,70.19160258495904,-148.01906233822064,354.0,2064.0,3,81236.0
Sagavanirktok River,81390500011,81390500010171,70.19092004768888,-148.02418503806786,311.0,2064.0,4,81430.0
Sagavanirktok River,81390500011,81390500010181,70.19024732016898,-148.0289112618752,314.5,2064.0,4,81622.0
Sagavanirktok River,81390500011,81390500010191,70.18965515845586,-148.03364121697487,287.5,2064.0,3,81812.0
Sagavanirktok River,81390500011,81390500010201,70.18910668527029,-148.0387697109667,442.0,2064.0,3,82032.0
Sagavanirktok River,81390500011,81390500010211,70.1884927492574,-148.04389463242657,328.0,2064.0,4,82226.0
Sagavanirktok River,81390500011,81390500010221,70.18785560916865,-148.04901807755135,357.0,2064.0,5,82425.0
Sagavanirktok River,81390500021,81390500020011,70.18685089653682,-148.05322356175495,362.5,2064.0,4,82638.0
Sagavanirktok River,81390500021,81390500020021,70.1853541024166,-148.05612394458885,339.0,2064.0,4,82842.0
Sagavanirktok River,81390500021,81390500020031,70.18405102407942,-148.05992732921845,346.0,2064.0,4,83034.0
Sagavanirktok River,81390500021,81390500020041,70.1831358456065,-148.06424187276892,326.5,2064.0,3,83229.0
Sagavanirktok River,81390500021,81390500020051,70.18255172031861,-148.06896964706758,283.5,2064.0,3,83418.0
Sagavanirktok River,81390500021,81390500020061,70.18204815977039,-148.07370134248393,192.0,2064.0,3,83611.0
Sagavanirktok River,81390500021,81390500020071,70.181025433026,-148.07824711936277,160.0,2064.0,3,83842.0
Sagavanirktok River,81390500021,81390500020081,70.17958269678353,-148.0819300263545,169.0,2064.0,2,84034.0
Sagavanirktok River,81390500021,81390500020091,70.17863669977636,-148.0862093556632,149.0,2064.0,2,84227.0
Sagavanirktok River,81390500021,81390500020101,70.1781416509965,-148.09094020920722,184.5,2064.0,3,84416.0
Sagavanirktok River,81390500021,81390500020111,70.1773347878436,-148.0953107606678,127.0,2064.0,2,84615.0
Sagavanirktok River,81390500021,81390500020121,70.17581851450299,-148.0983484533953,172.0,2064.0,3,84832.0
Sagavanirktok River,81390500021,81390500020131,70.17432174194728,-148.10112252953465,154.0,2064.0,3,85007.0
Sagavanirktok River,81390500021,81390500020141,70.1728244367831,-148.10397542292733,207.0,2064.0,3,85224.0
Sagavanirktok River,81390500021,81390500020151,70.17119635581696,-148.1062133036733,163.0,2064.0,3,85419.0
Sagavanirktok River,81390500021,81390500020161,70.16956857060187,-148.10839800161034,174.5,2064.0,2,85621.0
Sagavanirktok River,81390500021,81390500020171,70.16794206806021,-148.1103711233088,182.5,2064.0,2,85818.0
Sagavanirktok River,81390500021,81390500020181,70.16647826711434,-148.1130024210376,148.0,2064.0,2,86007.0
Sagavanirktok River,81390500021,81390500020191,70.16552561409505,-148.1176100719292,155.0,2064.0,2,86232.0
Sagavanirktok River,81390500021,81390500020201,70.16469887811047,-148.12222413579335,105.0,2064.0,2,86416.0
Sagavanirktok River,81390500021,81390500020211,70.16327512499454,-148.12530531476114,236.5,2064.0,2,86623.0
Sagavanirktok River,81390500021,81390500020221,70.1616447847274,-148.1278572431014,198.0,2064.0,2,86825.0
Sagavanirktok River,81390500021,81390500020231,70.16030773156554,-148.13082614774845,190.0,2064.0,2,87013.0
Sagavanirktok River,81390500021,81390500020241,70.15920457611055,-148.13509068329546,109.0,2064.0,2,87224.0
Sagavanirktok River,81390500021,81390500020251,70.15828401331474,-148.13939651268828,90.0,2064.0,2,87404.0
Sagavanirktok River,81390500021,81390500020261,70.15697521248138,-148.14296768344298,129.0,129.0,1,87621.0
Sagavanirktok River,81390500021,81390500020271,70.15534445406145,-148.14554383968803,129.0,129.0,1,87817.0
Sagavanirktok River,81390500021,81390500020281,70.15372665987321,-148.1460878124055,67.0,67.0,1,88003.0
Sagavanirktok River,81390500021,81390500020291,70.15198534681774,-148.1449092237806,94.0,94.0,1,88218.0
Sagavanirktok River,81390500021,81390500020301,70.15024352050531,-148.14380997712234,90.5,90.5,1,88408.0
Sagavanirktok River,81390500021,81390500020311,70.14847687226163,-148.1453937237682,127.0,127.0,1,88622.0
Sagavanirktok River,81390500021,81390500020321,70.14717494064439,-148.14823189925423,84.0,84.0,1,88811.0
Sagavanirktok River,81390500021,81390500020331,70.14562496364499,-148.1507845333572,101.0,101.0,1,89010.0
Sagavanirktok River,81390500021,81390500020341,70.14399544823448,-148.15314765904222,71.0,71.0,1,89227.0
Sagavanirktok River,81390500021,81390500020351,70.14279481469147,-148.15714369286982,140.0,140.0,1,89419.0
Sagavanirktok River,81390500021,81390500020361,70.14236962459178,-148.16186867013116,73.5,73.5,1,89616.0
Sagavanirktok River,81390500021,81390500020371,70.14168431898139,-148.16657881021735,80.0,80.0,1,89803.0
Sagavanirktok River,81390500021,81390500020381,70.14126525725804,-148.17169941000066,80.0,80.0,1,90017.0
Sagavanirktok River,81390500021,81390500020391,70.14053435246304,-148.17648552309808,69.0,69.0,1,90222.0
Sagavanirktok River,81390500021,81390500020401,70.13926550892641,-148.17918314576616,90.0,90.0,1,90410.0
Sagavanirktok River,81390500021,81390500020411,70.13797062349056,-148.18290761416577,148.0,2064.0,2,90631.0
Sagavanirktok River,81390500021,81390500020421,70.13638061874609,-148.18620330299305,164.0,2064.0,2,90798.0
Sagavanirktok River,81390500021,81390500020431,70.13475413235275,-148.1880360982092,115.0,2064.0,2,91019.0
Sagavanirktok River,81390500021,81390500020441,70.13299760743678,-148.1891898406689,149.5,2064.0,2,91203.0
Sagavanirktok River,81390500021,81390500020451,70.1313763518928,-148.19023060816974,124.0,2064.0,2,91402.0
Sagavanirktok River,81390500021,81390500020461,70.12987802090923,-148.1930131767332,148.0,2064.0,2,91595.0
Sagavanirktok River,81390500021,81390500020471,70.12837817024808,-148.19601672291728,175.0,2064.0,3,91815.0
Sagavanirktok River,81390500021,81390500020481,70.12694034621741,-148.19939250803733,105.0,2064.0,2,92003.0
Sagavanirktok River,81390500021,81390500020491,70.12588756361698,-148.20364954608291,75.0,2064.0,2,92209.0
Sagavanirktok River,81390500021,81390500020501,70.12476845471612,-148.20735401381674,100.0,2064.0,2,92397.0
Sagavanirktok River,81390500021,81390500020511,70.12304428613545,-148.20900825429635,127.0,2064.0,2,92613.0
Sagavanirktok River,81390500021,81390500020521,70.12129067826048,-148.2097079408026,121.0,2064.0,2,92796.0
Sagavanirktok River,81390500021,81390500020531,70.11953981524577,-148.2100010808552,150.0,2064.0,2,93007.0
Sagavanirktok River,81390500021,81390500020541,70.11766187549345,-148.20919131717775,140.0,2064.0,2,93222.0
Sagavanirktok River,81390500021,81390500020551,70.11592069498953,-148.20805088729637,120.0,2064.0,2,93404.0
Sagavanirktok River,81390500021,81390500020561,70.11431185136293,-148.20856311857455,143.0,2064.0,2,93607.0
Sagavanirktok River,81390500021,81390500020571,70.11287957113909,-148.21214156621858,192.5,2064.0,2,93823.0
Sagavanirktok River,81390500021,81390500020581,70.11130214980632,-148.21463098221878,67.0,67.0,1,94010.0
Sagavanirktok River,81390500021,81390500020591,70.10955648319427,-148.21528887198116,51.0,51.0,1,94207.0
Sagavanirktok River,81390500071,81390500070641,70.06233851543226,-148.40536021928133,84.0,84.0,1,75076.0
Sagavanirktok River,81390500071,81390500070631,70.06315606831085,-148.40107873061953,147.5,147.5,1,74862.0
Sagavanirktok River,81390500071,81390500070621,70.06438636956646,-148.3969598074257,101.0,101.0,1,74664.0
Sagavanirktok River,81390500071,81390500070611,70.06599005993795,-148.39538671655822,94.0,94.0,1,74462.0
Sagavanirktok River,81390500071,81390500070601,70.06731098202627,-148.3924863681606,112.5,112.5,1,74283.0
Sagavanirktok River,81390500071,81390500070591,70.0685943441657,-148.38922034228594,69.0,69.0,1,74082.0
Sagavanirktok River,81390500071,81390500070581,70.07022573277547,-148.38588510459627,51.0,51.0,1,73876.0
Sagavanirktok River,81390500071,81390500070571,70.07110871367988,-148.38189484154387,142.0,339.0,2,73664.0
Sagavanirktok River,81390500071,81390500070561,70.07126226038193,-148.37677785054072,106.0,106.0,1,73481.0
Sagavanirktok River,81390500071,81390500070551,70.07134010585867,-148.37165579693695,122.5,122.5,1,73268.0
Sagavanirktok River,81390500071,81390500070541,70.07195067879904,-148.36722230897422,77.0,77.0,1,73077.0
Sagavanirktok River,81390500071,81390500070531,70.07279805971301,-148.3629731666767,72.0,72.0,1,72871.0
Sagavanirktok River,81390500071,81390500070521,70.07419443061235,-148.36031483456628,75.0,75.0,1,72685.0
Sagavanirktok River,81390500071,81390500070511,70.07512104988633,-148.35573201080774,84.0,84.0,1,72469.0
Sagavanirktok River,81390500071,81390500070501,70.07620078293989,-148.35172604356805,105.0,105.0,1,72270.0
Sagavanirktok River,81390500071,81390500070491,70.07777077069325,-148.3504868348996,92.5,92.5,1,72066.0
Sagavanirktok River,81390500071,81390500070481,70.07950893518627,-148.35191499078377,63.0,63.0,1,71873.0
Sagavanirktok River,81390500071,81390500070471,70.0812562250612,-148.35095014304002,104.0,104.0,1,71664.0
Sagavanirktok River,81390500071,81390500070461,70.0825047886961,-148.3471378575069,52.5,52.5,1,71479.0
Sagavanirktok River,81390500071,81390500070451,70.0833567794456,-148.34237868553575,42.0,42.0,1,71259.0
Sagavanirktok River,81390500071,81390500070441,70.08430539430053,-148.3390723684392,120.5,120.5,1,71072.0
Sagavanirktok River,81390500071,81390500070431,70.08606900016593,-148.33831404124194,92.0,92.0,1,70886.0
Sagavanirktok River,81390500071,81390500070421,70.08782633541422,-148.33719429818743,65.0,65.0,1,70685.0
Sagavanirktok River,81390500071,81390500070411,70.08954766016515,-148.33883148912543,115.0,339.0,2,70455.0
Sagavanirktok River,81390500071,81390500070401,70.09074496512015,-148.33669798202828,110.5,339.0,2,70280.0
Sagavanirktok River,81390500071,81390500070391,70.09087091596902,-148.33149519342444,80.0,80.0,1,70078.0
Sagavanirktok River,81390500071,81390500070381,70.09026614940952,-148.32632460291555,67.0,67.0,1,69872.0
Sagavanirktok River,81390500071,81390500070371,70.09007709609021,-148.32157550391625,72.5,72.5,1,69680.0
Sagavanirktok River,81390500071,81390500070361,70.09075498018656,-148.31722360979816,101.0,101.0,1,69480.0
Sagavanirktok River,81390500071,81390500070351,70.09242685405525,-148.31550987896975,169.0,169.0,1,69270.0
Sagavanirktok River,81390500071,81390500070341,70.09431243823482,-148.3152232610154,139.0,139.0,1,69061.0
Sagavanirktok River,81390500071,81390500070331,70.09605813130408,-148.31566479570736,99.5,99.5,1,68879.0
Sagavanirktok River,81390500071,81390500070321,70.09761575905206,-148.31554539631932,36.63688278198242,36.63688278198242,1,68663.0
Sagavanirktok River,81390500071,81390500070311,70.09916915147866,-148.31338715237908,36.47660827636719,36.47660827636719,1,68481.0
Sagavanirktok River,81390500071,81390500070301,70.10026412941193,-148.30961233780164,67.0,67.0,1,68269.0
Sagavanirktok River,81390500071,81390500070291,70.10116853014381,-148.30490356119526,84.0,84.0,1,68056.0
Sagavanirktok River,81390500071,81390500070281,70.10216836017601,-148.30062168033467,138.5,339.0,2,67859.0
Sagavanirktok River,81390500071,81390500070271,70.10368574933385,-148.29792541775527,143.0,339.0,2,67675.0
Sagavanirktok River,81390500071,81390500070261,70.10493299510746,-148.29413213786862,182.0,182.0,1,67481.0
Sagavanirktok River,81390500071,81390500070251,70.10613937960304,-148.29048638345094,75.0,75.0,1,67262.0
Sagavanirktok River,81390500071,81390500070241,70.107238981929,-148.28703299794157,63.0,63.0,1,67071.0
Sagavanirktok River,81390500071,81390500070231,70.1085812140074,-148.28321796016718,84.0,84.0,1,66863.0
Sagavanirktok River,81390500071,81390500070221,70.10990127949485,-148.2789796220779,126.0,339.0,2,66672.0
Sagavanirktok River,81390500071,81390500070211,70.110606438743,-148.27467663518482,54.0,54.0,1,66451.0
Sagavanirktok River,81390500071,81390500070201,70.11045187738208,-148.26992554642115,84.5,84.5,1,66263.0
Sagavanirktok River,81390500071,81390500070191,70.11126323954106,-148.26517699307803,87.0,87.0,1,66078.0
Sagavanirktok River,81390500071,81390500070181,70.11284356987063,-148.26401262295732,106.0,106.0,1,65871.0
Sagavanirktok River,81390500071,81390500070171,70.11445781121516,-148.26403195571615,54.0,54.0,1,65666.0
Sagavanirktok River,81390500071,81390500070161,70.11595894548485,-148.26101427296445,54.0,54.0,1,65452.0
Sagavanirktok River,81390500071,81390500070151,70.11745910502759,-148.25812785545904,51.0,51.0,1,65262.0
Sagavanirktok River,81390500071,81390500070141,70.1190559832203,-148.2555104051725,60.5,60.5,1,65053.0
Sagavanirktok River,81390500071,81390500070131,70.11971066925442,-148.25112264757058,60.0,60.0,1,64878.0
Sagavanirktok River,81390500071,81390500070121,70.11937381499978,-148.24596342371868,39.0,39.0,1,64665.0
Sagavanirktok River,81390500071,81390500070111,70.12004968135868,-148.24162923885402,85.5,85.5,1,64464.0
Sagavanirktok River,81390500071,81390500070101,70.12162565655333,-148.23940430727603,90.5,90.5,1,64246.0
Sagavanirktok River,81390500071,81390500070091,70.12337713851072,-148.23903084177033,123.0,123.0,1,64067.0
Sagavanirktok River,81390500071,81390500070081,70.12512273178636,-148.23950800241525,98.5,98.5,1,63854.0
Sagavanirktok River,81390500071,81390500070071,70.12674955221743,-148.23770718045753,92.5,92.5,1,63670.0
Sagavanirktok River,81390500071,81390500070061,70.1283701203481,-148.2355102580796,85.5,85.5,1,63463.0
Sagavanirktok River,81390500071,81390500070051,70.1297123065399,-148.23205720396396,73.5,73.5,1,63244.0
Sagavanirktok River,81390500071,81390500070041,70.13083505950837,-148.2281582621452,105.0,105.0,1,63063.0
Sagavanirktok River,81390500071,81390500070031,70.13221790344373,-148.22503371160965,57.5,57.5,1,62871.0
Sagavanirktok River,81390500071,81390500070021,70.13383305086141,-148.22491828044346,71.0,71.0,1,62644.0
Sagavanirktok River,81390500071,81390500070011,70.13556049407205,-148.22804965829525,87.0,87.0,1,62445.0
Sagavanirktok River,81390500091,81390500090011,70.18796146267606,-148.05378256897356,84.0,2064.0,3,94400.0
Sagavanirktok River,81390500091,81390500090021,70.18910007395753,-148.05780679534524,381.0,381.0,1,94600.0
Sagavanirktok River,81390500091,81390500090031,70.18985888625954,-148.0626051783541,253.0,2064.0,3,94813.0
Sagavanirktok River,81390500091,81390500090041,70.18993353116926,-148.06816183964978,157.0,2064.0,3,95026.0
Sagavanirktok River,81390500091,81390500090051,70.190139735464,-148.07332874636705,238.0,2064.0,2,95209.0
Sagavanirktok River,81390500091,81390500090061,70.18996411603254,-148.07847582693586,138.0,2064.0,2,95420.0
Sagavanirktok River,81390500091,81390500090071,70.18975505282059,-148.0836210694814,94.0,94.0,1,95605.0
Sagavanirktok River,81390500091,81390500090081,70.18977109849925,-148.08838147979955,76.0,76.0,1,95828.0
Sagavanirktok River,81390500091,81390500090091,70.19095672685603,-148.09280713571442,42.0,42.0,1,96014.0
Sagavanirktok River,81390500091,81390500090101,70.19169308516707,-148.0976060956693,90.0,90.0,1,96232.0
Sagavanirktok River,81390500091,81390500090111,70.19197439403656,-148.10238112087492,80.0,80.0,1,96406.0
Sagavanirktok River,81390500091,81390500090121,70.192949883677,-148.1067968183846,105.0,105.0,1,96627.0
Sagavanirktok River,81390500091,81390500090131,70.19385288189903,-148.11160572495132,136.5,136.5,1,96817.0
Sagavanirktok River,81390500091,81390500090141,70.19375163608184,-148.1163607488732,89.0,89.0,1,97016.0
Sagavanirktok River,81390500091,81390500090151,70.19282354021452,-148.12117286339748,60.0,60.0,1,97235.0
Sagavanirktok River,81390500091,81390500090161,70.19141662013422,-148.12120077923103,75.0,75.0,1,97424.0
Sagavanirktok River,81390500091,81390500090171,70.18981934523246,-148.11847134909857,63.0,63.0,1,97643.0
Sagavanirktok River,81390500091,81390500090181,70.18820553260734,-148.11839300356854,84.0,84.0,1,97817.0
Sagavanirktok River,81390500091,81390500090191,70.18671079474034,-148.12079197596742,106.5,2064.0,2,98016.0
Sagavanirktok River,81390500091,81390500090201,70.18503477830652,-148.1238998018422,148.0,2064.0,2,98256.0
Sagavanirktok River,81390500091,81390500090211,70.18396339636124,-148.12772743900047,217.0,2064.0,2,98444.0
Sagavanirktok River,81390500091,81390500090221,70.18277282036703,-148.13154813552075,117.0,117.0,1,98644.0
Sagavanirktok River,81390500091,81390500090231,70.18123978808073,-148.1351117049686,102.5,102.5,1,98848.0
Sagavanirktok River,81390500091,81390500090241,70.17961249279831,-148.13716309257697,151.0,151.0,1,99039.0
Sagavanirktok River,81390500091,81390500090251,70.1779890287862,-148.13860653119454,60.5,60.5,1,99242.0
Sagavanirktok River,81390500091,81390500090261,70.17636628930477,-148.14134461785395,46.5,46.5,1,99452.0
Sagavanirktok River,81390500091,81390500090271,70.1754255728348,-148.14541481910138,52.0,52.0,1,99639.0
Sagavanirktok River,81390500091,81390500090281,70.17402756601943,-148.14805506673346,67.0,67.0,1,99854.0
Sagavanirktok River,81390500091,81390500090291,70.17227391105337,-148.14880688850857,67.0,67.0,1,100038.0
Sagavanirktok River,81390500091,81390500090301,70.17051778605428,-148.14994338590154,62.0,62.0,1,100265.0
Sagavanirktok River,81390500091,81390500090311,70.16896113247991,-148.152696120617,42.0,42.0,1,100447.0
Sagavanirktok River,81390500091,81390500090321,70.1683791272255,-148.15736405583198,54.0,54.0,1,100660.0
Sagavanirktok River,81390500091,81390500090331,70.16748381000862,-148.1614888393114,42.0,42.0,1,100856.0
Sagavanirktok River,81390500091,81390500090341,70.16621958197327,-148.16558569561522,42.0,42.0,1,101070.0
Sagavanirktok River,81390500091,81390500090351,70.165362836848,-148.16989527624227,63.0,63.0,1,101249.0
Sagavanirktok River,81390500091,81390500090361,70.1640456095683,-148.1730163290131,48.0,48.0,1,101447.0
Sagavanirktok River,81390500091,81390500090371,70.16241926449165,-148.1748518430414,67.0,67.0,1,101660.0
Sagavanirktok River,81390500091,81390500090381,70.16089592185462,-148.17875256705585,73.5,73.5,1,101880.0
Sagavanirktok River,81390500091,81390500090391,70.16021816400749,-148.18307075417584,89.0,89.0,1,102072.0
Sagavanirktok River,81390500091,81390500090401,70.15925011814691,-148.1874059210758,109.0,2064.0,2,102273.0
Sagavanirktok River,81390500091,81390500090411,70.15807340434374,-148.19166079241208,84.0,2064.0,2,102473.0
Sagavanirktok River,81390500091,81390500090421,70.15676915633694,-148.19519726158006,105.0,2064.0,2,102656.0
Sagavanirktok River,81390500091,81390500090431,70.15514421312493,-148.19678688674637,125.0,2064.0,2,102880.0
Sagavanirktok River,81390500091,81390500090441,70.15340632941376,-148.19514031775876,171.5,2064.0,2,103068.0
Sagavanirktok River,81390500091,81390500090451,70.15168581002403,-148.19434716382236,135.0,135.0,1,103271.0
Sagavanirktok River,81390500091,81390500090461,70.15014372403932,-148.1961923226014,83.5,83.5,1,103463.0
Sagavanirktok River,81390500091,81390500090471,70.1484104182166,-148.19789043522354,80.0,80.0,1,103685.0
Sagavanirktok River,81390500091,81390500090481,70.1466518402179,-148.19934177797725,107.0,107.0,1,103875.0
Sagavanirktok River,81390500091,81390500090491,70.1450277006095,-148.20080443439315,85.5,85.5,1,104080.0
Sagavanirktok River,81390500091,81390500090501,70.14402394706215,-148.20470387399928,62.0,62.0,1,104268.0
Sagavanirktok River,81390500091,81390500090511,70.1433464818713,-148.209413469289,73.5,73.5,1,104484.0
Sagavanirktok River,81390500091,81390500090521,70.14213098986733,-148.214091227612,90.0,90.0,1,104698.0
Sagavanirktok River,81390500091,81390500090531,70.14144431325859,-148.21879958252296,107.5,107.5,1,104884.0
Sagavanirktok River,81390500091,81390500090541,70.14147471500523,-148.22354999885684,52.5,52.5,1,105074.0
Sagavanirktok River,81390500091,81390500090551,70.14076035255391,-148.22833536267902,84.0,84.0,1,105289.0
Sagavanirktok River,81390500091,81390500090561,70.13929655059344,-148.23141397642328,75.0,75.0,1,105502.0
Sagavanirktok River,81390500091,81390500090571,70.13742422474573,-148.23091834001383,67.0,67.0,1,105693.0
Sagavanirktok River,81390400011,81390400010011,69.96170689802894,-148.67952048653123,453.0,2971.0,5,48539.0
Sagavanirktok River,81390400011,81390400010021,69.96131679061732,-148.68458993809676,421.5,2971.0,5,48723.0
Sagavanirktok River,81390400011,81390400010031,69.96088812086452,-148.68965608888243,324.0,2971.0,3,48939.0
Sagavanirktok River,81390400011,81390400010041,69.96051205960745,-148.69470015677035,348.0,2971.0,3,49125.0
Sagavanirktok River,81390400011,81390400010051,69.95936097641652,-148.69782400114124,310.0,2971.0,3,49315.0
Sagavanirktok River,81390400011,81390400010061,69.95760346521159,-148.698693827203,213.0,2971.0,3,49528.0
Sagavanirktok River,81390400011,81390400010071,69.9558443068191,-148.69973521524506,241.5,2971.0,3,49718.0
Sagavanirktok River,81390400011,81390400010081,69.95409171388224,-148.7000896397169,405.0,2971.0,5,49930.0
Sagavanirktok River,81390400011,81390400010091,69.95235311162685,-148.69898090745673,443.0,2971.0,3,50116.0
Sagavanirktok River,81390400011,81390400010101,69.9506110078918,-148.69823809289483,345.0,2971.0,3,50326.0
Sagavanirktok River,81390400011,81390400010111,69.94872849610432,-148.69810769886513,378.0,2971.0,3,50537.0
Sagavanirktok River,81390400011,81390400010121,69.94697412098604,-148.698648695266,436.5,2971.0,5,50720.0
Sagavanirktok River,81390400011,81390400010131,69.94521867375332,-148.6993015446304,240.0,2971.0,2,50932.0
Sagavanirktok River,81390400011,81390400010141,69.94347093267751,-148.69914843770513,247.5,2971.0,2,51113.0
Sagavanirktok River,81390400011,81390400010151,69.941735601031,-148.69769716230726,237.0,2971.0,3,51338.0
Sagavanirktok River,81390400011,81390400010161,69.94000741548687,-148.69549635124014,237.5,2971.0,4,51540.0
Sagavanirktok River,81390400011,81390400010171,69.93841717254276,-148.692937520259,158.5,2971.0,2,51742.0
Sagavanirktok River,81390400011,81390400010181,69.93681371871745,-148.6917627423297,219.0,2971.0,3,51938.0
Sagavanirktok River,81390400011,81390400010191,69.93531361333604,-148.69386219778832,190.0,2971.0,2,52113.0
Sagavanirktok River,81390400011,81390400010201,69.93381223752219,-148.69609187259172,138.0,2971.0,2,52315.0
Sagavanirktok River,81390400011,81390400010211,69.93204450178426,-148.6980309592806,149.0,2971.0,3,52532.0
Sagavanirktok River,81390400011,81390400010221,69.93028809153604,-148.6987840774216,132.5,2971.0,2,52714.0
Sagavanirktok River,81390400011,81390400010231,69.92866319976116,-148.69985366992324,147.5,2971.0,2,52932.0
Sagavanirktok River,81390400011,81390400010241,69.927152539848,-148.70304251455826,169.0,2971.0,2,53117.0
Sagavanirktok River,81390400011,81390400010251,69.925778679686,-148.70599135184656,192.5,2971.0,2,53314.0
Sagavanirktok River,81390400011,81390400010261,69.92413868719484,-148.70862565376802,187.0,2971.0,2,53538.0
Sagavanirktok River,81390400011,81390400010271,69.92237727823051,-148.7098919305078,136.5,136.5,1,53728.0
Sagavanirktok River,81390400011,81390400010281,69.92074578129187,-148.7116385347622,160.0,160.0,1,53926.0
Sagavanirktok River,81390400011,81390400010291,69.91911426819112,-148.71338487550668,250.5,250.5,1,54120.0
Sagavanirktok River,81390400011,81390400010301,69.91748223324885,-148.7151831072434,249.0,2971.0,3,54316.0
Sagavanirktok River,81390400011,81390400010311,69.91571717376345,-148.71682101947098,229.0,2971.0,3,54532.0
Sagavanirktok River,81390400011,81390400010321,69.91396713664409,-148.71690514069428,271.0,2971.0,3,54727.0
Sagavanirktok River,81390400011,81390400010331,69.91237341569847,-148.714739038803,302.0,2971.0,3,54919.0
Sagavanirktok River,81390400011,81390400010341,69.91064115489739,-148.7129832006021,332.0,2971.0,3,55143.0
Sagavanirktok River,81390400011,81390400010351,69.9089044210258,-148.71168948585014,364.5,2971.0,3,55339.0
Sagavanirktok River,81390400011,81390400010361,69.90740418142748,-148.71377430814,376.0,2971.0,3,55521.0
Sagavanirktok River,81390400011,81390400010371,69.90589690608816,-148.7165835378734,362.0,2971.0,4,55738.0
Sagavanirktok River,81390400011,81390400010381,69.90425953624232,-148.71892780604946,324.5,2971.0,4,55928.0
Sagavanirktok River,81390400011,81390400010391,69.90262617894027,-148.72085465778434,354.5,2971.0,4,56143.0
Sagavanirktok River,81390400011,81390400010401,69.90098799283938,-148.72327641321655,248.0,2971.0,3,56335.0
Sagavanirktok River,81390400011,81390400010411,69.89935737852699,-148.72491597504208,254.0,2971.0,3,56529.0
Sagavanirktok River,81390400011,81390400010421,69.8977247191791,-148.7267637486077,342.5,2971.0,4,56725.0
Sagavanirktok River,81390400011,81390400010431,69.89595918937201,-148.7284363827507,323.0,2971.0,4,56942.0
Sagavanirktok River,81390400011,81390400010441,69.89420823781917,-148.7286125207402,396.5,2971.0,4,57125.0
Sagavanirktok River,81390400011,81390400010451,69.89246222056791,-148.7282824577913,390.0,2971.0,5,57338.0
Sagavanirktok River,81390400011,81390400010461,69.89070647791097,-148.72894978318888,402.5,2971.0,4,57532.0
Sagavanirktok River,81390400011,81390400010471,69.88920578229742,-148.73105762706044,363.0,2971.0,4,57713.0
Sagavanirktok River,81390400011,81390400010481,69.88769950967144,-148.73373296691787,400.0,2971.0,4,57923.0
Sagavanirktok River,81390400011,81390400010491,69.88606089307804,-148.73617804737071,428.5,2971.0,3,58117.0
Sagavanirktok River,81390400011,81390400010501,69.88431634598118,-148.7356987219893,329.0,2971.0,3,58340.0
Sagavanirktok River,81390400011,81390400010511,69.88258690706148,-148.73367569123135,418.0,2971.0,4,58539.0
Sagavanirktok River,81390400011,81390400010521,69.88099490983844,-148.7313553535154,368.0,2971.0,4,58729.0
Sagavanirktok River,81390400011,81390400010531,69.87925140280387,-148.73076865257605,285.0,2971.0,4,58940.0
Sagavanirktok River,81390400011,81390400010541,69.87750865513398,-148.730103965178,216.0,2971.0,3,59122.0
Sagavanirktok River,81390400011,81390400010551,69.87590213168643,-148.72926824178188,242.5,2971.0,3,59318.0
Sagavanirktok River,81390400011,81390400010561,69.874176748198,-148.72682266444536,251.0,2971.0,3,59542.0
Sagavanirktok River,81390400011,81390400010571,69.8724348909672,-148.7260655023606,169.0,2971.0,3,59724.0
Sagavanirktok River,81390400011,81390400010581,69.87069281177664,-148.72533078550734,193.0,2971.0,3,59938.0
Sagavanirktok River,81390400011,81390400010591,69.8689526477256,-148.7243991574927,210.0,210.0,1,60122.0
Sagavanirktok River,81390400011,81390400010601,69.8674889975298,-148.72270616448222,121.0,121.0,1,60327.0
Sagavanirktok River,81390400011,81390400010611,69.8660463586116,-148.7188486153067,169.0,169.0,1,60544.0
Sagavanirktok River,81390400011,81390400010621,69.8644498750333,-148.71697351026265,129.0,129.0,1,60728.0
Sagavanirktok River,81390400011,81390400010631,69.86282259647845,-148.71827253309985,143.0,143.0,1,60935.0
Sagavanirktok River,81390400011,81390400010641,69.86118444353194,-148.72068993455855,171.0,171.0,1,61131.0
Sagavanirktok River,81390400011,81390400010651,69.8595571397654,-148.7219884918568,123.5,2971.0,2,61316.0
Sagavanirktok River,81390400011,81390400010661,69.85779718465689,-148.72309004620007,137.0,2971.0,2,61534.0
Sagavanirktok River,81390400011,81390400010671,69.85603917680929,-148.72399080111015,129.0,129.0,1,61719.0
Sagavanirktok River,81390400011,81390400010681,69.85428869228697,-148.72411870909534,121.0,121.0,1,61929.0
Sagavanirktok River,81390400011,81390400010691,69.8524029253614,-148.72432099405043,123.0,123.0,1,62143.0
Sagavanirktok River,81390400011,81390400010701,69.85065739717751,-148.72394000661254,120.5,120.5,1,62327.0
Sagavanirktok River,81390400011,81390400010711,69.84891201291059,-148.72354420652619,158.0,2971.0,2,62539.0
Sagavanirktok River,81390400011,81390400010721,69.84715765619306,-148.72406946725357,167.0,2971.0,2,62720.0
Sagavanirktok River,81390400011,81390400010731,69.84540829165753,-148.72408220596566,195.0,2971.0,2,62930.0
Sagavanirktok River,81390400011,81390400010741,69.84365766018223,-148.72422489026067,176.5,2971.0,3,63117.0
Sagavanirktok River,81390400011,81390400010751,69.84189435780033,-148.72566700704172,260.0,2971.0,3,63335.0
Sagavanirktok River,81390400011,81390400010761,69.84000750086906,-148.7259804381145,345.0,2971.0,2,63545.0
Sagavanirktok River,81390400011,81390400010771,69.83825813495834,-148.7259930122797,343.5,2971.0,4,63727.0
Sagavanirktok River,81390400011,81390400010781,69.83649942099062,-148.72696322022603,241.0,2971.0,4,63945.0
Sagavanirktok River,81390400011,81390400010791,69.83474037574969,-148.72796668123405,273.0,2971.0,4,64098.0
Sagavanirktok River,81390400031,81390400030011,69.7445486964069,-148.66195701700576,368.0,1897.0,4,75130.0
Sagavanirktok River,81390400031,81390400030021,69.74280955536338,-148.66088845490268,357.0,1897.0,4,75319.0
Sagavanirktok River,81390400031,81390400030031,69.74120973608193,-148.65931328973198,298.5,1897.0,4,75506.0
Sagavanirktok River,81390400031,81390400030041,69.73945902781138,-148.65947180868883,330.0,1897.0,4,75717.0
Sagavanirktok River,81390400031,81390400030051,69.73771193816044,-148.6592460801627,273.0,1897.0,3,75901.0
Sagavanirktok River,81390400031,81390400030061,69.7361130744264,-148.65756799638424,189.5,1897.0,2,76105.0
Sagavanirktok River,81390400031,81390400030071,69.73452294488924,-148.65495925946723,192.0,1897.0,2,76299.0
Sagavanirktok River,81390400031,81390400030081,69.73277959646057,-148.65433502131222,195.0,1897.0,2,76509.0
Sagavanirktok River,81390400031,81390400030091,69.73103170054962,-148.65419473799003,199.0,1897.0,2,76691.0
Sagavanirktok River,81390400031,81390400030101,69.72928831283433,-148.65357437319594,283.0,1897.0,3,76905.0
Sagavanirktok River,81390400031,81390400030111,69.72753049503991,-148.65449030814213,352.5,1897.0,3,77100.0
Sagavanirktok River,81390400031,81390400030121,69.7257674652969,-148.65595998543876,410.0,1897.0,4,77314.0
Sagavanirktok River,81390400031,81390400030131,69.72402370094913,-148.65538025606213,287.0,1897.0,2,77496.0
Sagavanirktok River,81390400031,81390400030141,69.7222766026778,-148.6551550319379,185.0,1897.0,3,77708.0
Sagavanirktok River,81390400031,81390400030151,69.72052346394291,-148.65557218895654,239.5,1897.0,2,77891.0
Sagavanirktok River,81390400031,81390400030161,69.71877948888348,-148.65501477861613,261.0,1897.0,4,78106.0
Sagavanirktok River,81390400031,81390400030171,69.71702152386686,-148.65594491992036,294.0,1897.0,4,78290.0
Sagavanirktok River,81390400031,81390400030181,69.71527445950801,-148.65571605552617,293.0,1897.0,4,78504.0
Sagavanirktok River,81390400031,81390400030191,69.7135273598525,-148.65549090846184,388.5,1897.0,2,78686.0
Sagavanirktok River,81390400031,81390400030201,69.71178234199127,-148.6550443947852,330.0,1897.0,2,78896.0
Sagavanirktok River,81390400031,81390400030211,69.71003270727859,-148.6550886919821,227.0,1897.0,2,79081.0
Sagavanirktok River,81390400031,81390400030221,69.70827022558282,-148.65649807619405,172.0,1897.0,2,79300.0
Sagavanirktok River,81390400031,81390400030231,69.706514476086,-148.65719155172943,150.0,1897.0,3,79482.0
Sagavanirktok River,81390400031,81390400030241,69.70490610544364,-148.65652317463372,181.5,1897.0,2,79671.0
Sagavanirktok River,81390400031,81390400030251,69.70330890740046,-148.65466717113156,259.0,1897.0,3,79867.0
Sagavanirktok River,81390400031,81390400030261,69.70171605543673,-148.65234671821767,293.0,1897.0,3,80066.0
Sagavanirktok River,81390400031,81390400030271,69.69998300705753,-148.6506246603172,300.0,1897.0,2,80290.0
Sagavanirktok River,81390400031,81390400030281,69.6982230881957,-148.6517645528023,413.5,1897.0,2,80477.0
Sagavanirktok River,81390400031,81390400030291,69.69647009191988,-148.65216679954077,276.0,1897.0,4,80689.0
Sagavanirktok River,81390400031,81390400030301,69.69473035893094,-148.65115681187942,281.5,1897.0,4,80875.0
Sagavanirktok River,81390400031,81390400030311,69.69299331799945,-148.64985942189267,310.0,1897.0,4,81089.0
Sagavanirktok River,81390400031,81390400030321,69.69125771826538,-148.64840741203741,289.5,1897.0,3,81281.0
Sagavanirktok River,81390400031,81390400030331,69.68979711010356,-148.6463262609531,280.0,1897.0,4,81463.0
Sagavanirktok River,81390400031,81390400030341,69.68848149909927,-148.6431256842139,254.0,1897.0,3,81671.0
Sagavanirktok River,81390400031,81390400030351,69.68720503047038,-148.63918493114818,233.0,1897.0,3,81871.0
Sagavanirktok River,81390400031,81390400030361,69.68610057974493,-148.63525791435617,212.0,1897.0,3,82067.0
Sagavanirktok River,81390400031,81390400030371,69.68467951530839,-148.63238091973705,285.5,1897.0,3,82255.0
Sagavanirktok River,81390400031,81390400030381,69.68293614105116,-148.63175268268282,285.0,1897.0,4,82468.0
Sagavanirktok River,81390400031,81390400030391,69.68119413159505,-148.6309771598439,214.5,1897.0,4,82650.0
Sagavanirktok River,81390400031,81390400030401,69.6794541681139,-148.62998070729694,289.0,1897.0,4,82867.0
Sagavanirktok River,81390400031,81390400030411,69.67785705510796,-148.62808841550958,334.0,1897.0,4,83058.0
Sagavanirktok River,81390400031,81390400030421,69.6765451125898,-148.6244575343567,307.0,1897.0,4,83258.0
Sagavanirktok River,81390400031,81390400030431,69.67495271833205,-148.62204870747425,375.0,1897.0,6,83473.0
Sagavanirktok River,81390400031,81390400030441,69.67321107095113,-148.6212300794064,332.0,1897.0,5,83654.0
Sagavanirktok River,81390400031,81390400030451,69.67159446573896,-148.6214420639712,327.0,1897.0,6,83848.0
Sagavanirktok River,81390400031,81390400030461,69.67009193363432,-148.62387106691398,317.0,1897.0,2,84044.0
Sagavanirktok River,81390400031,81390400030471,69.66858297291166,-148.62699058929238,242.5,1897.0,2,84272.0
Sagavanirktok River,81390400031,81390400030481,69.66714408560338,-148.63067222662218,254.0,254.0,1,84461.0
Sagavanirktok River,81390400031,81390400030491,69.66620457463826,-148.63485607245582,165.5,165.5,1,84666.0
Sagavanirktok River,81390400031,81390400030501,69.6651080696696,-148.6389345871596,127.0,127.0,1,84863.0
Sagavanirktok River,81390400031,81390400030511,69.66360506034074,-148.6413874022577,136.5,136.5,1,85056.0
Sagavanirktok River,81390400031,81390400030521,69.66198072196771,-148.64242242699217,248.0,1897.0,3,85240.0
Sagavanirktok River,81390400031,81390400030531,69.66051512125244,-148.64087026462943,169.0,1897.0,4,85437.0
Sagavanirktok River,81390400031,81390400030541,69.65893365781142,-148.63731361292284,148.0,1897.0,2,85642.0
Sagavanirktok River,81390400041,81390400040011,69.65706852708027,-148.63531357243696,171.0,2150.0,2,85855.0
Sagavanirktok River,81390400041,81390400040021,69.65533375479411,-148.6337621849275,150.0,2150.0,2,86046.0
Sagavanirktok River,81390400041,81390400040031,69.65387257838957,-148.63172679946325,183.0,2150.0,2,86231.0
Sagavanirktok River,81390400041,81390400040041,69.65242065386441,-148.62869225995317,230.5,2150.0,2,86441.0
Sagavanirktok River,81390400041,81390400040051,69.65083340575535,-148.6257354246122,223.5,2150.0,2,86647.0
Sagavanirktok River,81390400041,81390400040061,69.64909527990118,-148.62453846316697,166.0,2150.0,2,86858.0
Sagavanirktok River,81390400041,81390400040071,69.64734628505356,-148.62451530223998,184.5,2150.0,2,87038.0
Sagavanirktok River,81390400041,81390400040081,69.64559361173345,-148.62488942700847,245.0,2150.0,2,87256.0
Sagavanirktok River,81390400041,81390400040091,69.64383102126187,-148.6263338936001,244.5,2150.0,2,87444.0
Sagavanirktok River,81390400041,81390400040101,69.64208274188027,-148.6262333650424,219.0,2150.0,3,87658.0
Sagavanirktok River,81390400041,81390400040111,69.64033221224908,-148.62637556838874,245.5,2150.0,3,87840.0
Sagavanirktok River,81390400041,81390400040121,69.6385784090617,-148.6268707864527,241.0,2150.0,3,88051.0
Sagavanirktok River,81390400041,81390400040131,69.63683340128611,-148.62641723705602,363.5,2150.0,3,88234.0
Sagavanirktok River,81390400041,81390400040141,69.6350930941585,-148.62545635727773,435.0,2150.0,3,88447.0
Sagavanirktok River,81390400041,81390400040151,69.63321576791387,-148.62476110639696,435.0,2150.0,5,88662.0
Sagavanirktok River,81390400041,81390400040161,69.6314771863332,-148.6236130363674,335.0,2150.0,6,88856.0
Sagavanirktok River,81390400041,81390400040171,69.62984579309061,-148.62541979650823,401.0,2150.0,5,89066.0
Sagavanirktok River,81390400041,81390400040181,69.62820793661255,-148.62792099639816,339.5,2150.0,4,89262.0
Sagavanirktok River,81390400041,81390400040191,69.62659275030313,-148.6279777292839,323.0,2150.0,5,89449.0
Sagavanirktok River,81390400041,81390400040201,69.62499140918445,-148.6265423589437,362.0,2150.0,6,89639.0
Sagavanirktok River,81390400041,81390400040211,69.62325675428781,-148.62497199828258,360.0,2150.0,5,89853.0
Sagavanirktok River,81390400041,81390400040221,69.62137349916499,-148.62491652943245,368.0,2150.0,5,90067.0
Sagavanirktok River,81390400041,81390400040231,69.6196170737964,-148.6256943550621,381.0,2150.0,4,90250.0
Sagavanirktok River,81390400041,81390400040241,69.6178687547746,-148.6255976756444,322.0,2150.0,4,90464.0
Sagavanirktok River,81390400041,81390400040251,69.61611730109198,-148.6258389887378,304.0,2150.0,4,90646.0
Sagavanirktok River,81390400041,81390400040261,69.61437484034757,-148.62511051841338,255.0,2150.0,4,90857.0
Sagavanirktok River,81390400041,81390400040271,69.61248708721575,-148.6255398989197,344.0,2150.0,5,91071.0
Sagavanirktok River,81390400041,81390400040281,69.6108810842093,-148.62460590576492,360.0,2150.0,5,91266.0
Sagavanirktok River,81390400041,81390400040291,69.60943358800036,-148.62108443217014,310.0,2150.0,3,91474.0
Sagavanirktok River,81390400041,81390400040301,69.60783765020335,-148.6190595275155,212.5,2150.0,3,91665.0
Sagavanirktok River,81390400041,81390400040311,69.60623575643801,-148.61767750311986,188.5,2150.0,3,91847.0
Sagavanirktok River,81390400041,81390400040321,69.60449447810193,-148.61681787536514,168.0,2150.0,2,92061.0
Sagavanirktok River,81390400041,81390400040331,69.6027577991598,-148.61545909897947,125.0,2150.0,2,92251.0
Sagavanirktok River,81390400041,81390400040341,69.60102165105526,-148.61404180476237,161.0,2150.0,2,92465.0
Sagavanirktok River,81390400041,81390400040351,69.59928312495937,-148.6128816894039,229.5,2150.0,2,92655.0
Sagavanirktok River,81390400041,81390400040361,69.59769228111627,-148.61029315292794,161.5,2150.0,2,92883.0
Sagavanirktok River,81390400041,81390400040371,69.59610234801853,-148.60760220731495,206.5,2150.0,2,93068.0
Sagavanirktok River,81390400041,81390400040381,69.59449870994888,-148.60640164169345,218.5,2150.0,2,93257.0
Sagavanirktok River,81390400041,81390400040391,69.59276497310496,-148.60471409868128,293.0,2150.0,3,93476.0
Sagavanirktok River,81390400041,81390400040401,69.59102930523052,-148.60323597095496,227.0,2150.0,3,93667.0
Sagavanirktok River,81390400041,81390400040411,69.58957197983182,-148.6007465646397,233.0,2150.0,2,93871.0
Sagavanirktok River,81390400041,81390400040421,69.5882616884175,-148.596885898257,211.0,2150.0,2,94080.0
Sagavanirktok River,81390400041,81390400040431,69.58686680347427,-148.59344082752216,249.5,2150.0,2,94282.0
Sagavanirktok River,81390400041,81390400040441,69.5856247771228,-148.58975065157796,277.0,2150.0,2,94486.0
Sagavanirktok River,81390400041,81390400040451,69.58431913860333,-148.58653922372946,341.0,2150.0,3,94656.0
Sagavanirktok River,81390400041,81390400040461,69.58285813552835,-148.58443173234903,297.5,2150.0,4,94868.0
Sagavanirktok River,81390400041,81390400040471,69.58140861175843,-148.5810511204912,259.0,2150.0,4,95064.0
Sagavanirktok River,81390400041,81390400040481,69.57995351680596,-148.57828195244073,290.0,2150.0,4,95266.0
Sagavanirktok River,81390400041,81390400040491,69.57836053844494,-148.57587801890995,277.0,2150.0,3,95459.0
Sagavanirktok River,81390400041,81390400040501,69.57662666509631,-148.57417590524568,248.0,2150.0,4,95680.0
Sagavanirktok River,81390400041,81390400040511,69.57489172084082,-148.57259138984696,287.0,2150.0,3,95866.0
Sagavanirktok River,81390400041,81390400040521,69.57315550949832,-148.57114646473968,268.0,2150.0,5,96094.0
Sagavanirktok River,81390400041,81390400040531,69.5715613981088,-148.56885894174707,346.0,2150.0,4,96261.0
Sagavanirktok River,81390400041,81390400040541,69.56996701928213,-148.56659816602087,287.0,2150.0,3,96488.0
Sagavanirktok River,81390400041,81390400040551,69.56823338123557,-148.56486081402053,203.0,2150.0,2,96672.0
Sagavanirktok River,81390400041,81390400040561,69.56648983118711,-148.56423062029413,245.0,2150.0,2,96887.0
Sagavanirktok River,81390400041,81390400040571,69.56475151840654,-148.56301415984905,176.5,2150.0,2,97070.0
Sagavanirktok River,81390400041,81390400040581,69.5630110371139,-148.56203975690056,195.0,2150.0,2,97288.0
Sagavanirktok River,81390400041,81390400040591,69.56127718576427,-148.56032168486146,215.0,2150.0,2,97494.0
Sagavanirktok River,81390400041,81390400040601,69.55982339678181,-148.5573718876598,317.0,2150.0,3,97676.0
Sagavanirktok River,81390400041,81390400040611,69.55836736968243,-148.55466869794463,237.0,2150.0,4,97890.0
Sagavanirktok River,81390400041,81390400040621,69.55677565247767,-148.5520894510662,260.5,2150.0,3,98082.0
Sagavanirktok River,81390400041,81390400040631,69.55517480370204,-148.55053628953516,224.5,2150.0,3,98269.0
Sagavanirktok River,81390400041,81390400040641,69.55344018762585,-148.54889304202973,258.0,2150.0,2,98500.0
Sagavanirktok River,81390400041,81390400040651,69.55198508140406,-148.5460718320179,285.5,2150.0,4,98670.0
Sagavanirktok River,81390400041,81390400040661,69.55080545476685,-148.5425232890196,212.0,2150.0,4,98878.0
Sagavanirktok River,81390400041,81390400040671,69.54935750180563,-148.5388788637471,236.0,2150.0,4,99095.0
Sagavanirktok River,81390400041,81390400040681,69.54776622330647,-148.53622498306524,241.5,2150.0,4,99288.0
Sagavanirktok River,81390400041,81390400040691,69.54603002374364,-148.53474823641568,284.0,2150.0,4,99504.0
Sagavanirktok River,81390400041,81390400040701,69.54429371423244,-148.53328271553218,329.0,2150.0,4,99690.0
Sagavanirktok River,81390400041,81390400040711,69.54254988188579,-148.532674118718,315.0,2150.0,5,99902.0
Sagavanirktok River,81390400041,81390400040721,69.54080700912637,-148.5319558084481,302.5,2150.0,5,100083.0
Sagavanirktok River,81390400041,81390400040731,69.53906028376502,-148.53167686748301,360.0,2150.0,5,100293.0
Sagavanirktok River,81390400041,81390400040741,69.53731535312501,-148.53119301444713,327.5,2150.0,4,100487.0
Sagavanirktok River,81390400041,81390400040751,69.53558259939108,-148.5293184795969,315.0,2150.0,5,100702.0
Sagavanirktok River,81390400041,81390400040761,69.53383490774696,-148.52914960703774,269.5,2150.0,4,100884.0
Sagavanirktok River,81390400041,81390400040771,69.5320816418711,-148.52961749132373,343.0,2150.0,4,101095.0
Sagavanirktok River,81390400041,81390400040781,69.53019890550513,-148.5295048865014,195.0,2150.0,3,101305.0
Sagavanirktok River,81390400041,81390400040791,69.52845082834214,-148.52937995908124,195.0,2150.0,2,101485.0
Sagavanirktok River,81390400041,81390400040801,69.52669871417949,-148.52971599976868,203.0,2150.0,2,101699.0
Sagavanirktok River,81390400041,81390400040811,69.52494121444947,-148.530666548669,365.0,2150.0,2,101886.0
Sagavanirktok River,81390400041,81390400040821,69.52317985919812,-148.5320558686954,285.0,2150.0,3,102106.0
Sagavanirktok River,81390400041,81390400040831,69.52142372750174,-148.53284881369132,287.0,2150.0,3,102298.0
Sagavanirktok River,81390400041,81390400040841,69.51996591304994,-148.53031089936405,233.0,2150.0,3,102510.0
Sagavanirktok River,81390400041,81390400040851,69.51865216121344,-148.5266821498604,254.0,2150.0,3,102702.0
Sagavanirktok River,81390400041,81390400040861,69.51719582514175,-148.52396577788627,318.0,2150.0,4,102895.0
Sagavanirktok River,81390400041,81390400040871,69.51544793277124,-148.52381944521338,331.0,2150.0,5,103106.0
Sagavanirktok River,81390400041,81390400040881,69.51370523964479,-148.5230771935778,359.5,2150.0,5,103289.0
Sagavanirktok River,81390400041,81390400040891,69.51196496562154,-148.522057219355,331.0,2150.0,3,103505.0
Sagavanirktok River,81390400041,81390400040901,69.51022847529491,-148.5206023962577,273.0,2150.0,2,103692.0
Sagavanirktok River,81390400041,81390400040911,69.50849190869677,-148.5191551218933,251.0,2150.0,2,103909.0
Sagavanirktok River,81390400041,81390400040921,69.50673987361819,-148.51948438267289,244.5,2150.0,3,104096.0
Sagavanirktok River,81390400041,81390400040931,69.50498904693617,-148.51967474674052,276.0,2150.0,2,104313.0
Sagavanirktok River,81390400041,81390400040941,69.50339080404271,-148.51779305986975,214.0,2150.0,2,104493.0
Sagavanirktok River,81390400041,81390400040951,69.50207038943502,-148.51490458093465,190.0,190.0,1,104689.0
Sagavanirktok River,81390400041,81390400040961,69.50074758069032,-148.510511408878,162.0,2150.0,2,104908.0
Sagavanirktok River,81390400051,81390400050011,69.49917567834126,-148.5073515772128,217.0,1200.0,2,105153.0
Sagavanirktok River,81390400051,81390400050021,69.49742246281377,-148.5078205103755,181.0,1200.0,3,105335.0
Sagavanirktok River,81390400051,81390400050031,69.49566716083245,-148.50853047039007,327.0,1200.0,4,105553.0
Sagavanirktok River,81390400051,81390400050041,69.49390613434491,-148.50990147794266,354.5,1200.0,4,105742.0
Sagavanirktok River,81390400051,81390400050051,69.49228364840678,-148.51081056837484,293.5,1200.0,5,105926.0
Sagavanirktok River,81390400051,81390400050061,69.4905254533937,-148.511852473569,224.0,1200.0,5,106141.0
Sagavanirktok River,81390400051,81390400050071,69.48876528633267,-148.51312061901,220.0,1200.0,4,106356.0
Sagavanirktok River,81390400051,81390400050081,69.48725695185523,-148.51637506988368,148.0,1200.0,3,106552.0
Sagavanirktok River,81390400051,81390400050091,69.48575363676063,-148.51904630527932,205.5,1200.0,4,106754.0
Sagavanirktok River,81390400051,81390400050101,69.4842542932898,-148.5212571208057,238.0,1200.0,3,106940.0
Sagavanirktok River,81390400051,81390400050111,69.48303761345291,-148.52499135237207,212.0,1200.0,3,107148.0
Sagavanirktok River,81390400051,81390400050121,69.48233394271553,-148.52954422218568,189.5,1200.0,3,107333.0
Sagavanirktok River,81390400051,81390400050131,69.48179174022347,-148.5340827584437,133.0,1200.0,2,107533.0
Sagavanirktok River,81390400051,81390400050141,69.48048010535908,-148.53736414452896,129.0,1200.0,2,107728.0
Sagavanirktok River,81390400051,81390400050151,69.4788549970548,-148.53855166175535,145.5,1200.0,3,107924.0
Sagavanirktok River,81390400051,81390400050161,69.47708793104782,-148.54057612082292,230.0,1200.0,2,108145.0
Sagavanirktok River,81390400051,81390400050171,69.47532859107058,-148.54172435090626,177.5,1200.0,2,108337.0
Sagavanirktok River,81390400051,81390400050181,69.47356833943628,-148.54297458017942,112.0,1200.0,2,108549.0
Sagavanirktok River,81390400051,81390400050191,69.47182113374583,-148.5427504185135,138.5,1200.0,2,108736.0
Sagavanirktok River,81390400051,81390400050201,69.47008380674866,-148.54140978374252,130.0,1200.0,2,108949.0
Sagavanirktok River,81390400051,81390400050211,69.4683378567636,-148.5410434922139,154.0,1200.0,2,109132.0
Sagavanirktok River,81390400051,81390400050221,69.46673462774866,-148.53975299700915,98.0,1200.0,2,109325.0
Sagavanirktok River,81390400051,81390400050231,69.46499724441925,-148.53841656927034,123.0,1200.0,2,109537.0
Sagavanirktok River,81390400051,81390400050241,69.4631104413875,-148.53876317727537,210.0,1200.0,2,109755.0
Sagavanirktok River,81390400051,81390400050251,69.46135952353764,-148.53895890291736,128.5,1200.0,2,109937.0
Sagavanirktok River,81390400051,81390400050261,69.45961620715292,-148.53829392607923,180.0,1200.0,2,110151.0
Sagavanirktok River,81390400051,81390400050271,69.45786673825285,-148.53832554679397,163.0,1200.0,3,110337.0
Sagavanirktok River,81390400051,81390400050281,69.4561067011877,-148.53955316487398,202.0,1200.0,3,110553.0
Sagavanirktok River,81390400051,81390400050291,69.45435455615355,-148.53988731489935,250.5,1200.0,3,110735.0
Sagavanirktok River,81390400051,81390400050301,69.45260589167967,-148.53982767909923,137.0,1200.0,2,110949.0
Sagavanirktok River,81390400051,81390400050311,69.45086831076696,-148.53851401692143,116.5,1200.0,2,111143.0
Sagavanirktok River,81390400051,81390400050321,69.44927609120454,-148.5359744796377,52.5,52.5,1,111350.0
Sagavanirktok River,81390400051,81390400050331,69.44767844270973,-148.53404764644995,48.0,48.0,1,111537.0
Sagavanirktok River,81390400051,81390400050341,69.44593940481703,-148.53289511750322,127.0,127.0,1,111756.0
Sagavanirktok River,81390400051,81390400050351,69.44434340354782,-148.5307771362016,84.0,84.0,1,111950.0
Sagavanirktok River,81390400051,81390400050361,69.44306217309835,-148.52713285749786,127.0,127.0,1,112150.0
Sagavanirktok River,81390400051,81390400050371,69.44195513099147,-148.52325633202142,84.0,84.0,1,112346.0
Sagavanirktok River,81390400051,81390400050381,69.44053348549059,-148.52026655194422,71.0,71.0,1,112539.0
Sagavanirktok River,81390400051,81390400050391,69.43892742428774,-148.51928532299345,67.0,67.0,1,112723.0
Sagavanirktok River,81390400051,81390400050401,69.43730537696727,-148.5211611115387,105.0,1200.0,2,112954.0
Sagavanirktok River,81390400051,81390400050411,69.43598638085302,-148.52509941989294,84.0,1200.0,2,113154.0
Sagavanirktok River,81390400051,81390400050421,69.4348105040017,-148.52846057720902,158.5,1200.0,2,113324.0
Sagavanirktok River,81390400051,81390400050431,69.43356664644666,-148.53219921998252,169.0,1200.0,3,113558.0
Sagavanirktok River,81390400051,81390400050441,69.43218757059196,-148.536004335333,254.0,1200.0,3,113751.0
Sagavanirktok River,81390400051,81390400050451,69.43081612332524,-148.5389370526008,221.0,1200.0,3,113936.0
Sagavanirktok River,81390400051,81390400050461,69.42931187531735,-148.54166601371367,250.0,1200.0,3,114146.0
Sagavanirktok River,81390400051,81390400050471,69.42768062864133,-148.5435386723466,225.5,1200.0,3,114332.0
Sagavanirktok River,81390400051,81390400050481,69.42592426967171,-148.5443454325527,149.0,1200.0,2,114545.0
Sagavanirktok River,81390400051,81390400050491,69.42417178704858,-148.54471516262433,134.5,1200.0,2,114734.0
Sagavanirktok River,81390400051,81390400050501,69.42257287050921,-148.54294286885508,152.5,1200.0,2,114925.0
Sagavanirktok River,81390400051,81390400050511,69.4208237820375,-148.54293039915333,140.0,1200.0,2,115108.0
Sagavanirktok River,81390400061,81390400060011,69.4190647089567,-148.54404270967967,154.5,154.5,1,115321.0
Sagavanirktok River,81390400061,81390400060021,69.41755793305768,-148.54704500277546,84.0,84.0,1,115517.0
Sagavanirktok River,81390400061,81390400060031,69.41618548366765,-148.55006674949013,87.0,87.0,1,115694.0
Sagavanirktok River,81390400061,81390400060041,69.41485821189677,-148.55304548053655,69.0,69.0,1,115908.0
Sagavanirktok River,81390400061,81390400060051,69.41330988132454,-148.55566122976202,73.5,73.5,1,116136.0
Sagavanirktok River,81390400061,81390400060061,69.41183276581258,-148.55833272116672,75.0,1187.0,2,116308.0
Sagavanirktok River,81390400061,81390400060071,69.41083378373173,-148.5626951611255,90.0,1187.0,2,116508.0
Sagavanirktok River,81390400061,81390400060081,69.41005011627666,-148.56684349703724,136.0,1187.0,2,116689.0
Sagavanirktok River,81390400061,81390400060091,69.40886653287329,-148.57096235557415,127.0,127.0,1,116921.0
Sagavanirktok River,81390400061,81390400060101,69.40781194297033,-148.5750902252526,105.0,105.0,1,117093.0
Sagavanirktok River,81390400061,81390400060111,69.40693474796016,-148.57923068538204,86.5,86.5,1,117295.0
Sagavanirktok River,81390400061,81390400060121,69.40636706496144,-148.58415803494842,94.0,94.0,1,117507.0
Sagavanirktok River,81390400061,81390400060131,69.40642291034438,-148.5891311387425,147.5,147.5,1,117704.0
Sagavanirktok River,81390400061,81390400060141,69.40696012366651,-148.59413987884477,183.0,1187.0,3,117920.0
Sagavanirktok River,81390400061,81390400060151,69.40730894507372,-148.59913489389376,137.5,1187.0,2,118102.0
Sagavanirktok River,81390400061,81390400060161,69.40725294485743,-148.60409992230115,175.0,1187.0,3,118320.0
Sagavanirktok River,81390400061,81390400060171,69.40660772489458,-148.60902092934182,139.0,1187.0,2,118514.0
Sagavanirktok River,81390400061,81390400060181,69.40586956955352,-148.61317024466314,223.0,1187.0,3,118689.0
Sagavanirktok River,81390400061,81390400060191,69.40501250164728,-148.61769255992016,267.0,1187.0,5,118912.0
Sagavanirktok River,81390400061,81390400060201,69.40468704881822,-148.622636772948,294.5,1187.0,4,119099.0
Sagavanirktok River,81390400061,81390400060211,69.40405256338263,-148.6271752850598,287.0,1187.0,3,119298.0
Sagavanirktok River,81390400061,81390400060221,69.40314006992007,-148.6316924854792,236.5,1187.0,3,119522.0
Sagavanirktok River,81390400061,81390400060231,69.4019764734255,-148.63580809780123,190.0,190.0,1,119706.0
Sagavanirktok River,81390400061,81390400060241,69.40077993364719,-148.63941124377433,132.5,132.5,1,119912.0
Sagavanirktok River,81390400061,81390400060251,69.39978885195013,-148.64366652944054,191.0,191.0,1,120112.0
Sagavanirktok River,81390400061,81390400060261,69.39895660870631,-148.64818831043064,84.0,1187.0,2,120311.0
Sagavanirktok River,81390400061,81390400060271,69.39832145829543,-148.65272487439785,93.5,1187.0,2,120497.0
Sagavanirktok River,81390400061,81390400060281,69.3979924469934,-148.65766680853602,142.0,1187.0,2,120709.0
Sagavanirktok River,81390400061,81390400060291,69.39767994664055,-148.66260986432152,194.0,1187.0,2,120899.0
Sagavanirktok River,81390400061,81390400060301,69.3968830681924,-148.66713323490288,95.0,1187.0,2,121106.0
Sagavanirktok River,81390400061,81390400060311,69.39607857855772,-148.67150287899298,141.0,1187.0,2,121290.0
Sagavanirktok River,81390400061,81390400060321,69.39504692694048,-148.6750446063977,127.0,127.0,1,121486.0
Sagavanirktok River,81390400061,81390400060331,69.39370022826371,-148.67906063568287,84.0,84.0,1,121694.0
Sagavanirktok River,81390400061,81390400060341,69.39255200616122,-148.6827656951893,84.0,84.0,1,121913.0
Sagavanirktok River,81390400061,81390400060351,69.39130399689876,-148.68694640740523,84.0,84.0,1,122102.0
Sagavanirktok River,81390400061,81390400060361,69.39040801322409,-148.69107785891944,42.0,42.0,1,122307.0
Sagavanirktok River,81390400061,81390400060371,69.3892678095498,-148.6948536615104,80.0,80.0,1,122492.0
Sagavanirktok River,81390400061,81390400060381,69.38777457616827,-148.6971092516436,91.5,1187.0,2,122668.0
Sagavanirktok River,81390400061,81390400060391,69.38635132696388,-148.69980501313512,105.0,1187.0,2,122898.0
Sagavanirktok River,81390400061,81390400060401,69.38519450718817,-148.70407806445814,123.0,123.0,1,123111.0
Sagavanirktok River,81390400061,81390400060411,69.38444091411971,-148.70846551558785,54.0,54.0,1,123290.0
Sagavanirktok River,81390400061,81390400060421,69.38305099986378,-148.711323522519,60.5,60.5,1,123501.0
Sagavanirktok River,81390400061,81390400060431,69.38140790575623,-148.71419667948012,58.5,58.5,1,123712.0
Sagavanirktok River,81390400061,81390400060441,69.37990611218581,-148.71638327582,54.0,54.0,1,123888.0
Sagavanirktok River,81390400061,81390400060451,69.37827175461685,-148.71836486504532,42.0,42.0,1,124107.0
Sagavanirktok River,81390400061,81390400060461,69.37652521221861,-148.7180839827141,79.0,79.0,1,124288.0
Sagavanirktok River,81390400061,81390400060471,69.37477737485834,-148.71793389188232,63.0,63.0,1,124501.0
Sagavanirktok River,81390400061,81390400060481,69.37302328207977,-148.71841579970513,65.0,65.0,1,124683.0
Sagavanirktok River,81390400061,81390400060491,69.37127026656084,-148.71878867793959,120.0,1187.0,2,124895.0
Sagavanirktok River,81390400061,81390400060501,69.36938613739987,-148.71881306921097,123.0,123.0,1,125108.0
Sagavanirktok River,81390400061,81390400060511,69.36749337444141,-148.71970890184656,89.0,89.0,1,125297.0
Sagavanirktok River,81390400071,81390400070011,69.36572707032339,-148.72142132281363,71.0,71.0,1,125525.0
Sagavanirktok River,81390400071,81390400070021,69.36408810173172,-148.72385938901422,94.0,94.0,1,125737.0
Sagavanirktok River,81390400071,81390400070031,69.36245542167023,-148.72566182650633,80.0,80.0,1,125924.0
Sagavanirktok River,81390400071,81390400070041,69.36082879172763,-148.7268541571677,67.0,67.0,1,126113.0
Sagavanirktok River,81390400071,81390400070051,69.35907026376358,-148.72777785469347,36.0,36.0,1,126325.0
Sagavanirktok River,81390400071,81390400070061,69.35732481746741,-148.72738759979714,46.5,46.5,1,126509.0
Sagavanirktok River,81390400071,81390400070071,69.35558760573794,-148.72616998687047,77.0,1224.0,2,126724.0
Sagavanirktok River,81390400071,81390400070081,69.35384233576586,-148.72576177238145,111.5,1224.0,2,126909.0
Sagavanirktok River,81390400071,81390400070091,69.35209995177752,-148.7250633500837,75.0,1224.0,2,127119.0
Sagavanirktok River,81390400071,81390400070101,69.35021776727815,-148.72489127619272,78.0,1224.0,2,127330.0
Sagavanirktok River,81390400071,81390400070111,69.34847642441598,-148.72408784570572,94.0,1224.0,2,127515.0
Sagavanirktok River,81390400071,81390400070121,69.34687933675683,-148.72230857736847,79.5,1224.0,2,127713.0
Sagavanirktok River,81390400071,81390400070131,69.34514277144622,-148.7210230406429,113.0,1224.0,2,127925.0
Sagavanirktok River,81390400071,81390400070141,69.34340083329754,-148.72027814356917,117.0,1224.0,2,128112.0
Sagavanirktok River,81390400071,81390400070151,69.34180295017192,-148.7185757369952,123.0,1224.0,2,128311.0
Sagavanirktok River,81390400071,81390400070161,69.34035111718451,-148.7157114598957,148.0,1224.0,3,128515.0
Sagavanirktok River,81390400071,81390400070171,69.3392089844709,-148.711459645216,210.0,1224.0,4,128726.0
Sagavanirktok River,81390400071,81390400070181,69.33837557085646,-148.70682114031015,232.5,1224.0,2,128928.0
Sagavanirktok River,81390400071,81390400070191,69.33762793426158,-148.70257078599204,132.0,1224.0,2,129102.0
Sagavanirktok River,81390400071,81390400070201,69.33658737741035,-148.69890734358592,132.5,1224.0,2,129303.0
Sagavanirktok River,81390400071,81390400070211,69.3348655536419,-148.6988482402043,155.0,155.0,1,129522.0
Sagavanirktok River,81390400071,81390400070221,69.33312131325984,-148.69833025607167,63.0,63.0,1,129703.0
Sagavanirktok River,81390400071,81390400070231,69.33137749657577,-148.69776886735548,93.0,93.0,1,129917.0
Sagavanirktok River,81390400071,81390400070241,69.3296266118243,-148.69792887115787,69.0,1224.0,2,130102.0
Sagavanirktok River,81390400071,81390400070251,69.3280203054275,-148.69706646149504,85.5,1224.0,2,130292.0
Sagavanirktok River,81390400071,81390400070261,69.32642913500605,-148.69465665630852,118.0,1224.0,2,130519.0
Sagavanirktok River,81390400071,81390400070271,69.32498254939108,-148.69121763283584,381.0,1224.0,2,130708.0
Sagavanirktok River,81390400071,81390400070281,69.32352205137744,-148.6891995529809,280.5,1224.0,4,130907.0
Sagavanirktok River,81390400071,81390400070291,69.3218902180548,-148.69095051542686,380.0,1224.0,3,131101.0
Sagavanirktok River,81390400071,81390400070301,69.32013074010395,-148.69199145154062,339.0,1224.0,5,131313.0
Sagavanirktok River,81390400071,81390400070311,69.31838237047779,-148.6918946390255,330.5,1224.0,5,131497.0
Sagavanirktok River,81390400071,81390400070321,69.31675125226063,-148.69356890376005,306.0,1224.0,5,131713.0
Sagavanirktok River,81390400071,81390400070331,69.31511217691249,-148.69605433522875,245.0,1224.0,4,131910.0
Sagavanirktok River,81390400071,81390400070341,69.31361438660322,-148.6978501596939,355.0,1224.0,6,132086.0
Sagavanirktok River,81390400071,81390400070351,69.3122417262603,-148.70060447112965,508.0,1224.0,6,132290.0
Sagavanirktok River,81390400071,81390400070361,69.31072857978451,-148.70395628192432,503.0,1224.0,6,132507.0
Sagavanirktok River,81390400071,81390400070371,69.30909285414964,-148.7060853608531,386.0,1224.0,6,132693.0
Sagavanirktok River,81390400071,81390400070381,69.3074703500019,-148.70687072106932,386.0,1224.0,5,132880.0
Sagavanirktok River,81390400071,81390400070391,69.30583683694317,-148.70877113370133,343.5,1224.0,3,133091.0
Sagavanirktok River,81390400071,81390400070401,69.30406766653594,-148.71078013297287,311.0,1224.0,4,133308.0
Sagavanirktok River,81390400071,81390400070411,69.30231411838507,-148.71120681708746,337.5,1224.0,4,133488.0
Sagavanirktok River,81390400071,81390400070421,69.30056593709666,-148.71109044897375,253.0,1224.0,4,133699.0
Sagavanirktok River,81390400071,81390400070431,69.29881066881626,-148.71169076305227,273.5,1224.0,4,133884.0
Sagavanirktok River,81390400071,81390400070441,69.29706205746166,-148.71161782485635,330.0,1224.0,4,134099.0
Sagavanirktok River,81390400071,81390400070451,69.295317991339,-148.71108526368823,288.5,1224.0,4,134284.0
Sagavanirktok River,81390400071,81390400070461,69.29355817560477,-148.71214500917017,197.0,1224.0,3,134503.0
Sagavanirktok River,81390400071,81390400070471,69.29179448354182,-148.71359537044887,176.0,1224.0,2,134695.0
Sagavanirktok River,81390400071,81390400070481,69.29016416257883,-148.7151646823195,204.0,1224.0,2,134885.0
Sagavanirktok River,81390400071,81390400070491,69.28855241345407,-148.71485973856758,189.0,189.0,1,135082.0
Sagavanirktok River,81390400071,81390400070501,69.28678984708883,-148.71619378124333,121.0,1224.0,2,135298.0
Sagavanirktok River,81390400071,81390400070511,69.2850316157392,-148.71708993370362,88.0,1224.0,2,135485.0
Sagavanirktok River,81390400071,81390400070521,69.28359729064313,-148.71897302609534,75.0,1224.0,2,135669.0
Sagavanirktok River,81390400071,81390400070531,69.28240975124483,-148.7225578686549,127.0,1224.0,2,135877.0
Sagavanirktok River,81390400071,81390400070541,69.28104881940547,-148.7262501381787,148.0,1224.0,3,136081.0
Sagavanirktok River,81390400071,81390400070551,69.2798827820264,-148.73028323837957,205.0,1224.0,3,136289.0
Sagavanirktok River,81390400071,81390400070561,69.27974054735952,-148.7348863737558,73.5,73.5,1,136484.0
Sagavanirktok River,81390400081,81390400080011,69.27881270785528,-148.738840153718,85.5,85.5,1,136687.0
Sagavanirktok River,81390400081,81390400080021,69.2774572438371,-148.7419536883406,132.0,1110.0,2,136872.0
Sagavanirktok River,81390400081,81390400080031,69.27634053397658,-148.74558252752362,120.5,1110.0,2,137069.0
Sagavanirktok River,81390400081,81390400080041,69.27464015309243,-148.7469509453929,127.0,1110.0,2,137280.0
Sagavanirktok River,81390400081,81390400080051,69.27288874343962,-148.74715361562244,180.0,1110.0,3,137466.0
Sagavanirktok River,81390400081,81390400080061,69.27112739276201,-148.7483394975938,135.0,1110.0,3,137683.0
Sagavanirktok River,81390400081,81390400080071,69.26938288966727,-148.74785888854586,211.5,1110.0,3,137866.0
Sagavanirktok River,81390400081,81390400080081,69.26764006559412,-148.7472120882435,233.0,1110.0,3,138046.0
Sagavanirktok River,81390400081,81390400080091,69.2658949373464,-148.74679308347746,201.0,1110.0,3,138232.0
Sagavanirktok River,81390400081,81390400080101,69.26415820425402,-148.74554299271435,294.0,1110.0,3,138444.0
Sagavanirktok River,81390400081,81390400080111,69.26227164370813,-148.74580352266523,248.0,1110.0,2,138657.0
Sagavanirktok River,81390400081,81390400080121,69.26051691065273,-148.74633497329378,112.0,1110.0,2,138844.0
Sagavanirktok River,81390400081,81390400080131,69.25875757363788,-148.74732155552033,159.0,1110.0,3,139057.0
Sagavanirktok River,81390400081,81390400080141,69.25700363971409,-148.7477733351549,203.0,1110.0,3,139241.0
Sagavanirktok River,81390400081,81390400080151,69.2554044706474,-148.74622747512805,311.0,1110.0,2,139441.0
Sagavanirktok River,81390400081,81390400080161,69.25367229118984,-148.74452654319563,226.0,1110.0,3,139653.0
Sagavanirktok River,81390400081,81390400080171,69.251927992007,-148.7440249606687,231.0,1110.0,3,139838.0
Sagavanirktok River,81390400081,81390400080181,69.25032521832982,-148.74283364831925,368.5,1110.0,3,140022.0
Sagavanirktok River,81390400081,81390400080191,69.2487017775366,-148.74368999998933,424.5,1110.0,5,140227.0
Sagavanirktok River,81390400081,81390400080201,69.24706505324708,-148.7458605970022,370.0,1110.0,5,140426.0
Sagavanirktok River,81390400081,81390400080211,69.24529782754502,-148.74762649983123,342.0,1110.0,5,140644.0
Sagavanirktok River,81390400081,81390400080221,69.24354027256916,-148.74843540130533,394.0,1110.0,4,140827.0
Sagavanirktok River,81390400081,81390400080231,69.24191501234786,-148.74946797564237,361.0,1110.0,3,141021.0
Sagavanirktok River,81390400081,81390400080241,69.24014698034891,-148.7513089686543,322.0,1110.0,3,141246.0
Sagavanirktok River,81390400081,81390400080251,69.23837914878689,-148.7531280115742,214.5,1110.0,3,141439.0
Sagavanirktok River,81390400081,81390400080261,69.23675540169877,-148.75400842471552,312.0,1110.0,3,141628.0
Sagavanirktok River,81390400081,81390400080271,69.23512240140282,-148.75579812004977,132.0,1110.0,2,141828.0
Sagavanirktok River,81390400081,81390400080281,69.23336605662038,-148.75648331626797,129.0,1110.0,2,142042.0
Sagavanirktok River,81390400081,81390400080291,69.23162318395096,-148.7558441403821,61.5,1110.0,2,142225.0
Sagavanirktok River,81390400081,81390400080301,69.229999164494,-148.75674932661914,116.5,1110.0,2,142415.0
Sagavanirktok River,81390400081,81390400080311,69.22836536338035,-148.7586140285042,203.5,1110.0,2,142629.0
Sagavanirktok River,81390400081,81390400080321,69.22672072125447,-148.76153904849411,223.5,1110.0,4,142836.0
Sagavanirktok River,81390400081,81390400080331,69.22509796295572,-148.7623173855186,211.5,1110.0,3,143020.0
Sagavanirktok River,81390400081,81390400080341,69.22336111156636,-148.7610900840486,256.0,1110.0,3,143234.0
Sagavanirktok River,81390400081,81390400080351,69.22161884287715,-148.76039313624463,219.5,1110.0,4,143421.0
Sagavanirktok River,81390400081,81390400080361,69.21998732273649,-148.76202965093623,384.0,1110.0,4,143632.0
Sagavanirktok River,81390400091,81390400090011,69.218480746489,-148.76460576162054,366.0,1110.0,5,143808.0
Sagavanirktok River,81390400091,81390400090021,69.21697351080223,-148.76724208562365,188.0,1110.0,3,144016.0
Sagavanirktok River,81390400091,81390400090031,69.21534192902136,-148.7688777644303,225.0,1110.0,3,144205.0
Sagavanirktok River,81390400091,81390400090041,69.21370333232589,-148.77119456811255,226.0,1110.0,3,144429.0
Sagavanirktok River,81390400091,81390400090051,69.21206496907418,-148.77348581916795,175.5,1110.0,3,144615.0
Sagavanirktok River,81390400091,81390400090061,69.21031411372105,-148.77362816299825,234.0,1110.0,2,144829.0
Sagavanirktok River,81390400091,81390400090071,69.20855873430621,-148.7742102180406,202.0,1110.0,2,145010.0
Sagavanirktok River,81390400091,81390400090081,69.20694110946437,-148.77448237056373,187.5,1110.0,2,145201.0
Sagavanirktok River,81390400091,81390400090091,69.20530737785833,-148.77631855902243,188.5,1110.0,3,145405.0
Sagavanirktok River,81390400091,81390400090101,69.20366556061843,-148.77893645503298,235.5,1110.0,3,145622.0
Sagavanirktok River,81390400091,81390400090111,69.20205268209416,-148.7813543840151,252.0,1110.0,3,145806.0
Sagavanirktok River,81390400091,81390400090121,69.20088829906815,-148.78464171073327,324.5,1110.0,4,146020.0
Sagavanirktok River,81390400091,81390400090131,69.19966636430436,-148.78828240989054,132.0,1110.0,3,146197.0
Sagavanirktok River,81390400091,81390400090141,69.19803235377728,-148.7901299312359,187.0,1110.0,3,146424.0
Sagavanirktok River,81390400091,81390400090151,69.19626287953955,-148.79206121903331,164.5,1110.0,2,146618.0
Sagavanirktok River,81390400091,81390400090161,69.19462843795237,-148.79394563068504,111.0,1110.0,2,146817.0
Sagavanirktok River,81390400091,81390400090171,69.19299450177776,-148.79577933898702,205.5,1110.0,2,147016.0
Sagavanirktok River,81390400091,81390400090181,69.19149110752133,-148.79799698469955,258.0,1110.0,2,147198.0
Sagavanirktok River,81390400091,81390400090191,69.18985342789117,-148.8001844933269,259.0,1110.0,2,147416.0
Sagavanirktok River,81390400091,81390400090201,69.18809916369624,-148.80064866053715,283.0,1110.0,3,147598.0
Sagavanirktok River,81390400091,81390400090211,69.18647280029425,-148.8017503655835,254.0,1110.0,3,147800.0
Sagavanirktok River,81390400091,81390400090221,69.18470779554852,-148.80324045480884,277.0,1110.0,2,148011.0
Sagavanirktok River,81390400091,81390400090231,69.18295457744286,-148.80360345593706,208.0,1110.0,3,148194.0
Sagavanirktok River,81390400091,81390400090241,69.18120248937623,-148.80385841398123,305.0,1110.0,3,148407.0
Sagavanirktok River,81390400091,81390400090251,69.17946325159261,-148.80288588949836,287.0,1110.0,3,148592.0
Sagavanirktok River,81390400091,81390400090261,69.17771775644714,-148.80251097698215,278.0,1110.0,4,148813.0
Sagavanirktok River,81390400091,81390400090271,69.175952403987,-148.80403279474103,195.0,1110.0,4,149002.0
Sagavanirktok River,81390400091,81390400090281,69.1741966192239,-148.80464031473454,270.0,1110.0,3,149212.0
Sagavanirktok River,81390400091,81390400090291,69.17244339651226,-148.80500303554004,247.5,1110.0,2,149395.0
Sagavanirktok River,81390400091,81390400090301,69.17082017476359,-148.80580140727747,203.5,1110.0,2,149591.0
Sagavanirktok River,81390400091,81390400090311,69.16918346782481,-148.8078840898732,395.0,1110.0,3,149790.0
Sagavanirktok River,81390400091,81390400090321,69.16741500556303,-148.80969628697508,436.0,1110.0,3,150011.0
Sagavanirktok River,81390400091,81390400090331,69.16565484984996,-148.81071680481458,264.5,1110.0,2,150193.0
Sagavanirktok River,81390400091,81390400090341,69.16390558674671,-148.81070123249114,255.0,1110.0,2,150404.0
Sagavanirktok River,81390400091,81390400090351,69.16216460666617,-148.80989799307181,221.5,1110.0,2,150588.0
Sagavanirktok River,81390400091,81390400090361,69.1604270240752,-148.80877120654148,233.0,1110.0,2,150802.0
Sagavanirktok River,81390400091,81390400090371,69.15868150076793,-148.8083997671823,354.0,1110.0,4,150985.0
Sagavanirktok River,81390400091,81390400090381,69.15692736110505,-148.8088482479814,375.0,1110.0,4,151198.0
Sagavanirktok River,81390400091,81390400090391,69.15517299326577,-148.8093182340817,367.0,1110.0,4,151380.0
Sagavanirktok River,81390400091,81390400090401,69.15354948502444,-148.81014083210258,429.5,1110.0,3,151575.0
Sagavanirktok River,81390400091,81390400090411,69.15191166493054,-148.81232221412193,281.5,1110.0,4,151783.0
Sagavanirktok River,81390400091,81390400090421,69.15040365313378,-148.81495228647248,317.0,1110.0,3,151979.0
Sagavanirktok River,81390400091,81390400090431,69.1490259621362,-148.81798067710204,424.0,1110.0,2,152175.0
Sagavanirktok River,81390400091,81390400090441,69.14738136693441,-148.8207921758608,422.0,422.0,1,152400.0
Sagavanirktok River,81390400091,81390400090451,69.1456196978916,-148.82194744788399,342.5,1110.0,2,152588.0
Sagavanirktok River,81390400091,81390400090461,69.14398813111087,-148.82352342744878,262.5,1110.0,2,152781.0
Sagavanirktok River,81390400091,81390400090471,69.14222575742473,-148.82474298032542,289.0,1110.0,2,153000.0
Sagavanirktok River,81390400091,81390400090481,69.14046245874253,-148.82604856721343,238.0,1110.0,2,153199.0
Sagavanirktok River,81390400091,81390400090491,69.13882470653658,-148.8282023143083,240.5,240.5,1,153398.0
Sagavanirktok River,81390400091,81390400090501,69.13719602707445,-148.82950073036267,231.0,231.0,1,153580.0
Sagavanirktok River,81390400091,81390400090511,69.13543850503036,-148.8302596135824,242.0,1110.0,2,153798.0
Sagavanirktok River,81390400091,81390400090521,69.13368419294194,-148.8307166738355,286.0,1110.0,2,153980.0
Sagavanirktok River,81390400091,81390400090531,69.13194662645995,-148.8296005086384,375.0,1110.0,2,154198.0
Sagavanirktok River,81390400091,81390400090541,69.13035079158932,-148.8278105261266,347.0,1110.0,3,154377.0
Sagavanirktok River,81390400091,81390400090551,69.12876166672307,-148.82538732346077,273.0,1110.0,3,154595.0
Sagavanirktok River,81390400091,81390400090561,69.1270197958736,-148.82467400203288,300.0,1110.0,2,154778.0
Sagavanirktok River,81390400091,81390400090571,69.12526610620795,-148.82507387289516,372.0,1110.0,2,154991.0
Sagavanirktok River,81390400091,81390400090581,69.12351599944654,-148.82513621193704,338.0,1110.0,2,155174.0
Sagavanirktok River,81390400091,81390400090591,69.12189561727213,-148.82565490262854,207.0,1110.0,2,155366.0
Sagavanirktok River,81390400091,81390400090601,69.12013559241687,-148.82665051731257,90.0,1110.0,2,155578.0
Sagavanirktok River,81390400091,81390400090611,69.11839154972886,-148.82614199941827,105.0,1110.0,2,155776.0
Sagavanirktok River,81390400091,81390400090621,69.11680452048614,-148.82351998657376,84.0,1110.0,2,155983.0
Sagavanirktok River,81390400091,81390400090631,69.11521718523402,-148.820923471136,126.5,1110.0,2,156194.0
Sagavanirktok River,81390400091,81390400090641,69.1137655407825,-148.81821792427462,139.0,1110.0,2,156364.0
Sagavanirktok River,81390400091,81390400090651,69.11231077161612,-148.8158041336709,115.5,1110.0,2,156580.0
Sagavanirktok River,81390400091,81390400090661,69.11086137795962,-148.81287825106142,168.0,1110.0,2,156759.0
Sagavanirktok River,81390400091,81390400090671,69.10927103583427,-148.81055303159943,175.0,1110.0,2,156978.0
Sagavanirktok River,81390400091,81390400090681,69.10752527883845,-148.81020389013085,163.5,1110.0,2,157161.0
Sagavanirktok River,81390400091,81390400090691,69.10563834487343,-148.8104813645101,165.0,1110.0,2,157372.0
Sagavanirktok River,81390400091,81390400090701,69.10375074788634,-148.81082156773536,149.0,1110.0,3,157575.0
Sagavanirktok River,81390400091,81390400090711,69.10230041649693,-148.8079775288071,212.0,1110.0,3,157772.0
Sagavanirktok River,81390400091,81390400090721,69.10084983026782,-148.80515393658482,327.0,1110.0,2,157971.0
Sagavanirktok River,81390400101,81390400100011,69.0992569386009,-148.80306274402196,389.0,1020.0,2,158199.0
Sagavanirktok River,81390400101,81390400100021,69.09766691626542,-148.80069573024699,370.5,1020.0,2,158404.0
Sagavanirktok River,81390400101,81390400100031,69.09621478632904,-148.7980087685461,223.0,1020.0,3,158597.0
Sagavanirktok River,81390400101,81390400100041,69.09489215391362,-148.79408678550013,202.0,1020.0,2,158821.0
Sagavanirktok River,81390400101,81390400100051,69.0939712190192,-148.78948972577732,106.0,1020.0,2,159023.0
Sagavanirktok River,81390400101,81390400100061,69.09309644447498,-148.7852736189873,127.0,127.0,1,159219.0
Sagavanirktok River,81390400101,81390400100071,69.09209427665542,-148.7810474905365,129.0,129.0,1,159421.0
Sagavanirktok River,81390400101,81390400100081,69.09142397818083,-148.7764719272617,125.5,125.5,1,159617.0
Sagavanirktok River,81390400101,81390400100091,69.09072278121607,-148.77227089627155,84.0,84.0,1,159792.0
Sagavanirktok River,81390400101,81390400100101,69.089993339038,-148.76769113677295,80.0,80.0,1,160025.0
Sagavanirktok River,81390400101,81390400100111,69.08907323376788,-148.76309634071526,105.0,105.0,1,160214.0
Sagavanirktok River,81390400101,81390400100121,69.08805769722153,-148.75924766609683,84.0,84.0,1,160406.0
Sagavanirktok River,81390400101,81390400100131,69.08695269605032,-148.75501551477325,105.0,105.0,1,160621.0
Sagavanirktok River,81390400101,81390400100141,69.08612009760195,-148.7508055585094,84.0,84.0,1,160803.0
Sagavanirktok River,81390400101,81390400100151,69.08525332908404,-148.74659321251008,63.0,63.0,1,161014.0
Sagavanirktok River,81390400101,81390400100161,69.08413813654226,-148.74245184207848,96.0,96.0,1,161211.0
Sagavanirktok River,81390400101,81390400100171,69.08268340996177,-148.73993596021907,110.0,110.0,1,161399.0
Sagavanirktok River,81390400101,81390400100181,69.0809340443913,-148.73993333305324,152.0,1020.0,2,161623.0
Sagavanirktok River,81390400101,81390400100191,69.07920675485398,-148.7377521443415,96.0,1020.0,2,161828.0
Sagavanirktok River,81390400101,81390400100201,69.0776102387349,-148.7359438083321,123.5,1020.0,2,162020.0
Sagavanirktok River,81390400101,81390400100211,69.07601192793338,-148.73431128898406,73.5,73.5,1,162207.0
Sagavanirktok River,81390400101,81390400100221,69.07441410649345,-148.73262886272036,54.0,54.0,1,162402.0
Sagavanirktok River,81390400101,81390400100231,69.07267468601026,-148.7316417288618,92.0,92.0,1,162619.0
Sagavanirktok River,81390400101,81390400100241,69.07090849303516,-148.73330532847282,94.0,94.0,1,162837.0
Sagavanirktok River,81390400101,81390400100251,69.06953243890645,-148.73630788905444,169.0,1020.0,2,163003.0
Sagavanirktok River,81390400101,81390400100261,69.06845449614916,-148.73998606230967,122.5,1020.0,2,163208.0
Sagavanirktok River,81390400101,81390400100271,69.06749432613371,-148.7444259183838,108.0,1020.0,3,163436.0
Sagavanirktok River,81390400101,81390400100281,69.06637139549653,-148.7480997928654,118.0,1020.0,3,163590.0
Sagavanirktok River,81390400101,81390400100291,69.06511761802133,-148.7519025898602,127.0,127.0,1,163833.0
Sagavanirktok River,81390400101,81390400100301,69.06394667446759,-148.7557180620583,63.0,63.0,1,164009.0
Sagavanirktok River,81390400101,81390400100311,69.06260183305199,-148.758786005792,166.5,166.5,1,164220.0
Sagavanirktok River,81390400101,81390400100321,69.06132256201833,-148.76280051407443,150.0,150.0,1,164430.0
Sagavanirktok River,81390400101,81390400100331,69.06029813539469,-148.76645170179458,122.0,122.0,1,164616.0
Sagavanirktok River,81390400101,81390400100341,69.05896089473283,-148.76998057556355,87.0,87.0,1,164840.0
Sagavanirktok River,81390400101,81390400100351,69.05744990119959,-148.77295330386715,54.0,54.0,1,165019.0
Sagavanirktok River,81390400101,81390400100361,69.05594477246505,-148.77535435180047,67.0,67.0,1,165239.0
Sagavanirktok River,81390400101,81390400100371,69.05430167189714,-148.77807990495776,67.0,67.0,1,165435.0
Sagavanirktok River,81390400101,81390400100381,69.05267491803845,-148.77922680901074,61.5,61.5,1,165621.0
Sagavanirktok River,81390400101,81390400100391,69.05107571466972,-148.77771829386907,112.5,112.5,1,165841.0
Sagavanirktok River,81390400101,81390400100401,69.04949103372633,-148.77480728474606,119.0,119.0,1,166034.0
Sagavanirktok River,81390400101,81390400100411,69.04788427620477,-148.7740256153613,114.0,114.0,1,166221.0
Sagavanirktok River,81390400101,81390400100421,69.04625313528835,-148.7755982206076,108.0,108.0,1,166428.0
Sagavanirktok River,81390400101,81390400100431,69.04485763757808,-148.77866844031334,158.0,158.0,1,166631.0
Sagavanirktok River,81390400101,81390400100441,69.04387298332942,-148.78228002334063,129.0,129.0,1,166815.0
Sagavanirktok River,81390400101,81390400100451,69.042385269674,-148.7852095355895,142.0,1020.0,2,167015.0
Sagavanirktok River,81390400101,81390400100461,69.04074775981498,-148.78738183921064,109.0,1020.0,2,167218.0
Sagavanirktok River,81390400101,81390400100471,69.03920725394563,-148.789712069017,101.0,101.0,1,167427.0
Sagavanirktok River,81390400101,81390400100481,69.03817592970945,-148.79396274806658,154.5,154.5,1,167622.0
Sagavanirktok River,81390400101,81390400100491,69.03751017789277,-148.79841834485825,91.5,1020.0,2,167824.0
Sagavanirktok River,81390400101,81390400100501,69.03690182194823,-148.80325422882896,123.0,1020.0,2,168036.0
Sagavanirktok River,81390400101,81390400100511,69.03660066199853,-148.80811512747422,57.0,57.0,1,168198.0
Sagavanirktok River,81390400101,81390400100521,69.0356696059205,-148.81217230504552,42.0,42.0,1,168390.0
Sagavanirktok River,81390400101,81390400100531,69.03439969022232,-148.8160257670821,122.0,122.0,1,168597.0
Sagavanirktok River,81390400101,81390400100541,69.03288542711785,-148.8183805788683,75.0,75.0,1,168794.0
Sagavanirktok River,81390400101,81390400100551,69.03125308713858,-148.82002392015508,136.0,136.0,1,168991.0
Sagavanirktok River,81390400101,81390400100561,69.02961247594378,-148.8224427740143,87.0,87.0,1,169208.0
Sagavanirktok River,81390400101,81390400100571,69.02796969939881,-148.82506146069628,67.0,67.0,1,169415.0
Sagavanirktok River,81390400101,81390400100581,69.02633382621302,-148.82702921954967,103.0,103.0,1,169602.0
Sagavanirktok River,81390400101,81390400100591,69.0245779020979,-148.827634481061,135.0,135.0,1,169814.0
Sagavanirktok River,81390400101,81390400100601,69.02283506069482,-148.827013825479,96.5,96.5,1,170012.0
Sagavanirktok River,81390400101,81390400100611,69.02138139947326,-148.82451444944596,117.0,117.0,1,170188.0
Sagavanirktok River,81390400101,81390400100621,69.01978712292383,-148.8225795655408,122.0,1020.0,2,170405.0
Sagavanirktok River,81390400101,81390400100631,69.01805304472056,-148.82113406677254,120.0,1020.0,2,170614.0
Sagavanirktok River,81390400101,81390400100641,69.01646696670467,-148.81842442238516,126.0,126.0,1,170809.0
Sagavanirktok River,81390400111,81390400110011,69.01486810610591,-148.81691554714521,93.5,93.5,1,171000.0
Sagavanirktok River,81390400111,81390400110021,69.0131329172671,-148.81557084821398,67.0,67.0,1,171225.0
Sagavanirktok River,81390400111,81390400110031,69.01140593396774,-148.81345122698232,130.0,130.0,1,171415.0
Sagavanirktok River,81390400111,81390400110041,69.00980120178646,-148.81249311591753,150.5,308.0,2,171600.0
Sagavanirktok River,81390400111,81390400110051,69.0080567504969,-148.8120205072358,154.0,154.0,1,171812.0
Sagavanirktok River,81390400111,81390400110061,69.0061752694754,-148.81177974594763,67.0,67.0,1,172024.0
Sagavanirktok River,81390400111,81390400110071,69.00457413040212,-148.8104813364213,108.0,108.0,1,172193.0
Sagavanirktok River,81390400111,81390400110081,69.00318141171223,-148.80765209364958,84.0,308.0,2,172422.0
Sagavanirktok River,81390400111,81390400110091,69.00195722621147,-148.8034218912259,190.0,308.0,2,172626.0
Sagavanirktok River,81390400111,81390400110101,69.00050642451157,-148.8006215460181,98.0,308.0,2,172815.0
Sagavanirktok River,81390400111,81390400110111,68.99896284481706,-148.80078822241688,84.0,84.0,1,173012.0
Sagavanirktok River,81390400111,81390400110121,68.99837993370083,-148.80489949448437,71.0,71.0,1,173195.0
Sagavanirktok River,81390400111,81390400110131,68.9971961464383,-148.80825374040873,111.5,111.5,1,173399.0
Sagavanirktok River,81390400111,81390400110141,68.99557923078221,-148.8084460332806,100.0,100.0,1,173606.0
Sagavanirktok River,81390400111,81390400110151,68.99399320578793,-148.80571510395907,71.0,71.0,1,173803.0
Sagavanirktok River,81390400111,81390400110161,68.99226398474816,-148.80379797741483,63.0,63.0,1,174022.0
Sagavanirktok River,81390400111,81390400110171,68.9903890418866,-148.803665776316,92.0,92.0,1,174208.0
Sagavanirktok River,81390400111,81390400110181,68.9893926533744,-148.80638780284235,70.0,70.0,1,174415.0
Sagavanirktok River,81390400111,81390400110191,68.98803326575333,-148.80937620103975,159.5,159.5,1,174612.0
Sagavanirktok River,81390400111,81390400110201,68.98639333263317,-148.8117411903135,113.5,113.5,1,174821.0
Sagavanirktok River,81390400111,81390400110211,68.98477217721191,-148.81233271601522,114.0,114.0,1,175005.0
Sagavanirktok River,81390400111,81390400110221,68.98303376864578,-148.81128990051658,136.0,136.0,1,175218.0
Sagavanirktok River,81390400111,81390400110231,68.98129165063189,-148.81059682325392,85.0,85.0,1,175401.0
Sagavanirktok River,81390400111,81390400110241,68.97966943800547,-148.81128814461525,77.5,77.5,1,175604.0
Sagavanirktok River,81390400111,81390400110251,68.9781364643727,-148.8145604759377,84.0,84.0,1,175824.0
Sagavanirktok River,81390400111,81390400110261,68.9777301409742,-148.81902481910606,60.0,60.0,1,176016.0
Sagavanirktok River,81390400111,81390400110271,68.97821111080133,-148.8235624141469,55.5,55.5,1,176200.0
Sagavanirktok River,81390400111,81390400110281,68.97791588720263,-148.82828210605308,63.0,63.0,1,176417.0
Sagavanirktok River,81390400111,81390400110291,68.97670141018473,-148.8318222334219,108.0,108.0,1,176631.0
Sagavanirktok River,81390400111,81390400110301,68.9753566059064,-148.83560383530605,54.0,54.0,1,176802.0
Sagavanirktok River,81390400111,81390400110311,68.9740014662961,-148.8379793130671,97.5,97.5,1,177012.0
Sagavanirktok River,81390400111,81390400110321,68.97222868569372,-148.84014405258515,60.0,60.0,1,177229.0
Sagavanirktok River,81390400111,81390400110331,68.97047528186242,-148.8405079538961,79.0,79.0,1,177420.0
Sagavanirktok River,81390400111,81390400110341,68.96885026149302,-148.84144631303482,92.0,92.0,1,177603.0
Sagavanirktok River,81390400111,81390400110351,68.9670998136178,-148.84153556362668,94.0,94.0,1,177816.0
Sagavanirktok River,81390400111,81390400110361,68.96534448416895,-148.84207749620228,97.5,97.5,1,178005.0
Sagavanirktok River,81390400111,81390400110371,68.96371110613136,-148.84378894503155,87.0,87.0,1,178217.0
Sagavanirktok River,81390400111,81390400110381,68.96209084945636,-148.84677473025033,71.0,71.0,1,178430.0
Sagavanirktok River,81390400111,81390400110391,68.96078747682171,-148.84982163149272,148.0,308.0,2,178603.0
Sagavanirktok River,81390400111,81390400110401,68.9594456773655,-148.85243549879542,105.0,105.0,1,178807.0
Sagavanirktok River,81390400111,81390400110411,68.95792296576099,-148.85633703519645,105.0,308.0,2,179019.0
Sagavanirktok River,81390400121,81390400120011,68.95627071655952,-148.85976780608868,96.0,96.0,1,179249.0
Sagavanirktok River,81390400121,81390400120021,68.95463417282845,-148.86175158358532,71.0,71.0,1,179451.0
Sagavanirktok River,81390400121,81390400120031,68.95300141832583,-148.86338595916462,86.0,86.0,1,179636.0
Sagavanirktok River,81390400121,81390400120041,68.95124940375422,-148.8636159200225,108.0,108.0,1,179847.0
Sagavanirktok River,81390400121,81390400120051,68.94951651061783,-148.8620934062096,108.0,108.0,1,180064.0
Sagavanirktok River,81390400121,81390400120061,68.94803927227751,-148.85884443426306,108.0,108.0,1,180244.0
Sagavanirktok River,81390400121,81390400120071,68.94709521614382,-148.85540118237293,79.5,79.5,1,180438.0
Sagavanirktok River,81390400121,81390400120081,68.94624730157958,-148.85086341522714,132.0,132.0,1,180647.0
Sagavanirktok River,81390400121,81390400120091,68.94550440474647,-148.84655934614005,127.0,127.0,1,180853.0
Sagavanirktok River,81390400121,81390400120101,68.94431577235014,-148.84281218602126,105.0,105.0,1,181040.0
Sagavanirktok River,81390400121,81390400120111,68.94317192942526,-148.83906417888198,84.0,84.0,1,181235.0
Sagavanirktok River,81390400121,81390400120121,68.94171718709208,-148.83668774357784,97.5,97.5,1,181430.0
Sagavanirktok River,81390400121,81390400120131,68.93998290192128,-148.83527479836945,136.0,136.0,1,181646.0
Sagavanirktok River,81390400121,81390400120141,68.93825055433194,-148.83368052021174,147.0,147.0,1,181836.0
Sagavanirktok River,81390400121,81390400120151,68.93650266756019,-148.83353177322246,123.0,445.0,2,182051.0
Sagavanirktok River,81390400121,81390400120161,68.93474666865251,-148.83413769074016,133.5,445.0,2,182244.0
Sagavanirktok River,81390400121,81390400120171,68.93311390477906,-148.8357975633629,208.0,208.0,1,182435.0
Sagavanirktok River,81390400121,81390400120181,68.93148944197999,-148.83668488551635,217.0,217.0,1,182624.0
Sagavanirktok River,81390400121,81390400120191,68.92972311819348,-148.83824772383545,313.0,313.0,1,182845.0
Sagavanirktok River,81390400121,81390400120201,68.92796460911036,-148.83908439754228,141.0,445.0,2,183026.0
Sagavanirktok River,81390400121,81390400120211,68.92621507531011,-148.8390883229895,120.0,445.0,2,183237.0
Sagavanirktok River,81390400121,81390400120221,68.924474132821,-148.83829528368565,235.0,445.0,3,183424.0
Sagavanirktok River,81390400121,81390400120231,68.92273855265982,-148.83700429588933,230.0,445.0,2,183638.0
Sagavanirktok River,81390400121,81390400120241,68.92100269356453,-148.83573841511685,191.5,445.0,2,183831.0
Sagavanirktok River,81390400121,81390400120251,68.91954955256328,-148.83321023416153,212.0,445.0,2,184035.0
Sagavanirktok River,81390400121,81390400120261,68.91824413967888,-148.82945357881127,105.0,445.0,2,184248.0
Sagavanirktok River,81390400121,81390400120271,68.91693896420198,-148.82566748762858,148.0,445.0,3,184445.0
Sagavanirktok River,81390400121,81390400120281,68.91562252802854,-148.82292745383248,130.0,445.0,2,184623.0
Sagavanirktok River,81390400121,81390400120291,68.91416792078417,-148.82052021564215,124.5,124.5,1,184821.0
Sagavanirktok River,81390400121,81390400120301,68.91243580647868,-148.81889340586466,63.0,63.0,1,185034.0
Sagavanirktok River,81390400121,81390400120311,68.91068797473956,-148.81873892038269,63.0,63.0,1,185228.0
Sagavanirktok River,81390400121,81390400120321,68.90902421149984,-148.82079413489618,101.5,101.5,1,185429.0
Sagavanirktok River,81390400121,81390400120331,68.90782111515001,-148.82327489839466,163.0,163.0,1,185616.0
Sagavanirktok River,81390400121,81390400120341,68.90685022838612,-148.8277636156101,94.0,94.0,1,185842.0
Sagavanirktok River,81390400121,81390400120351,68.90623340262279,-148.83256950265647,125.5,125.5,1,186034.0
Sagavanirktok River,81390400121,81390400120361,68.90576388360948,-148.83701377151849,154.0,154.0,1,186220.0
Sagavanirktok River,81390400121,81390400120371,68.90501637401911,-148.84143469443705,94.5,94.5,1,186445.0
Sagavanirktok River,81390400121,81390400120381,68.90378516868739,-148.8454414078172,84.0,84.0,1,186641.0
Sagavanirktok River,81390400121,81390400120391,68.90262798711596,-148.84890102159991,84.0,84.0,1,186824.0
Sagavanirktok River,81390400121,81390400120401,68.9011791528538,-148.8519473835596,122.0,122.0,1,187034.0
Sagavanirktok River,81390400121,81390400120411,68.8995513592702,-148.8531308052586,129.0,129.0,1,187215.0
Sagavanirktok River,81390400121,81390400120421,68.8978052607176,-148.8528173779389,101.0,101.0,1,187442.0
Sagavanirktok River,81390400121,81390400120431,68.89635133695059,-148.8503856183279,84.0,84.0,1,187608.0
Sagavanirktok River,81390400121,81390400120441,68.89517727059987,-148.84696398887826,84.0,84.0,1,187820.0
Sagavanirktok River,81390400121,81390400120451,68.89391301067533,-148.84275106808323,63.0,63.0,1,188038.0
Sagavanirktok River,81390400121,81390400120461,68.8930739692768,-148.8382005748405,71.0,71.0,1,188232.0
Sagavanirktok River,81390400121,81390400120471,68.89270092166247,-148.83368905107795,80.0,80.0,1,188419.0
Sagavanirktok River,81390400121,81390400120481,68.89213951455137,-148.82916213097454,105.0,105.0,1,188621.0
Sagavanirktok River,81390400121,81390400120491,68.89130149204958,-148.8249859893311,84.0,84.0,1,188818.0
Sagavanirktok River,81390400121,81390400120501,68.89007182071921,-148.82118114877517,84.0,84.0,1,189022.0
Sagavanirktok River,81390400121,81390400120511,68.88876039927013,-148.8179673113836,67.0,67.0,1,189207.0
Sagavanirktok River,81390400121,81390400120521,68.88716505240487,-148.8161341100427,78.0,78.0,1,189390.0
Sagavanirktok River,81390400121,81390400120531,68.8852844590539,-148.81580919926688,107.0,107.0,1,189602.0
Sagavanirktok River,81390400121,81390400120541,68.88353866337627,-148.81546340975805,63.0,63.0,1,189783.0
Sagavanirktok River,81390400121,81390400120551,68.88204583607354,-148.81663472785294,63.0,63.0,1,189989.0
Sagavanirktok River,81390400121,81390400120561,68.88076368522302,-148.82075883498385,86.5,86.5,1,190202.0
Sagavanirktok River,81390400121,81390400120571,68.88010650692512,-148.8251578899653,48.0,48.0,1,190384.0
Sagavanirktok River,81390400121,81390400120581,68.87922309979191,-148.82889118233498,149.5,149.5,1,190586.0
Sagavanirktok River,81390400121,81390400120591,68.87782923060841,-148.8319352182445,155.0,445.0,2,190798.0
Sagavanirktok River,81390400121,81390400120601,68.87608783064894,-148.8326119919441,134.0,445.0,2,190984.0
Sagavanirktok River,81390400121,81390400120611,68.87458849843372,-148.83437460949685,169.0,169.0,1,191197.0
Sagavanirktok River,81390400121,81390400120621,68.8735325768772,-148.83844405643228,148.0,148.0,1,191393.0
Sagavanirktok River,81390400121,81390400120631,68.87234423942357,-148.84180720154723,118.0,445.0,2,191575.0
Sagavanirktok River,81390400121,81390400120641,68.87071971078035,-148.84368852730162,147.0,445.0,2,191800.0
Sagavanirktok River,81390400121,81390400120651,68.8691222381743,-148.8420764715984,63.0,63.0,1,191973.0
Sagavanirktok River,81390400121,81390400120661,68.86766869170755,-148.83959855189366,73.5,73.5,1,192193.0
Sagavanirktok River,81390400121,81390400120671,68.8663320046508,-148.83626543208368,84.0,84.0,1,192372.0
Sagavanirktok River,81390400121,81390400120681,68.86518317117994,-148.83297809773353,105.0,105.0,1,192568.0
Sagavanirktok River,81390400121,81390400120691,68.86382570771332,-148.82906235002426,101.0,101.0,1,192796.0
Sagavanirktok River,81390400121,81390400120701,68.86267699097542,-148.8249156882013,58.5,58.5,1,193000.0
Sagavanirktok River,81390400121,81390400120711,68.86112304774066,-148.8225755374305,42.0,42.0,1,193192.0
Sagavanirktok River,81390400121,81390400120721,68.85950609424036,-148.82276567222166,55.0,55.0,1,193397.0
Sagavanirktok River,81390400121,81390400120731,68.8578729034755,-148.82447048880098,105.0,105.0,1,193582.0
Sagavanirktok River,81390400121,81390400120741,68.85625834405222,-148.82443704371005,108.0,108.0,1,193781.0
Sagavanirktok River,81390400121,81390400120751,68.85466720506945,-148.8222188042163,133.5,133.5,1,193987.0
Sagavanirktok River,81390400121,81390400120761,68.85307895864379,-148.81972780261012,105.5,445.0,2,194193.0
Sagavanirktok River,81390400121,81390400120771,68.85149147074895,-148.81716268642185,112.0,112.0,1,194387.0
Sagavanirktok River,81390400121,81390400120781,68.84989678978299,-148.81526813614195,75.5,75.5,1,194588.0
Sagavanirktok River,81390400121,81390400120791,68.8482994420842,-148.8136220468657,94.5,94.5,1,194773.0
Sagavanirktok River,81390400121,81390400120801,68.84655023015502,-148.81359611625834,75.0,75.0,1,194992.0
Sagavanirktok River,81390400121,81390400120811,68.84480271902275,-148.81341069631182,148.5,148.5,1,195189.0
Sagavanirktok River,81390400131,81390400130011,68.84321090268408,-148.81124402821084,208.5,208.5,1,195389.0
Sagavanirktok River,81390400131,81390400130021,68.84162064142366,-148.8089287991762,129.0,129.0,1,195600.0
Sagavanirktok River,81390400131,81390400130031,68.8400300861412,-148.80663870297562,81.0,81.0,1,195787.0
Sagavanirktok River,81390400131,81390400130041,68.8382848635256,-148.80623766101985,114.0,114.0,1,196002.0
Sagavanirktok River,81390400131,81390400130051,68.83653308706758,-148.80645334098224,190.5,190.5,1,196183.0
Sagavanirktok River,81390400131,81390400130061,68.83492958763746,-148.80537942764235,136.5,840.0,2,196375.0
Sagavanirktok River,81390400131,81390400130071,68.83318443636871,-148.80497148990364,84.0,840.0,2,196597.0
Sagavanirktok River,81390400131,81390400130081,68.83154801233178,-148.80699589983445,133.0,840.0,2,196785.0
Sagavanirktok River,81390400131,81390400130091,68.83004500072668,-148.809127350403,169.0,840.0,2,196975.0
Sagavanirktok River,81390400131,81390400130101,68.8284436269495,-148.80785518817356,320.5,840.0,2,197183.0
Sagavanirktok River,81390400131,81390400130111,68.82685963697308,-148.80494664242795,127.5,127.5,1,197403.0
Sagavanirktok River,81390400131,81390400130121,68.82527664994153,-148.8019393265755,54.0,54.0,1,197602.0
Sagavanirktok River,81390400131,81390400130131,68.82367574864537,-148.8006183440633,155.0,155.0,1,197789.0
Sagavanirktok River,81390400131,81390400130141,68.82221727338019,-148.79855482149688,84.0,84.0,1,197989.0
Sagavanirktok River,81390400131,81390400130151,68.82090571096214,-148.7953224376737,127.0,127.0,1,198185.0
Sagavanirktok River,81390400131,81390400130161,68.8194569065749,-148.79233738319374,139.5,139.5,1,198383.0
Sagavanirktok River,81390400131,81390400130171,68.81785462068548,-148.7911413812228,122.0,840.0,2,198573.0
Sagavanirktok River,81390400131,81390400130181,68.81611965528921,-148.7897647732306,106.0,106.0,1,198785.0
Sagavanirktok River,81390400131,81390400130191,68.81423697706602,-148.78963437320616,108.0,108.0,1,198999.0
Sagavanirktok River,81390400131,81390400130201,68.81247958004344,-148.7903856909478,94.0,94.0,1,199188.0
Sagavanirktok River,81390400131,81390400130211,68.81084932036687,-148.79184152631396,97.5,97.5,1,199392.0
Sagavanirktok River,81390400131,81390400130221,68.80920857839335,-148.7942882220524,129.0,129.0,1,199596.0
Sagavanirktok River,81390400131,81390400130231,68.80785694286502,-148.7973884678529,117.0,117.0,1,199786.0
Sagavanirktok River,81390400191,81390400190011,69.49997181255335,-148.50508231433628,191.0,1425.0,2,115322.0
Sagavanirktok River,81390400191,81390400190021,69.49938599146788,-148.50043469487085,126.0,126.0,1,115514.0
Sagavanirktok River,81390400191,81390400190031,69.49818968010712,-148.49685022286616,96.0,96.0,1,115700.0
Sagavanirktok River,81390400191,81390400190041,69.49673488446534,-148.4939032170374,117.0,117.0,1,115908.0
Sagavanirktok River,81390400191,81390400190051,69.49514071555747,-148.49151493884523,77.0,77.0,1,116113.0
Sagavanirktok River,81390400191,81390400190061,69.49354913184236,-148.48882018578558,67.0,67.0,1,116318.0
Sagavanirktok River,81390400191,81390400190071,69.49209297714509,-148.48601754313137,84.0,84.0,1,116522.0
Sagavanirktok River,81390400191,81390400190081,69.49077933412157,-148.4822735178209,84.0,1425.0,2,116722.0
Sagavanirktok River,81390400191,81390400190091,69.48945988869119,-148.47920485335655,153.0,1425.0,2,116897.0
Sagavanirktok River,81390400191,81390400190101,69.4878594967871,-148.47752911935487,130.0,1425.0,2,117110.0
Sagavanirktok River,81390400191,81390400190111,69.48597782596006,-148.47728990460567,142.0,142.0,1,117325.0
Sagavanirktok River,81390400191,81390400190121,69.48422812065523,-148.4773557269869,145.0,145.0,1,117515.0
Sagavanirktok River,81390400191,81390400190131,69.48262550101147,-148.4759412407398,71.0,71.0,1,117706.0
Sagavanirktok River,81390400191,81390400190141,69.48088070898707,-148.47542671174,60.0,60.0,1,117917.0
Sagavanirktok River,81390400191,81390400190151,69.47912599703538,-148.4760840352301,67.0,67.0,1,118101.0
Sagavanirktok River,81390400191,81390400190161,69.4773723957122,-148.47660986072648,107.0,107.0,1,118312.0
Sagavanirktok River,81390400191,81390400190171,69.47549535686177,-148.47582339939376,121.0,1425.0,2,118529.0
Sagavanirktok River,81390400191,81390400190181,69.47389677714493,-148.47393006373312,117.0,117.0,1,118718.0
Sagavanirktok River,81390400191,81390400190191,69.4725753672562,-148.47107891149685,105.0,1425.0,2,118900.0
Sagavanirktok River,81390400191,81390400190201,69.47125752207963,-148.46779899518756,84.0,84.0,1,119108.0
Sagavanirktok River,81390400191,81390400190211,69.46994116313456,-148.46433557200515,84.0,84.0,1,119304.0
Sagavanirktok River,81390400191,81390400190221,69.46859336659857,-148.46033380351489,84.0,84.0,1,119531.0
Sagavanirktok River,81390400191,81390400190231,69.46752236912005,-148.45625930916603,108.0,108.0,1,119705.0
Sagavanirktok River,81390400191,81390400190241,69.4661291213318,-148.45359944991964,128.5,1425.0,2,119931.0
Sagavanirktok River,81390400191,81390400190251,69.4648126890722,-148.45011218519377,84.0,1425.0,2,120100.0
Sagavanirktok River,81390400191,81390400190261,69.46363082817591,-148.44661399216574,105.0,1425.0,2,120304.0
Sagavanirktok River,81390400191,81390400190271,69.46204353845708,-148.4433232379767,127.0,1425.0,2,120534.0
Sagavanirktok River,81390400191,81390400190281,69.46044865439391,-148.44094332340495,84.0,84.0,1,120739.0
Sagavanirktok River,81390400191,81390400190291,69.45914579852938,-148.43708576076924,63.0,63.0,1,120937.0
Sagavanirktok River,81390400191,81390400190301,69.4583897864817,-148.4328207074245,60.5,60.5,1,121126.0
Sagavanirktok River,81390400191,81390400190311,69.45773721862905,-148.4281797403711,84.0,84.0,1,121343.0
Sagavanirktok River,81390400191,81390400190321,69.4566277697901,-148.42389187845365,148.0,148.0,1,121532.0
Sagavanirktok River,81390400191,81390400190331,69.45570131506663,-148.42003028831422,216.0,1425.0,3,121718.0
Sagavanirktok River,81390400191,81390400190341,69.45418579910816,-148.4171195935909,164.0,1425.0,3,121941.0
Sagavanirktok River,81390400191,81390400190351,69.45244719701218,-148.41582667414158,238.5,1425.0,3,122126.0
Sagavanirktok River,81390400191,81390400190361,69.45084468751344,-148.41434232154444,223.5,1425.0,3,122316.0
Sagavanirktok River,81390400191,81390400190371,69.44910292752381,-148.4134362358254,210.0,1425.0,3,122526.0
Sagavanirktok River,81390400191,81390400190381,69.44722204209121,-148.41309374579936,246.0,1425.0,3,122741.0
Sagavanirktok River,81390400191,81390400190391,69.44562145691259,-148.41136940847773,212.0,1425.0,3,122932.0
Sagavanirktok River,81390400191,81390400190401,69.44430247779322,-148.4080972652871,268.0,1425.0,3,123114.0
Sagavanirktok River,81390400191,81390400190411,69.4428420425396,-148.4056738726704,331.5,1425.0,3,123316.0
Sagavanirktok River,81390400191,81390400190421,69.44138453088999,-148.40288349504186,214.0,1425.0,3,123520.0
Sagavanirktok River,81390400191,81390400190431,69.4401020934923,-148.39906366890318,212.0,1425.0,4,123717.0
Sagavanirktok River,81390400191,81390400190441,69.43904570796062,-148.3947843217259,293.0,1425.0,4,123949.0
Sagavanirktok River,81390400191,81390400190451,69.43784810114428,-148.39087901992264,264.5,1425.0,5,124118.0
Sagavanirktok River,81390400191,81390400190461,69.43666528324611,-148.38735786896967,317.0,1425.0,4,124330.0
Sagavanirktok River,81390400191,81390400190471,69.43535095839043,-148.3834459251478,339.0,1425.0,6,124543.0
Sagavanirktok River,81390400191,81390400190481,69.43411185255226,-148.3795392849006,226.0,1425.0,4,124729.0
Sagavanirktok River,81390400191,81390400190491,69.43339745514207,-148.37528397132166,221.0,1425.0,4,124921.0
Sagavanirktok River,81390400191,81390400190501,69.43277965494613,-148.37026977380222,223.0,1425.0,4,125146.0
Sagavanirktok River,81390400191,81390400190511,69.43221942161223,-148.3656421754025,201.0,1425.0,4,125317.0
Sagavanirktok River,81390400191,81390400190521,69.43121659682505,-148.36175212263782,275.0,1425.0,4,125529.0
Sagavanirktok River,81390400191,81390400190531,69.42990169300464,-148.35784273162898,211.0,1425.0,3,125741.0
Sagavanirktok River,81390400191,81390400190541,69.42859745901,-148.35393449446562,381.0,1425.0,4,125945.0
Sagavanirktok River,81390400191,81390400190551,69.42755133750654,-148.35004292434746,456.0,1425.0,4,126124.0
Sagavanirktok River,81390400191,81390400190561,69.42671249442051,-148.34578215667736,394.5,1425.0,5,126338.0
Sagavanirktok River,81390400191,81390400190571,69.42565838147559,-148.34150830204283,423.0,1425.0,5,126538.0
Sagavanirktok River,81390400191,81390400190581,69.42447212087268,-148.33760918012428,334.0,1425.0,4,126734.0
Sagavanirktok River,81390400191,81390400190591,69.4234579074609,-148.3337211526922,343.0,1425.0,5,126923.0
Sagavanirktok River,81390400191,81390400190601,69.42237121803869,-148.32944654524366,476.5,1425.0,7,127143.0
Sagavanirktok River,81390400191,81390400190611,69.42133821859332,-148.32517567229903,426.0,1425.0,8,127328.0
Sagavanirktok River,81390400191,81390400190621,69.4204632413084,-148.3205324730105,405.0,1425.0,6,127557.0
Sagavanirktok River,81390400191,81390400190631,69.41973243423986,-148.31551603479298,374.5,1425.0,4,127759.0
Sagavanirktok River,81390400191,81390400190641,69.4190139690833,-148.31088311415306,315.0,1425.0,4,127953.0
Sagavanirktok River,81390400191,81390400190651,69.41837606943561,-148.30625539965914,282.0,1425.0,4,128146.0
Sagavanirktok River,81390400191,81390400190661,69.41780977026922,-148.30163229792,385.0,1425.0,6,128345.0
Sagavanirktok River,81390400191,81390400190671,69.41702817565326,-148.29699647593506,388.0,1425.0,5,128552.0
Sagavanirktok River,81390400191,81390400190681,69.41613603166603,-148.29273672191817,217.0,1425.0,3,128738.0
Sagavanirktok River,81390400191,81390400190691,69.41525274536019,-148.28847785687796,214.5,1425.0,4,128932.0
Sagavanirktok River,81390400191,81390400190701,69.41473618098593,-148.28347654619475,260.0,1425.0,4,129159.0
Sagavanirktok River,81390400191,81390400190711,69.41383779856481,-148.27845281700448,376.5,1425.0,4,129348.0
Sagavanirktok River,81390400271,81390400270011,68.80686611299599,-148.79945493384855,105.0,105.0,1,214116.0
Sagavanirktok River,81390400271,81390400270021,68.80567486465797,-148.79757332987418,51.0,51.0,1,214307.0
Sagavanirktok River,81390400271,81390400270031,68.80392193007934,-148.79789910374296,77.0,77.0,1,214531.0
Sagavanirktok River,81390400271,81390400270041,68.80248470087159,-148.7953520085111,63.0,63.0,1,214703.0
Sagavanirktok River,81390400271,81390400270051,68.80185840540248,-148.79086903828153,51.0,51.0,1,214922.0
Sagavanirktok River,81390400271,81390400270061,68.80211803011053,-148.78605590174172,42.0,42.0,1,215113.0
Sagavanirktok River,81390400271,81390400270071,68.80264894408529,-148.78163627265852,37.5,37.5,1,215297.0
Sagavanirktok River,81390400271,81390400270081,68.80258303313668,-148.77679689352885,36.0,36.0,1,215527.0
Sagavanirktok River,81390400271,81390400270091,68.80183362691653,-148.77227489878766,84.0,84.0,1,215696.0
Sagavanirktok River,81390400271,81390400270101,68.80070687097688,-148.7686793415018,48.0,48.0,1,215921.0
Sagavanirktok River,81390400271,81390400270111,68.7989980455585,-148.76699251121184,72.0,72.0,1,216112.0
Sagavanirktok River,81390400271,81390400270121,68.7974106096612,-148.7669407199871,71.0,71.0,1,216294.0
Sagavanirktok River,81390400271,81390400270131,68.79598071333768,-148.76985061429943,84.0,84.0,1,216519.0
Sagavanirktok River,81390400271,81390400270141,68.79438113960434,-148.77096242327934,43.5,43.5,1,216716.0
Sagavanirktok River,81390400271,81390400270151,68.79278824508425,-148.7688532598173,58.5,58.5,1,216915.0
Sagavanirktok River,81390400271,81390400270161,68.79133612508606,-148.76614605487586,42.0,42.0,1,217115.0
Sagavanirktok River,81390400271,81390400270171,68.7900217725243,-148.7631280261465,67.0,67.0,1,217288.0
Sagavanirktok River,81390400271,81390400270181,68.78863313005434,-148.76034728820295,85.5,85.5,1,217502.0
Sagavanirktok River,81390400271,81390400270191,68.78824671085795,-148.75558482759155,75.0,75.0,1,217714.0
Sagavanirktok River,81390400271,81390400270201,68.78844514279695,-148.7507694905705,75.0,75.0,1,217897.0
Sagavanirktok River,81390400271,81390400270211,68.78852692071086,-148.74631654882728,48.0,48.0,1,218096.0
Sagavanirktok River,81390400271,81390400270221,68.78754484618614,-148.74235998968055,127.0,127.0,1,218285.0
Sagavanirktok River,81390400271,81390400270231,68.78609275857701,-148.73961059302928,107.0,107.0,1,218487.0
Sagavanirktok River,81390400271,81390400270241,68.78435268771726,-148.73869608517114,108.0,108.0,1,218699.0
Sagavanirktok River,81390400271,81390400270251,68.78260909625244,-148.7381246679692,106.5,106.5,1,218881.0
Sagavanirktok River,81390400271,81390400270261,68.78100802529592,-148.73765292976853,114.5,114.5,1,219089.0
Sagavanirktok River,81390400271,81390400270271,68.78000838370723,-148.73338964196617,95.0,95.0,1,219308.0
Sagavanirktok River,81390400271,81390400270281,68.77952232791274,-148.72852277864862,55.5,55.5,1,219498.0
Sagavanirktok River,81390400271,81390400270291,68.77899393894019,-148.72402431479728,71.0,71.0,1,219704.0
Sagavanirktok River,81390400271,81390400270301,68.7782682127223,-148.7195108153739,169.5,169.5,1,219893.0
Sagavanirktok River,81390400271,81390400270311,68.77780754760089,-148.71538949039694,139.0,139.0,1,220091.0
Sagavanirktok River,81390400271,81390400270321,68.77655116537328,-148.7118757081056,127.0,127.0,1,220284.0
Sagavanirktok River,81390400271,81390400270331,68.77523763100118,-148.7086847650393,148.0,148.0,1,220480.0
Sagavanirktok River,81390400271,81390400270341,68.7737861855439,-148.70582033927022,150.0,150.0,1,220677.0
Sagavanirktok River,81390400271,81390400270351,68.77219321313778,-148.70364358901762,132.5,132.5,1,220899.0
Sagavanirktok River,81390400271,81390400270361,68.77092168604472,-148.70000644092173,196.0,690.0,2,221077.0
Sagavanirktok River,81390400271,81390400270371,68.77020248484011,-148.6954959096374,175.0,175.0,1,221297.0
Sagavanirktok River,81390400271,81390400270381,68.76968415669474,-148.69080290996212,99.0,690.0,2,221490.0
Sagavanirktok River,81390400271,81390400270391,68.76831426936263,-148.68782776846749,36.0,36.0,1,221698.0
Sagavanirktok River,81390400271,81390400270401,68.76685715639307,-148.68549978108794,54.0,54.0,1,221871.0
Sagavanirktok River,81390400271,81390400270411,68.76540855007356,-148.68231153116014,121.0,121.0,1,222096.0
Sagavanirktok River,81390400271,81390400270421,68.76381233344802,-148.68043399795758,167.0,690.0,2,222290.0
Sagavanirktok River,81390400271,81390400270431,68.76221829567957,-148.67833421707735,241.5,690.0,2,222483.0
Sagavanirktok River,81390400271,81390400270441,68.76062105193618,-148.6765561528491,280.5,280.5,1,222683.0
Sagavanirktok River,81390400271,81390400270451,68.75916348647982,-148.67425938229962,312.0,312.0,1,222864.0
Sagavanirktok River,81390400271,81390400270461,68.75771276495051,-148.671265785663,383.0,383.0,1,223088.0
Sagavanirktok River,81390400271,81390400270471,68.75639826246524,-148.66809970496018,434.5,434.5,1,223258.0
Sagavanirktok River,81390400271,81390400270481,68.75523159821498,-148.66467295705644,487.0,487.0,1,223462.0
Sagavanirktok River,81390400271,81390400270491,68.75414026404617,-148.66051012088857,586.0,586.0,1,223679.0
Sagavanirktok River,81390400271,81390400270501,68.75326939953074,-148.65599305836193,576.5,690.0,2,223870.0
Sagavanirktok River,81390400271,81390400270511,68.75264942779233,-148.6514949618935,457.5,690.0,2,224084.0
Sagavanirktok River,81390400271,81390400270521,68.75159004425419,-148.64733563654693,402.0,690.0,2,224284.0
Sagavanirktok River,81390400271,81390400270531,68.7503415566455,-148.6439788938682,381.0,690.0,2,224467.0
Sagavanirktok River,81390400271,81390400270541,68.7492988335581,-148.64048929791966,196.0,690.0,3,224656.0
Sagavanirktok River,81390400271,81390400270551,68.74823020995967,-148.63633046524512,100.0,690.0,2,224870.0
Sagavanirktok River,81390400271,81390400270561,68.74726904844353,-148.63180898892483,87.0,87.0,1,225084.0
Sagavanirktok River,81390400271,81390400270571,68.74658567762187,-148.6273081713272,65.0,65.0,1,225278.0
Sagavanirktok River,81390400271,81390400270581,68.74595597617575,-148.62281155483186,65.5,65.5,1,225473.0
Sagavanirktok River,81390400271,81390400270591,68.74513793745264,-148.61867241268607,63.0,63.0,1,225677.0
Sagavanirktok River,81390400271,81390400270601,68.74399178494284,-148.61525152433168,52.5,52.5,1,225847.0
Sagavanirktok River,81390400271,81390400270611,68.74267928235507,-148.61176954002394,106.5,106.5,1,226069.0
Sagavanirktok River,81390400271,81390400270621,68.74109025167955,-148.609059068708,97.5,690.0,2,226267.0
Sagavanirktok River,81390400271,81390400270631,68.73949109760476,-148.6074111611404,144.0,690.0,2,226458.0
Sagavanirktok River,81390400271,81390400270641,68.73789215996747,-148.6057387968531,172.0,172.0,1,226662.0
Sagavanirktok River,81390400271,81390400270651,68.73630069110091,-148.6032763253962,212.0,690.0,2,226860.0
Sagavanirktok River,81390400271,81390400270661,68.73484403218185,-148.6007843473743,275.0,690.0,2,227064.0
Sagavanirktok River,81390400271,81390400270671,68.73353341758734,-148.5970725017048,190.0,690.0,2,227276.0
Sagavanirktok River,81390400271,81390400270681,68.73221909764845,-148.5937463077271,181.0,690.0,2,227454.0
Sagavanirktok River,81390400271,81390400270691,68.7308999751384,-148.59092424209058,190.0,690.0,2,227658.0
Sagavanirktok River,81390400271,81390400270701,68.72958469884394,-148.5876876921543,190.0,190.0,1,227844.0
Sagavanirktok River,81390400271,81390400270711,68.72827887570588,-148.5843929134787,172.5,172.5,1,228056.0
Sagavanirktok River,81390400271,81390400270721,68.72721989675128,-148.5804045070998,169.0,690.0,3,228252.0
Sagavanirktok River,81390400271,81390400270731,68.72602275566442,-148.57717747339436,190.0,690.0,2,228435.0
Sagavanirktok River,81390400271,81390400270741,68.72487299121674,-148.57347985768553,275.0,690.0,3,228643.0
Sagavanirktok River,81390400271,81390400270751,68.72372397020018,-148.56969374879375,169.0,690.0,2,228839.0
Sagavanirktok River,81390400271,81390400270761,68.7223838560656,-148.56619102612183,223.5,690.0,2,229044.0
Sagavanirktok River,81390400271,81390400270771,68.72077651535976,-148.56538675238133,232.5,232.5,1,229243.0
Sagavanirktok River,81390400271,81390400270781,68.71904303508053,-148.5636706020762,184.0,184.0,1,229461.0
Sagavanirktok River,81390400271,81390400270791,68.71730790808729,-148.56213099883732,64.5,64.5,1,229653.0
Sagavanirktok River,81390400271,81390400270801,68.7157073756201,-148.56058692546137,39.0,39.0,1,229849.0
Sagavanirktok River,81390400271,81390400270811,68.71410955679939,-148.5587469818232,60.5,60.5,1,230034.0
Sagavanirktok River,81390400271,81390400270821,68.71237392876881,-148.557257451432,48.0,48.0,1,230260.0
Sagavanirktok River,81390400271,81390400270831,68.71084462619613,-148.55479152806046,60.0,60.0,1,230443.0
Sagavanirktok River,81390400271,81390400270841,68.71002040148326,-148.55095728932207,63.0,63.0,1,230636.0
Sagavanirktok River,81390400271,81390400270851,68.70893541979135,-148.54717933340646,63.0,63.0,1,230840.0
Sagavanirktok River,81390400271,81390400270861,68.70770490323764,-148.54302145205472,48.0,48.0,1,231049.0
Sagavanirktok River,81390400321,81390400320011,70.0961102318662,-148.4810416358549,97.0,97.0,1,60529.0
Sagavanirktok River,81390400321,81390400320021,70.09448252082461,-148.4826365565634,58.0,58.0,1,60714.0
Sagavanirktok River,81390400321,81390400320031,70.09285282609407,-148.48446795421196,48.0,48.0,1,60928.0
Sagavanirktok River,81390400321,81390400320041,70.09121830369851,-148.48687777320978,54.0,54.0,1,61118.0
Sagavanirktok River,81390400321,81390400320051,70.08961830651107,-148.48836856821717,51.0,51.0,1,61311.0
Sagavanirktok River,81390400321,81390400320061,70.08838590819548,-148.49159604838198,42.0,42.0,1,61500.0
Sagavanirktok River,81390400321,81390400320071,70.08723687101292,-148.49514492835664,42.0,42.0,1,61687.0
Sagavanirktok River,81390400321,81390400320081,70.08573970691745,-148.4984841031554,48.0,48.0,1,61911.0
Sagavanirktok River,81390400321,81390400320091,70.08410323081662,-148.50110236121665,58.0,58.0,1,62097.0
Sagavanirktok River,81390400321,81390400320101,70.08269003136023,-148.50276291688647,87.0,87.0,1,62309.0
Sagavanirktok River,81390400321,81390400320111,70.08123491384643,-148.506203855291,96.0,1626.0,2,62491.0
Sagavanirktok River,81390400321,81390400320121,70.0799329127625,-148.50956072948202,109.0,1626.0,2,62694.0
Sagavanirktok River,81390400321,81390400320131,70.07931939974901,-148.5142247048733,84.0,84.0,1,62889.0
Sagavanirktok River,81390400321,81390400320141,70.07834698312345,-148.51888845551426,42.0,42.0,1,63111.0
Sagavanirktok River,81390400321,81390400320151,70.07746408453012,-148.5235583702822,103.5,103.5,1,63299.0
Sagavanirktok River,81390400321,81390400320161,70.07772844873126,-148.52831229365253,577.5,1626.0,3,63505.0
Sagavanirktok River,81390400321,81390400320171,70.07779796323447,-148.5327625741123,470.0,470.0,1,63705.0
Sagavanirktok River,81390400321,81390400320181,70.07641035056622,-148.53558491734776,258.0,258.0,1,63882.0
Sagavanirktok River,81390400321,81390400320191,70.07519888928891,-148.53877759786786,233.0,233.0,1,64078.0
Sagavanirktok River,81390400321,81390400320201,70.07379636561735,-148.54227657381225,192.5,1626.0,2,64286.0
Sagavanirktok River,81390400321,81390400320211,70.07229584390164,-148.5446528392218,186.0,1626.0,2,64472.0
Sagavanirktok River,81390400321,81390400320221,70.07078645608381,-148.54804831145574,267.5,1626.0,2,64693.0
Sagavanirktok River,81390400321,81390400320231,70.0691617998031,-148.54921566410871,164.0,1626.0,2,64875.0
Sagavanirktok River,81390400321,81390400320241,70.06742204774042,-148.54813957873498,144.0,1626.0,2,65089.0
Sagavanirktok River,81390400321,81390400320251,70.06567135997642,-148.54832465210126,181.5,1626.0,2,65280.0
Sagavanirktok River,81390400321,81390400320261,70.06391110113715,-148.54961299827715,188.0,1626.0,2,65494.0
Sagavanirktok River,81390400321,81390400320271,70.06215562309276,-148.550349537456,207.0,1626.0,2,65675.0
Sagavanirktok River,81390400321,81390400320281,70.06040796246499,-148.55018546681222,258.0,1626.0,4,65888.0
Sagavanirktok River,81390400321,81390400320291,70.05865195934923,-148.55098184523783,261.0,1626.0,3,66080.0
Sagavanirktok River,81390400321,81390400320301,70.05702271257104,-148.5526734655765,215.0,1626.0,2,66275.0
Sagavanirktok River,81390400321,81390400320311,70.05539367902796,-148.55433856931387,143.0,1626.0,2,66464.0
Sagavanirktok River,81390400321,81390400320321,70.05363769068103,-148.55513067888728,142.0,142.0,1,66681.0
Sagavanirktok River,81390400321,81390400320331,70.0520077938326,-148.5568913146248,75.0,75.0,1,66878.0
Sagavanirktok River,81390400321,81390400320341,70.05063433263442,-148.56009843143028,118.0,118.0,1,67066.0
Sagavanirktok River,81390400321,81390400320351,70.04913918318434,-148.56285469912575,108.0,108.0,1,67268.0
Sagavanirktok River,81390400321,81390400320361,70.04770424955846,-148.56589876849918,170.5,1626.0,2,67466.0
Sagavanirktok River,81390400321,81390400320371,70.0461203412715,-148.5685372400895,129.0,129.0,1,67681.0
Sagavanirktok River,81390400321,81390400320381,70.04448815897855,-148.5705414156131,97.5,97.5,1,67880.0
Sagavanirktok River,81390400321,81390400320391,70.04298416076065,-148.5732639466015,164.0,1626.0,2,68066.0
Sagavanirktok River,81390400321,81390400320401,70.04149240548601,-148.57459538600196,146.5,1626.0,2,68255.0
Sagavanirktok River,81390400321,81390400320411,70.03973179110464,-148.57589877000257,142.0,1626.0,2,68470.0
Sagavanirktok River,81390400321,81390400320421,70.03797845621156,-148.57637739478164,154.0,1626.0,2,68659.0
Sagavanirktok River,81390400321,81390400320431,70.03647933810228,-148.57853725121186,181.0,1626.0,2,68859.0
Sagavanirktok River,81390400321,81390400320441,70.03529435931779,-148.58229039786096,236.0,1626.0,3,69041.0
Sagavanirktok River,81390400321,81390400320451,70.03433622586405,-148.5865486157622,179.0,1626.0,2,69250.0
Sagavanirktok River,81390400321,81390400320461,70.0333350422285,-148.59119687621498,210.0,1626.0,3,69455.0
Sagavanirktok River,81390400321,81390400320471,70.03262953987884,-148.59586736127366,222.0,1626.0,3,69644.0
Sagavanirktok River,81390400321,81390400320481,70.0319687341083,-148.6005409572449,282.5,1626.0,2,69852.0
Sagavanirktok River,81390400321,81390400320491,70.03085410951009,-148.60459667345222,278.0,1626.0,3,70040.0
Sagavanirktok River,81390400321,81390400320501,70.02935912404598,-148.6074521711056,298.0,1626.0,3,70254.0
Sagavanirktok River,81390400321,81390400320511,70.0277257972772,-148.60953036624716,150.5,1626.0,2,70441.0
Sagavanirktok River,81390400321,81390400320521,70.02598025336134,-148.60913314175966,120.0,1626.0,2,70651.0
Sagavanirktok River,81390400321,81390400320531,70.0242278443814,-148.6094962888382,133.5,1626.0,2,70852.0
Sagavanirktok River,81390400321,81390400320541,70.0225935441534,-148.61167866381408,262.0,1626.0,3,71042.0
Sagavanirktok River,81390400321,81390400320551,70.02097107999144,-148.61255001664915,415.5,1626.0,2,71225.0
Sagavanirktok River,81390400321,81390400320561,70.01934243809319,-148.614102715528,403.5,1626.0,2,71450.0
Sagavanirktok River,81390400321,81390400320571,70.01783212140693,-148.6174426349833,238.0,1626.0,2,71635.0
Sagavanirktok River,81390400321,81390400320581,70.01633356127593,-148.61948216920902,180.0,1626.0,3,71824.0
Sagavanirktok River,81390400321,81390400320591,70.01470319206013,-148.6212174348381,329.0,1626.0,5,72021.0
Sagavanirktok River,81390400321,81390400320601,70.01294247868091,-148.62248903375095,217.0,1626.0,3,72235.0
Sagavanirktok River,81390400321,81390400320611,70.01105419051383,-148.6229938577062,285.0,1626.0,3,72447.0
Sagavanirktok River,81390400321,81390400320621,70.00943218842279,-148.62380695663347,109.0,1626.0,2,72615.0
Sagavanirktok River,81390400321,81390400320631,70.00798030213626,-148.62661958637136,79.5,79.5,1,72833.0
Sagavanirktok River,81390400321,81390400320641,70.00666975792689,-148.63044951053402,233.0,1626.0,2,73041.0
Sagavanirktok River,81390400321,81390400320651,70.0054380316316,-148.63389195029632,275.0,1626.0,2,73210.0
Sagavanirktok River,81390400321,81390400320661,70.0042277491869,-148.63733565970477,212.0,1626.0,2,73410.0
Sagavanirktok River,81390400321,81390400320671,70.00279484757091,-148.6408176399819,190.0,1626.0,2,73632.0
Sagavanirktok River,81390400321,81390400320681,70.00106690668774,-148.64101870865426,169.5,1626.0,2,73812.0
Sagavanirktok River,81390400321,81390400320691,69.99918456482581,-148.64087066784168,159.0,1626.0,2,74022.0
