{
  "type": "FeatureCollection",
  "features": [
    {
      "type": "Feature",
      "geometry": {
        "type": "Point",
        "coordinates": [
          -152.91263,
          63.68803
        ]
      },
      "properties": {
        "predicted": "ice_covered_river_snow_covered_land",
        "class_id": 0,
        "true_class": "ice_covered_river_snow_covered_land",
        "correct": 1,
        "date": "2022-10-23",
        "land_cover": "Open Shrublands",
        "water_fraction": 0.1985
      }
    },
    {
      "type": "Feature",
      "geometry": {
        "type": "Point",
        "coordinates": [
          -153.6356,
          63.2556
        ]
      },
      "properties": {
        "predicted": "ice_covered_river_snow_covered_land",
        "class_id": 0,
        "true_class": "ice_covered_river_snow_covered_land",
        "correct": 1,
        "date": "2022-10-23",
        "land_cover": "Savannas",
        "water_fraction": 0.0524
      }
    },
    {
      "type": "Feature",
      "geometry": {
        "type": "Point",
        "coordinates": [
          -153.30452,
          63.04614
        ]
      },
      "properties": {
        "predicted": "ice_covered_river_snow_free_land",
        "class_id": 1,
        "true_class": "ice_covered_river_snow_free_land",
        "correct": 1,
        "date": "2022-10-23",
        "land_cover": "Savannas",
        "water_fraction": 0.0878
      }
    },
    {
      "type": "Feature",
      "geometry": {
        "type": "Point",
        "coordinates": [
          -151.99708,
          62.97181
        ]
      },
      "properties": {
        "predicted": "ice_covered_river_snow_covered_land",
        "class_id": 0,
        "true_class": "ice_covered_river_snow_covered_land",
        "correct": 1,
        "date": "2022-10-23",
        "land_cover": "Savannas",
        "water_fraction": 0.0996
      }
    },
    {
      "type": "Feature",
      "geometry": {
        "type": "Point",
        "coordinates": [
          -150.62546,
          62.85019
        ]
      },
      "properties": {
        "predicted": "ice_covered_river_snow_covered_land",
        "class_id": 0,
        "true_class": "ice_covered_river_snow_covered_land",
        "correct": 1,
        "date": "2022-10-23",
        "land_cover": "Barren",
        "water_fraction": 0.0978
      }
    },
    {
      "type": "Feature",
      "geometry": {
        "type": "Point",
        "coordinates": [
          -150.65249,
          62.63398
        ]
      },
      "properties": {
        "predicted": "ice_covered_river_snow_covered_land",
        "class_id": 0,
        "true_class": "ice_covered_river_snow_covered_land",
        "correct": 1,
        "date": "2022-10-23",
        "land_cover": "Open Shrublands",
        "water_fraction": 0.0509
      }
    },
    {
      "type": "Feature",
      "geometry": {
        "type": "Point",
        "coordinates": [
          -153.64911,
          62.55289
        ]
      },
      "properties": {
        "predicted": "ice_covered_river_snow_covered_land",
        "class_id": 0,
        "true_class": "ice_covered_river_snow_covered_land",
        "correct": 1,
        "date": "2022-10-23",
        "land_cover": "Woody Savannas",
        "water_fraction": 0.3068
      }
    },
    {
      "type": "Feature",
      "geometry": {
        "type": "Point",
        "coordinates": [
          -151.916,
          62.45154
        ]
      },
      "properties": {
        "predicted": "ice_free_river_snow_free_land",
        "class_id": 2,
        "true_class": "ice_free_river_snow_free_land",
        "correct": 1,
        "date": "2022-10-23",
        "land_cover": "Grasslands",
        "water_fraction": 0.6918
      }
    },
    {
      "type": "Feature",
      "geometry": {
        "type": "Point",
        "coordinates": [
          -153.38222,
          62.16776
        ]
      },
      "properties": {
        "predicted": "ice_covered_river_snow_covered_land",
        "class_id": 0,
        "true_class": "ice_covered_river_snow_covered_land",
        "correct": 1,
        "date": "2022-10-23",
        "land_cover": "Permanent Wetlands",
        "water_fraction": 0.2188
      }
    },
    {
      "type": "Feature",
      "geometry": {
        "type": "Point",
        "coordinates": [
          -152.19979,
          61.9583
        ]
      },
      "properties": {
        "predicted": "ice_free_river_snow_free_land",
        "class_id": 2,
        "true_class": "ice_free_river_snow_free_land",
        "correct": 1,
        "date": "2022-10-23",
        "land_cover": "Savannas",
        "water_fraction": 0.1688
      }
    },
    {
      "type": "Feature",
      "geometry": {
        "type": "Point",
        "coordinates": [
          -151.53087,
          61.89411
        ]
      },
      "properties": {
        "predicted": "ice_free_river_snow_free_land",
        "class_id": 2,
        "true_class": "ice_free_river_snow_free_land",
        "correct": 1,
        "date": "2022-10-23",
        "land_cover": "Savannas",
        "water_fraction": 0.5833
      }
    },
    {
      "type": "Feature",
      "geometry": {
        "type": "Point",
        "coordinates": [
          -154.44426,
          64.94764
        ]
      },
      "properties": {
        "predicted": "ice_covered_river_snow_covered_land",
        "class_id": 0,
        "true_class": "ice_covered_river_snow_free_land",
        "correct": 0,
        "date": "2023-04-15",
        "land_cover": "Woody Savannas",
        "water_fraction": 0.3441
      }
    },
    {
      "type": "Feature",
      "geometry": {
        "type": "Point",
        "coordinates": [
          -154.23818,
          64.90034
        ]
      },
      "properties": {
        "predicted": "ice_covered_river_snow_covered_land",
        "class_id": 0,
        "true_class": "ice_covered_river_snow_covered_land",
        "correct": 1,
        "date": "2023-04-15",
        "land_cover": "Woody Savannas",
        "water_fraction": 0.2274
      }
    },
    {
      "type": "Feature",
      "geometry": {
        "type": "Point",
        "coordinates": [
          -155.13007,
          64.84628
        ]
      },
      "properties": {
        "predicted": "ice_covered_river_snow_covered_land",
        "class_id": 0,
        "true_class": "ice_covered_river_snow_free_land",
        "correct": 0,
        "date": "2023-04-15",
        "land_cover": "Woody Savannas",
        "water_fraction": 0.2492
      }
    },
    {
      "type": "Feature",
      "geometry": {
        "type": "Point",
        "coordinates": [
          -155.7348,
          64.77196
        ]
      },
      "properties": {
        "predicted": "ice_covered_river_snow_covered_land",
        "class_id": 0,
        "true_class": "ice_covered_river_snow_covered_land",
        "correct": 1,
        "date": "2023-04-15",
        "land_cover": "Woody Savannas",
        "water_fraction": 0.1363
      }
    },
    {
      "type": "Feature",
      "geometry": {
        "type": "Point",
        "coordinates": [
          -154.4848,
          64.72128
        ]
      },
      "properties": {
        "predicted": "ice_covered_river_snow_covered_land",
        "class_id": 0,
        "true_class": "ice_covered_river_snow_covered_land",
        "correct": 1,
        "date": "2023-04-15",
        "land_cover": "Woody Savannas",
        "water_fraction": 0.0862
      }
    },
    {
      "type": "Feature",
      "geometry": {
        "type": "Point",
        "coordinates": [
          -154.50507,
          64.65372
        ]
      },
      "properties": {
        "predicted": "ice_covered_river_snow_covered_land",
        "class_id": 0,
        "true_class": "ice_covered_river_snow_covered_land",
        "correct": 1,
        "date": "2023-04-15",
        "land_cover": "Woody Savannas",
        "water_fraction": 0.1339
      }
    },
    {
      "type": "Feature",
      "geometry": {
        "type": "Point",
        "coordinates": [
          -154.07264,
          64.41723
        ]
      },
      "properties": {
        "predicted": "ice_covered_river_snow_covered_land",
        "class_id": 0,
        "true_class": "ice_covered_river_snow_covered_land",
        "correct": 1,
        "date": "2023-04-15",
        "land_cover": "Woody Savannas",
        "water_fraction": 0.0554
      }
    },
    {
      "type": "Feature",
      "geometry": {
        "type": "Point",
        "coordinates": [
          -152.46115,
          63.92061
        ]
      },
      "properties": {
        "predicted": "ice_covered_river_snow_covered_land",
        "class_id": 0,
        "true_class": "ice_covered_river_snow_covered_land",
        "correct": 1,
        "date": "2023-04-15",
        "land_cover": "Savannas",
        "water_fraction": 0.1981
      }
    },
    {
      "type": "Feature",
      "geometry": {
        "type": "Point",
        "coordinates": [
          -151.46696,
          65.1927
        ]
      },
      "properties": {
        "predicted": "ice_free_river_snow_free_land",
        "class_id": 2,
        "true_class": "ice_free_river_snow_free_land",
        "correct": 1,
        "date": "2023-05-19",
        "land_cover": "Evergreen Needleleaf Forests",
        "water_fraction": 0.8571
      }
    },
    {
      "type": "Feature",
      "geometry": {
        "type": "Point",
        "coordinates": [
          -152.07506,
          65.12175
        ]
      },
      "properties": {
        "predicted": "ice_free_river_snow_free_land",
        "class_id": 2,
        "true_class": "ice_free_river_snow_free_land",
        "correct": 1,
        "date": "2023-05-19",
        "land_cover": "Deciduous Broadleaf Forests",
        "water_fraction": 0.2298
      }
    },
    {
      "type": "Feature",
      "geometry": {
        "type": "Point",
        "coordinates": [
          -151.64939,
          65.08459
        ]
      },
      "properties": {
        "predicted": "ice_free_river_snow_free_land",
        "class_id": 2,
        "true_class": "ice_free_river_snow_free_land",
        "correct": 1,
        "date": "2023-05-19",
        "land_cover": "Woody Savannas",
        "water_fraction": 0.0516
      }
    },
    {
      "type": "Feature",
      "geometry": {
        "type": "Point",
        "coordinates": [
          -149.11655,
          64.84628
        ]
      },
      "properties": {
        "predicted": "ice_free_river_snow_free_land",
        "class_id": 2,
        "true_class": "ice_free_river_snow_free_land",
        "correct": 1,
        "date": "2023-09-25",
        "land_cover": "Woody Savannas",
        "water_fraction": 0.3396
      }
    },
    {
      "type": "Feature",
      "geometry": {
        "type": "Point",
        "coordinates": [
          -147.65034,
          64.77196
        ]
      },
      "properties": {
        "predicted": "ice_free_river_snow_free_land",
        "class_id": 2,
        "true_class": "ice_free_river_snow_free_land",
        "correct": 1,
        "date": "2023-09-25",
        "land_cover": "Woody Savannas",
        "water_fraction": 0.1395
      }
    },
    {
      "type": "Feature",
      "geometry": {
        "type": "Point",
        "coordinates": [
          -150.04223,
          64.6875
        ]
      },
      "properties": {
        "predicted": "ice_free_river_snow_free_land",
        "class_id": 2,
        "true_class": "ice_free_river_snow_free_land",
        "correct": 1,
        "date": "2023-09-25",
        "land_cover": "Woody Savannas",
        "water_fraction": 0.095
      }
    },
    {
      "type": "Feature",
      "geometry": {
        "type": "Point",
        "coordinates": [
          -149.11993,
          64.58953
        ]
      },
      "properties": {
        "predicted": "ice_free_river_snow_free_land",
        "class_id": 2,
        "true_class": "ice_free_river_snow_free_land",
        "correct": 1,
        "date": "2023-09-25",
        "land_cover": "Woody Savannas",
        "water_fraction": 0.0755
      }
    },
    {
      "type": "Feature",
      "geometry": {
        "type": "Point",
        "coordinates": [
          -150.53547,
          64.32939
        ]
      },
      "properties": {
        "predicted": "ice_free_river_snow_free_land",
        "class_id": 2,
        "true_class": "ice_free_river_snow_free_land",
        "correct": 1,
        "date": "2023-09-25",
        "land_cover": "Woody Savannas",
        "water_fraction": 0.2026
      }
    },
    {
      "type": "Feature",
      "geometry": {
        "type": "Point",
        "coordinates": [
          -150.65372,
          64.15034
        ]
      },
      "properties": {
        "predicted": "ice_free_river_snow_free_land",
        "class_id": 2,
        "true_class": "ice_free_river_snow_free_land",
        "correct": 1,
        "date": "2023-09-25",
        "land_cover": "Savannas",
        "water_fraction": 0.2846
      }
    },
    {
      "type": "Feature",
      "geometry": {
        "type": "Point",
        "coordinates": [
          -151.71791,
          63.77872
        ]
      },
      "properties": {
        "predicted": "ice_free_river_snow_free_land",
        "class_id": 2,
        "true_class": "ice_free_river_snow_free_land",
        "correct": 1,
        "date": "2023-09-25",
        "land_cover": "Savannas",
        "water_fraction": 0.0774
      }
    },
    {
      "type": "Feature",
      "geometry": {
        "type": "Point",
        "coordinates": [
          -150.13682,
          63.67061
        ]
      },
      "properties": {
        "predicted": "ice_free_river_snow_free_land",
        "class_id": 2,
        "true_class": "ice_free_river_snow_free_land",
        "correct": 1,
        "date": "2023-09-25",
        "land_cover": "Grasslands",
        "water_fraction": 0.1323
      }
    },
    {
      "type": "Feature",
      "geometry": {
        "type": "Point",
        "coordinates": [
          -149.88682,
          63.58615
        ]
      },
      "properties": {
        "predicted": "ice_free_river_snow_free_land",
        "class_id": 2,
        "true_class": "ice_free_river_snow_free_land",
        "correct": 1,
        "date": "2023-09-25",
        "land_cover": "Savannas",
        "water_fraction": 0.1908
      }
    },
    {
      "type": "Feature",
      "geometry": {
        "type": "Point",
        "coordinates": [
          -152.11993,
          63.68074
        ]
      },
      "properties": {
        "predicted": "ice_free_river_snow_land",
        "class_id": 3,
        "true_class": "ice_covered_river_snow_covered_land",
        "correct": 0,
        "date": "2023-10-26",
        "land_cover": "Open Shrublands",
        "water_fraction": 0.1702
      }
    },
    {
      "type": "Feature",
      "geometry": {
        "type": "Point",
        "coordinates": [
          -151.33953,
          63.55236
        ]
      },
      "properties": {
        "predicted": "ice_covered_river_snow_covered_land",
        "class_id": 0,
        "true_class": "ice_covered_river_snow_covered_land",
        "correct": 1,
        "date": "2023-10-26",
        "land_cover": "Savannas",
        "water_fraction": 0.1194
      }
    },
    {
      "type": "Feature",
      "geometry": {
        "type": "Point",
        "coordinates": [
          -151.09628,
          63.43412
        ]
      },
      "properties": {
        "predicted": "ice_covered_river_snow_covered_land",
        "class_id": 0,
        "true_class": "ice_covered_river_snow_covered_land",
        "correct": 1,
        "date": "2023-10-26",
        "land_cover": "Grasslands",
        "water_fraction": 0.1505
      }
    },
    {
      "type": "Feature",
      "geometry": {
        "type": "Point",
        "coordinates": [
          -151.1402,
          63.36655
        ]
      },
      "properties": {
        "predicted": "ice_covered_river_snow_covered_land",
        "class_id": 0,
        "true_class": "ice_covered_river_snow_covered_land",
        "correct": 1,
        "date": "2023-10-26",
        "land_cover": "Savannas",
        "water_fraction": 0.0713
      }
    },
    {
      "type": "Feature",
      "geometry": {
        "type": "Point",
        "coordinates": [
          -151.94426,
          62.86655
        ]
      },
      "properties": {
        "predicted": "ice_covered_river_snow_covered_land",
        "class_id": 0,
        "true_class": "ice_covered_river_snow_covered_land",
        "correct": 1,
        "date": "2023-10-26",
        "land_cover": "Barren",
        "water_fraction": 0.2672
      }
    },
    {
      "type": "Feature",
      "geometry": {
        "type": "Point",
        "coordinates": [
          -150.65709,
          62.79561
        ]
      },
      "properties": {
        "predicted": "ice_covered_river_snow_covered_land",
        "class_id": 0,
        "true_class": "ice_covered_river_snow_covered_land",
        "correct": 1,
        "date": "2023-10-26",
        "land_cover": "Barren",
        "water_fraction": 0.1143
      }
    },
    {
      "type": "Feature",
      "geometry": {
        "type": "Point",
        "coordinates": [
          -150.24831,
          62.72128
        ]
      },
      "properties": {
        "predicted": "ice_free_river_snow_free_land",
        "class_id": 2,
        "true_class": "ice_free_river_snow_free_land",
        "correct": 1,
        "date": "2023-10-26",
        "land_cover": "Permanent Wetlands",
        "water_fraction": 0.8041
      }
    },
    {
      "type": "Feature",
      "geometry": {
        "type": "Point",
        "coordinates": [
          -150.4375,
          62.63682
        ]
      },
      "properties": {
        "predicted": "ice_free_river_snow_free_land",
        "class_id": 2,
        "true_class": "ice_free_river_snow_free_land",
        "correct": 1,
        "date": "2023-10-26",
        "land_cover": "Grasslands",
        "water_fraction": 0.1266
      }
    },
    {
      "type": "Feature",
      "geometry": {
        "type": "Point",
        "coordinates": [
          -153.42736,
          62.21791
        ]
      },
      "properties": {
        "predicted": "ice_free_river_snow_free_land",
        "class_id": 2,
        "true_class": "ice_free_river_snow_free_land",
        "correct": 1,
        "date": "2023-10-26",
        "land_cover": "Grasslands",
        "water_fraction": 0.2035
      }
    },
    {
      "type": "Feature",
      "geometry": {
        "type": "Point",
        "coordinates": [
          -151.47466,
          62.07939
        ]
      },
      "properties": {
        "predicted": "ice_free_river_snow_free_land",
        "class_id": 2,
        "true_class": "ice_free_river_snow_free_land",
        "correct": 1,
        "date": "2023-10-26",
        "land_cover": "Woody Savannas",
        "water_fraction": 0.2469
      }
    },
    {
      "type": "Feature",
      "geometry": {
        "type": "Point",
        "coordinates": [
          -152.24155,
          61.96791
        ]
      },
      "properties": {
        "predicted": "ice_free_river_snow_free_land",
        "class_id": 2,
        "true_class": "ice_free_river_snow_free_land",
        "correct": 1,
        "date": "2023-10-26",
        "land_cover": "Woody Savannas",
        "water_fraction": 0.2551
      }
    },
    {
      "type": "Feature",
      "geometry": {
        "type": "Point",
        "coordinates": [
          -156.93074,
          64.99831
        ]
      },
      "properties": {
        "predicted": "ice_covered_river_snow_covered_land",
        "class_id": 0,
        "true_class": "ice_covered_river_snow_covered_land",
        "correct": 1,
        "date": "2024-03-14",
        "land_cover": "Savannas",
        "water_fraction": 0.1569
      }
    },
    {
      "type": "Feature",
      "geometry": {
        "type": "Point",
        "coordinates": [
          -154.47804,
          64.94088
        ]
      },
      "properties": {
        "predicted": "ice_covered_river_snow_covered_land",
        "class_id": 0,
        "true_class": "ice_covered_river_snow_free_land",
        "correct": 0,
        "date": "2024-03-14",
        "land_cover": "Permanent Wetlands",
        "water_fraction": 0.1121
      }
    },
    {
      "type": "Feature",
      "geometry": {
        "type": "Point",
        "coordinates": [
          -154.80236,
          64.86993
        ]
      },
      "properties": {
        "predicted": "ice_covered_river_snow_covered_land",
        "class_id": 0,
        "true_class": "ice_covered_river_snow_covered_land",
        "correct": 1,
        "date": "2024-03-14",
        "land_cover": "Savannas",
        "water_fraction": 0.2469
      }
    },
    {
      "type": "Feature",
      "geometry": {
        "type": "Point",
        "coordinates": [
          -155.21791,
          64.82601
        ]
      },
      "properties": {
        "predicted": "ice_covered_river_snow_free_land",
        "class_id": 1,
        "true_class": "ice_covered_river_snow_free_land",
        "correct": 1,
        "date": "2024-03-14",
        "land_cover": "Evergreen Needleleaf Forests",
        "water_fraction": 0.2903
      }
    },
    {
      "type": "Feature",
      "geometry": {
        "type": "Point",
        "coordinates": [
          -148.43388,
          66.17648
        ]
      },
      "properties": {
        "predicted": "ice_covered_river_snow_free_land",
        "class_id": 1,
        "true_class": "ice_covered_river_snow_covered_land",
        "correct": 0,
        "date": "2024-04-27",
        "land_cover": "Woody Savannas",
        "water_fraction": 0.6221
      }
    },
    {
      "type": "Feature",
      "geometry": {
        "type": "Point",
        "coordinates": [
          -148.94402,
          66.08864
        ]
      },
      "properties": {
        "predicted": "ice_covered_river_snow_free_land",
        "class_id": 1,
        "true_class": "ice_covered_river_snow_free_land",
        "correct": 1,
        "date": "2024-04-27",
        "land_cover": "Woody Savannas",
        "water_fraction": 0.151
      }
    },
    {
      "type": "Feature",
      "geometry": {
        "type": "Point",
        "coordinates": [
          -149.74807,
          64.93661
        ]
      },
      "properties": {
        "predicted": "ice_free_river_snow_free_land",
        "class_id": 2,
        "true_class": "ice_covered_river_snow_free_land",
        "correct": 0,
        "date": "2024-04-27",
        "land_cover": "Woody Savannas",
        "water_fraction": 0.0565
      }
    },
    {
      "type": "Feature",
      "geometry": {
        "type": "Point",
        "coordinates": [
          -149.13659,
          64.68661
        ]
      },
      "properties": {
        "predicted": "ice_free_river_snow_free_land",
        "class_id": 2,
        "true_class": "ice_free_river_snow_free_land",
        "correct": 1,
        "date": "2024-04-27",
        "land_cover": "Woody Savannas",
        "water_fraction": 0.3064
      }
    },
    {
      "type": "Feature",
      "geometry": {
        "type": "Point",
        "coordinates": [
          -151.51878,
          65.18454
        ]
      },
      "properties": {
        "predicted": "ice_covered_river_snow_free_land",
        "class_id": 1,
        "true_class": "ice_covered_river_snow_free_land",
        "correct": 1,
        "date": "2024-10-18",
        "land_cover": "Evergreen Needleleaf Forests",
        "water_fraction": 0.6786
      }
    },
    {
      "type": "Feature",
      "geometry": {
        "type": "Point",
        "coordinates": [
          -151.60999,
          65.02238
        ]
      },
      "properties": {
        "predicted": "ice_covered_river_snow_free_land",
        "class_id": 1,
        "true_class": "ice_covered_river_snow_free_land",
        "correct": 1,
        "date": "2024-10-18",
        "land_cover": "Woody Savannas",
        "water_fraction": 0.092
      }
    },
    {
      "type": "Feature",
      "geometry": {
        "type": "Point",
        "coordinates": [
          -153.43621,
          63.07927
        ]
      },
      "properties": {
        "predicted": "ice_covered_river_snow_free_land",
        "class_id": 1,
        "true_class": "ice_covered_river_snow_free_land",
        "correct": 1,
        "date": "2025-04-20",
        "land_cover": "Woody Savannas",
        "water_fraction": 0.0647
      }
    },
    {
      "type": "Feature",
      "geometry": {
        "type": "Point",
        "coordinates": [
          -155.22675,
          62.97791
        ]
      },
      "properties": {
        "predicted": "ice_covered_river_snow_free_land",
        "class_id": 1,
        "true_class": "ice_covered_river_snow_free_land",
        "correct": 1,
        "date": "2025-04-20",
        "land_cover": "Savannas",
        "water_fraction": 0.3422
      }
    },
    {
      "type": "Feature",
      "geometry": {
        "type": "Point",
        "coordinates": [
          -155.61864,
          62.94075
        ]
      },
      "properties": {
        "predicted": "ice_covered_river_snow_free_land",
        "class_id": 1,
        "true_class": "ice_covered_river_snow_free_land",
        "correct": 1,
        "date": "2025-04-20",
        "land_cover": "Savannas",
        "water_fraction": 0.2929
      }
    },
    {
      "type": "Feature",
      "geometry": {
        "type": "Point",
        "coordinates": [
          -155.62878,
          62.82589
        ]
      },
      "properties": {
        "predicted": "ice_covered_river_snow_free_land",
        "class_id": 1,
        "true_class": "ice_covered_river_snow_free_land",
        "correct": 1,
        "date": "2025-04-20",
        "land_cover": "Evergreen Needleleaf Forests",
        "water_fraction": 0.0873
      }
    },
    {
      "type": "Feature",
      "geometry": {
        "type": "Point",
        "coordinates": [
          -153.93621,
          62.76508
        ]
      },
      "properties": {
        "predicted": "ice_covered_river_snow_free_land",
        "class_id": 1,
        "true_class": "ice_covered_river_snow_free_land",
        "correct": 1,
        "date": "2025-04-20",
        "land_cover": "Savannas",
        "water_fraction": 0.3361
      }
    },
    {
      "type": "Feature",
      "geometry": {
        "type": "Point",
        "coordinates": [
          -155.74364,
          62.65359
        ]
      },
      "properties": {
        "predicted": "ice_covered_river_snow_free_land",
        "class_id": 1,
        "true_class": "ice_covered_river_snow_free_land",
        "correct": 1,
        "date": "2025-04-20",
        "land_cover": "Evergreen Needleleaf Forests",
        "water_fraction": 0.3201
      }
    },
    {
      "type": "Feature",
      "geometry": {
        "type": "Point",
        "coordinates": [
          -155.74026,
          62.57251
        ]
      },
      "properties": {
        "predicted": "ice_covered_river_snow_free_land",
        "class_id": 1,
        "true_class": "ice_covered_river_snow_free_land",
        "correct": 1,
        "date": "2025-04-20",
        "land_cover": "Woody Savannas",
        "water_fraction": 0.5162
      }
    },
    {
      "type": "Feature",
      "geometry": {
        "type": "Point",
        "coordinates": [
          -153.74026,
          62.32927
        ]
      },
      "properties": {
        "predicted": "ice_covered_river_snow_covered_land",
        "class_id": 0,
        "true_class": "ice_covered_river_snow_covered_land",
        "correct": 1,
        "date": "2025-04-20",
        "land_cover": "Grasslands",
        "water_fraction": 0.0595
      }
    },
    {
      "type": "Feature",
      "geometry": {
        "type": "Point",
        "coordinates": [
          -156.19972,
          62.10291
        ]
      },
      "properties": {
        "predicted": "ice_covered_river_snow_free_land",
        "class_id": 1,
        "true_class": "ice_covered_river_snow_free_land",
        "correct": 1,
        "date": "2025-04-20",
        "land_cover": "Evergreen Needleleaf Forests",
        "water_fraction": 0.2536
      }
    },
    {
      "type": "Feature",
      "geometry": {
        "type": "Point",
        "coordinates": [
          -154.45648,
          61.95764
        ]
      },
      "properties": {
        "predicted": "ice_covered_river_snow_covered_land",
        "class_id": 0,
        "true_class": "ice_covered_river_snow_covered_land",
        "correct": 1,
        "date": "2025-04-20",
        "land_cover": "Grasslands",
        "water_fraction": 0.1561
      }
    },
    {
      "type": "Feature",
      "geometry": {
        "type": "Point",
        "coordinates": [
          -152.31171,
          66.29878
        ]
      },
      "properties": {
        "predicted": "ice_free_river_snow_free_land",
        "class_id": 2,
        "true_class": "ice_free_river_snow_free_land",
        "correct": 1,
        "date": "2025-05-15",
        "land_cover": "Woody Savannas",
        "water_fraction": 0.0614
      }
    },
    {
      "type": "Feature",
      "geometry": {
        "type": "Point",
        "coordinates": [
          -151.59211,
          66.19068
        ]
      },
      "properties": {
        "predicted": "ice_free_river_snow_free_land",
        "class_id": 2,
        "true_class": "ice_free_river_snow_free_land",
        "correct": 1,
        "date": "2025-05-15",
        "land_cover": "Savannas",
        "water_fraction": 0.0576
      }
    },
    {
      "type": "Feature",
      "geometry": {
        "type": "Point",
        "coordinates": [
          -148.93333,
          65.98797
        ]
      },
      "properties": {
        "predicted": "ice_covered_river_snow_free_land",
        "class_id": 1,
        "true_class": "ice_free_river_snow_free_land",
        "correct": 0,
        "date": "2025-05-15",
        "land_cover": "Savannas",
        "water_fraction": 0.087
      }
    },
    {
      "type": "Feature",
      "geometry": {
        "type": "Point",
        "coordinates": [
          -150.67319,
          65.47108
        ]
      },
      "properties": {
        "predicted": "ice_covered_river_snow_free_land",
        "class_id": 1,
        "true_class": "ice_covered_river_snow_free_land",
        "correct": 1,
        "date": "2025-05-15",
        "land_cover": "Permanent Wetlands",
        "water_fraction": 0.4346
      }
    },
    {
      "type": "Feature",
      "geometry": {
        "type": "Point",
        "coordinates": [
          -151.62927,
          65.17716
        ]
      },
      "properties": {
        "predicted": "ice_free_river_snow_free_land",
        "class_id": 2,
        "true_class": "ice_free_river_snow_free_land",
        "correct": 1,
        "date": "2025-05-15",
        "land_cover": "Woody Savannas",
        "water_fraction": 0.5926
      }
    },
    {
      "type": "Feature",
      "geometry": {
        "type": "Point",
        "coordinates": [
          -152.19008,
          65.13324
        ]
      },
      "properties": {
        "predicted": "ice_free_river_snow_free_land",
        "class_id": 2,
        "true_class": "ice_free_river_snow_free_land",
        "correct": 1,
        "date": "2025-05-15",
        "land_cover": "Woody Savannas",
        "water_fraction": 0.2311
      }
    },
    {
      "type": "Feature",
      "geometry": {
        "type": "Point",
        "coordinates": [
          -153.7036,
          65.10284
        ]
      },
      "properties": {
        "predicted": "ice_free_river_snow_free_land",
        "class_id": 2,
        "true_class": "ice_free_river_snow_free_land",
        "correct": 1,
        "date": "2025-05-15",
        "land_cover": "Woody Savannas",
        "water_fraction": 0.3308
      }
    },
    {
      "type": "Feature",
      "geometry": {
        "type": "Point",
        "coordinates": [
          -151.08873,
          64.93054
        ]
      },
      "properties": {
        "predicted": "ice_free_river_snow_free_land",
        "class_id": 2,
        "true_class": "ice_free_river_snow_free_land",
        "correct": 1,
        "date": "2025-05-15",
        "land_cover": "Woody Savannas",
        "water_fraction": 0.5939
      }
    },
    {
      "type": "Feature",
      "geometry": {
        "type": "Point",
        "coordinates": [
          -156.70358,
          65.76061
        ]
      },
      "properties": {
        "predicted": "ice_covered_river_snow_covered_land",
        "class_id": 0,
        "true_class": "ice_covered_river_snow_covered_land",
        "correct": 1,
        "date": "2024-02-02",
        "land_cover": "Evergreen Needleleaf Forests",
        "water_fraction": 0.053
      }
    },
    {
      "type": "Feature",
      "geometry": {
        "type": "Point",
        "coordinates": [
          -155.602,
          65.98358
        ]
      },
      "properties": {
        "predicted": "ice_covered_river_snow_covered_land",
        "class_id": 0,
        "true_class": "ice_covered_river_snow_free_land",
        "correct": 0,
        "date": "2024-02-02",
        "land_cover": "Woody Savannas",
        "water_fraction": 0.0916
      }
    },
    {
      "type": "Feature",
      "geometry": {
        "type": "Point",
        "coordinates": [
          -156.97,
          64.69642
        ]
      },
      "properties": {
        "predicted": "ice_covered_river_snow_covered_land",
        "class_id": 0,
        "true_class": "ice_covered_river_snow_covered_land",
        "correct": 1,
        "date": "2024-02-02",
        "land_cover": "Woody Savannas",
        "water_fraction": 0.0932
      }
    },
    {
      "type": "Feature",
      "geometry": {
        "type": "Point",
        "coordinates": [
          -157.433,
          64.79439
        ]
      },
      "properties": {
        "predicted": "ice_covered_river_snow_covered_land",
        "class_id": 0,
        "true_class": "ice_covered_river_snow_covered_land",
        "correct": 1,
        "date": "2024-02-02",
        "land_cover": "Woody Savannas",
        "water_fraction": 0.1666
      }
    },
    {
      "type": "Feature",
      "geometry": {
        "type": "Point",
        "coordinates": [
          -156.342,
          65.36196
        ]
      },
      "properties": {
        "predicted": "ice_covered_river_snow_covered_land",
        "class_id": 0,
        "true_class": "ice_covered_river_snow_covered_land",
        "correct": 1,
        "date": "2024-02-02",
        "land_cover": "Open Shrublands",
        "water_fraction": 0.0592
      }
    },
    {
      "type": "Feature",
      "geometry": {
        "type": "Point",
        "coordinates": [
          -156.65,
          65.26736
        ]
      },
      "properties": {
        "predicted": "ice_covered_river_snow_covered_land",
        "class_id": 0,
        "true_class": "ice_covered_river_snow_covered_land",
        "correct": 1,
        "date": "2024-02-02",
        "land_cover": "Savannas",
        "water_fraction": 0.0592
      }
    },
    {
      "type": "Feature",
      "geometry": {
        "type": "Point",
        "coordinates": [
          -156.373,
          65.19642
        ]
      },
      "properties": {
        "predicted": "ice_covered_river_snow_covered_land",
        "class_id": 0,
        "true_class": "ice_covered_river_snow_covered_land",
        "correct": 1,
        "date": "2024-02-02",
        "land_cover": "Savannas",
        "water_fraction": 0.061
      }
    },
    {
      "type": "Feature",
      "geometry": {
        "type": "Point",
        "coordinates": [
          -157.197,
          65.06466
        ]
      },
      "properties": {
        "predicted": "ice_covered_river_snow_covered_land",
        "class_id": 0,
        "true_class": "ice_covered_river_snow_covered_land",
        "correct": 1,
        "date": "2024-02-02",
        "land_cover": "Savannas",
        "water_fraction": 0.0707
      }
    },
    {
      "type": "Feature",
      "geometry": {
        "type": "Point",
        "coordinates": [
          -157.535,
          64.91264
        ]
      },
      "properties": {
        "predicted": "ice_covered_river_snow_covered_land",
        "class_id": 0,
        "true_class": "ice_covered_river_snow_free_land",
        "correct": 0,
        "date": "2024-02-02",
        "land_cover": "Woody Savannas",
        "water_fraction": 0.1967
      }
    },
    {
      "type": "Feature",
      "geometry": {
        "type": "Point",
        "coordinates": [
          -155.552,
          65.70993
        ]
      },
      "properties": {
        "predicted": "ice_covered_river_snow_covered_land",
        "class_id": 0,
        "true_class": "ice_covered_river_snow_covered_land",
        "correct": 1,
        "date": "2024-02-02",
        "land_cover": "Woody Savannas",
        "water_fraction": 0.1669
      }
    },
    {
      "type": "Feature",
      "geometry": {
        "type": "Point",
        "coordinates": [
          -156.166,
          65.51061
        ]
      },
      "properties": {
        "predicted": "ice_covered_river_snow_covered_land",
        "class_id": 0,
        "true_class": "ice_covered_river_snow_covered_land",
        "correct": 1,
        "date": "2024-02-02",
        "land_cover": "Savannas",
        "water_fraction": 0.2062
      }
    },
    {
      "type": "Feature",
      "geometry": {
        "type": "Point",
        "coordinates": [
          -157.163,
          66.04439
        ]
      },
      "properties": {
        "predicted": "ice_covered_river_snow_covered_land",
        "class_id": 0,
        "true_class": "ice_covered_river_snow_covered_land",
        "correct": 1,
        "date": "2024-02-02",
        "land_cover": "Savannas",
        "water_fraction": 0.0804
      }
    },
    {
      "type": "Feature",
      "geometry": {
        "type": "Point",
        "coordinates": [
          -155.957,
          65.88899
        ]
      },
      "properties": {
        "predicted": "ice_covered_river_snow_covered_land",
        "class_id": 0,
        "true_class": "ice_covered_river_snow_covered_land",
        "correct": 1,
        "date": "2024-02-02",
        "land_cover": "Savannas",
        "water_fraction": 0.1088
      }
    },
    {
      "type": "Feature",
      "geometry": {
        "type": "Point",
        "coordinates": [
          -156.359,
          65.8552
        ]
      },
      "properties": {
        "predicted": "ice_covered_river_snow_covered_land",
        "class_id": 0,
        "true_class": "ice_covered_river_snow_covered_land",
        "correct": 1,
        "date": "2024-02-02",
        "land_cover": "Savannas",
        "water_fraction": 0.1002
      }
    },
    {
      "type": "Feature",
      "geometry": {
        "type": "Point",
        "coordinates": [
          -156.295,
          65.80453
        ]
      },
      "properties": {
        "predicted": "ice_covered_river_snow_covered_land",
        "class_id": 0,
        "true_class": "ice_covered_river_snow_covered_land",
        "correct": 1,
        "date": "2024-02-02",
        "land_cover": "Evergreen Needleleaf Forests",
        "water_fraction": 0.6276
      }
    },
    {
      "type": "Feature",
      "geometry": {
        "type": "Point",
        "coordinates": [
          -156.704,
          65.76061
        ]
      },
      "properties": {
        "predicted": "ice_covered_river_snow_covered_land",
        "class_id": 0,
        "true_class": "ice_covered_river_snow_covered_land",
        "correct": 1,
        "date": "2024-02-02",
        "land_cover": "Evergreen Needleleaf Forests",
        "water_fraction": 0.053
      }
    },
    {
      "type": "Feature",
      "geometry": {
        "type": "Point",
        "coordinates": [
          -157.785,
          65.22777
        ]
      },
      "properties": {
        "predicted": "ice_covered_river_snow_free_land",
        "class_id": 1,
        "true_class": "ice_covered_river_snow_covered_land",
        "correct": 0,
        "date": "2024-02-03",
        "land_cover": "Woody Savannas",
        "water_fraction": 0.053
      }
    },
    {
      "type": "Feature",
      "geometry": {
        "type": "Point",
        "coordinates": [
          -157.67,
          65.06223
        ]
      },
      "properties": {
        "predicted": "ice_covered_river_snow_covered_land",
        "class_id": 0,
        "true_class": "ice_covered_river_snow_covered_land",
        "correct": 1,
        "date": "2024-02-03",
        "land_cover": "Evergreen Needleleaf Forests",
        "water_fraction": 0.2121
      }
    },
    {
      "type": "Feature",
      "geometry": {
        "type": "Point",
        "coordinates": [
          -157.052,
          64.98453
        ]
      },
      "properties": {
        "predicted": "ice_covered_river_snow_covered_land",
        "class_id": 0,
        "true_class": "ice_covered_river_snow_covered_land",
        "correct": 1,
        "date": "2024-02-03",
        "land_cover": "Savannas",
        "water_fraction": 0.1282
      }
    },
    {
      "type": "Feature",
      "geometry": {
        "type": "Point",
        "coordinates": [
          -157.68,
          64.86966
        ]
      },
      "properties": {
        "predicted": "ice_covered_river_snow_covered_land",
        "class_id": 0,
        "true_class": "ice_covered_river_snow_covered_land",
        "correct": 1,
        "date": "2024-02-03",
        "land_cover": "Savannas",
        "water_fraction": 0.5371
      }
    },
    {
      "type": "Feature",
      "geometry": {
        "type": "Point",
        "coordinates": [
          -157.491,
          64.81561
        ]
      },
      "properties": {
        "predicted": "ice_covered_river_snow_covered_land",
        "class_id": 0,
        "true_class": "ice_covered_river_snow_free_land",
        "correct": 0,
        "date": "2024-02-03",
        "land_cover": "Woody Savannas",
        "water_fraction": 0.2881
      }
    },
    {
      "type": "Feature",
      "geometry": {
        "type": "Point",
        "coordinates": [
          -156.822,
          64.74466
        ]
      },
      "properties": {
        "predicted": "ice_covered_river_snow_covered_land",
        "class_id": 0,
        "true_class": "ice_covered_river_snow_covered_land",
        "correct": 1,
        "date": "2024-02-03",
        "land_cover": "Woody Savannas",
        "water_fraction": 0.0644
      }
    },
    {
      "type": "Feature",
      "geometry": {
        "type": "Point",
        "coordinates": [
          -156.055,
          64.71764
        ]
      },
      "properties": {
        "predicted": "ice_covered_river_snow_covered_land",
        "class_id": 0,
        "true_class": "ice_covered_river_snow_covered_land",
        "correct": 1,
        "date": "2024-02-03",
        "land_cover": "Permanent Wetlands",
        "water_fraction": 0.5536
      }
    },
    {
      "type": "Feature",
      "geometry": {
        "type": "Point",
        "coordinates": [
          -156.741,
          64.68047
        ]
      },
      "properties": {
        "predicted": "ice_covered_river_snow_covered_land",
        "class_id": 0,
        "true_class": "ice_covered_river_snow_free_land",
        "correct": 0,
        "date": "2024-02-03",
        "land_cover": "Woody Savannas",
        "water_fraction": 0.1095
      }
    },
    {
      "type": "Feature",
      "geometry": {
        "type": "Point",
        "coordinates": [
          -155.984,
          64.65007
        ]
      },
      "properties": {
        "predicted": "ice_covered_river_snow_covered_land",
        "class_id": 0,
        "true_class": "ice_covered_river_snow_covered_land",
        "correct": 1,
        "date": "2024-02-03",
        "land_cover": "Woody Savannas",
        "water_fraction": 0.0711
      }
    },
    {
      "type": "Feature",
      "geometry": {
        "type": "Point",
        "coordinates": [
          -157.339,
          64.61966
        ]
      },
      "properties": {
        "predicted": "ice_covered_river_snow_covered_land",
        "class_id": 0,
        "true_class": "ice_covered_river_snow_covered_land",
        "correct": 1,
        "date": "2024-02-03",
        "land_cover": "Savannas",
        "water_fraction": 0.0958
      }
    },
    {
      "type": "Feature",
      "geometry": {
        "type": "Point",
        "coordinates": [
          -157.575,
          64.57236
        ]
      },
      "properties": {
        "predicted": "ice_covered_river_snow_covered_land",
        "class_id": 0,
        "true_class": "ice_covered_river_snow_covered_land",
        "correct": 1,
        "date": "2024-02-03",
        "land_cover": "Savannas",
        "water_fraction": 0.1001
      }
    },
    {
      "type": "Feature",
      "geometry": {
        "type": "Point",
        "coordinates": [
          -157.636,
          64.51493
        ]
      },
      "properties": {
        "predicted": "ice_covered_river_snow_covered_land",
        "class_id": 0,
        "true_class": "ice_covered_river_snow_covered_land",
        "correct": 1,
        "date": "2024-02-03",
        "land_cover": "Open Shrublands",
        "water_fraction": 0.1304
      }
    },
    {
      "type": "Feature",
      "geometry": {
        "type": "Point",
        "coordinates": [
          -158.238,
          64.46764
        ]
      },
      "properties": {
        "predicted": "ice_covered_river_snow_covered_land",
        "class_id": 0,
        "true_class": "ice_covered_river_snow_free_land",
        "correct": 0,
        "date": "2024-02-03",
        "land_cover": "Savannas",
        "water_fraction": 0.0554
      }
    },
    {
      "type": "Feature",
      "geometry": {
        "type": "Point",
        "coordinates": [
          -158.285,
          64.43385
        ]
      },
      "properties": {
        "predicted": "ice_covered_river_snow_covered_land",
        "class_id": 0,
        "true_class": "ice_covered_river_snow_free_land",
        "correct": 0,
        "date": "2024-02-03",
        "land_cover": "Savannas",
        "water_fraction": 0.1422
      }
    },
    {
      "type": "Feature",
      "geometry": {
        "type": "Point",
        "coordinates": [
          -158.072,
          64.40682
        ]
      },
      "properties": {
        "predicted": "ice_covered_river_snow_covered_land",
        "class_id": 0,
        "true_class": "ice_covered_river_snow_covered_land",
        "correct": 1,
        "date": "2024-02-03",
        "land_cover": "Woody Savannas",
        "water_fraction": 0.073
      }
    },
    {
      "type": "Feature",
      "geometry": {
        "type": "Point",
        "coordinates": [
          -157.738,
          64.37304
        ]
      },
      "properties": {
        "predicted": "ice_covered_river_snow_covered_land",
        "class_id": 0,
        "true_class": "ice_covered_river_snow_covered_land",
        "correct": 1,
        "date": "2024-02-03",
        "land_cover": "Open Shrublands",
        "water_fraction": 0.0792
      }
    },
    {
      "type": "Feature",
      "geometry": {
        "type": "Point",
        "coordinates": [
          -158.437,
          64.26831
        ]
      },
      "properties": {
        "predicted": "ice_covered_river_snow_free_land",
        "class_id": 1,
        "true_class": "ice_covered_river_snow_free_land",
        "correct": 1,
        "date": "2024-02-03",
        "land_cover": "Woody Savannas",
        "water_fraction": 0.0725
      }
    },
    {
      "type": "Feature",
      "geometry": {
        "type": "Point",
        "coordinates": [
          -158.592,
          64.11628
        ]
      },
      "properties": {
        "predicted": "ice_covered_river_snow_covered_land",
        "class_id": 0,
        "true_class": "ice_covered_river_snow_free_land",
        "correct": 0,
        "date": "2024-02-03",
        "land_cover": "Savannas",
        "water_fraction": 0.552
      }
    },
    {
      "type": "Feature",
      "geometry": {
        "type": "Point",
        "coordinates": [
          -157.69,
          63.69399
        ]
      },
      "properties": {
        "predicted": "ice_covered_river_snow_covered_land",
        "class_id": 0,
        "true_class": "ice_covered_river_snow_covered_land",
        "correct": 1,
        "date": "2024-02-03",
        "land_cover": "Savannas",
        "water_fraction": 0.075
      }
    },
    {
      "type": "Feature",
      "geometry": {
        "type": "Point",
        "coordinates": [
          -157.444,
          63.63993
        ]
      },
      "properties": {
        "predicted": "ice_covered_river_snow_covered_land",
        "class_id": 0,
        "true_class": "ice_covered_river_snow_covered_land",
        "correct": 1,
        "date": "2024-02-03",
        "land_cover": "Woody Savannas",
        "water_fraction": 0.0588
      }
    },
    {
      "type": "Feature",
      "geometry": {
        "type": "Point",
        "coordinates": [
          -157.788,
          63.60277
        ]
      },
      "properties": {
        "predicted": "ice_covered_river_snow_free_land",
        "class_id": 1,
        "true_class": "ice_covered_river_snow_covered_land",
        "correct": 0,
        "date": "2024-02-03",
        "land_cover": "Woody Savannas",
        "water_fraction": 0.0855
      }
    },
    {
      "type": "Feature",
      "geometry": {
        "type": "Point",
        "coordinates": [
          -157.592,
          63.55885
        ]
      },
      "properties": {
        "predicted": "ice_covered_river_snow_covered_land",
        "class_id": 0,
        "true_class": "ice_covered_river_snow_covered_land",
        "correct": 1,
        "date": "2024-02-03",
        "land_cover": "Savannas",
        "water_fraction": 0.0687
      }
    },
    {
      "type": "Feature",
      "geometry": {
        "type": "Point",
        "coordinates": [
          -158.412,
          66.73507
        ]
      },
      "properties": {
        "predicted": "ice_covered_river_snow_covered_land",
        "class_id": 0,
        "true_class": "ice_covered_river_snow_covered_land",
        "correct": 1,
        "date": "2024-02-02",
        "land_cover": "Savannas",
        "water_fraction": 0.0759
      }
    },
    {
      "type": "Feature",
      "geometry": {
        "type": "Point",
        "coordinates": [
          -157.085,
          66.4952
        ]
      },
      "properties": {
        "predicted": "ice_covered_river_snow_covered_land",
        "class_id": 0,
        "true_class": "ice_covered_river_snow_covered_land",
        "correct": 1,
        "date": "2024-02-02",
        "land_cover": "Open Shrublands",
        "water_fraction": 0.1653
      }
    },
    {
      "type": "Feature",
      "geometry": {
        "type": "Point",
        "coordinates": [
          -157.412,
          66.46142
        ]
      },
      "properties": {
        "predicted": "ice_covered_river_snow_covered_land",
        "class_id": 0,
        "true_class": "ice_covered_river_snow_covered_land",
        "correct": 1,
        "date": "2024-02-02",
        "land_cover": "Open Shrublands",
        "water_fraction": 0.2062
      }
    },
    {
      "type": "Feature",
      "geometry": {
        "type": "Point",
        "coordinates": [
          -158.76,
          66.42426
        ]
      },
      "properties": {
        "predicted": "ice_covered_river_snow_covered_land",
        "class_id": 0,
        "true_class": "ice_covered_river_snow_covered_land",
        "correct": 1,
        "date": "2024-02-02",
        "land_cover": "Open Shrublands",
        "water_fraction": 0.2374
      }
    },
    {
      "type": "Feature",
      "geometry": {
        "type": "Point",
        "coordinates": [
          -155.605,
          65.96818
        ]
      },
      "properties": {
        "predicted": "ice_covered_river_snow_covered_land",
        "class_id": 0,
        "true_class": "ice_covered_river_snow_free_land",
        "correct": 0,
        "date": "2024-02-02",
        "land_cover": "Evergreen Needleleaf Forests",
        "water_fraction": 0.3679
      }
    },
    {
      "type": "Feature",
      "geometry": {
        "type": "Point",
        "coordinates": [
          -158.706,
          67.18169
        ]
      },
      "properties": {
        "predicted": "ice_free_river_snow_free_land",
        "class_id": 2,
        "true_class": "ice_free_river_snow_free_land",
        "correct": 1,
        "date": "2024-07-01",
        "land_cover": "Savannas",
        "water_fraction": 0.4505
      }
    },
    {
      "type": "Feature",
      "geometry": {
        "type": "Point",
        "coordinates": [
          -157.568,
          66.98236
        ]
      },
      "properties": {
        "predicted": "ice_free_river_snow_free_land",
        "class_id": 2,
        "true_class": "ice_free_river_snow_free_land",
        "correct": 1,
        "date": "2024-07-01",
        "land_cover": "Open Shrublands",
        "water_fraction": 0.0657
      }
    },
    {
      "type": "Feature",
      "geometry": {
        "type": "Point",
        "coordinates": [
          -157.115,
          66.92155
        ]
      },
      "properties": {
        "predicted": "ice_free_river_snow_free_land",
        "class_id": 2,
        "true_class": "ice_free_river_snow_free_land",
        "correct": 1,
        "date": "2024-07-01",
        "land_cover": "Open Shrublands",
        "water_fraction": 0.0677
      }
    },
    {
      "type": "Feature",
      "geometry": {
        "type": "Point",
        "coordinates": [
          -157.084,
          66.88439
        ]
      },
      "properties": {
        "predicted": "ice_free_river_snow_free_land",
        "class_id": 2,
        "true_class": "ice_free_river_snow_free_land",
        "correct": 1,
        "date": "2024-07-01",
        "land_cover": "Mixed Forests",
        "water_fraction": 0.0754
      }
    },
    {
      "type": "Feature",
      "geometry": {
        "type": "Point",
        "coordinates": [
          -157.345,
          66.60399
        ]
      },
      "properties": {
        "predicted": "ice_free_river_snow_free_land",
        "class_id": 2,
        "true_class": "ice_free_river_snow_free_land",
        "correct": 1,
        "date": "2024-07-01",
        "land_cover": "Open Shrublands",
        "water_fraction": 0.0999
      }
    },
    {
      "type": "Feature",
      "geometry": {
        "type": "Point",
        "coordinates": [
          -160.091,
          66.54655
        ]
      },
      "properties": {
        "predicted": "ice_free_river_snow_free_land",
        "class_id": 2,
        "true_class": "ice_free_river_snow_free_land",
        "correct": 1,
        "date": "2024-07-01",
        "land_cover": "Permanent Wetlands",
        "water_fraction": 0.3134
      }
    },
    {
      "type": "Feature",
      "geometry": {
        "type": "Point",
        "coordinates": [
          -158.997,
          66.51615
        ]
      },
      "properties": {
        "predicted": "ice_free_river_snow_free_land",
        "class_id": 2,
        "true_class": "ice_free_river_snow_free_land",
        "correct": 1,
        "date": "2024-07-01",
        "land_cover": "Open Shrublands",
        "water_fraction": 0.1783
      }
    },
    {
      "type": "Feature",
      "geometry": {
        "type": "Point",
        "coordinates": [
          -161.736,
          66.4452
        ]
      },
      "properties": {
        "predicted": "ice_free_river_snow_free_land",
        "class_id": 2,
        "true_class": "ice_free_river_snow_free_land",
        "correct": 1,
        "date": "2024-07-01",
        "land_cover": "Open Shrublands",
        "water_fraction": 0.1116
      }
    },
    {
      "type": "Feature",
      "geometry": {
        "type": "Point",
        "coordinates": [
          -160.628,
          66.29318
        ]
      },
      "properties": {
        "predicted": "ice_free_river_snow_free_land",
        "class_id": 2,
        "true_class": "ice_free_river_snow_free_land",
        "correct": 1,
        "date": "2024-07-01",
        "land_cover": "Open Shrublands",
        "water_fraction": 0.2524
      }
    },
    {
      "type": "Feature",
      "geometry": {
        "type": "Point",
        "coordinates": [
          -158.309,
          65.5052
        ]
      },
      "properties": {
        "predicted": "ice_free_river_snow_free_land",
        "class_id": 2,
        "true_class": "ice_free_river_snow_free_land",
        "correct": 1,
        "date": "2024-06-10",
        "land_cover": "Woody Savannas",
        "water_fraction": 0.0527
      }
    },
    {
      "type": "Feature",
      "geometry": {
        "type": "Point",
        "coordinates": [
          -157.073,
          65.2248
        ]
      },
      "properties": {
        "predicted": "ice_free_river_snow_free_land",
        "class_id": 2,
        "true_class": "ice_free_river_snow_free_land",
        "correct": 1,
        "date": "2024-06-10",
        "land_cover": "Savannas",
        "water_fraction": 0.0677
      }
    },
    {
      "type": "Feature",
      "geometry": {
        "type": "Point",
        "coordinates": [
          -157.397,
          65.04574
        ]
      },
      "properties": {
        "predicted": "ice_free_river_snow_free_land",
        "class_id": 2,
        "true_class": "ice_free_river_snow_free_land",
        "correct": 1,
        "date": "2024-06-10",
        "land_cover": "Woody Savannas",
        "water_fraction": 0.5218
      }
    },
    {
      "type": "Feature",
      "geometry": {
        "type": "Point",
        "coordinates": [
          -157.498,
          64.96128
        ]
      },
      "properties": {
        "predicted": "ice_free_river_snow_free_land",
        "class_id": 2,
        "true_class": "ice_free_river_snow_land",
        "correct": 0,
        "date": "2024-06-10",
        "land_cover": "Savannas",
        "water_fraction": 0.3565
      }
    },
    {
      "type": "Feature",
      "geometry": {
        "type": "Point",
        "coordinates": [
          -160.214,
          65.77547
        ]
      },
      "properties": {
        "predicted": "ice_free_river_snow_free_land",
        "class_id": 2,
        "true_class": "ice_free_river_snow_free_land",
        "correct": 1,
        "date": "2024-06-10",
        "land_cover": "Open Shrublands",
        "water_fraction": 0.1138
      }
    },
    {
      "type": "Feature",
      "geometry": {
        "type": "Point",
        "coordinates": [
          -161.025,
          65.10993
        ]
      },
      "properties": {
        "predicted": "ice_free_river_snow_free_land",
        "class_id": 2,
        "true_class": "ice_free_river_snow_free_land",
        "correct": 1,
        "date": "2024-06-10",
        "land_cover": "Open Shrublands",
        "water_fraction": 0.0507
      }
    },
    {
      "type": "Feature",
      "geometry": {
        "type": "Point",
        "coordinates": [
          -161.956,
          70.17264
        ]
      },
      "properties": {
        "predicted": "ice_free_river_snow_free_land",
        "class_id": 2,
        "true_class": "ice_covered_river_snow_free_land",
        "correct": 0,
        "date": "2024-06-11",
        "land_cover": "Grasslands",
        "water_fraction": 0.821
      }
    },
    {
      "type": "Feature",
      "geometry": {
        "type": "Point",
        "coordinates": [
          -162.024,
          70.10507
        ]
      },
      "properties": {
        "predicted": "ice_free_river_snow_free_land",
        "class_id": 2,
        "true_class": "ice_free_river_snow_free_land",
        "correct": 1,
        "date": "2024-06-11",
        "land_cover": "Grasslands",
        "water_fraction": 0.2898
      }
    },
    {
      "type": "Feature",
      "geometry": {
        "type": "Point",
        "coordinates": [
          -160.963,
          70.30439
        ]
      },
      "properties": {
        "predicted": "ice_free_river_snow_free_land",
        "class_id": 2,
        "true_class": "ice_free_river_snow_free_land",
        "correct": 1,
        "date": "2024-06-11",
        "land_cover": "Grasslands",
        "water_fraction": 0.7393
      }
    },
    {
      "type": "Feature",
      "geometry": {
        "type": "Point",
        "coordinates": [
          -160.602,
          70.27061
        ]
      },
      "properties": {
        "predicted": "ice_free_river_snow_free_land",
        "class_id": 2,
        "true_class": "ice_free_river_snow_free_land",
        "correct": 1,
        "date": "2024-06-11",
        "land_cover": "Grasslands",
        "water_fraction": 0.3673
      }
    },
    {
      "type": "Feature",
      "geometry": {
        "type": "Point",
        "coordinates": [
          -160.463,
          70.24358
        ]
      },
      "properties": {
        "predicted": "ice_free_river_snow_free_land",
        "class_id": 2,
        "true_class": "ice_free_river_snow_free_land",
        "correct": 1,
        "date": "2024-06-11",
        "land_cover": "Open Shrublands",
        "water_fraction": 0.1477
      }
    },
    {
      "type": "Feature",
      "geometry": {
        "type": "Point",
        "coordinates": [
          -161.919,
          70.06453
        ]
      },
      "properties": {
        "predicted": "ice_free_river_snow_free_land",
        "class_id": 2,
        "true_class": "ice_free_river_snow_free_land",
        "correct": 1,
        "date": "2024-06-11",
        "land_cover": "Open Shrublands",
        "water_fraction": 0.1005
      }
    },
    {
      "type": "Feature",
      "geometry": {
        "type": "Point",
        "coordinates": [
          -160.453,
          70.00372
        ]
      },
      "properties": {
        "predicted": "ice_free_river_snow_free_land",
        "class_id": 2,
        "true_class": "ice_free_river_snow_free_land",
        "correct": 1,
        "date": "2024-06-11",
        "land_cover": "Open Shrublands",
        "water_fraction": 0.7866
      }
    },
    {
      "type": "Feature",
      "geometry": {
        "type": "Point",
        "coordinates": [
          -162.615,
          69.88547
        ]
      },
      "properties": {
        "predicted": "ice_free_river_snow_land",
        "class_id": 3,
        "true_class": "ice_free_river_snow_land",
        "correct": 1,
        "date": "2024-06-11",
        "land_cover": "Permanent Wetlands",
        "water_fraction": 0.1088
      }
    },
    {
      "type": "Feature",
      "geometry": {
        "type": "Point",
        "coordinates": [
          -161.264,
          69.83818
        ]
      },
      "properties": {
        "predicted": "ice_free_river_snow_free_land",
        "class_id": 2,
        "true_class": "ice_free_river_snow_free_land",
        "correct": 1,
        "date": "2024-06-11",
        "land_cover": "Open Shrublands",
        "water_fraction": 0.0511
      }
    },
    {
      "type": "Feature",
      "geometry": {
        "type": "Point",
        "coordinates": [
          -162.882,
          69.79088
        ]
      },
      "properties": {
        "predicted": "ice_free_river_snow_free_land",
        "class_id": 2,
        "true_class": "ice_free_river_snow_land",
        "correct": 0,
        "date": "2024-06-11",
        "land_cover": "Grasslands",
        "water_fraction": 0.0941
      }
    },
    {
      "type": "Feature",
      "geometry": {
        "type": "Point",
        "coordinates": [
          -162.034,
          69.7098
        ]
      },
      "properties": {
        "predicted": "ice_free_river_snow_free_land",
        "class_id": 2,
        "true_class": "ice_free_river_snow_free_land",
        "correct": 1,
        "date": "2024-06-11",
        "land_cover": "Open Shrublands",
        "water_fraction": 0.1183
      }
    },
    {
      "type": "Feature",
      "geometry": {
        "type": "Point",
        "coordinates": [
          -162.169,
          69.65236
        ]
      },
      "properties": {
        "predicted": "ice_free_river_snow_free_land",
        "class_id": 2,
        "true_class": "ice_free_river_snow_free_land",
        "correct": 1,
        "date": "2024-06-11",
        "land_cover": "Grasslands",
        "water_fraction": 0.2664
      }
    },
    {
      "type": "Feature",
      "geometry": {
        "type": "Point",
        "coordinates": [
          -160.426,
          69.6152
        ]
      },
      "properties": {
        "predicted": "ice_free_river_snow_free_land",
        "class_id": 2,
        "true_class": "ice_free_river_snow_free_land",
        "correct": 1,
        "date": "2024-06-11",
        "land_cover": "Open Shrublands",
        "water_fraction": 0.16
      }
    },
    {
      "type": "Feature",
      "geometry": {
        "type": "Point",
        "coordinates": [
          -161.659,
          69.57466
        ]
      },
      "properties": {
        "predicted": "ice_free_river_snow_free_land",
        "class_id": 2,
        "true_class": "ice_free_river_snow_free_land",
        "correct": 1,
        "date": "2024-06-11",
        "land_cover": "Open Shrublands",
        "water_fraction": 0.0954
      }
    },
    {
      "type": "Feature",
      "geometry": {
        "type": "Point",
        "coordinates": [
          -162.342,
          69.51385
        ]
      },
      "properties": {
        "predicted": "ice_free_river_snow_free_land",
        "class_id": 2,
        "true_class": "ice_free_river_snow_free_land",
        "correct": 1,
        "date": "2024-06-11",
        "land_cover": "Open Shrublands",
        "water_fraction": 0.3711
      }
    },
    {
      "type": "Feature",
      "geometry": {
        "type": "Point",
        "coordinates": [
          -161.396,
          69.43953
        ]
      },
      "properties": {
        "predicted": "ice_free_river_snow_free_land",
        "class_id": 2,
        "true_class": "ice_free_river_snow_free_land",
        "correct": 1,
        "date": "2024-06-11",
        "land_cover": "Open Shrublands",
        "water_fraction": 0.0527
      }
    },
    {
      "type": "Feature",
      "geometry": {
        "type": "Point",
        "coordinates": [
          -161.885,
          69.23007
        ]
      },
      "properties": {
        "predicted": "ice_free_river_snow_free_land",
        "class_id": 2,
        "true_class": "ice_free_river_snow_free_land",
        "correct": 1,
        "date": "2024-06-11",
        "land_cover": "Open Shrublands",
        "water_fraction": 0.0822
      }
    },
    {
      "type": "Feature",
      "geometry": {
        "type": "Point",
        "coordinates": [
          -162.825,
          69.10169
        ]
      },
      "properties": {
        "predicted": "ice_free_river_snow_free_land",
        "class_id": 2,
        "true_class": "ice_free_river_snow_free_land",
        "correct": 1,
        "date": "2024-06-11",
        "land_cover": "Open Shrublands",
        "water_fraction": 0.0713
      }
    },
    {
      "type": "Feature",
      "geometry": {
        "type": "Point",
        "coordinates": [
          -158.706,
          66.85061
        ]
      },
      "properties": {
        "predicted": "ice_free_river_snow_free_land",
        "class_id": 2,
        "true_class": "ice_free_river_snow_free_land",
        "correct": 1,
        "date": "2024-07-01",
        "land_cover": "Open Shrublands",
        "water_fraction": 0.074
      }
    },
    {
      "type": "Feature",
      "geometry": {
        "type": "Point",
        "coordinates": [
          -159.348,
          66.78304
        ]
      },
      "properties": {
        "predicted": "ice_free_river_snow_free_land",
        "class_id": 2,
        "true_class": "ice_free_river_snow_free_land",
        "correct": 1,
        "date": "2024-07-01",
        "land_cover": "Savannas",
        "water_fraction": 0.1882
      }
    },
    {
      "type": "Feature",
      "geometry": {
        "type": "Point",
        "coordinates": [
          -158.774,
          66.75264
        ]
      },
      "properties": {
        "predicted": "ice_free_river_snow_free_land",
        "class_id": 2,
        "true_class": "ice_free_river_snow_free_land",
        "correct": 1,
        "date": "2024-07-01",
        "land_cover": "Open Shrublands",
        "water_fraction": 0.3393
      }
    },
    {
      "type": "Feature",
      "geometry": {
        "type": "Point",
        "coordinates": [
          -156.22935,
          61.88352
        ]
      },
      "properties": {
        "predicted": "ice_covered_river_snow_covered_land",
        "class_id": 0,
        "true_class": "ice_covered_river_snow_covered_land",
        "correct": 1,
        "date": "2020-03-04",
        "land_cover": "Evergreen Needleleaf Forests",
        "water_fraction": 0.0597
      }
    },
    {
      "type": "Feature",
      "geometry": {
        "type": "Point",
        "coordinates": [
          -156.54354,
          61.78217
        ]
      },
      "properties": {
        "predicted": "ice_covered_river_snow_covered_land",
        "class_id": 0,
        "true_class": "ice_covered_river_snow_covered_land",
        "correct": 1,
        "date": "2020-03-04",
        "land_cover": "Savannas",
        "water_fraction": 0.4781
      }
    },
    {
      "type": "Feature",
      "geometry": {
        "type": "Point",
        "coordinates": [
          -156.94895,
          61.70109
        ]
      },
      "properties": {
        "predicted": "ice_covered_river_snow_covered_land",
        "class_id": 0,
        "true_class": "ice_covered_river_snow_covered_land",
        "correct": 1,
        "date": "2020-03-04",
        "land_cover": "Mixed Forests",
        "water_fraction": 0.515
      }
    },
    {
      "type": "Feature",
      "geometry": {
        "type": "Point",
        "coordinates": [
          -156.2226,
          61.6369
        ]
      },
      "properties": {
        "predicted": "ice_covered_river_snow_covered_land",
        "class_id": 0,
        "true_class": "ice_covered_river_snow_covered_land",
        "correct": 1,
        "date": "2020-03-04",
        "land_cover": "Mixed Forests",
        "water_fraction": 0.0836
      }
    },
    {
      "type": "Feature",
      "geometry": {
        "type": "Point",
        "coordinates": [
          -157.06043,
          61.58622
        ]
      },
      "properties": {
        "predicted": "ice_covered_river_snow_covered_land",
        "class_id": 0,
        "true_class": "ice_covered_river_snow_covered_land",
        "correct": 1,
        "date": "2020-03-04",
        "land_cover": "Woody Savannas",
        "water_fraction": 0.2048
      }
    },
    {
      "type": "Feature",
      "geometry": {
        "type": "Point",
        "coordinates": [
          -157.05368,
          61.5592
        ]
      },
      "properties": {
        "predicted": "ice_covered_river_snow_covered_land",
        "class_id": 0,
        "true_class": "ice_covered_river_snow_covered_land",
        "correct": 1,
        "date": "2020-03-04",
        "land_cover": "Savannas",
        "water_fraction": 0.0597
      }
    },
    {
      "type": "Feature",
      "geometry": {
        "type": "Point",
        "coordinates": [
          -158.64489,
          61.52204
        ]
      },
      "properties": {
        "predicted": "ice_covered_river_snow_covered_land",
        "class_id": 0,
        "true_class": "ice_covered_river_snow_covered_land",
        "correct": 1,
        "date": "2020-03-04",
        "land_cover": "Woody Savannas",
        "water_fraction": 0.1097
      }
    },
    {
      "type": "Feature",
      "geometry": {
        "type": "Point",
        "coordinates": [
          -159.11787,
          61.23487
        ]
      },
      "properties": {
        "predicted": "ice_covered_river_snow_covered_land",
        "class_id": 0,
        "true_class": "ice_covered_river_snow_covered_land",
        "correct": 1,
        "date": "2020-03-04",
        "land_cover": "Woody Savannas",
        "water_fraction": 0.0904
      }
    },
    {
      "type": "Feature",
      "geometry": {
        "type": "Point",
        "coordinates": [
          -157.80706,
          60.89366
        ]
      },
      "properties": {
        "predicted": "ice_covered_river_snow_covered_land",
        "class_id": 0,
        "true_class": "ice_covered_river_snow_covered_land",
        "correct": 1,
        "date": "2020-03-04",
        "land_cover": "Woody Savannas",
        "water_fraction": 0.0724
      }
    },
    {
      "type": "Feature",
      "geometry": {
        "type": "Point",
        "coordinates": [
          -154.93421,
          64.89295
        ]
      },
      "properties": {
        "predicted": "ice_free_river_snow_land",
        "class_id": 3,
        "true_class": "ice_free_river_snow_land",
        "correct": 1,
        "date": "2021-05-03",
        "land_cover": "Evergreen Needleleaf Forests",
        "water_fraction": 0.5179
      }
    },
    {
      "type": "Feature",
      "geometry": {
        "type": "Point",
        "coordinates": [
          -155.21799,
          64.84565
        ]
      },
      "properties": {
        "predicted": "ice_free_river_snow_land",
        "class_id": 3,
        "true_class": "ice_free_river_snow_land",
        "correct": 1,
        "date": "2021-05-03",
        "land_cover": "Savannas",
        "water_fraction": 0.7486
      }
    },
    {
      "type": "Feature",
      "geometry": {
        "type": "Point",
        "coordinates": [
          -155.38691,
          64.78822
        ]
      },
      "properties": {
        "predicted": "ice_free_river_snow_land",
        "class_id": 3,
        "true_class": "ice_free_river_snow_land",
        "correct": 1,
        "date": "2021-05-03",
        "land_cover": "Woody Savannas",
        "water_fraction": 0.2086
      }
    },
    {
      "type": "Feature",
      "geometry": {
        "type": "Point",
        "coordinates": [
          -155.64029,
          64.73755
        ]
      },
      "properties": {
        "predicted": "ice_free_river_snow_land",
        "class_id": 3,
        "true_class": "ice_free_river_snow_free_land",
        "correct": 0,
        "date": "2021-05-03",
        "land_cover": "Woody Savannas",
        "water_fraction": 0.2127
      }
    },
    {
      "type": "Feature",
      "geometry": {
        "type": "Point",
        "coordinates": [
          -154.55245,
          64.68349
        ]
      },
      "properties": {
        "predicted": "ice_free_river_snow_land",
        "class_id": 3,
        "true_class": "ice_free_river_snow_free_land",
        "correct": 0,
        "date": "2021-05-03",
        "land_cover": "Woody Savannas",
        "water_fraction": 0.1269
      }
    },
    {
      "type": "Feature",
      "geometry": {
        "type": "Point",
        "coordinates": [
          -154.22475,
          64.52133
        ]
      },
      "properties": {
        "predicted": "ice_free_river_snow_free_land",
        "class_id": 2,
        "true_class": "ice_free_river_snow_free_land",
        "correct": 1,
        "date": "2021-05-03",
        "land_cover": "Woody Savannas",
        "water_fraction": 0.0901
      }
    },
    {
      "type": "Feature",
      "geometry": {
        "type": "Point",
        "coordinates": [
          -154.67745,
          64.28484
        ]
      },
      "properties": {
        "predicted": "ice_free_river_snow_land",
        "class_id": 3,
        "true_class": "ice_free_river_snow_land",
        "correct": 1,
        "date": "2021-05-03",
        "land_cover": "Woody Savannas",
        "water_fraction": 0.0598
      }
    },
    {
      "type": "Feature",
      "geometry": {
        "type": "Point",
        "coordinates": [
          -153.34299,
          63.53822
        ]
      },
      "properties": {
        "predicted": "ice_free_river_snow_land",
        "class_id": 3,
        "true_class": "ice_free_river_snow_land",
        "correct": 1,
        "date": "2021-05-03",
        "land_cover": "Woody Savannas",
        "water_fraction": 0.1227
      }
    },
    {
      "type": "Feature",
      "geometry": {
        "type": "Point",
        "coordinates": [
          -153.6538,
          63.44363
        ]
      },
      "properties": {
        "predicted": "ice_free_river_snow_land",
        "class_id": 3,
        "true_class": "ice_free_river_snow_land",
        "correct": 1,
        "date": "2021-05-03",
        "land_cover": "Savannas",
        "water_fraction": 0.0836
      }
    },
    {
      "type": "Feature",
      "geometry": {
        "type": "Point",
        "coordinates": [
          -154.74164,
          65.25106
        ]
      },
      "properties": {
        "predicted": "ice_free_river_snow_free_land",
        "class_id": 2,
        "true_class": "ice_free_river_snow_free_land",
        "correct": 1,
        "date": "2021-05-03",
        "land_cover": "Savannas",
        "water_fraction": 0.1099
      }
    },
    {
      "type": "Feature",
      "geometry": {
        "type": "Point",
        "coordinates": [
          -153.45448,
          64.98755
        ]
      },
      "properties": {
        "predicted": "ice_free_river_snow_land",
        "class_id": 3,
        "true_class": "ice_free_river_snow_land",
        "correct": 1,
        "date": "2021-05-03",
        "land_cover": "Woody Savannas",
        "water_fraction": 0.0912
      }
    },
    {
      "type": "Feature",
      "geometry": {
        "type": "Point",
        "coordinates": [
          -154.74164,
          64.92674
        ]
      },
      "properties": {
        "predicted": "ice_free_river_snow_land",
        "class_id": 3,
        "true_class": "ice_free_river_snow_land",
        "correct": 1,
        "date": "2021-05-03",
        "land_cover": "Mixed Forests",
        "water_fraction": 0.4158
      }
    },
    {
      "type": "Feature",
      "geometry": {
        "type": "Point",
        "coordinates": [
          -154.37002,
          64.88282
        ]
      },
      "properties": {
        "predicted": "ice_free_river_snow_land",
        "class_id": 3,
        "true_class": "ice_free_river_snow_land",
        "correct": 1,
        "date": "2021-05-03",
        "land_cover": "Woody Savannas",
        "water_fraction": 0.0501
      }
    },
    {
      "type": "Feature",
      "geometry": {
        "type": "Point",
        "coordinates": [
          -154.15042,
          64.86255
        ]
      },
      "properties": {
        "predicted": "ice_free_river_snow_free_land",
        "class_id": 2,
        "true_class": "ice_free_river_snow_free_land",
        "correct": 1,
        "date": "2021-05-03",
        "land_cover": "Mixed Forests",
        "water_fraction": 0.1685
      }
    },
    {
      "type": "Feature",
      "geometry": {
        "type": "Point",
        "coordinates": [
          -154.9815,
          64.83552
        ]
      },
      "properties": {
        "predicted": "ice_free_river_snow_land",
        "class_id": 3,
        "true_class": "ice_free_river_snow_land",
        "correct": 1,
        "date": "2021-05-03",
        "land_cover": "Woody Savannas",
        "water_fraction": 0.0589
      }
    },
    {
      "type": "Feature",
      "geometry": {
        "type": "Point",
        "coordinates": [
          -154.00853,
          64.80849
        ]
      },
      "properties": {
        "predicted": "ice_free_river_snow_land",
        "class_id": 3,
        "true_class": "ice_free_river_snow_land",
        "correct": 1,
        "date": "2021-05-03",
        "land_cover": "Woody Savannas",
        "water_fraction": 0.0635
      }
    },
    {
      "type": "Feature",
      "geometry": {
        "type": "Point",
        "coordinates": [
          -154.72137,
          64.77471
        ]
      },
      "properties": {
        "predicted": "ice_free_river_snow_land",
        "class_id": 3,
        "true_class": "ice_free_river_snow_land",
        "correct": 1,
        "date": "2021-05-03",
        "land_cover": "Woody Savannas",
        "water_fraction": 0.1035
      }
    },
    {
      "type": "Feature",
      "geometry": {
        "type": "Point",
        "coordinates": [
          -154.38691,
          64.75106
        ]
      },
      "properties": {
        "predicted": "ice_free_river_snow_land",
        "class_id": 3,
        "true_class": "ice_free_river_snow_land",
        "correct": 1,
        "date": "2021-05-03",
        "land_cover": "Woody Savannas",
        "water_fraction": 0.056
      }
    },
    {
      "type": "Feature",
      "geometry": {
        "type": "Point",
        "coordinates": [
          -154.47813,
          64.70038
        ]
      },
      "properties": {
        "predicted": "ice_free_river_snow_free_land",
        "class_id": 2,
        "true_class": "ice_free_river_snow_free_land",
        "correct": 1,
        "date": "2021-05-03",
        "land_cover": "Mixed Forests",
        "water_fraction": 0.1024
      }
    },
    {
      "type": "Feature",
      "geometry": {
        "type": "Point",
        "coordinates": [
          -154.36664,
          64.56187
        ]
      },
      "properties": {
        "predicted": "ice_free_river_snow_land",
        "class_id": 3,
        "true_class": "ice_free_river_snow_free_land",
        "correct": 0,
        "date": "2021-05-03",
        "land_cover": "Woody Savannas",
        "water_fraction": 0.1387
      }
    },
    {
      "type": "Feature",
      "geometry": {
        "type": "Point",
        "coordinates": [
          -154.6234,
          64.47741
        ]
      },
      "properties": {
        "predicted": "ice_free_river_snow_land",
        "class_id": 3,
        "true_class": "ice_free_river_snow_land",
        "correct": 1,
        "date": "2021-05-03",
        "land_cover": "Woody Savannas",
        "water_fraction": 0.2284
      }
    },
    {
      "type": "Feature",
      "geometry": {
        "type": "Point",
        "coordinates": [
          -153.81596,
          64.41998
        ]
      },
      "properties": {
        "predicted": "ice_free_river_snow_land",
        "class_id": 3,
        "true_class": "ice_free_river_snow_free_land",
        "correct": 0,
        "date": "2021-05-03",
        "land_cover": "Woody Savannas",
        "water_fraction": 0.1424
      }
    },
    {
      "type": "Feature",
      "geometry": {
        "type": "Point",
        "coordinates": [
          -153.95448,
          64.19025
        ]
      },
      "properties": {
        "predicted": "ice_free_river_snow_free_land",
        "class_id": 2,
        "true_class": "ice_free_river_snow_free_land",
        "correct": 1,
        "date": "2021-05-03",
        "land_cover": "Woody Savannas",
        "water_fraction": 0.0805
      }
    },
    {
      "type": "Feature",
      "geometry": {
        "type": "Point",
        "coordinates": [
          -154.5288,
          64.01795
        ]
      },
      "properties": {
        "predicted": "ice_free_river_snow_land",
        "class_id": 3,
        "true_class": "ice_free_river_snow_free_land",
        "correct": 0,
        "date": "2021-05-03",
        "land_cover": "Woody Savannas",
        "water_fraction": 0.0645
      }
    },
    {
      "type": "Feature",
      "geometry": {
        "type": "Point",
        "coordinates": [
          -152.88015,
          63.73079
        ]
      },
      "properties": {
        "predicted": "ice_free_river_snow_land",
        "class_id": 3,
        "true_class": "ice_free_river_snow_land",
        "correct": 1,
        "date": "2021-05-03",
        "land_cover": "Savannas",
        "water_fraction": 0.0913
      }
    },
    {
      "type": "Feature",
      "geometry": {
        "type": "Point",
        "coordinates": [
          -153.57948,
          63.62268
        ]
      },
      "properties": {
        "predicted": "ice_free_river_snow_land",
        "class_id": 3,
        "true_class": "ice_free_river_snow_free_land",
        "correct": 0,
        "date": "2021-05-03",
        "land_cover": "Savannas",
        "water_fraction": 0.0627
      }
    },
    {
      "type": "Feature",
      "geometry": {
        "type": "Point",
        "coordinates": [
          -153.37002,
          63.55849
        ]
      },
      "properties": {
        "predicted": "ice_free_river_snow_free_land",
        "class_id": 2,
        "true_class": "ice_free_river_snow_free_land",
        "correct": 1,
        "date": "2021-05-03",
        "land_cover": "Woody Savannas",
        "water_fraction": 0.0502
      }
    },
    {
      "type": "Feature",
      "geometry": {
        "type": "Point",
        "coordinates": [
          -152.85988,
          63.38957
        ]
      },
      "properties": {
        "predicted": "ice_covered_river_snow_covered_land",
        "class_id": 0,
        "true_class": "ice_covered_river_snow_covered_land",
        "correct": 1,
        "date": "2021-05-03",
        "land_cover": "Savannas",
        "water_fraction": 0.0831
      }
    },
    {
      "type": "Feature",
      "geometry": {
        "type": "Point",
        "coordinates": [
          -154.82948,
          64.88282
        ]
      },
      "properties": {
        "predicted": "ice_covered_river_snow_covered_land",
        "class_id": 0,
        "true_class": "ice_covered_river_snow_covered_land",
        "correct": 1,
        "date": "2022-03-11",
        "land_cover": "Woody Savannas",
        "water_fraction": 0.8376
      }
    },
    {
      "type": "Feature",
      "geometry": {
        "type": "Point",
        "coordinates": [
          -154.81258,
          64.83552
        ]
      },
      "properties": {
        "predicted": "ice_covered_river_snow_covered_land",
        "class_id": 0,
        "true_class": "ice_covered_river_snow_covered_land",
        "correct": 1,
        "date": "2022-03-11",
        "land_cover": "Woody Savannas",
        "water_fraction": 0.0841
      }
    },
    {
      "type": "Feature",
      "geometry": {
        "type": "Point",
        "coordinates": [
          -152.74164,
          64.77471
        ]
      },
      "properties": {
        "predicted": "ice_covered_river_snow_covered_land",
        "class_id": 0,
        "true_class": "ice_covered_river_snow_covered_land",
        "correct": 1,
        "date": "2022-03-11",
        "land_cover": "Woody Savannas",
        "water_fraction": 0.2183
      }
    },
    {
      "type": "Feature",
      "geometry": {
        "type": "Point",
        "coordinates": [
          -154.44096,
          64.72741
        ]
      },
      "properties": {
        "predicted": "ice_covered_river_snow_free_land",
        "class_id": 1,
        "true_class": "ice_covered_river_snow_free_land",
        "correct": 1,
        "date": "2022-03-11",
        "land_cover": "Woody Savannas",
        "water_fraction": 0.0511
      }
    },
    {
      "type": "Feature",
      "geometry": {
        "type": "Point",
        "coordinates": [
          -151.68758,
          64.6666
        ]
      },
      "properties": {
        "predicted": "ice_covered_river_snow_covered_land",
        "class_id": 0,
        "true_class": "ice_covered_river_snow_covered_land",
        "correct": 1,
        "date": "2022-03-11",
        "land_cover": "Open Shrublands",
        "water_fraction": 0.0772
      }
    },
    {
      "type": "Feature",
      "geometry": {
        "type": "Point",
        "coordinates": [
          -154.13015,
          64.45714
        ]
      },
      "properties": {
        "predicted": "ice_covered_river_snow_covered_land",
        "class_id": 0,
        "true_class": "ice_covered_river_snow_covered_land",
        "correct": 1,
        "date": "2022-03-11",
        "land_cover": "Mixed Forests",
        "water_fraction": 0.1871
      }
    },
    {
      "type": "Feature",
      "geometry": {
        "type": "Point",
        "coordinates": [
          -152.75515,
          63.56863
        ]
      },
      "properties": {
        "predicted": "ice_covered_river_snow_covered_land",
        "class_id": 0,
        "true_class": "ice_covered_river_snow_covered_land",
        "correct": 1,
        "date": "2022-03-11",
        "land_cover": "Savannas",
        "water_fraction": 0.0827
      }
    },
    {
      "type": "Feature",
      "geometry": {
        "type": "Point",
        "coordinates": [
          -153.9984,
          63.27133
        ]
      },
      "properties": {
        "predicted": "ice_covered_river_snow_free_land",
        "class_id": 1,
        "true_class": "ice_covered_river_snow_free_land",
        "correct": 1,
        "date": "2022-03-11",
        "land_cover": "Evergreen Needleleaf Forests",
        "water_fraction": 0.0717
      }
    },
    {
      "type": "Feature",
      "geometry": {
        "type": "Point",
        "coordinates": [
          -152.68421,
          64.93011
        ]
      },
      "properties": {
        "predicted": "ice_free_river_snow_free_land",
        "class_id": 2,
        "true_class": "ice_free_river_snow_free_land",
        "correct": 1,
        "date": "2022-10-05",
        "land_cover": "Woody Savannas",
        "water_fraction": 0.5365
      }
    },
    {
      "type": "Feature",
      "geometry": {
        "type": "Point",
        "coordinates": [
          -154.25853,
          64.07201
        ]
      },
      "properties": {
        "predicted": "ice_free_river_snow_free_land",
        "class_id": 2,
        "true_class": "ice_free_river_snow_free_land",
        "correct": 1,
        "date": "2022-10-05",
        "land_cover": "Woody Savannas",
        "water_fraction": 0.0629
      }
    },
    {
      "type": "Feature",
      "geometry": {
        "type": "Point",
        "coordinates": [
          -151.02007,
          69.28358
        ]
      },
      "properties": {
        "predicted": "ice_free_river_snow_free_land",
        "class_id": 2,
        "true_class": "ice_free_river_snow_free_land",
        "correct": 1,
        "date": "2024-06-09",
        "land_cover": "Open Shrublands",
        "water_fraction": 0.3569
      }
    },
    {
      "type": "Feature",
      "geometry": {
        "type": "Point",
        "coordinates": [
          -150.3748,
          69.22277
        ]
      },
      "properties": {
        "predicted": "ice_free_river_snow_free_land",
        "class_id": 2,
        "true_class": "ice_free_river_snow_free_land",
        "correct": 1,
        "date": "2024-06-09",
        "land_cover": "Open Shrublands",
        "water_fraction": 0.0655
      }
    },
    {
      "type": "Feature",
      "geometry": {
        "type": "Point",
        "coordinates": [
          -150.84439,
          69.1552
        ]
      },
      "properties": {
        "predicted": "ice_free_river_snow_free_land",
        "class_id": 2,
        "true_class": "ice_free_river_snow_free_land",
        "correct": 1,
        "date": "2024-06-09",
        "land_cover": "Open Shrublands",
        "water_fraction": 0.0727
      }
    },
    {
      "type": "Feature",
      "geometry": {
        "type": "Point",
        "coordinates": [
          -151.08088,
          69.06736
        ]
      },
      "properties": {
        "predicted": "ice_free_river_snow_free_land",
        "class_id": 2,
        "true_class": "ice_free_river_snow_free_land",
        "correct": 1,
        "date": "2024-06-09",
        "land_cover": "Open Shrublands",
        "water_fraction": 0.0547
      }
    },
    {
      "type": "Feature",
      "geometry": {
        "type": "Point",
        "coordinates": [
          -151.20926,
          68.97615
        ]
      },
      "properties": {
        "predicted": "ice_free_river_snow_free_land",
        "class_id": 2,
        "true_class": "ice_free_river_snow_free_land",
        "correct": 1,
        "date": "2024-06-09",
        "land_cover": "Open Shrublands",
        "water_fraction": 0.0515
      }
    },
    {
      "type": "Feature",
      "geometry": {
        "type": "Point",
        "coordinates": [
          -150.64169,
          68.89507
        ]
      },
      "properties": {
        "predicted": "ice_free_river_snow_free_land",
        "class_id": 2,
        "true_class": "ice_free_river_snow_free_land",
        "correct": 1,
        "date": "2024-06-09",
        "land_cover": "Open Shrublands",
        "water_fraction": 0.071
      }
    },
    {
      "type": "Feature",
      "geometry": {
        "type": "Point",
        "coordinates": [
          -151.13493,
          68.83088
        ]
      },
      "properties": {
        "predicted": "ice_free_river_snow_free_land",
        "class_id": 2,
        "true_class": "ice_free_river_snow_free_land",
        "correct": 1,
        "date": "2024-06-09",
        "land_cover": "Open Shrublands",
        "water_fraction": 0.2525
      }
    },
    {
      "type": "Feature",
      "geometry": {
        "type": "Point",
        "coordinates": [
          -153.33764,
          68.74642
        ]
      },
      "properties": {
        "predicted": "ice_free_river_snow_free_land",
        "class_id": 2,
        "true_class": "ice_free_river_snow_free_land",
        "correct": 1,
        "date": "2024-06-09",
        "land_cover": "Open Shrublands",
        "water_fraction": 0.1387
      }
    },
    {
      "type": "Feature",
      "geometry": {
        "type": "Point",
        "coordinates": [
          -151.91534,
          68.68899
        ]
      },
      "properties": {
        "predicted": "ice_free_river_snow_free_land",
        "class_id": 2,
        "true_class": "ice_free_river_snow_free_land",
        "correct": 1,
        "date": "2024-06-09",
        "land_cover": "Open Shrublands",
        "water_fraction": 0.0781
      }
    },
    {
      "type": "Feature",
      "geometry": {
        "type": "Point",
        "coordinates": [
          -149.77682,
          68.63155
        ]
      },
      "properties": {
        "predicted": "ice_free_river_snow_free_land",
        "class_id": 2,
        "true_class": "ice_free_river_snow_free_land",
        "correct": 1,
        "date": "2024-06-09",
        "land_cover": "Open Shrublands",
        "water_fraction": 0.1273
      }
    },
    {
      "type": "Feature",
      "geometry": {
        "type": "Point",
        "coordinates": [
          -150.08088,
          68.56399
        ]
      },
      "properties": {
        "predicted": "ice_free_river_snow_free_land",
        "class_id": 2,
        "true_class": "ice_free_river_snow_free_land",
        "correct": 1,
        "date": "2024-06-09",
        "land_cover": "Open Shrublands",
        "water_fraction": 0.05
      }
    },
    {
      "type": "Feature",
      "geometry": {
        "type": "Point",
        "coordinates": [
          -154.02682,
          68.50655
        ]
      },
      "properties": {
        "predicted": "ice_free_river_snow_free_land",
        "class_id": 2,
        "true_class": "ice_free_river_snow_free_land",
        "correct": 1,
        "date": "2024-06-09",
        "land_cover": "Open Shrublands",
        "water_fraction": 0.2964
      }
    },
    {
      "type": "Feature",
      "geometry": {
        "type": "Point",
        "coordinates": [
          -149.99304,
          68.45588
        ]
      },
      "properties": {
        "predicted": "ice_free_river_snow_free_land",
        "class_id": 2,
        "true_class": "ice_free_river_snow_free_land",
        "correct": 1,
        "date": "2024-06-09",
        "land_cover": "Open Shrublands",
        "water_fraction": 0.1416
      }
    },
    {
      "type": "Feature",
      "geometry": {
        "type": "Point",
        "coordinates": [
          -149.97953,
          68.41872
        ]
      },
      "properties": {
        "predicted": "ice_free_river_snow_free_land",
        "class_id": 2,
        "true_class": "ice_free_river_snow_free_land",
        "correct": 1,
        "date": "2024-06-09",
        "land_cover": "Open Shrublands",
        "water_fraction": 0.0861
      }
    },
    {
      "type": "Feature",
      "geometry": {
        "type": "Point",
        "coordinates": [
          -162.96358,
          69.41655
        ]
      },
      "properties": {
        "predicted": "ice_free_river_snow_free_land",
        "class_id": 2,
        "true_class": "ice_free_river_snow_free_land",
        "correct": 1,
        "date": "2024-06-09",
        "land_cover": "Open Shrublands",
        "water_fraction": 0.1168
      }
    },
    {
      "type": "Feature",
      "geometry": {
        "type": "Point",
        "coordinates": [
          -162.73047,
          69.37601
        ]
      },
      "properties": {
        "predicted": "ice_free_river_snow_free_land",
        "class_id": 2,
        "true_class": "ice_free_river_snow_free_land",
        "correct": 1,
        "date": "2024-06-09",
        "land_cover": "Open Shrublands",
        "water_fraction": 0.6093
      }
    },
    {
      "type": "Feature",
      "geometry": {
        "type": "Point",
        "coordinates": [
          -164.39115,
          68.91669
        ]
      },
      "properties": {
        "predicted": "ice_free_river_snow_free_land",
        "class_id": 2,
        "true_class": "ice_free_river_snow_free_land",
        "correct": 1,
        "date": "2024-06-09",
        "land_cover": "Open Shrublands",
        "water_fraction": 0.1272
      }
    },
    {
      "type": "Feature",
      "geometry": {
        "type": "Point",
        "coordinates": [
          -164.43169,
          68.84574
        ]
      },
      "properties": {
        "predicted": "ice_free_river_snow_free_land",
        "class_id": 2,
        "true_class": "ice_free_river_snow_free_land",
        "correct": 1,
        "date": "2024-06-09",
        "land_cover": "Open Shrublands",
        "water_fraction": 0.0993
      }
    },
    {
      "type": "Feature",
      "geometry": {
        "type": "Point",
        "coordinates": [
          -162.41818,
          67.97074
        ]
      },
      "properties": {
        "predicted": "ice_free_river_snow_free_land",
        "class_id": 2,
        "true_class": "ice_free_river_snow_free_land",
        "correct": 1,
        "date": "2024-06-09",
        "land_cover": "Open Shrublands",
        "water_fraction": 0.3746
      }
    },
    {
      "type": "Feature",
      "geometry": {
        "type": "Point",
        "coordinates": [
          -162.17155,
          67.94034
        ]
      },
      "properties": {
        "predicted": "ice_free_river_snow_free_land",
        "class_id": 2,
        "true_class": "ice_free_river_snow_free_land",
        "correct": 1,
        "date": "2024-06-09",
        "land_cover": "Open Shrublands",
        "water_fraction": 0.1316
      }
    },
    {
      "type": "Feature",
      "geometry": {
        "type": "Point",
        "coordinates": [
          -162.3202,
          67.90655
        ]
      },
      "properties": {
        "predicted": "ice_free_river_snow_free_land",
        "class_id": 2,
        "true_class": "ice_free_river_snow_free_land",
        "correct": 1,
        "date": "2024-06-09",
        "land_cover": "Evergreen Needleleaf Forests",
        "water_fraction": 0.3787
      }
    },
    {
      "type": "Feature",
      "geometry": {
        "type": "Point",
        "coordinates": [
          -163.94182,
          67.86939
        ]
      },
      "properties": {
        "predicted": "ice_free_river_snow_free_land",
        "class_id": 2,
        "true_class": "ice_free_river_snow_free_land",
        "correct": 1,
        "date": "2024-06-09",
        "land_cover": "Open Shrublands",
        "water_fraction": 0.0503
      }
    },
    {
      "type": "Feature",
      "geometry": {
        "type": "Point",
        "coordinates": [
          -162.72899,
          67.83223
        ]
      },
      "properties": {
        "predicted": "ice_free_river_snow_free_land",
        "class_id": 2,
        "true_class": "ice_free_river_snow_free_land",
        "correct": 1,
        "date": "2024-06-09",
        "land_cover": "Open Shrublands",
        "water_fraction": 0.0513
      }
    },
    {
      "type": "Feature",
      "geometry": {
        "type": "Point",
        "coordinates": [
          -162.52628,
          67.69034
        ]
      },
      "properties": {
        "predicted": "ice_free_river_snow_free_land",
        "class_id": 2,
        "true_class": "ice_free_river_snow_free_land",
        "correct": 1,
        "date": "2024-06-09",
        "land_cover": "Open Shrublands",
        "water_fraction": 0.1002
      }
    },
    {
      "type": "Feature",
      "geometry": {
        "type": "Point",
        "coordinates": [
          -162.71885,
          67.63966
        ]
      },
      "properties": {
        "predicted": "ice_free_river_snow_free_land",
        "class_id": 2,
        "true_class": "ice_free_river_snow_free_land",
        "correct": 1,
        "date": "2024-06-09",
        "land_cover": "Open Shrublands",
        "water_fraction": 0.2577
      }
    },
    {
      "type": "Feature",
      "geometry": {
        "type": "Point",
        "coordinates": [
          -162.58709,
          67.58561
        ]
      },
      "properties": {
        "predicted": "ice_free_river_snow_free_land",
        "class_id": 2,
        "true_class": "ice_free_river_snow_free_land",
        "correct": 1,
        "date": "2024-06-09",
        "land_cover": "Open Shrublands",
        "water_fraction": 0.2703
      }
    },
    {
      "type": "Feature",
      "geometry": {
        "type": "Point",
        "coordinates": [
          -162.95872,
          67.51466
        ]
      },
      "properties": {
        "predicted": "ice_free_river_snow_free_land",
        "class_id": 2,
        "true_class": "ice_free_river_snow_free_land",
        "correct": 1,
        "date": "2024-06-09",
        "land_cover": "Evergreen Needleleaf Forests",
        "water_fraction": 0.121
      }
    },
    {
      "type": "Feature",
      "geometry": {
        "type": "Point",
        "coordinates": [
          -149.30115,
          66.30804
        ]
      },
      "properties": {
        "predicted": "ice_free_river_snow_free_land",
        "class_id": 2,
        "true_class": "ice_free_river_snow_free_land",
        "correct": 1,
        "date": "2024-06-09",
        "land_cover": "Woody Savannas",
        "water_fraction": 0.0606
      }
    },
    {
      "type": "Feature",
      "geometry": {
        "type": "Point",
        "coordinates": [
          -149.34507,
          66.27764
        ]
      },
      "properties": {
        "predicted": "ice_free_river_snow_free_land",
        "class_id": 2,
        "true_class": "ice_free_river_snow_free_land",
        "correct": 1,
        "date": "2024-06-09",
        "land_cover": "Savannas",
        "water_fraction": 0.7065
      }
    },
    {
      "type": "Feature",
      "geometry": {
        "type": "Point",
        "coordinates": [
          -149.34169,
          66.21345
        ]
      },
      "properties": {
        "predicted": "ice_free_river_snow_free_land",
        "class_id": 2,
        "true_class": "ice_free_river_snow_free_land",
        "correct": 1,
        "date": "2024-06-09",
        "land_cover": "Woody Savannas",
        "water_fraction": 0.1165
      }
    },
    {
      "type": "Feature",
      "geometry": {
        "type": "Point",
        "coordinates": [
          -149.31804,
          66.16277
        ]
      },
      "properties": {
        "predicted": "ice_free_river_snow_free_land",
        "class_id": 2,
        "true_class": "ice_free_river_snow_free_land",
        "correct": 1,
        "date": "2024-06-09",
        "land_cover": "Savannas",
        "water_fraction": 0.1151
      }
    },
    {
      "type": "Feature",
      "geometry": {
        "type": "Point",
        "coordinates": [
          -163.08182,
          69.41993
        ]
      },
      "properties": {
        "predicted": "ice_free_river_snow_free_land",
        "class_id": 2,
        "true_class": "ice_free_river_snow_free_land",
        "correct": 1,
        "date": "2024-06-09",
        "land_cover": "Grasslands",
        "water_fraction": 0.1442
      }
    },
    {
      "type": "Feature",
      "geometry": {
        "type": "Point",
        "coordinates": [
          -163.16966,
          69.3152
        ]
      },
      "properties": {
        "predicted": "ice_free_river_snow_free_land",
        "class_id": 2,
        "true_class": "ice_free_river_snow_free_land",
        "correct": 1,
        "date": "2024-06-09",
        "land_cover": "Open Shrublands",
        "water_fraction": 0.4296
      }
    },
    {
      "type": "Feature",
      "geometry": {
        "type": "Point",
        "coordinates": [
          -162.78115,
          69.26791
        ]
      },
      "properties": {
        "predicted": "ice_free_river_snow_free_land",
        "class_id": 2,
        "true_class": "ice_free_river_snow_free_land",
        "correct": 1,
        "date": "2024-06-09",
        "land_cover": "Open Shrublands",
        "water_fraction": 0.0734
      }
    },
    {
      "type": "Feature",
      "geometry": {
        "type": "Point",
        "coordinates": [
          -163.27101,
          69.20372
        ]
      },
      "properties": {
        "predicted": "ice_free_river_snow_free_land",
        "class_id": 2,
        "true_class": "ice_free_river_snow_free_land",
        "correct": 1,
        "date": "2024-06-09",
        "land_cover": "Open Shrublands",
        "water_fraction": 0.1116
      }
    },
    {
      "type": "Feature",
      "geometry": {
        "type": "Point",
        "coordinates": [
          -164.15615,
          68.9402
        ]
      },
      "properties": {
        "predicted": "ice_free_river_snow_free_land",
        "class_id": 2,
        "true_class": "ice_free_river_snow_free_land",
        "correct": 1,
        "date": "2024-06-09",
        "land_cover": "Grasslands",
        "water_fraction": 0.4586
      }
    },
    {
      "type": "Feature",
      "geometry": {
        "type": "Point",
        "coordinates": [
          -164.60209,
          68.9098
        ]
      },
      "properties": {
        "predicted": "ice_free_river_snow_free_land",
        "class_id": 2,
        "true_class": "ice_free_river_snow_free_land",
        "correct": 1,
        "date": "2024-06-09",
        "land_cover": "Permanent Wetlands",
        "water_fraction": 0.117
      }
    },
    {
      "type": "Feature",
      "geometry": {
        "type": "Point",
        "coordinates": [
          -164.40953,
          68.84899
        ]
      },
      "properties": {
        "predicted": "ice_free_river_snow_free_land",
        "class_id": 2,
        "true_class": "ice_free_river_snow_free_land",
        "correct": 1,
        "date": "2024-06-09",
        "land_cover": "Grasslands",
        "water_fraction": 0.056
      }
    },
    {
      "type": "Feature",
      "geometry": {
        "type": "Point",
        "coordinates": [
          -162.91804,
          67.45804
        ]
      },
      "properties": {
        "predicted": "ice_free_river_snow_free_land",
        "class_id": 2,
        "true_class": "ice_free_river_snow_free_land",
        "correct": 1,
        "date": "2024-09-23",
        "land_cover": "Open Shrublands",
        "water_fraction": 0.115
      }
    },
    {
      "type": "Feature",
      "geometry": {
        "type": "Point",
        "coordinates": [
          -163.04304,
          67.39723
        ]
      },
      "properties": {
        "predicted": "ice_free_river_snow_free_land",
        "class_id": 2,
        "true_class": "ice_free_river_snow_free_land",
        "correct": 1,
        "date": "2024-09-23",
        "land_cover": "Open Shrublands",
        "water_fraction": 0.4022
      }
    },
    {
      "type": "Feature",
      "geometry": {
        "type": "Point",
        "coordinates": [
          -163.07007,
          67.35331
        ]
      },
      "properties": {
        "predicted": "ice_free_river_snow_free_land",
        "class_id": 2,
        "true_class": "ice_free_river_snow_free_land",
        "correct": 1,
        "date": "2024-09-23",
        "land_cover": "Grasslands",
        "water_fraction": 0.6639
      }
    },
    {
      "type": "Feature",
      "geometry": {
        "type": "Point",
        "coordinates": [
          -162.90791,
          67.31277
        ]
      },
      "properties": {
        "predicted": "ice_free_river_snow_free_land",
        "class_id": 2,
        "true_class": "ice_free_river_snow_free_land",
        "correct": 1,
        "date": "2024-09-23",
        "land_cover": "Open Shrublands",
        "water_fraction": 0.2274
      }
    },
    {
      "type": "Feature",
      "geometry": {
        "type": "Point",
        "coordinates": [
          -162.87074,
          67.25196
        ]
      },
      "properties": {
        "predicted": "ice_free_river_snow_free_land",
        "class_id": 2,
        "true_class": "ice_free_river_snow_free_land",
        "correct": 1,
        "date": "2024-09-23",
        "land_cover": "Open Shrublands",
        "water_fraction": 0.2703
      }
    },
    {
      "type": "Feature",
      "geometry": {
        "type": "Point",
        "coordinates": [
          -163.47547,
          67.0898
        ]
      },
      "properties": {
        "predicted": "ice_free_river_snow_free_land",
        "class_id": 2,
        "true_class": "ice_free_river_snow_free_land",
        "correct": 1,
        "date": "2024-09-23",
        "land_cover": "Permanent Wetlands",
        "water_fraction": 0.3273
      }
    },
    {
      "type": "Feature",
      "geometry": {
        "type": "Point",
        "coordinates": [
          -166.43372,
          64.7502
        ]
      },
      "properties": {
        "predicted": "ice_free_river_snow_free_land",
        "class_id": 2,
        "true_class": "ice_free_river_snow_free_land",
        "correct": 1,
        "date": "2024-09-23",
        "land_cover": "Grasslands",
        "water_fraction": 0.1323
      }
    },
    {
      "type": "Feature",
      "geometry": {
        "type": "Point",
        "coordinates": [
          -149.71115,
          65.01182
        ]
      },
      "properties": {
        "predicted": "ice_free_river_snow_free_land",
        "class_id": 2,
        "true_class": "ice_free_river_snow_free_land",
        "correct": 1,
        "date": "2023-09-25",
        "land_cover": "Evergreen Needleleaf Forests",
        "water_fraction": 0.1321
      }
    },
    {
      "type": "Feature",
      "geometry": {
        "type": "Point",
        "coordinates": [
          -149.19426,
          64.95777
        ]
      },
      "properties": {
        "predicted": "ice_free_river_snow_free_land",
        "class_id": 2,
        "true_class": "ice_free_river_snow_free_land",
        "correct": 1,
        "date": "2023-09-25",
        "land_cover": "Savannas",
        "water_fraction": 0.4705
      }
    },
    {
      "type": "Feature",
      "geometry": {
        "type": "Point",
        "coordinates": [
          -149.77534,
          64.89696
        ]
      },
      "properties": {
        "predicted": "ice_free_river_snow_free_land",
        "class_id": 2,
        "true_class": "ice_free_river_snow_free_land",
        "correct": 1,
        "date": "2023-09-25",
        "land_cover": "Woody Savannas",
        "water_fraction": 0.107
      }
    },
    {
      "type": "Feature",
      "geometry": {
        "type": "Point",
        "coordinates": [
          -149.8598,
          64.84291
        ]
      },
      "properties": {
        "predicted": "ice_free_river_snow_free_land",
        "class_id": 2,
        "true_class": "ice_free_river_snow_free_land",
        "correct": 1,
        "date": "2023-09-25",
        "land_cover": "Evergreen Needleleaf Forests",
        "water_fraction": 0.3952
      }
    },
    {
      "type": "Feature",
      "geometry": {
        "type": "Point",
        "coordinates": [
          -147.24493,
          64.77196
        ]
      },
      "properties": {
        "predicted": "ice_free_river_snow_free_land",
        "class_id": 2,
        "true_class": "ice_free_river_snow_free_land",
        "correct": 1,
        "date": "2023-09-25",
        "land_cover": "Woody Savannas",
        "water_fraction": 0.1445
      }
    },
    {
      "type": "Feature",
      "geometry": {
        "type": "Point",
        "coordinates": [
          -147.11655,
          64.59291
        ]
      },
      "properties": {
        "predicted": "ice_free_river_snow_land",
        "class_id": 3,
        "true_class": "ice_free_river_snow_land",
        "correct": 1,
        "date": "2023-09-25",
        "land_cover": "Evergreen Needleleaf Forests",
        "water_fraction": 0.0706
      }
    },
    {
      "type": "Feature",
      "geometry": {
        "type": "Point",
        "coordinates": [
          -150.30236,
          64.47128
        ]
      },
      "properties": {
        "predicted": "ice_free_river_snow_free_land",
        "class_id": 2,
        "true_class": "ice_free_river_snow_free_land",
        "correct": 1,
        "date": "2023-09-25",
        "land_cover": "Savannas",
        "water_fraction": 0.0856
      }
    },
    {
      "type": "Feature",
      "geometry": {
        "type": "Point",
        "coordinates": [
          -150.62331,
          64.15034
        ]
      },
      "properties": {
        "predicted": "ice_free_river_snow_free_land",
        "class_id": 2,
        "true_class": "ice_free_river_snow_free_land",
        "correct": 1,
        "date": "2023-09-25",
        "land_cover": "Savannas",
        "water_fraction": 0.0544
      }
    },
    {
      "type": "Feature",
      "geometry": {
        "type": "Point",
        "coordinates": [
          -151.19764,
          64.00507
        ]
      },
      "properties": {
        "predicted": "ice_free_river_snow_free_land",
        "class_id": 2,
        "true_class": "ice_free_river_snow_free_land",
        "correct": 1,
        "date": "2023-09-25",
        "land_cover": "Woody Savannas",
        "water_fraction": 0.1054
      }
    },
    {
      "type": "Feature",
      "geometry": {
        "type": "Point",
        "coordinates": [
          -148.52196,
          63.67399
        ]
      },
      "properties": {
        "predicted": "ice_free_river_snow_free_land",
        "class_id": 2,
        "true_class": "ice_free_river_snow_free_land",
        "correct": 1,
        "date": "2023-09-25",
        "land_cover": "Savannas",
        "water_fraction": 0.0569
      }
    },
    {
      "type": "Feature",
      "geometry": {
        "type": "Point",
        "coordinates": [
          -149.90034,
          63.41723
        ]
      },
      "properties": {
        "predicted": "ice_free_river_snow_free_land",
        "class_id": 2,
        "true_class": "ice_free_river_snow_free_land",
        "correct": 1,
        "date": "2023-09-25",
        "land_cover": "Grasslands",
        "water_fraction": 0.0875
      }
    },
    {
      "type": "Feature",
      "geometry": {
        "type": "Point",
        "coordinates": [
          -148.38995,
          66.17648
        ]
      },
      "properties": {
        "predicted": "ice_covered_river_snow_free_land",
        "class_id": 1,
        "true_class": "ice_covered_river_snow_free_land",
        "correct": 1,
        "date": "2024-04-27",
        "land_cover": "Woody Savannas",
        "water_fraction": 0.0958
      }
    },
    {
      "type": "Feature",
      "geometry": {
        "type": "Point",
        "coordinates": [
          -148.819,
          66.08865
        ]
      },
      "properties": {
        "predicted": "ice_covered_river_snow_covered_land",
        "class_id": 0,
        "true_class": "ice_covered_river_snow_covered_land",
        "correct": 1,
        "date": "2024-04-27",
        "land_cover": "Savannas",
        "water_fraction": 0.1049
      }
    },
    {
      "type": "Feature",
      "geometry": {
        "type": "Point",
        "coordinates": [
          -149.90008,
          65.75756
        ]
      },
      "properties": {
        "predicted": "ice_covered_river_snow_free_land",
        "class_id": 1,
        "true_class": "ice_covered_river_snow_covered_land",
        "correct": 0,
        "date": "2024-04-27",
        "land_cover": "Savannas",
        "water_fraction": 0.1723
      }
    },
    {
      "type": "Feature",
      "geometry": {
        "type": "Point",
        "coordinates": [
          -151.66698,
          65.04473
        ]
      },
      "properties": {
        "predicted": "ice_covered_river_snow_covered_land",
        "class_id": 0,
        "true_class": "ice_covered_river_snow_covered_land",
        "correct": 1,
        "date": "2024-04-27",
        "land_cover": "Woody Savannas",
        "water_fraction": 0.2484
      }
    },
    {
      "type": "Feature",
      "geometry": {
        "type": "Point",
        "coordinates": [
          -149.15008,
          64.68662
        ]
      },
      "properties": {
        "predicted": "ice_free_river_snow_free_land",
        "class_id": 2,
        "true_class": "ice_free_river_snow_free_land",
        "correct": 1,
        "date": "2024-04-27",
        "land_cover": "Woody Savannas",
        "water_fraction": 0.098
      }
    },
    {
      "type": "Feature",
      "geometry": {
        "type": "Point",
        "coordinates": [
          -154.11865,
          62.94418
        ]
      },
      "properties": {
        "predicted": "ice_free_river_snow_free_land",
        "class_id": 2,
        "true_class": "ice_free_river_snow_free_land",
        "correct": 1,
        "date": "2025-04-20",
        "land_cover": "Savannas",
        "water_fraction": 0.0837
      }
    },
    {
      "type": "Feature",
      "geometry": {
        "type": "Point",
        "coordinates": [
          -154.79094,
          62.76512
        ]
      },
      "properties": {
        "predicted": "ice_covered_river_snow_free_land",
        "class_id": 1,
        "true_class": "ice_covered_river_snow_free_land",
        "correct": 1,
        "date": "2025-04-20",
        "land_cover": "Woody Savannas",
        "water_fraction": 0.172
      }
    },
    {
      "type": "Feature",
      "geometry": {
        "type": "Point",
        "coordinates": [
          -155.84162,
          62.50836
        ]
      },
      "properties": {
        "predicted": "ice_free_river_snow_free_land",
        "class_id": 2,
        "true_class": "ice_covered_river_snow_free_land",
        "correct": 0,
        "date": "2025-04-20",
        "land_cover": "Woody Savannas",
        "water_fraction": 0.0551
      }
    },
    {
      "type": "Feature",
      "geometry": {
        "type": "Point",
        "coordinates": [
          -154.89905,
          62.32931
        ]
      },
      "properties": {
        "predicted": "ice_covered_river_snow_free_land",
        "class_id": 1,
        "true_class": "ice_covered_river_snow_free_land",
        "correct": 1,
        "date": "2025-04-20",
        "land_cover": "Savannas",
        "water_fraction": 0.2905
      }
    },
    {
      "type": "Feature",
      "geometry": {
        "type": "Point",
        "coordinates": [
          -154.40581,
          62.23134
        ]
      },
      "properties": {
        "predicted": "ice_covered_river_snow_free_land",
        "class_id": 1,
        "true_class": "ice_covered_river_snow_free_land",
        "correct": 1,
        "date": "2025-04-20",
        "land_cover": "Woody Savannas",
        "water_fraction": 0.1296
      }
    },
    {
      "type": "Feature",
      "geometry": {
        "type": "Point",
        "coordinates": [
          -154.55108,
          61.95769
        ]
      },
      "properties": {
        "predicted": "ice_covered_river_snow_covered_land",
        "class_id": 0,
        "true_class": "ice_covered_river_snow_covered_land",
        "correct": 1,
        "date": "2025-04-20",
        "land_cover": "Savannas",
        "water_fraction": 0.0957
      }
    },
    {
      "type": "Feature",
      "geometry": {
        "type": "Point",
        "coordinates": [
          -154.38216,
          61.88674
        ]
      },
      "properties": {
        "predicted": "ice_free_river_snow_free_land",
        "class_id": 2,
        "true_class": "ice_free_river_snow_free_land",
        "correct": 1,
        "date": "2025-04-20",
        "land_cover": "Grasslands",
        "water_fraction": 0.5308
      }
    },
    {
      "type": "Feature",
      "geometry": {
        "type": "Point",
        "coordinates": [
          -157.82047,
          59.12736
        ]
      },
      "properties": {
        "predicted": "ice_covered_river_snow_free_land",
        "class_id": 1,
        "true_class": "ice_covered_river_snow_free_land",
        "correct": 1,
        "date": "2024-11-18",
        "land_cover": "Open Shrublands",
        "water_fraction": 0.2508
      }
    },
    {
      "type": "Feature",
      "geometry": {
        "type": "Point",
        "coordinates": [
          -158.46236,
          59.08682
        ]
      },
      "properties": {
        "predicted": "ice_covered_river_snow_covered_land",
        "class_id": 0,
        "true_class": "ice_covered_river_snow_free_land",
        "correct": 0,
        "date": "2024-11-18",
        "land_cover": "Grasslands",
        "water_fraction": 0.802
      }
    },
    {
      "type": "Feature",
      "geometry": {
        "type": "Point",
        "coordinates": [
          -158.76304,
          58.97196
        ]
      },
      "properties": {
        "predicted": "ice_covered_river_snow_free_land",
        "class_id": 1,
        "true_class": "ice_covered_river_snow_free_land",
        "correct": 1,
        "date": "2024-11-18",
        "land_cover": "Grasslands",
        "water_fraction": 0.2418
      }
    },
    {
      "type": "Feature",
      "geometry": {
        "type": "Point",
        "coordinates": [
          -158.28331,
          58.85034
        ]
      },
      "properties": {
        "predicted": "ice_covered_river_snow_free_land",
        "class_id": 1,
        "true_class": "ice_covered_river_snow_free_land",
        "correct": 1,
        "date": "2024-11-18",
        "land_cover": "Open Shrublands",
        "water_fraction": 0.0678
      }
    },
    {
      "type": "Feature",
      "geometry": {
        "type": "Point",
        "coordinates": [
          -158.15831,
          58.81655
        ]
      },
      "properties": {
        "predicted": "ice_covered_river_snow_free_land",
        "class_id": 1,
        "true_class": "ice_covered_river_snow_free_land",
        "correct": 1,
        "date": "2024-11-18",
        "land_cover": "Grasslands",
        "water_fraction": 0.0939
      }
    },
    {
      "type": "Feature",
      "geometry": {
        "type": "Point",
        "coordinates": [
          -158.17858,
          58.7152
        ]
      },
      "properties": {
        "predicted": "ice_covered_river_snow_free_land",
        "class_id": 1,
        "true_class": "ice_covered_river_snow_free_land",
        "correct": 1,
        "date": "2024-11-18",
        "land_cover": "Grasslands",
        "water_fraction": 0.1273
      }
    },
    {
      "type": "Feature",
      "geometry": {
        "type": "Point",
        "coordinates": [
          -159.17182,
          58.56993
        ]
      },
      "properties": {
        "predicted": "ice_covered_river_snow_free_land",
        "class_id": 1,
        "true_class": "ice_covered_river_snow_free_land",
        "correct": 1,
        "date": "2024-11-18",
        "land_cover": "Savannas",
        "water_fraction": 0.0797
      }
    },
    {
      "type": "Feature",
      "geometry": {
        "type": "Point",
        "coordinates": [
          -158.94209,
          58.44831
        ]
      },
      "properties": {
        "predicted": "ice_covered_river_snow_free_land",
        "class_id": 1,
        "true_class": "ice_covered_river_snow_free_land",
        "correct": 1,
        "date": "2024-11-18",
        "land_cover": "Permanent Wetlands",
        "water_fraction": 0.0619
      }
    },
    {
      "type": "Feature",
      "geometry": {
        "type": "Point",
        "coordinates": [
          -158.87115,
          58.40439
        ]
      },
      "properties": {
        "predicted": "ice_covered_river_snow_free_land",
        "class_id": 1,
        "true_class": "ice_covered_river_snow_free_land",
        "correct": 1,
        "date": "2024-11-18",
        "land_cover": "Permanent Wetlands",
        "water_fraction": 0.116
      }
    },
    {
      "type": "Feature",
      "geometry": {
        "type": "Point",
        "coordinates": [
          -158.7225,
          59.0598
        ]
      },
      "properties": {
        "predicted": "ice_covered_river_snow_free_land",
        "class_id": 1,
        "true_class": "ice_covered_river_snow_free_land",
        "correct": 1,
        "date": "2024-11-18",
        "land_cover": "Grasslands",
        "water_fraction": 0.1456
      }
    },
    {
      "type": "Feature",
      "geometry": {
        "type": "Point",
        "coordinates": [
          -157.90155,
          58.92804
        ]
      },
      "properties": {
        "predicted": "ice_covered_river_snow_free_land",
        "class_id": 1,
        "true_class": "ice_covered_river_snow_free_land",
        "correct": 1,
        "date": "2024-11-18",
        "land_cover": "Savannas",
        "water_fraction": 0.0636
      }
    },
    {
      "type": "Feature",
      "geometry": {
        "type": "Point",
        "coordinates": [
          -157.88466,
          58.90101
        ]
      },
      "properties": {
        "predicted": "ice_covered_river_snow_free_land",
        "class_id": 1,
        "true_class": "ice_covered_river_snow_covered_land",
        "correct": 0,
        "date": "2024-11-18",
        "land_cover": "Savannas",
        "water_fraction": 0.1239
      }
    },
    {
      "type": "Feature",
      "geometry": {
        "type": "Point",
        "coordinates": [
          -157.83061,
          58.87736
        ]
      },
      "properties": {
        "predicted": "ice_covered_river_snow_free_land",
        "class_id": 1,
        "true_class": "ice_covered_river_snow_free_land",
        "correct": 1,
        "date": "2024-11-18",
        "land_cover": "Savannas",
        "water_fraction": 0.0887
      }
    },
    {
      "type": "Feature",
      "geometry": {
        "type": "Point",
        "coordinates": [
          -159.27318,
          58.67128
        ]
      },
      "properties": {
        "predicted": "ice_covered_river_snow_free_land",
        "class_id": 1,
        "true_class": "ice_covered_river_snow_free_land",
        "correct": 1,
        "date": "2024-11-18",
        "land_cover": "Savannas",
        "water_fraction": 0.0697
      }
    },
    {
      "type": "Feature",
      "geometry": {
        "type": "Point",
        "coordinates": [
          -158.18872,
          58.61723
        ]
      },
      "properties": {
        "predicted": "ice_covered_river_snow_free_land",
        "class_id": 1,
        "true_class": "ice_covered_river_snow_free_land",
        "correct": 1,
        "date": "2024-11-18",
        "land_cover": "Savannas",
        "water_fraction": 0.0585
      }
    },
    {
      "type": "Feature",
      "geometry": {
        "type": "Point",
        "coordinates": [
          -158.77318,
          58.48209
        ]
      },
      "properties": {
        "predicted": "ice_covered_river_snow_free_land",
        "class_id": 1,
        "true_class": "ice_covered_river_snow_free_land",
        "correct": 1,
        "date": "2024-11-18",
        "land_cover": "Savannas",
        "water_fraction": 0.0501
      }
    },
    {
      "type": "Feature",
      "geometry": {
        "type": "Point",
        "coordinates": [
          -150.00179,
          68.83088
        ]
      },
      "properties": {
        "predicted": "ice_free_river_snow_land",
        "class_id": 3,
        "true_class": "ice_free_river_snow_free_land",
        "correct": 0,
        "date": "2024-10-01",
        "land_cover": "Open Shrublands",
        "water_fraction": 0.1171
      }
    },
    {
      "type": "Feature",
      "geometry": {
        "type": "Point",
        "coordinates": [
          -149.97814,
          68.80048
        ]
      },
      "properties": {
        "predicted": "ice_free_river_snow_land",
        "class_id": 3,
        "true_class": "ice_free_river_snow_land",
        "correct": 1,
        "date": "2024-10-01",
        "land_cover": "Open Shrublands",
        "water_fraction": 0.2324
      }
    },
    {
      "type": "Feature",
      "geometry": {
        "type": "Point",
        "coordinates": [
          -148.85652,
          68.72615
        ]
      },
      "properties": {
        "predicted": "ice_free_river_snow_land",
        "class_id": 3,
        "true_class": "ice_free_river_snow_land",
        "correct": 1,
        "date": "2024-10-01",
        "land_cover": "Open Shrublands",
        "water_fraction": 0.0674
      }
    },
    {
      "type": "Feature",
      "geometry": {
        "type": "Point",
        "coordinates": [
          -148.50855,
          68.7025
        ]
      },
      "properties": {
        "predicted": "ice_free_river_snow_land",
        "class_id": 3,
        "true_class": "ice_free_river_snow_land",
        "correct": 1,
        "date": "2024-10-01",
        "land_cover": "Open Shrublands",
        "water_fraction": 0.1985
      }
    },
    {
      "type": "Feature",
      "geometry": {
        "type": "Point",
        "coordinates": [
          -153.23828,
          68.63156
        ]
      },
      "properties": {
        "predicted": "ice_free_river_snow_land",
        "class_id": 3,
        "true_class": "ice_free_river_snow_land",
        "correct": 1,
        "date": "2024-10-01",
        "land_cover": "Open Shrublands",
        "water_fraction": 0.0618
      }
    },
    {
      "type": "Feature",
      "geometry": {
        "type": "Point",
        "coordinates": [
          -153.47138,
          68.58088
        ]
      },
      "properties": {
        "predicted": "ice_free_river_snow_land",
        "class_id": 3,
        "true_class": "ice_free_river_snow_land",
        "correct": 1,
        "date": "2024-10-01",
        "land_cover": "Open Shrublands",
        "water_fraction": 0.0824
      }
    },
    {
      "type": "Feature",
      "geometry": {
        "type": "Point",
        "coordinates": [
          -150.17747,
          68.06399
        ]
      },
      "properties": {
        "predicted": "ice_covered_river_snow_covered_land",
        "class_id": 0,
        "true_class": "ice_covered_river_snow_covered_land",
        "correct": 1,
        "date": "2024-10-01",
        "land_cover": "Grasslands",
        "water_fraction": 0.1299
      }
    },
    {
      "type": "Feature",
      "geometry": {
        "type": "Point",
        "coordinates": [
          -149.83963,
          67.92885
        ]
      },
      "properties": {
        "predicted": "ice_covered_river_snow_covered_land",
        "class_id": 0,
        "true_class": "ice_covered_river_snow_covered_land",
        "correct": 1,
        "date": "2024-10-01",
        "land_cover": "Open Shrublands",
        "water_fraction": 0.0536
      }
    },
    {
      "type": "Feature",
      "geometry": {
        "type": "Point",
        "coordinates": [
          -151.00508,
          69.21385
        ]
      },
      "properties": {
        "predicted": "ice_free_river_snow_free_land",
        "class_id": 2,
        "true_class": "ice_free_river_snow_free_land",
        "correct": 1,
        "date": "2024-10-02",
        "land_cover": "Open Shrublands",
        "water_fraction": 0.0694
      }
    },
    {
      "type": "Feature",
      "geometry": {
        "type": "Point",
        "coordinates": [
          -150.86318,
          69.15979
        ]
      },
      "properties": {
        "predicted": "ice_free_river_snow_free_land",
        "class_id": 2,
        "true_class": "ice_free_river_snow_free_land",
        "correct": 1,
        "date": "2024-10-02",
        "land_cover": "Open Shrublands",
        "water_fraction": 0.051
      }
    },
    {
      "type": "Feature",
      "geometry": {
        "type": "Point",
        "coordinates": [
          -150.8294,
          69.10912
        ]
      },
      "properties": {
        "predicted": "ice_free_river_snow_free_land",
        "class_id": 2,
        "true_class": "ice_free_river_snow_free_land",
        "correct": 1,
        "date": "2024-10-02",
        "land_cover": "Open Shrublands",
        "water_fraction": 0.0978
      }
    },
    {
      "type": "Feature",
      "geometry": {
        "type": "Point",
        "coordinates": [
          -147.35981,
          69.02466
        ]
      },
      "properties": {
        "predicted": "ice_free_river_snow_free_land",
        "class_id": 2,
        "true_class": "ice_free_river_snow_free_land",
        "correct": 1,
        "date": "2024-10-02",
        "land_cover": "Grasslands",
        "water_fraction": 0.2926
      }
    },
    {
      "type": "Feature",
      "geometry": {
        "type": "Point",
        "coordinates": [
          -148.8294,
          68.87601
        ]
      },
      "properties": {
        "predicted": "ice_free_river_snow_land",
        "class_id": 3,
        "true_class": "ice_free_river_snow_land",
        "correct": 1,
        "date": "2024-10-02",
        "land_cover": "Open Shrublands",
        "water_fraction": 0.2774
      }
    },
    {
      "type": "Feature",
      "geometry": {
        "type": "Point",
        "coordinates": [
          -147.30575,
          68.80506
        ]
      },
      "properties": {
        "predicted": "ice_covered_river_snow_covered_land",
        "class_id": 0,
        "true_class": "ice_covered_river_snow_covered_land",
        "correct": 1,
        "date": "2024-10-02",
        "land_cover": "Barren",
        "water_fraction": 0.0548
      }
    },
    {
      "type": "Feature",
      "geometry": {
        "type": "Point",
        "coordinates": [
          -148.68075,
          68.7679
        ]
      },
      "properties": {
        "predicted": "ice_free_river_snow_land",
        "class_id": 3,
        "true_class": "ice_free_river_snow_land",
        "correct": 1,
        "date": "2024-10-02",
        "land_cover": "Open Shrublands",
        "water_fraction": 0.0916
      }
    },
    {
      "type": "Feature",
      "geometry": {
        "type": "Point",
        "coordinates": [
          -154.29676,
          69.1011
        ]
      },
      "properties": {
        "predicted": "ice_free_river_snow_land",
        "class_id": 3,
        "true_class": "ice_free_river_snow_land",
        "correct": 1,
        "date": "2025-10-11",
        "land_cover": "Open Shrublands",
        "water_fraction": 0.0766
      }
    },
    {
      "type": "Feature",
      "geometry": {
        "type": "Point",
        "coordinates": [
          -151.91838,
          69.03353
        ]
      },
      "properties": {
        "predicted": "ice_free_river_snow_free_land",
        "class_id": 2,
        "true_class": "ice_free_river_snow_land",
        "correct": 0,
        "date": "2025-10-11",
        "land_cover": "Grasslands",
        "water_fraction": 0.1071
      }
    },
    {
      "type": "Feature",
      "geometry": {
        "type": "Point",
        "coordinates": [
          -151.24608,
          68.59772
        ]
      },
      "properties": {
        "predicted": "ice_free_river_snow_land",
        "class_id": 3,
        "true_class": "ice_free_river_snow_land",
        "correct": 1,
        "date": "2025-10-11",
        "land_cover": "Open Shrublands",
        "water_fraction": 0.0654
      }
    },
    {
      "type": "Feature",
      "geometry": {
        "type": "Point",
        "coordinates": [
          -154.06365,
          68.37475
        ]
      },
      "properties": {
        "predicted": "ice_free_river_snow_free_land",
        "class_id": 2,
        "true_class": "ice_free_river_snow_free_land",
        "correct": 1,
        "date": "2025-10-11",
        "land_cover": "Grasslands",
        "water_fraction": 0.2096
      }
    },
    {
      "type": "Feature",
      "geometry": {
        "type": "Point",
        "coordinates": [
          -154.05689,
          68.28015
        ]
      },
      "properties": {
        "predicted": "ice_free_river_snow_free_land",
        "class_id": 2,
        "true_class": "ice_free_river_snow_free_land",
        "correct": 1,
        "date": "2025-10-11",
        "land_cover": "Grasslands",
        "water_fraction": 0.4343
      }
    },
    {
      "type": "Feature",
      "geometry": {
        "type": "Point",
        "coordinates": [
          -154.14811,
          68.15515
        ]
      },
      "properties": {
        "predicted": "ice_free_river_snow_free_land",
        "class_id": 2,
        "true_class": "ice_free_river_snow_free_land",
        "correct": 1,
        "date": "2025-10-11",
        "land_cover": "Grasslands",
        "water_fraction": 0.0505
      }
    },
    {
      "type": "Feature",
      "geometry": {
        "type": "Point",
        "coordinates": [
          -154.53325,
          68.04029
        ]
      },
      "properties": {
        "predicted": "ice_free_river_snow_free_land",
        "class_id": 2,
        "true_class": "ice_free_river_snow_free_land",
        "correct": 1,
        "date": "2025-10-11",
        "land_cover": "Open Shrublands",
        "water_fraction": 0.0552
      }
    },
    {
      "type": "Feature",
      "geometry": {
        "type": "Point",
        "coordinates": [
          -152.06365,
          67.44569
        ]
      },
      "properties": {
        "predicted": "ice_free_river_snow_free_land",
        "class_id": 2,
        "true_class": "ice_free_river_snow_free_land",
        "correct": 1,
        "date": "2025-10-11",
        "land_cover": "Open Shrublands",
        "water_fraction": 0.1596
      }
    },
    {
      "type": "Feature",
      "geometry": {
        "type": "Point",
        "coordinates": [
          -151.90825,
          67.18556
        ]
      },
      "properties": {
        "predicted": "ice_free_river_snow_free_land",
        "class_id": 2,
        "true_class": "ice_free_river_snow_free_land",
        "correct": 1,
        "date": "2025-10-11",
        "land_cover": "Savannas",
        "water_fraction": 0.1528
      }
    },
    {
      "type": "Feature",
      "geometry": {
        "type": "Point",
        "coordinates": [
          -151.41838,
          68.43218
        ]
      },
      "properties": {
        "predicted": "ice_free_river_snow_land",
        "class_id": 3,
        "true_class": "ice_free_river_snow_land",
        "correct": 1,
        "date": "2025-10-11",
        "land_cover": "Open Shrublands",
        "water_fraction": 0.1012
      }
    },
    {
      "type": "Feature",
      "geometry": {
        "type": "Point",
        "coordinates": [
          -154.06365,
          68.2734
        ]
      },
      "properties": {
        "predicted": "ice_free_river_snow_free_land",
        "class_id": 2,
        "true_class": "ice_free_river_snow_free_land",
        "correct": 1,
        "date": "2025-10-11",
        "land_cover": "Grasslands",
        "water_fraction": 0.3549
      }
    },
    {
      "type": "Feature",
      "geometry": {
        "type": "Point",
        "coordinates": [
          -154.07716,
          68.24299
        ]
      },
      "properties": {
        "predicted": "ice_free_river_snow_free_land",
        "class_id": 2,
        "true_class": "ice_free_river_snow_free_land",
        "correct": 1,
        "date": "2025-10-11",
        "land_cover": "Grasslands",
        "water_fraction": 0.3641
      }
    },
    {
      "type": "Feature",
      "geometry": {
        "type": "Point",
        "coordinates": [
          -151.10081,
          68.11799
        ]
      },
      "properties": {
        "predicted": "ice_covered_river_snow_covered_land",
        "class_id": 0,
        "true_class": "ice_covered_river_snow_covered_land",
        "correct": 1,
        "date": "2025-10-11",
        "land_cover": "Grasslands",
        "water_fraction": 0.0784
      }
    },
    {
      "type": "Feature",
      "geometry": {
        "type": "Point",
        "coordinates": [
          -151.09068,
          68.11461
        ]
      },
      "properties": {
        "predicted": "ice_covered_river_snow_covered_land",
        "class_id": 0,
        "true_class": "ice_covered_river_snow_covered_land",
        "correct": 1,
        "date": "2025-10-11",
        "land_cover": "Grasslands",
        "water_fraction": 0.1135
      }
    },
    {
      "type": "Feature",
      "geometry": {
        "type": "Point",
        "coordinates": [
          -156.88345,
          58.26899
        ]
      },
      "properties": {
        "predicted": "ice_covered_river_snow_free_land",
        "class_id": 1,
        "true_class": "ice_covered_river_snow_free_land",
        "correct": 1,
        "date": "2024-11-21",
        "land_cover": "Open Shrublands",
        "water_fraction": 0.134
      }
    },
    {
      "type": "Feature",
      "geometry": {
        "type": "Point",
        "coordinates": [
          -156.78547,
          58.41088
        ]
      },
      "properties": {
        "predicted": "ice_covered_river_snow_free_land",
        "class_id": 1,
        "true_class": "ice_covered_river_snow_free_land",
        "correct": 1,
        "date": "2024-11-21",
        "land_cover": "Savannas",
        "water_fraction": 0.0729
      }
    },
    {
      "type": "Feature",
      "geometry": {
        "type": "Point",
        "coordinates": [
          -156.87331,
          58.29601
        ]
      },
      "properties": {
        "predicted": "ice_covered_river_snow_free_land",
        "class_id": 1,
        "true_class": "ice_covered_river_snow_covered_land",
        "correct": 0,
        "date": "2024-11-21",
        "land_cover": "Grasslands",
        "water_fraction": 0.1515
      }
    },
    {
      "type": "Feature",
      "geometry": {
        "type": "Point",
        "coordinates": [
          -156.30574,
          58.26561
        ]
      },
      "properties": {
        "predicted": "ice_covered_river_snow_free_land",
        "class_id": 1,
        "true_class": "ice_covered_river_snow_free_land",
        "correct": 1,
        "date": "2024-11-21",
        "land_cover": "Grasslands",
        "water_fraction": 0.1624
      }
    },
    {
      "type": "Feature",
      "geometry": {
        "type": "Point",
        "coordinates": [
          -156.7652,
          58.12709
        ]
      },
      "properties": {
        "predicted": "ice_covered_river_snow_covered_land",
        "class_id": 0,
        "true_class": "ice_covered_river_snow_free_land",
        "correct": 0,
        "date": "2024-11-21",
        "land_cover": "Grasslands",
        "water_fraction": 0.5232
      }
    },
    {
      "type": "Feature",
      "geometry": {
        "type": "Point",
        "coordinates": [
          -156.92128,
          58.39318
        ]
      },
      "properties": {
        "predicted": "ice_covered_river_snow_free_land",
        "class_id": 1,
        "true_class": "ice_covered_river_snow_covered_land",
        "correct": 0,
        "date": "2024-11-21",
        "land_cover": "Savannas",
        "water_fraction": 0.0768
      }
    },
    {
      "type": "Feature",
      "geometry": {
        "type": "Point",
        "coordinates": [
          -156.89764,
          58.11953
        ]
      },
      "properties": {
        "predicted": "ice_covered_river_snow_free_land",
        "class_id": 1,
        "true_class": "ice_covered_river_snow_free_land",
        "correct": 1,
        "date": "2024-11-21",
        "land_cover": "Grasslands",
        "water_fraction": 0.1073
      }
    },
    {
      "type": "Feature",
      "geometry": {
        "type": "Point",
        "coordinates": [
          -156.91791,
          57.81547
        ]
      },
      "properties": {
        "predicted": "ice_covered_river_snow_free_land",
        "class_id": 1,
        "true_class": "ice_covered_river_snow_free_land",
        "correct": 1,
        "date": "2024-11-21",
        "land_cover": "Savannas",
        "water_fraction": 0.2618
      }
    },
    {
      "type": "Feature",
      "geometry": {
        "type": "Point",
        "coordinates": [
          -156.78615,
          57.72764
        ]
      },
      "properties": {
        "predicted": "ice_covered_river_snow_free_land",
        "class_id": 1,
        "true_class": "ice_covered_river_snow_free_land",
        "correct": 1,
        "date": "2024-11-21",
        "land_cover": "Savannas",
        "water_fraction": 0.1598
      }
    },
    {
      "type": "Feature",
      "geometry": {
        "type": "Point",
        "coordinates": [
          -156.97872,
          57.85601
        ]
      },
      "properties": {
        "predicted": "ice_covered_river_snow_free_land",
        "class_id": 1,
        "true_class": "ice_covered_river_snow_free_land",
        "correct": 1,
        "date": "2024-11-21",
        "land_cover": "Savannas",
        "water_fraction": 0.2553
      }
    },
    {
      "type": "Feature",
      "geometry": {
        "type": "Point",
        "coordinates": [
          -156.77939,
          58.27493
        ]
      },
      "properties": {
        "predicted": "ice_covered_river_snow_free_land",
        "class_id": 1,
        "true_class": "ice_covered_river_snow_free_land",
        "correct": 1,
        "date": "2024-11-21",
        "land_cover": "Grasslands",
        "water_fraction": 0.1173
      }
    },
    {
      "type": "Feature",
      "geometry": {
        "type": "Point",
        "coordinates": [
          -156.90101,
          58.22088
        ]
      },
      "properties": {
        "predicted": "ice_covered_river_snow_free_land",
        "class_id": 1,
        "true_class": "ice_covered_river_snow_free_land",
        "correct": 1,
        "date": "2024-11-21",
        "land_cover": "Grasslands",
        "water_fraction": 0.0573
      }
    },
    {
      "type": "Feature",
      "geometry": {
        "type": "Point",
        "coordinates": [
          -156.74223,
          58.12628
        ]
      },
      "properties": {
        "predicted": "ice_covered_river_snow_free_land",
        "class_id": 1,
        "true_class": "ice_covered_river_snow_free_land",
        "correct": 1,
        "date": "2024-11-21",
        "land_cover": "Grasslands",
        "water_fraction": 0.1136
      }
    },
    {
      "type": "Feature",
      "geometry": {
        "type": "Point",
        "coordinates": [
          -157.01926,
          58.10939
        ]
      },
      "properties": {
        "predicted": "ice_covered_river_snow_free_land",
        "class_id": 1,
        "true_class": "ice_covered_river_snow_covered_land",
        "correct": 0,
        "date": "2024-11-21",
        "land_cover": "Savannas",
        "water_fraction": 0.0912
      }
    },
    {
      "type": "Feature",
      "geometry": {
        "type": "Point",
        "coordinates": [
          -156.83682,
          58.07561
        ]
      },
      "properties": {
        "predicted": "ice_covered_river_snow_free_land",
        "class_id": 1,
        "true_class": "ice_covered_river_snow_free_land",
        "correct": 1,
        "date": "2024-11-21",
        "land_cover": "Savannas",
        "water_fraction": 0.1203
      }
    },
    {
      "type": "Feature",
      "geometry": {
        "type": "Point",
        "coordinates": [
          -157.11723,
          57.94385
        ]
      },
      "properties": {
        "predicted": "ice_covered_river_snow_free_land",
        "class_id": 1,
        "true_class": "ice_covered_river_snow_free_land",
        "correct": 1,
        "date": "2024-11-21",
        "land_cover": "Savannas",
        "water_fraction": 0.2404
      }
    },
    {
      "type": "Feature",
      "geometry": {
        "type": "Point",
        "coordinates": [
          -156.91791,
          57.87291
        ]
      },
      "properties": {
        "predicted": "ice_covered_river_snow_free_land",
        "class_id": 1,
        "true_class": "ice_covered_river_snow_free_land",
        "correct": 1,
        "date": "2024-11-21",
        "land_cover": "Savannas",
        "water_fraction": 0.0566
      }
    },
    {
      "type": "Feature",
      "geometry": {
        "type": "Point",
        "coordinates": [
          -156.89764,
          57.86615
        ]
      },
      "properties": {
        "predicted": "ice_covered_river_snow_free_land",
        "class_id": 1,
        "true_class": "ice_covered_river_snow_free_land",
        "correct": 1,
        "date": "2024-11-21",
        "land_cover": "Savannas",
        "water_fraction": 0.2305
      }
    },
    {
      "type": "Feature",
      "geometry": {
        "type": "Point",
        "coordinates": [
          -157.13074,
          57.81209
        ]
      },
      "properties": {
        "predicted": "ice_covered_river_snow_free_land",
        "class_id": 1,
        "true_class": "ice_covered_river_snow_free_land",
        "correct": 1,
        "date": "2024-11-21",
        "land_cover": "Savannas",
        "water_fraction": 0.0658
      }
    },
    {
      "type": "Feature",
      "geometry": {
        "type": "Point",
        "coordinates": [
          -156.02439,
          59.54466
        ]
      },
      "properties": {
        "predicted": "ice_covered_river_snow_covered_land",
        "class_id": 0,
        "true_class": "ice_covered_river_snow_free_land",
        "correct": 0,
        "date": "2024-11-28",
        "land_cover": "Open Shrublands",
        "water_fraction": 0.1234
      }
    },
    {
      "type": "Feature",
      "geometry": {
        "type": "Point",
        "coordinates": [
          -156.93318,
          59.37574
        ]
      },
      "properties": {
        "predicted": "ice_covered_river_snow_free_land",
        "class_id": 1,
        "true_class": "ice_covered_river_snow_free_land",
        "correct": 1,
        "date": "2024-11-28",
        "land_cover": "Savannas",
        "water_fraction": 0.1387
      }
    },
    {
      "type": "Feature",
      "geometry": {
        "type": "Point",
        "coordinates": [
          -156.33858,
          59.3352
        ]
      },
      "properties": {
        "predicted": "ice_covered_river_snow_free_land",
        "class_id": 1,
        "true_class": "ice_covered_river_snow_free_land",
        "correct": 1,
        "date": "2024-11-28",
        "land_cover": "Savannas",
        "water_fraction": 0.1456
      }
    },
    {
      "type": "Feature",
      "geometry": {
        "type": "Point",
        "coordinates": [
          -156.20777,
          59.48966
        ]
      },
      "properties": {
        "predicted": "ice_covered_river_snow_free_land",
        "class_id": 1,
        "true_class": "ice_covered_river_snow_free_land",
        "correct": 1,
        "date": "2024-11-28",
        "land_cover": "Savannas",
        "water_fraction": 0.1772
      }
    },
    {
      "type": "Feature",
      "geometry": {
        "type": "Point",
        "coordinates": [
          -156.47804,
          59.34101
        ]
      },
      "properties": {
        "predicted": "ice_covered_river_snow_free_land",
        "class_id": 1,
        "true_class": "ice_covered_river_snow_covered_land",
        "correct": 0,
        "date": "2024-11-28",
        "land_cover": "Savannas",
        "water_fraction": 0.2275
      }
    },
    {
      "type": "Feature",
      "geometry": {
        "type": "Point",
        "coordinates": [
          -157.10642,
          59.28358
        ]
      },
      "properties": {
        "predicted": "ice_covered_river_snow_free_land",
        "class_id": 1,
        "true_class": "ice_covered_river_snow_covered_land",
        "correct": 0,
        "date": "2024-11-28",
        "land_cover": "Savannas",
        "water_fraction": 0.2733
      }
    },
    {
      "type": "Feature",
      "geometry": {
        "type": "Point",
        "coordinates": [
          -156.17061,
          59.13155
        ]
      },
      "properties": {
        "predicted": "ice_covered_river_snow_free_land",
        "class_id": 1,
        "true_class": "ice_covered_river_snow_free_land",
        "correct": 1,
        "date": "2024-11-28",
        "land_cover": "Savannas",
        "water_fraction": 0.0799
      }
    },
    {
      "type": "Feature",
      "geometry": {
        "type": "Point",
        "coordinates": [
          -157.61318,
          58.77345
        ]
      },
      "properties": {
        "predicted": "ice_covered_river_snow_free_land",
        "class_id": 1,
        "true_class": "ice_covered_river_snow_free_land",
        "correct": 1,
        "date": "2024-11-28",
        "land_cover": "Savannas",
        "water_fraction": 0.0596
      }
    },
    {
      "type": "Feature",
      "geometry": {
        "type": "Point",
        "coordinates": [
          -156.70439,
          58.70926
        ]
      },
      "properties": {
        "predicted": "ice_covered_river_snow_free_land",
        "class_id": 1,
        "true_class": "ice_covered_river_snow_free_land",
        "correct": 1,
        "date": "2024-11-28",
        "land_cover": "Savannas",
        "water_fraction": 0.0692
      }
    },
    {
      "type": "Feature",
      "geometry": {
        "type": "Point",
        "coordinates": [
          -156.86993,
          58.65858
        ]
      },
      "properties": {
        "predicted": "ice_covered_river_snow_free_land",
        "class_id": 1,
        "true_class": "ice_covered_river_snow_covered_land",
        "correct": 0,
        "date": "2024-11-28",
        "land_cover": "Grasslands",
        "water_fraction": 0.1124
      }
    },
    {
      "type": "Feature",
      "geometry": {
        "type": "Point",
        "coordinates": [
          -156.94426,
          58.55385
        ]
      },
      "properties": {
        "predicted": "ice_covered_river_snow_free_land",
        "class_id": 1,
        "true_class": "ice_covered_river_snow_free_land",
        "correct": 1,
        "date": "2024-11-28",
        "land_cover": "Grasslands",
        "water_fraction": 0.1184
      }
    },
    {
      "type": "Feature",
      "geometry": {
        "type": "Point",
        "coordinates": [
          -157.19426,
          58.49304
        ]
      },
      "properties": {
        "predicted": "ice_covered_river_snow_free_land",
        "class_id": 1,
        "true_class": "ice_covered_river_snow_free_land",
        "correct": 1,
        "date": "2024-11-28",
        "land_cover": "Savannas",
        "water_fraction": 0.0701
      }
    },
    {
      "type": "Feature",
      "geometry": {
        "type": "Point",
        "coordinates": [
          -157.03209,
          58.30385
        ]
      },
      "properties": {
        "predicted": "ice_covered_river_snow_free_land",
        "class_id": 1,
        "true_class": "ice_covered_river_snow_free_land",
        "correct": 1,
        "date": "2024-11-28",
        "land_cover": "Savannas",
        "water_fraction": 0.0839
      }
    },
    {
      "type": "Feature",
      "geometry": {
        "type": "Point",
        "coordinates": [
          -156.93412,
          58.13155
        ]
      },
      "properties": {
        "predicted": "ice_covered_river_snow_free_land",
        "class_id": 1,
        "true_class": "ice_covered_river_snow_covered_land",
        "correct": 0,
        "date": "2024-11-28",
        "land_cover": "Grasslands",
        "water_fraction": 0.102
      }
    },
    {
      "type": "Feature",
      "geometry": {
        "type": "Point",
        "coordinates": [
          -157.41723,
          57.96601
        ]
      },
      "properties": {
        "predicted": "ice_covered_river_snow_free_land",
        "class_id": 1,
        "true_class": "ice_covered_river_snow_free_land",
        "correct": 1,
        "date": "2024-11-28",
        "land_cover": "Savannas",
        "water_fraction": 0.0963
      }
    },
    {
      "type": "Feature",
      "geometry": {
        "type": "Point",
        "coordinates": [
          -156.96034,
          58.11764
        ]
      },
      "properties": {
        "predicted": "ice_covered_river_snow_covered_land",
        "class_id": 0,
        "true_class": "ice_covered_river_snow_covered_land",
        "correct": 1,
        "date": "2024-11-29",
        "land_cover": "Savannas",
        "water_fraction": 0.6471
      }
    },
    {
      "type": "Feature",
      "geometry": {
        "type": "Point",
        "coordinates": [
          -156.16993,
          57.80169
        ]
      },
      "properties": {
        "predicted": "ice_free_river_snow_free_land",
        "class_id": 2,
        "true_class": "ice_free_river_snow_free_land",
        "correct": 1,
        "date": "2024-11-29",
        "land_cover": "Savannas",
        "water_fraction": 0.64
      }
    },
    {
      "type": "Feature",
      "geometry": {
        "type": "Point",
        "coordinates": [
          -156.27453,
          59.43182
        ]
      },
      "properties": {
        "predicted": "ice_covered_river_snow_covered_land",
        "class_id": 0,
        "true_class": "ice_covered_river_snow_covered_land",
        "correct": 1,
        "date": "2024-11-29",
        "land_cover": "Savannas",
        "water_fraction": 0.2889
      }
    },
    {
      "type": "Feature",
      "geometry": {
        "type": "Point",
        "coordinates": [
          -156.93007,
          58.30169
        ]
      },
      "properties": {
        "predicted": "ice_covered_river_snow_covered_land",
        "class_id": 0,
        "true_class": "ice_covered_river_snow_free_land",
        "correct": 0,
        "date": "2024-11-29",
        "land_cover": "Grasslands",
        "water_fraction": 0.1254
      }
    },
    {
      "type": "Feature",
      "geometry": {
        "type": "Point",
        "coordinates": [
          -156.99088,
          58.15304
        ]
      },
      "properties": {
        "predicted": "ice_covered_river_snow_free_land",
        "class_id": 1,
        "true_class": "ice_covered_river_snow_free_land",
        "correct": 1,
        "date": "2024-11-29",
        "land_cover": "Grasslands",
        "water_fraction": 0.2115
      }
    },
    {
      "type": "Feature",
      "geometry": {
        "type": "Point",
        "coordinates": [
          -156.88277,
          58.12939
        ]
      },
      "properties": {
        "predicted": "ice_covered_river_snow_covered_land",
        "class_id": 0,
        "true_class": "ice_covered_river_snow_covered_land",
        "correct": 1,
        "date": "2024-11-29",
        "land_cover": "Savannas",
        "water_fraction": 0.4536
      }
    },
    {
      "type": "Feature",
      "geometry": {
        "type": "Point",
        "coordinates": [
          -156.85236,
          58.12264
        ]
      },
      "properties": {
        "predicted": "ice_covered_river_snow_covered_land",
        "class_id": 0,
        "true_class": "ice_covered_river_snow_free_land",
        "correct": 0,
        "date": "2024-11-29",
        "land_cover": "Savannas",
        "water_fraction": 0.0999
      }
    },
    {
      "type": "Feature",
      "geometry": {
        "type": "Point",
        "coordinates": [
          -156.73412,
          58.11588
        ]
      },
      "properties": {
        "predicted": "ice_covered_river_snow_covered_land",
        "class_id": 0,
        "true_class": "ice_covered_river_snow_covered_land",
        "correct": 1,
        "date": "2024-11-29",
        "land_cover": "Savannas",
        "water_fraction": 0.3726
      }
    },
    {
      "type": "Feature",
      "geometry": {
        "type": "Point",
        "coordinates": [
          -161.71493,
          67.95791
        ]
      },
      "properties": {
        "predicted": "ice_covered_river_snow_covered_land",
        "class_id": 0,
        "true_class": "ice_covered_river_snow_covered_land",
        "correct": 1,
        "date": "2024-11-05",
        "land_cover": "Open Shrublands",
        "water_fraction": 0.6902
      }
    },
    {
      "type": "Feature",
      "geometry": {
        "type": "Point",
        "coordinates": [
          -155.12858,
          59.6698
        ]
      },
      "properties": {
        "predicted": "ice_covered_river_snow_free_land",
        "class_id": 1,
        "true_class": "ice_covered_river_snow_free_land",
        "correct": 1,
        "date": "2024-11-13",
        "land_cover": "Savannas",
        "water_fraction": 0.0516
      }
    },
    {
      "type": "Feature",
      "geometry": {
        "type": "Point",
        "coordinates": [
          -154.82791,
          59.86912
        ]
      },
      "properties": {
        "predicted": "ice_covered_river_snow_free_land",
        "class_id": 1,
        "true_class": "ice_covered_river_snow_covered_land",
        "correct": 0,
        "date": "2024-11-13",
        "land_cover": "Savannas",
        "water_fraction": 0.1331
      }
    },
    {
      "type": "Feature",
      "geometry": {
        "type": "Point",
        "coordinates": [
          -154.40223,
          59.79818
        ]
      },
      "properties": {
        "predicted": "ice_covered_river_snow_free_land",
        "class_id": 1,
        "true_class": "ice_covered_river_snow_free_land",
        "correct": 1,
        "date": "2024-11-13",
        "land_cover": "Savannas",
        "water_fraction": 0.0556
      }
    },
    {
      "type": "Feature",
      "geometry": {
        "type": "Point",
        "coordinates": [
          -154.90899,
          59.76777
        ]
      },
      "properties": {
        "predicted": "ice_covered_river_snow_free_land",
        "class_id": 1,
        "true_class": "ice_covered_river_snow_free_land",
        "correct": 1,
        "date": "2024-11-13",
        "land_cover": "Savannas",
        "water_fraction": 0.199
      }
    },
    {
      "type": "Feature",
      "geometry": {
        "type": "Point",
        "coordinates": [
          -155.04074,
          59.71372
        ]
      },
      "properties": {
        "predicted": "ice_covered_river_snow_free_land",
        "class_id": 1,
        "true_class": "ice_covered_river_snow_free_land",
        "correct": 1,
        "date": "2024-11-13",
        "land_cover": "Savannas",
        "water_fraction": 0.1161
      }
    },
    {
      "type": "Feature",
      "geometry": {
        "type": "Point",
        "coordinates": [
          -155.74345,
          59.67655
        ]
      },
      "properties": {
        "predicted": "ice_covered_river_snow_free_land",
        "class_id": 1,
        "true_class": "ice_covered_river_snow_free_land",
        "correct": 1,
        "date": "2024-11-13",
        "land_cover": "Grasslands",
        "water_fraction": 0.0861
      }
    },
    {
      "type": "Feature",
      "geometry": {
        "type": "Point",
        "coordinates": [
          -155.86845,
          59.63601
        ]
      },
      "properties": {
        "predicted": "ice_covered_river_snow_free_land",
        "class_id": 1,
        "true_class": "ice_covered_river_snow_free_land",
        "correct": 1,
        "date": "2024-11-13",
        "land_cover": "Grasslands",
        "water_fraction": 0.1039
      }
    },
    {
      "type": "Feature",
      "geometry": {
        "type": "Point",
        "coordinates": [
          -155.88534,
          59.5752
        ]
      },
      "properties": {
        "predicted": "ice_covered_river_snow_free_land",
        "class_id": 1,
        "true_class": "ice_covered_river_snow_free_land",
        "correct": 1,
        "date": "2024-11-13",
        "land_cover": "Savannas",
        "water_fraction": 0.0816
      }
    },
    {
      "type": "Feature",
      "geometry": {
        "type": "Point",
        "coordinates": [
          -156.01372,
          59.51101
        ]
      },
      "properties": {
        "predicted": "ice_covered_river_snow_free_land",
        "class_id": 1,
        "true_class": "ice_covered_river_snow_free_land",
        "correct": 1,
        "date": "2024-11-13",
        "land_cover": "Savannas",
        "water_fraction": 0.0999
      }
    },
    {
      "type": "Feature",
      "geometry": {
        "type": "Point",
        "coordinates": [
          -157.86304,
          59.54223
        ]
      },
      "properties": {
        "predicted": "ice_covered_river_snow_covered_land",
        "class_id": 0,
        "true_class": "ice_covered_river_snow_free_land",
        "correct": 0,
        "date": "2024-11-27",
        "land_cover": "Open Shrublands",
        "water_fraction": 0.3176
      }
    },
    {
      "type": "Feature",
      "geometry": {
        "type": "Point",
        "coordinates": [
          -156.38669,
          59.24155
        ]
      },
      "properties": {
        "predicted": "ice_covered_river_snow_covered_land",
        "class_id": 0,
        "true_class": "ice_covered_river_snow_covered_land",
        "correct": 1,
        "date": "2024-11-27",
        "land_cover": "Open Shrublands",
        "water_fraction": 0.2747
      }
    },
    {
      "type": "Feature",
      "geometry": {
        "type": "Point",
        "coordinates": [
          -157.23466,
          59.18412
        ]
      },
      "properties": {
        "predicted": "ice_covered_river_snow_free_land",
        "class_id": 1,
        "true_class": "ice_covered_river_snow_free_land",
        "correct": 1,
        "date": "2024-11-27",
        "land_cover": "Savannas",
        "water_fraction": 0.0639
      }
    },
    {
      "type": "Feature",
      "geometry": {
        "type": "Point",
        "coordinates": [
          -158.11642,
          59.07264
        ]
      },
      "properties": {
        "predicted": "ice_covered_river_snow_free_land",
        "class_id": 1,
        "true_class": "ice_covered_river_snow_free_land",
        "correct": 1,
        "date": "2024-11-27",
        "land_cover": "Savannas",
        "water_fraction": 0.0669
      }
    },
    {
      "type": "Feature",
      "geometry": {
        "type": "Point",
        "coordinates": [
          -157.31574,
          59.0152
        ]
      },
      "properties": {
        "predicted": "ice_covered_river_snow_free_land",
        "class_id": 1,
        "true_class": "ice_covered_river_snow_covered_land",
        "correct": 0,
        "date": "2024-11-27",
        "land_cover": "Permanent Wetlands",
        "water_fraction": 0.7007
      }
    },
    {
      "type": "Feature",
      "geometry": {
        "type": "Point",
        "coordinates": [
          -157.95088,
          58.73818
        ]
      },
      "properties": {
        "predicted": "ice_covered_river_snow_covered_land",
        "class_id": 0,
        "true_class": "ice_covered_river_snow_covered_land",
        "correct": 1,
        "date": "2024-11-27",
        "land_cover": "Open Shrublands",
        "water_fraction": 0.0679
      }
    },
    {
      "type": "Feature",
      "geometry": {
        "type": "Point",
        "coordinates": [
          -156.30169,
          59.49818
        ]
      },
      "properties": {
        "predicted": "ice_covered_river_snow_free_land",
        "class_id": 1,
        "true_class": "ice_covered_river_snow_free_land",
        "correct": 1,
        "date": "2024-11-27",
        "land_cover": "Grasslands",
        "water_fraction": 0.0567
      }
    },
    {
      "type": "Feature",
      "geometry": {
        "type": "Point",
        "coordinates": [
          -156.15304,
          59.46101
        ]
      },
      "properties": {
        "predicted": "ice_covered_river_snow_covered_land",
        "class_id": 0,
        "true_class": "ice_covered_river_snow_covered_land",
        "correct": 1,
        "date": "2024-11-27",
        "land_cover": "Savannas",
        "water_fraction": 0.2896
      }
    },
    {
      "type": "Feature",
      "geometry": {
        "type": "Point",
        "coordinates": [
          -156.19358,
          59.39007
        ]
      },
      "properties": {
        "predicted": "ice_covered_river_snow_covered_land",
        "class_id": 0,
        "true_class": "ice_covered_river_snow_covered_land",
        "correct": 1,
        "date": "2024-11-27",
        "land_cover": "Open Shrublands",
        "water_fraction": 0.2736
      }
    },
    {
      "type": "Feature",
      "geometry": {
        "type": "Point",
        "coordinates": [
          -156.05507,
          59.25831
        ]
      },
      "properties": {
        "predicted": "ice_covered_river_snow_free_land",
        "class_id": 1,
        "true_class": "ice_covered_river_snow_free_land",
        "correct": 1,
        "date": "2024-11-27",
        "land_cover": "Open Shrublands",
        "water_fraction": 0.0569
      }
    },
    {
      "type": "Feature",
      "geometry": {
        "type": "Point",
        "coordinates": [
          -156.6125,
          59.21101
        ]
      },
      "properties": {
        "predicted": "ice_covered_river_snow_covered_land",
        "class_id": 0,
        "true_class": "ice_covered_river_snow_covered_land",
        "correct": 1,
        "date": "2024-11-27",
        "land_cover": "Savannas",
        "water_fraction": 0.3886
      }
    },
    {
      "type": "Feature",
      "geometry": {
        "type": "Point",
        "coordinates": [
          -156.62264,
          59.15696
        ]
      },
      "properties": {
        "predicted": "ice_covered_river_snow_free_land",
        "class_id": 1,
        "true_class": "ice_covered_river_snow_covered_land",
        "correct": 0,
        "date": "2024-11-27",
        "land_cover": "Savannas",
        "water_fraction": 0.2452
      }
    },
    {
      "type": "Feature",
      "geometry": {
        "type": "Point",
        "coordinates": [
          -158.54331,
          59.22047
        ]
      },
      "properties": {
        "predicted": "ice_covered_river_snow_free_land",
        "class_id": 1,
        "true_class": "ice_covered_river_snow_free_land",
        "correct": 1,
        "date": "2024-11-26",
        "land_cover": "Savannas",
        "water_fraction": 0.1056
      }
    },
    {
      "type": "Feature",
      "geometry": {
        "type": "Point",
        "coordinates": [
          -157.82385,
          59.12736
        ]
      },
      "properties": {
        "predicted": "ice_covered_river_snow_covered_land",
        "class_id": 0,
        "true_class": "ice_covered_river_snow_covered_land",
        "correct": 1,
        "date": "2024-11-26",
        "land_cover": "Open Shrublands",
        "water_fraction": 0.3253
      }
    },
    {
      "type": "Feature",
      "geometry": {
        "type": "Point",
        "coordinates": [
          -158.46574,
          59.08682
        ]
      },
      "properties": {
        "predicted": "ice_covered_river_snow_covered_land",
        "class_id": 0,
        "true_class": "ice_covered_river_snow_covered_land",
        "correct": 1,
        "date": "2024-11-26",
        "land_cover": "Grasslands",
        "water_fraction": 0.8703
      }
    },
    {
      "type": "Feature",
      "geometry": {
        "type": "Point",
        "coordinates": [
          -158.76304,
          58.97196
        ]
      },
      "properties": {
        "predicted": "ice_covered_river_snow_covered_land",
        "class_id": 0,
        "true_class": "ice_covered_river_snow_covered_land",
        "correct": 1,
        "date": "2024-11-26",
        "land_cover": "Grasslands",
        "water_fraction": 0.2699
      }
    },
    {
      "type": "Feature",
      "geometry": {
        "type": "Point",
        "coordinates": [
          -159.0975,
          58.9348
        ]
      },
      "properties": {
        "predicted": "ice_covered_river_snow_free_land",
        "class_id": 1,
        "true_class": "ice_covered_river_snow_free_land",
        "correct": 1,
        "date": "2024-11-26",
        "land_cover": "Permanent Wetlands",
        "water_fraction": 0.1512
      }
    },
    {
      "type": "Feature",
      "geometry": {
        "type": "Point",
        "coordinates": [
          -158.85088,
          58.87736
        ]
      },
      "properties": {
        "predicted": "ice_covered_river_snow_free_land",
        "class_id": 1,
        "true_class": "ice_covered_river_snow_free_land",
        "correct": 1,
        "date": "2024-11-26",
        "land_cover": "Savannas",
        "water_fraction": 0.5641
      }
    },
    {
      "type": "Feature",
      "geometry": {
        "type": "Point",
        "coordinates": [
          -158.87453,
          58.85034
        ]
      },
      "properties": {
        "predicted": "ice_covered_river_snow_free_land",
        "class_id": 1,
        "true_class": "ice_covered_river_snow_free_land",
        "correct": 1,
        "date": "2024-11-26",
        "land_cover": "Savannas",
        "water_fraction": 0.1181
      }
    },
    {
      "type": "Feature",
      "geometry": {
        "type": "Point",
        "coordinates": [
          -158.16507,
          58.81655
        ]
      },
      "properties": {
        "predicted": "ice_covered_river_snow_free_land",
        "class_id": 1,
        "true_class": "ice_covered_river_snow_covered_land",
        "correct": 0,
        "date": "2024-11-26",
        "land_cover": "Grasslands",
        "water_fraction": 0.0832
      }
    },
    {
      "type": "Feature",
      "geometry": {
        "type": "Point",
        "coordinates": [
          -151.22244,
          68.6484
        ]
      },
      "properties": {
        "predicted": "ice_free_river_snow_land",
        "class_id": 3,
        "true_class": "ice_free_river_snow_land",
        "correct": 1,
        "date": "2025-10-11",
        "land_cover": "Open Shrublands",
        "water_fraction": 0.0817
      }
    },
    {
      "type": "Feature",
      "geometry": {
        "type": "Point",
        "coordinates": [
          -151.25622,
          68.60448
        ]
      },
      "properties": {
        "predicted": "ice_free_river_snow_land",
        "class_id": 3,
        "true_class": "ice_free_river_snow_land",
        "correct": 1,
        "date": "2025-10-11",
        "land_cover": "Open Shrublands",
        "water_fraction": 0.1435
      }
    },
    {
      "type": "Feature",
      "geometry": {
        "type": "Point",
        "coordinates": [
          -151.46568,
          68.40178
        ]
      },
      "properties": {
        "predicted": "ice_free_river_snow_land",
        "class_id": 3,
        "true_class": "ice_free_river_snow_land",
        "correct": 1,
        "date": "2025-10-11",
        "land_cover": "Open Shrublands",
        "water_fraction": 0.3308
      }
    },
    {
      "type": "Feature",
      "geometry": {
        "type": "Point",
        "coordinates": [
          -151.47919,
          68.33759
        ]
      },
      "properties": {
        "predicted": "ice_free_river_snow_land",
        "class_id": 3,
        "true_class": "ice_free_river_snow_land",
        "correct": 1,
        "date": "2025-10-11",
        "land_cover": "Open Shrublands",
        "water_fraction": 0.1554
      }
    }
  ]
}